,google_trends,date,tweets,full_name,coin
0,,2020/08/10,3,arweave,ar
1,,2020/08/11,null,arweave,ar
2,,2020/08/12,null,arweave,ar
3,,2020/08/13,null,arweave,ar
4,,2020/08/14,null,arweave,ar
5,,2020/08/15,4,arweave,ar
6,,2020/08/16,6,arweave,ar
7,,2020/08/17,8,arweave,ar
8,,2020/08/18,null,arweave,ar
9,,2020/08/19,null,arweave,ar
10,,2020/08/20,1,arweave,ar
11,,2020/08/21,1,arweave,ar
12,,2020/08/22,null,arweave,ar
13,,2020/08/23,1,arweave,ar
14,,2020/08/24,6,arweave,ar
15,,2020/08/25,1,arweave,ar
16,,2020/08/26,6,arweave,ar
17,,2020/08/27,15,arweave,ar
18,,2020/08/28,2,arweave,ar
19,,2020/08/29,8,arweave,ar
20,,2020/08/30,7,arweave,ar
21,,2020/08/31,10,arweave,ar
22,,2020/09/01,11,arweave,ar
23,,2020/09/02,2,arweave,ar
24,,2020/09/03,5,arweave,ar
25,,2020/09/04,8,arweave,ar
26,,2020/09/05,5,arweave,ar
27,,2020/09/06,null,arweave,ar
28,,2020/09/07,2,arweave,ar
29,,2020/09/08,3,arweave,ar
30,,2020/09/09,1,arweave,ar
31,,2020/09/10,null,arweave,ar
32,,2020/09/11,16,arweave,ar
33,,2020/09/12,null,arweave,ar
34,,2020/09/13,null,arweave,ar
35,,2020/09/14,null,arweave,ar
36,,2020/09/15,null,arweave,ar
37,,2020/09/16,null,arweave,ar
38,,2020/09/17,10,arweave,ar
39,,2020/09/18,null,arweave,ar
40,,2020/09/19,1,arweave,ar
41,,2020/09/20,null,arweave,ar
42,,2020/09/21,null,arweave,ar
43,,2020/09/22,null,arweave,ar
44,,2020/09/23,1,arweave,ar
45,,2020/09/24,3,arweave,ar
46,,2020/09/25,null,arweave,ar
47,,2020/09/26,null,arweave,ar
48,,2020/09/27,2,arweave,ar
49,,2020/09/28,11,arweave,ar
50,,2020/09/29,4,arweave,ar
51,,2020/09/30,null,arweave,ar
52,,2020/10/01,8,arweave,ar
53,,2020/10/02,1,arweave,ar
54,,2020/10/03,4,arweave,ar
55,,2020/10/04,1,arweave,ar
56,,2020/10/05,13,arweave,ar
57,,2020/10/06,3,arweave,ar
58,,2020/10/07,8,arweave,ar
59,,2020/10/08,8,arweave,ar
60,,2020/10/09,1,arweave,ar
61,,2020/10/10,4,arweave,ar
62,,2020/10/11,2,arweave,ar
63,,2020/10/12,null,arweave,ar
64,,2020/10/13,1,arweave,ar
65,,2020/10/14,2,arweave,ar
66,,2020/10/15,2,arweave,ar
67,,2020/10/16,3,arweave,ar
68,,2020/10/17,1,arweave,ar
69,,2020/10/18,2,arweave,ar
70,,2020/10/19,1,arweave,ar
71,,2020/10/20,1,arweave,ar
72,,2020/10/21,13,arweave,ar
73,,2020/10/22,1,arweave,ar
74,,2020/10/23,8,arweave,ar
75,,2020/10/24,1,arweave,ar
76,,2020/10/25,15,arweave,ar
77,,2020/10/26,16,arweave,ar
78,,2020/10/27,1,arweave,ar
79,,2020/10/28,2,arweave,ar
80,,2020/10/29,null,arweave,ar
81,,2020/10/30,5,arweave,ar
82,,2020/10/31,null,arweave,ar
83,,2020/11/01,7,arweave,ar
84,,2020/11/02,1,arweave,ar
85,,2020/11/03,3,arweave,ar
86,,2020/11/04,null,arweave,ar
87,,2020/11/05,6,arweave,ar
88,,2020/11/06,13,arweave,ar
89,,2020/11/07,1,arweave,ar
90,,2020/11/08,1,arweave,ar
91,,2020/11/09,null,arweave,ar
92,,2020/11/10,2,arweave,ar
93,,2020/11/11,1,arweave,ar
94,,2020/11/12,4,arweave,ar
95,,2020/11/13,null,arweave,ar
96,,2020/11/14,4,arweave,ar
97,,2020/11/15,1,arweave,ar
98,,2020/11/16,2,arweave,ar
99,,2020/11/17,1,arweave,ar
100,,2020/11/18,null,arweave,ar
101,,2020/11/19,null,arweave,ar
102,,2020/11/20,1,arweave,ar
103,,2020/11/21,2,arweave,ar
104,,2020/11/22,null,arweave,ar
105,,2020/11/23,6,arweave,ar
106,,2020/11/24,2,arweave,ar
107,,2020/11/25,8,arweave,ar
108,,2020/11/26,1,arweave,ar
109,,2020/11/27,1,arweave,ar
110,,2020/11/28,3,arweave,ar
111,,2020/11/29,null,arweave,ar
112,,2020/11/30,7,arweave,ar
113,,2020/12/01,1,arweave,ar
114,,2020/12/02,null,arweave,ar
115,,2020/12/03,null,arweave,ar
116,,2020/12/04,null,arweave,ar
117,,2020/12/05,4,arweave,ar
118,,2020/12/06,null,arweave,ar
119,,2020/12/07,null,arweave,ar
120,,2020/12/08,1,arweave,ar
121,,2020/12/09,8,arweave,ar
122,,2020/12/10,6,arweave,ar
123,,2020/12/11,1,arweave,ar
124,,2020/12/12,1,arweave,ar
125,,2020/12/13,4,arweave,ar
126,,2020/12/14,10,arweave,ar
127,,2020/12/15,null,arweave,ar
128,,2020/12/16,9,arweave,ar
129,,2020/12/17,27,arweave,ar
130,,2020/12/18,18,arweave,ar
131,,2020/12/19,5,arweave,ar
132,,2020/12/20,14,arweave,ar
133,,2020/12/21,23,arweave,ar
134,,2020/12/22,9,arweave,ar
135,,2020/12/23,1,arweave,ar
136,,2020/12/24,2,arweave,ar
137,,2020/12/25,1,arweave,ar
138,,2020/12/26,10,arweave,ar
139,,2020/12/27,21,arweave,ar
140,,2020/12/28,null,arweave,ar
141,,2020/12/29,13,arweave,ar
142,,2020/12/30,27,arweave,ar
143,,2020/12/31,null,arweave,ar
144,,2021/01/01,22,arweave,ar
145,,2021/01/02,59,arweave,ar
146,,2021/01/03,24,arweave,ar
147,,2021/01/04,30,arweave,ar
148,,2021/01/05,33,arweave,ar
149,,2021/01/06,23,arweave,ar
150,,2021/01/07,19,arweave,ar
151,,2021/01/08,13,arweave,ar
152,,2021/01/09,19,arweave,ar
153,,2021/01/10,38,arweave,ar
154,,2021/01/11,32,arweave,ar
155,,2021/01/12,49,arweave,ar
156,,2021/01/13,50,arweave,ar
157,,2021/01/14,12,arweave,ar
158,,2021/01/15,12,arweave,ar
159,,2021/01/16,21,arweave,ar
160,,2021/01/17,16,arweave,ar
161,,2021/01/18,27,arweave,ar
162,,2021/01/19,27,arweave,ar
163,,2021/01/20,24,arweave,ar
164,,2021/01/21,10,arweave,ar
165,,2021/01/22,18,arweave,ar
166,,2021/01/23,33,arweave,ar
167,,2021/01/24,20,arweave,ar
168,,2021/01/25,22,arweave,ar
169,,2021/01/26,7,arweave,ar
170,,2021/01/27,6,arweave,ar
171,,2021/01/28,24,arweave,ar
172,,2021/01/29,5,arweave,ar
173,,2021/01/30,41,arweave,ar
174,,2021/01/31,11,arweave,ar
175,,2021/02/01,30,arweave,ar
176,,2021/02/02,16,arweave,ar
177,,2021/02/03,16,arweave,ar
178,,2021/02/04,44,arweave,ar
179,,2021/02/05,11,arweave,ar
180,,2021/02/06,6,arweave,ar
181,,2021/02/07,7,arweave,ar
182,,2021/02/08,13,arweave,ar
183,,2021/02/09,11,arweave,ar
184,,2021/02/10,14,arweave,ar
185,,2021/02/11,18,arweave,ar
186,,2021/02/12,1,arweave,ar
187,,2021/02/13,5,arweave,ar
188,,2021/02/14,6,arweave,ar
189,,2021/02/15,37,arweave,ar
190,,2021/02/16,13,arweave,ar
191,,2021/02/17,7,arweave,ar
192,,2021/02/18,7,arweave,ar
193,,2021/02/19,5,arweave,ar
194,,2021/02/20,7,arweave,ar
195,,2021/02/21,1,arweave,ar
196,,2021/02/22,20,arweave,ar
197,,2021/02/23,6,arweave,ar
198,,2021/02/24,36,arweave,ar
199,,2021/02/25,32,arweave,ar
200,,2021/02/26,25,arweave,ar
201,,2021/02/27,13,arweave,ar
202,,2021/02/28,5,arweave,ar
203,,2021/03/01,13,arweave,ar
204,,2021/03/02,9,arweave,ar
205,,2021/03/03,16,arweave,ar
206,,2021/03/04,10,arweave,ar
207,,2021/03/05,17,arweave,ar
208,,2021/03/06,3,arweave,ar
209,,2021/03/07,10,arweave,ar
210,,2021/03/08,10,arweave,ar
211,,2021/03/09,12,arweave,ar
212,,2021/03/10,20,arweave,ar
213,,2021/03/11,21,arweave,ar
214,,2021/03/12,9,arweave,ar
215,,2021/03/13,7,arweave,ar
216,,2021/03/14,3,arweave,ar
217,,2021/03/15,6,arweave,ar
218,,2021/03/16,16,arweave,ar
219,,2021/03/17,7,arweave,ar
220,,2021/03/18,26,arweave,ar
221,,2021/03/19,7,arweave,ar
222,,2021/03/20,46,arweave,ar
223,,2021/03/21,14,arweave,ar
224,,2021/03/22,16,arweave,ar
225,,2021/03/23,15,arweave,ar
226,,2021/03/24,9,arweave,ar
227,,2021/03/25,15,arweave,ar
228,,2021/03/26,19,arweave,ar
229,,2021/03/27,24,arweave,ar
230,,2021/03/28,19,arweave,ar
231,,2021/03/29,18,arweave,ar
232,,2021/03/30,22,arweave,ar
233,,2021/03/31,4,arweave,ar
234,,2021/04/01,null,arweave,ar
235,,2021/04/02,4,arweave,ar
236,,2021/04/03,3,arweave,ar
237,,2021/04/04,11,arweave,ar
238,,2021/04/05,null,arweave,ar
239,,2021/04/06,null,arweave,ar
240,,2021/04/07,2,arweave,ar
241,,2021/04/08,3,arweave,ar
242,,2021/04/09,3,arweave,ar
243,,2021/04/10,10,arweave,ar
244,,2021/04/11,9,arweave,ar
245,,2021/04/12,19,arweave,ar
246,,2021/04/13,21,arweave,ar
247,,2021/04/14,2,arweave,ar
248,,2021/04/15,9,arweave,ar
249,,2021/04/16,17,arweave,ar
250,,2021/04/17,16,arweave,ar
251,,2021/04/18,17,arweave,ar
252,,2021/04/19,21,arweave,ar
253,,2021/04/20,6,arweave,ar
254,,2021/04/21,5,arweave,ar
255,,2021/04/22,2,arweave,ar
256,,2021/04/23,4,arweave,ar
257,,2021/04/24,13,arweave,ar
258,,2021/04/25,33,arweave,ar
259,,2021/04/26,43,arweave,ar
260,,2021/04/27,20,arweave,ar
261,,2021/04/28,6,arweave,ar
262,,2021/04/29,5,arweave,ar
263,,2021/04/30,27,arweave,ar
264,,2021/05/01,19,arweave,ar
265,,2021/05/02,21,arweave,ar
266,,2021/05/03,21,arweave,ar
267,,2021/05/04,20,arweave,ar
268,,2021/05/05,6,arweave,ar
269,,2021/05/06,18,arweave,ar
270,,2021/05/07,6,arweave,ar
271,,2021/05/08,6,arweave,ar
272,,2021/05/09,8,arweave,ar
273,,2021/05/10,27,arweave,ar
274,,2021/05/11,15,arweave,ar
275,,2021/05/12,1,arweave,ar
276,,2021/05/13,2,arweave,ar
277,,2021/05/14,113,arweave,ar
278,,2021/05/15,12,arweave,ar
279,,2021/05/16,16,arweave,ar
280,,2021/05/17,10,arweave,ar
281,,2021/05/18,21,arweave,ar
282,,2021/05/19,16,arweave,ar
283,,2021/05/20,8,arweave,ar
284,,2021/05/21,16,arweave,ar
285,,2021/05/22,3,arweave,ar
286,,2021/05/23,7,arweave,ar
287,,2021/05/24,4,arweave,ar
288,,2021/05/25,17,arweave,ar
289,,2021/05/26,7,arweave,ar
290,,2021/05/27,19,arweave,ar
291,,2021/05/28,12,arweave,ar
292,,2021/05/29,6,arweave,ar
293,,2021/05/30,1,arweave,ar
294,,2021/05/31,7,arweave,ar
295,,2021/06/01,5,arweave,ar
296,,2021/06/02,3,arweave,ar
297,,2021/06/03,5,arweave,ar
298,,2021/06/04,194,arweave,ar
299,,2021/06/05,54,arweave,ar
300,,2021/06/06,16,arweave,ar
301,,2021/06/07,28,arweave,ar
302,,2021/06/08,36,arweave,ar
303,,2021/06/09,13,arweave,ar
304,,2021/06/10,7,arweave,ar
305,,2021/06/11,7,arweave,ar
306,,2021/06/12,5,arweave,ar
307,,2021/06/13,6,arweave,ar
308,,2021/06/14,11,arweave,ar
309,,2021/06/15,7,arweave,ar
310,,2021/06/16,13,arweave,ar
311,,2021/06/17,10,arweave,ar
312,,2021/06/18,74,arweave,ar
313,,2021/06/19,33,arweave,ar
314,,2021/06/20,23,arweave,ar
315,,2021/06/21,6,arweave,ar
316,,2021/06/22,9,arweave,ar
317,,2021/06/23,26,arweave,ar
318,,2021/06/24,14,arweave,ar
319,,2021/06/25,19,arweave,ar
320,,2021/06/26,6,arweave,ar
321,,2021/06/27,7,arweave,ar
322,,2021/06/28,17,arweave,ar
323,,2021/06/29,12,arweave,ar
324,,2021/06/30,6,arweave,ar
325,,2021/07/01,8,arweave,ar
326,,2021/07/02,12,arweave,ar
327,,2021/07/03,2,arweave,ar
328,,2021/07/04,6,arweave,ar
329,,2021/07/05,4,arweave,ar
330,,2021/07/06,6,arweave,ar
331,,2021/07/07,8,arweave,ar
332,,2021/07/08,15,arweave,ar
333,,2021/07/09,12,arweave,ar
334,,2021/07/10,21,arweave,ar
335,,2021/07/11,7,arweave,ar
336,,2021/07/12,7,arweave,ar
337,,2021/07/13,5,arweave,ar
338,,2021/07/14,7,arweave,ar
339,,2021/07/15,13,arweave,ar
340,,2021/07/16,4,arweave,ar
341,,2021/07/17,7,arweave,ar
342,,2021/07/18,12,arweave,ar
343,,2021/07/19,15,arweave,ar
344,,2021/07/20,16,arweave,ar
345,,2021/07/21,4,arweave,ar
346,,2021/07/22,14,arweave,ar
347,,2021/07/23,2,arweave,ar
348,,2021/07/24,8,arweave,ar
349,,2021/07/25,2,arweave,ar
350,,2021/07/26,7,arweave,ar
351,,2021/07/27,16,arweave,ar
352,,2021/07/28,9,arweave,ar
353,,2021/07/29,16,arweave,ar
354,,2021/07/30,17,arweave,ar
355,,2021/07/31,3,arweave,ar
356,,2021/08/01,1,arweave,ar
357,,2021/08/02,1,arweave,ar
358,,2021/08/03,43,arweave,ar
359,,2021/08/04,4,arweave,ar
360,,2021/08/05,12,arweave,ar
361,,2021/08/06,7,arweave,ar
362,,2021/08/07,10,arweave,ar
363,,2021/08/08,10,arweave,ar
364,,2021/08/09,11,arweave,ar
365,,2021/08/10,7,arweave,ar
366,,2021/08/11,8,arweave,ar
367,,2021/08/12,10,arweave,ar
368,,2021/08/13,10,arweave,ar
369,,2021/08/14,7,arweave,ar
370,,2021/08/15,13,arweave,ar
371,,2021/08/16,76,arweave,ar
372,,2021/08/17,40,arweave,ar
373,,2021/08/18,122,arweave,ar
374,,2021/08/19,58,arweave,ar
375,,2021/08/20,32,arweave,ar
376,,2021/08/21,15,arweave,ar
377,,2021/08/22,22,arweave,ar
378,,2021/08/23,49,arweave,ar
379,,2021/08/24,42,arweave,ar
380,,2021/08/25,10,arweave,ar
381,,2021/08/26,29,arweave,ar
382,,2021/08/27,73,arweave,ar
383,,2021/08/28,112,arweave,ar
384,,2021/08/29,105,arweave,ar
385,,2021/08/30,104,arweave,ar
386,,2021/08/31,201,arweave,ar
387,,2021/09/01,85,arweave,ar
388,,2021/09/02,56,arweave,ar
389,,2021/09/03,40,arweave,ar
390,,2021/09/04,41,arweave,ar
391,,2021/09/05,38,arweave,ar
392,,2021/09/06,56,arweave,ar
393,,2021/09/07,51,arweave,ar
394,,2021/09/08,74,arweave,ar
395,,2021/09/09,81,arweave,ar
396,,2021/09/10,62,arweave,ar
397,,2021/09/11,50,arweave,ar
398,,2021/09/12,82,arweave,ar
399,,2021/09/13,54,arweave,ar
400,,2021/09/14,31,arweave,ar
401,,2021/09/15,40,arweave,ar
402,,2021/09/16,28,arweave,ar
403,,2021/09/17,23,arweave,ar
404,,2021/09/18,28,arweave,ar
405,,2021/09/19,29,arweave,ar
406,,2021/09/20,32,arweave,ar
407,,2021/09/21,29,arweave,ar
408,,2021/09/22,32,arweave,ar
409,,2021/09/23,57,arweave,ar
410,,2021/09/24,10,arweave,ar
411,,2021/09/25,19,arweave,ar
412,,2021/09/26,5,arweave,ar
413,,2021/09/27,18,arweave,ar
414,,2021/09/28,17,arweave,ar
415,,2021/09/29,34,arweave,ar
416,,2021/09/30,22,arweave,ar
417,,2021/10/01,41,arweave,ar
418,,2021/10/02,22,arweave,ar
419,,2021/10/03,67,arweave,ar
420,,2021/10/04,39,arweave,ar
421,,2021/10/05,27,arweave,ar
422,,2021/10/06,37,arweave,ar
423,,2021/10/07,60,arweave,ar
424,,2021/10/08,32,arweave,ar
425,,2021/10/09,14,arweave,ar
426,,2021/10/10,47,arweave,ar
427,,2021/10/11,27,arweave,ar
428,,2021/10/12,21,arweave,ar
429,,2021/10/13,23,arweave,ar
430,,2021/10/14,31,arweave,ar
431,,2021/10/15,21,arweave,ar
432,,2021/10/16,18,arweave,ar
433,,2021/10/17,18,arweave,ar
434,,2021/10/18,29,arweave,ar
435,,2021/10/19,15,arweave,ar
436,,2021/10/20,40,arweave,ar
437,,2021/10/21,22,arweave,ar
438,,2021/10/22,73,arweave,ar
439,,2021/10/23,30,arweave,ar
440,,2021/10/24,26,arweave,ar
441,,2021/10/25,42,arweave,ar
442,,2021/10/26,58,arweave,ar
443,,2021/10/27,50,arweave,ar
444,,2021/10/28,39,arweave,ar
445,,2021/10/29,29,arweave,ar
446,,2021/10/30,19,arweave,ar
447,,2021/10/31,64,arweave,ar
448,,2021/11/01,38,arweave,ar
449,,2021/11/02,265,arweave,ar
450,,2021/11/03,1608,arweave,ar
451,,2021/11/04,53,arweave,ar
452,,2021/11/05,157,arweave,ar
453,,2021/11/06,27,arweave,ar
454,,2021/11/07,55,arweave,ar
455,,2021/11/08,25,arweave,ar
456,,2021/11/09,25,arweave,ar
457,,2021/11/10,45,arweave,ar
458,,2021/11/11,40,arweave,ar
459,,2021/11/12,32,arweave,ar
460,,2021/11/13,60,arweave,ar
461,,2021/11/14,34,arweave,ar
462,,2021/11/15,52,arweave,ar
463,,2021/11/16,23,arweave,ar
