,google_trends,date,tweets,full_name,coin
0,,2018/12/10,1,beenews,bkbt
1,,2018/12/11,null,beenews,bkbt
2,,2018/12/12,null,beenews,bkbt
3,,2018/12/13,null,beenews,bkbt
4,,2018/12/14,null,beenews,bkbt
5,,2018/12/15,null,beenews,bkbt
6,,2018/12/16,null,beenews,bkbt
7,,2018/12/17,null,beenews,bkbt
8,,2018/12/18,null,beenews,bkbt
9,,2018/12/19,null,beenews,bkbt
10,,2018/12/20,null,beenews,bkbt
11,,2018/12/21,null,beenews,bkbt
12,,2018/12/22,null,beenews,bkbt
13,,2018/12/23,null,beenews,bkbt
14,,2018/12/24,null,beenews,bkbt
15,,2018/12/25,null,beenews,bkbt
16,,2018/12/26,null,beenews,bkbt
17,,2018/12/27,null,beenews,bkbt
18,,2018/12/28,null,beenews,bkbt
19,,2018/12/29,null,beenews,bkbt
20,,2018/12/30,null,beenews,bkbt
21,,2018/12/31,null,beenews,bkbt
22,,2019/01/01,null,beenews,bkbt
23,,2019/01/02,null,beenews,bkbt
24,,2019/01/03,null,beenews,bkbt
25,,2019/01/04,null,beenews,bkbt
26,,2019/01/05,null,beenews,bkbt
27,,2019/01/06,null,beenews,bkbt
28,,2019/01/07,null,beenews,bkbt
29,,2019/01/08,null,beenews,bkbt
30,,2019/01/09,1,beenews,bkbt
31,,2019/01/10,null,beenews,bkbt
32,,2019/01/11,null,beenews,bkbt
33,,2019/01/12,null,beenews,bkbt
34,,2019/01/13,null,beenews,bkbt
35,,2019/01/14,null,beenews,bkbt
36,,2019/01/15,null,beenews,bkbt
37,,2019/01/16,null,beenews,bkbt
38,,2019/01/17,1,beenews,bkbt
39,,2019/01/18,null,beenews,bkbt
40,,2019/01/19,null,beenews,bkbt
41,,2019/01/20,null,beenews,bkbt
42,,2019/01/21,null,beenews,bkbt
43,,2019/01/22,1,beenews,bkbt
44,,2019/01/23,null,beenews,bkbt
45,,2019/01/24,null,beenews,bkbt
46,,2019/01/25,null,beenews,bkbt
47,,2019/01/26,3,beenews,bkbt
48,,2019/01/27,null,beenews,bkbt
49,,2019/01/28,1,beenews,bkbt
50,,2019/01/29,null,beenews,bkbt
51,,2019/01/30,1,beenews,bkbt
52,,2019/01/31,null,beenews,bkbt
53,,2019/02/01,1,beenews,bkbt
54,,2019/02/02,null,beenews,bkbt
55,,2019/02/03,null,beenews,bkbt
56,,2019/02/04,null,beenews,bkbt
57,,2019/02/05,1,beenews,bkbt
58,,2019/02/06,null,beenews,bkbt
59,,2019/02/07,null,beenews,bkbt
60,,2019/02/08,null,beenews,bkbt
61,,2019/02/09,null,beenews,bkbt
62,,2019/02/10,null,beenews,bkbt
63,,2019/02/11,null,beenews,bkbt
64,,2019/02/12,null,beenews,bkbt
65,,2019/02/13,null,beenews,bkbt
66,,2019/02/14,null,beenews,bkbt
67,,2019/02/15,null,beenews,bkbt
68,,2019/02/16,null,beenews,bkbt
69,,2019/02/17,null,beenews,bkbt
70,,2019/02/18,null,beenews,bkbt
71,,2019/02/19,2,beenews,bkbt
72,,2019/02/20,null,beenews,bkbt
73,,2019/02/21,null,beenews,bkbt
74,,2019/02/22,null,beenews,bkbt
75,,2019/02/23,null,beenews,bkbt
76,,2019/02/24,null,beenews,bkbt
77,,2019/02/25,null,beenews,bkbt
78,,2019/02/26,1,beenews,bkbt
79,,2019/02/27,null,beenews,bkbt
80,,2019/02/28,2,beenews,bkbt
81,,2019/03/01,null,beenews,bkbt
82,,2019/03/02,null,beenews,bkbt
83,,2019/03/03,null,beenews,bkbt
84,,2019/03/04,null,beenews,bkbt
85,,2019/03/05,null,beenews,bkbt
86,,2019/03/06,null,beenews,bkbt
87,,2019/03/07,null,beenews,bkbt
88,,2019/03/08,null,beenews,bkbt
89,,2019/03/09,null,beenews,bkbt
90,,2019/03/10,null,beenews,bkbt
91,,2019/03/11,1,beenews,bkbt
92,,2019/03/12,1,beenews,bkbt
93,,2019/03/13,null,beenews,bkbt
94,,2019/03/14,null,beenews,bkbt
95,,2019/03/15,null,beenews,bkbt
96,,2019/03/16,null,beenews,bkbt
97,,2019/03/17,4,beenews,bkbt
98,,2019/03/18,3,beenews,bkbt
99,,2019/03/19,null,beenews,bkbt
100,,2019/03/20,null,beenews,bkbt
101,,2019/03/21,null,beenews,bkbt
102,,2019/03/22,null,beenews,bkbt
103,,2019/03/23,null,beenews,bkbt
104,,2019/03/24,null,beenews,bkbt
105,,2019/03/25,null,beenews,bkbt
106,,2019/03/26,null,beenews,bkbt
107,,2019/03/27,null,beenews,bkbt
108,,2019/03/28,null,beenews,bkbt
109,,2019/03/29,null,beenews,bkbt
110,,2019/03/30,null,beenews,bkbt
111,,2019/03/31,null,beenews,bkbt
112,,2019/04/01,null,beenews,bkbt
113,,2019/04/02,null,beenews,bkbt
114,,2019/04/03,null,beenews,bkbt
115,,2019/04/04,null,beenews,bkbt
116,,2019/04/05,null,beenews,bkbt
117,,2019/04/06,null,beenews,bkbt
118,,2019/04/07,null,beenews,bkbt
119,,2019/04/08,null,beenews,bkbt
120,,2019/04/09,1,beenews,bkbt
121,,2019/04/10,null,beenews,bkbt
122,,2019/04/11,null,beenews,bkbt
123,,2019/04/12,null,beenews,bkbt
124,,2019/04/13,null,beenews,bkbt
125,,2019/04/14,null,beenews,bkbt
126,,2019/04/15,null,beenews,bkbt
127,,2019/04/16,null,beenews,bkbt
128,,2019/04/17,null,beenews,bkbt
129,,2019/04/18,null,beenews,bkbt
130,,2019/04/19,null,beenews,bkbt
131,,2019/04/20,null,beenews,bkbt
132,,2019/04/21,null,beenews,bkbt
133,,2019/04/22,null,beenews,bkbt
134,,2019/04/23,null,beenews,bkbt
135,,2019/04/24,null,beenews,bkbt
136,,2019/04/25,null,beenews,bkbt
137,,2019/04/26,null,beenews,bkbt
138,,2019/04/27,null,beenews,bkbt
139,,2019/04/28,null,beenews,bkbt
140,,2019/04/29,null,beenews,bkbt
141,,2019/04/30,null,beenews,bkbt
142,,2019/05/01,null,beenews,bkbt
143,,2019/05/02,null,beenews,bkbt
144,,2019/05/03,null,beenews,bkbt
145,,2019/05/04,null,beenews,bkbt
146,,2019/05/05,null,beenews,bkbt
147,,2019/05/06,1,beenews,bkbt
148,,2019/05/07,null,beenews,bkbt
149,,2019/05/08,null,beenews,bkbt
150,,2019/05/09,null,beenews,bkbt
151,,2019/05/10,null,beenews,bkbt
152,,2019/05/11,null,beenews,bkbt
153,,2019/05/12,null,beenews,bkbt
154,,2019/05/13,null,beenews,bkbt
155,,2019/05/14,null,beenews,bkbt
156,,2019/05/15,null,beenews,bkbt
157,,2019/05/16,null,beenews,bkbt
158,,2019/05/17,1,beenews,bkbt
159,,2019/05/18,null,beenews,bkbt
160,,2019/05/19,null,beenews,bkbt
161,,2019/05/20,null,beenews,bkbt
162,,2019/05/21,null,beenews,bkbt
163,,2019/05/22,null,beenews,bkbt
164,,2019/05/23,null,beenews,bkbt
165,,2019/05/24,null,beenews,bkbt
166,,2019/05/25,null,beenews,bkbt
167,,2019/05/26,2,beenews,bkbt
168,,2019/05/27,null,beenews,bkbt
169,,2019/05/28,null,beenews,bkbt
170,,2019/05/29,null,beenews,bkbt
171,,2019/05/30,null,beenews,bkbt
172,,2019/05/31,null,beenews,bkbt
173,,2019/06/01,null,beenews,bkbt
174,,2019/06/02,null,beenews,bkbt
175,,2019/06/03,1,beenews,bkbt
176,,2019/06/04,1,beenews,bkbt
177,,2019/06/05,null,beenews,bkbt
178,,2019/06/06,null,beenews,bkbt
179,,2019/06/07,null,beenews,bkbt
180,,2019/06/08,null,beenews,bkbt
181,,2019/06/09,null,beenews,bkbt
182,,2019/06/10,null,beenews,bkbt
183,,2019/06/11,null,beenews,bkbt
184,,2019/06/12,null,beenews,bkbt
185,,2019/06/13,2,beenews,bkbt
186,,2019/06/14,null,beenews,bkbt
187,,2019/06/15,null,beenews,bkbt
188,,2019/06/16,null,beenews,bkbt
189,,2019/06/17,null,beenews,bkbt
190,,2019/06/18,null,beenews,bkbt
191,,2019/06/19,null,beenews,bkbt
192,,2019/06/20,null,beenews,bkbt
193,,2019/06/21,null,beenews,bkbt
194,,2019/06/22,1,beenews,bkbt
195,,2019/06/23,null,beenews,bkbt
196,,2019/06/24,null,beenews,bkbt
197,,2019/06/25,null,beenews,bkbt
198,,2019/06/26,null,beenews,bkbt
199,,2019/06/27,null,beenews,bkbt
200,,2019/06/28,null,beenews,bkbt
201,,2019/06/29,null,beenews,bkbt
202,,2019/06/30,null,beenews,bkbt
203,,2019/07/01,8,beenews,bkbt
204,,2019/07/02,2,beenews,bkbt
205,,2019/07/03,2,beenews,bkbt
206,,2019/07/04,null,beenews,bkbt
207,,2019/07/05,null,beenews,bkbt
208,,2019/07/06,2,beenews,bkbt
209,,2019/07/07,null,beenews,bkbt
210,,2019/07/08,null,beenews,bkbt
211,,2019/07/09,null,beenews,bkbt
212,,2019/07/10,null,beenews,bkbt
213,,2019/07/11,null,beenews,bkbt
214,,2019/07/12,null,beenews,bkbt
215,,2019/07/13,null,beenews,bkbt
216,,2019/07/14,null,beenews,bkbt
217,,2019/07/15,null,beenews,bkbt
218,,2019/07/16,null,beenews,bkbt
219,,2019/07/17,null,beenews,bkbt
220,,2019/07/18,null,beenews,bkbt
221,,2019/07/19,null,beenews,bkbt
222,,2019/07/20,null,beenews,bkbt
223,,2019/07/21,null,beenews,bkbt
224,,2019/07/22,null,beenews,bkbt
225,,2019/07/23,null,beenews,bkbt
226,,2019/07/24,null,beenews,bkbt
227,,2019/07/25,null,beenews,bkbt
228,,2019/07/26,null,beenews,bkbt
229,,2019/07/27,null,beenews,bkbt
230,,2019/07/28,null,beenews,bkbt
231,,2019/07/29,null,beenews,bkbt
232,,2019/07/30,null,beenews,bkbt
233,,2019/07/31,null,beenews,bkbt
234,,2019/08/01,null,beenews,bkbt
235,,2019/08/02,null,beenews,bkbt
236,,2019/08/03,null,beenews,bkbt
237,,2019/08/04,null,beenews,bkbt
238,,2019/08/05,null,beenews,bkbt
239,,2019/08/06,null,beenews,bkbt
240,,2019/08/07,null,beenews,bkbt
241,,2019/08/08,null,beenews,bkbt
242,,2019/08/09,null,beenews,bkbt
243,,2019/08/10,null,beenews,bkbt
244,,2019/08/11,null,beenews,bkbt
245,,2019/08/12,null,beenews,bkbt
246,,2019/08/13,null,beenews,bkbt
247,,2019/08/14,null,beenews,bkbt
248,,2019/08/15,2,beenews,bkbt
249,,2019/08/16,null,beenews,bkbt
250,,2019/08/17,null,beenews,bkbt
251,,2019/08/18,null,beenews,bkbt
252,,2019/08/19,null,beenews,bkbt
253,,2019/08/20,null,beenews,bkbt
254,,2019/08/21,null,beenews,bkbt
255,,2019/08/22,null,beenews,bkbt
256,,2019/08/23,null,beenews,bkbt
257,,2019/08/24,null,beenews,bkbt
258,,2019/08/25,null,beenews,bkbt
259,,2019/08/26,null,beenews,bkbt
260,,2019/08/27,null,beenews,bkbt
261,,2019/08/28,null,beenews,bkbt
262,,2019/08/29,null,beenews,bkbt
263,,2019/08/30,null,beenews,bkbt
264,,2019/08/31,null,beenews,bkbt
265,,2019/09/01,null,beenews,bkbt
266,,2019/09/02,null,beenews,bkbt
267,,2019/09/03,null,beenews,bkbt
268,,2019/09/04,null,beenews,bkbt
269,,2019/09/05,null,beenews,bkbt
270,,2019/09/06,5,beenews,bkbt
271,,2019/09/07,null,beenews,bkbt
272,,2019/09/08,null,beenews,bkbt
273,,2019/09/09,null,beenews,bkbt
274,,2019/09/10,null,beenews,bkbt
275,,2019/09/11,null,beenews,bkbt
276,,2019/09/12,null,beenews,bkbt
277,,2019/09/13,null,beenews,bkbt
278,,2019/09/14,null,beenews,bkbt
279,,2019/09/15,4,beenews,bkbt
280,,2019/09/16,null,beenews,bkbt
281,,2019/09/17,null,beenews,bkbt
282,,2019/09/18,null,beenews,bkbt
283,,2019/09/19,null,beenews,bkbt
284,,2019/09/20,null,beenews,bkbt
285,,2019/09/21,null,beenews,bkbt
286,,2019/09/22,2,beenews,bkbt
287,,2019/09/23,null,beenews,bkbt
288,,2019/09/24,null,beenews,bkbt
289,,2019/09/25,null,beenews,bkbt
290,,2019/09/26,null,beenews,bkbt
291,,2019/09/27,null,beenews,bkbt
292,,2019/09/28,null,beenews,bkbt
293,,2019/09/29,null,beenews,bkbt
294,,2019/09/30,null,beenews,bkbt
295,,2019/10/01,null,beenews,bkbt
296,,2019/10/02,null,beenews,bkbt
297,,2019/10/03,null,beenews,bkbt
298,,2019/10/04,null,beenews,bkbt
299,,2019/10/05,null,beenews,bkbt
300,,2019/10/06,null,beenews,bkbt
301,,2019/10/07,null,beenews,bkbt
302,,2019/10/08,null,beenews,bkbt
303,,2019/10/09,null,beenews,bkbt
304,,2019/10/10,null,beenews,bkbt
305,,2019/10/11,null,beenews,bkbt
306,,2019/10/12,null,beenews,bkbt
307,,2019/10/13,null,beenews,bkbt
308,,2019/10/14,null,beenews,bkbt
309,,2019/10/15,null,beenews,bkbt
310,,2019/10/16,null,beenews,bkbt
311,,2019/10/17,null,beenews,bkbt
312,,2019/10/18,null,beenews,bkbt
313,,2019/10/19,null,beenews,bkbt
314,,2019/10/20,null,beenews,bkbt
315,,2019/10/21,null,beenews,bkbt
316,,2019/10/22,null,beenews,bkbt
317,,2019/10/23,null,beenews,bkbt
318,,2019/10/24,null,beenews,bkbt
319,,2019/10/25,null,beenews,bkbt
320,,2019/10/26,null,beenews,bkbt
321,,2019/10/27,null,beenews,bkbt
322,,2019/10/28,null,beenews,bkbt
323,,2019/10/29,null,beenews,bkbt
324,,2019/10/30,null,beenews,bkbt
325,,2019/10/31,null,beenews,bkbt
326,,2019/11/01,null,beenews,bkbt
327,,2019/11/02,null,beenews,bkbt
328,,2019/11/03,1,beenews,bkbt
329,,2019/11/04,null,beenews,bkbt
330,,2019/11/05,null,beenews,bkbt
331,,2019/11/06,null,beenews,bkbt
332,,2019/11/07,null,beenews,bkbt
333,,2019/11/08,null,beenews,bkbt
334,,2019/11/09,null,beenews,bkbt
335,,2019/11/10,null,beenews,bkbt
336,,2019/11/11,null,beenews,bkbt
337,,2019/11/12,null,beenews,bkbt
338,,2019/11/13,null,beenews,bkbt
339,,2019/11/14,null,beenews,bkbt
340,,2019/11/15,null,beenews,bkbt
341,,2019/11/16,null,beenews,bkbt
342,,2019/11/17,null,beenews,bkbt
343,,2019/11/18,null,beenews,bkbt
344,,2019/11/19,null,beenews,bkbt
345,,2019/11/20,null,beenews,bkbt
346,,2019/11/21,null,beenews,bkbt
347,,2019/11/22,null,beenews,bkbt
348,,2019/11/23,null,beenews,bkbt
349,,2019/11/24,null,beenews,bkbt
350,,2019/11/25,null,beenews,bkbt
351,,2019/11/26,null,beenews,bkbt
352,,2019/11/27,null,beenews,bkbt
353,,2019/11/28,null,beenews,bkbt
354,,2019/11/29,null,beenews,bkbt
355,,2019/11/30,null,beenews,bkbt
356,,2019/12/01,null,beenews,bkbt
357,,2019/12/02,null,beenews,bkbt
358,,2019/12/03,null,beenews,bkbt
359,,2019/12/04,null,beenews,bkbt
360,,2019/12/05,null,beenews,bkbt
361,,2019/12/06,null,beenews,bkbt
362,,2019/12/07,null,beenews,bkbt
363,,2019/12/08,null,beenews,bkbt
364,,2019/12/09,null,beenews,bkbt
365,,2019/12/10,null,beenews,bkbt
366,,2019/12/11,null,beenews,bkbt
367,,2019/12/12,null,beenews,bkbt
368,,2019/12/13,null,beenews,bkbt
369,,2019/12/14,null,beenews,bkbt
370,,2019/12/15,null,beenews,bkbt
371,,2019/12/16,null,beenews,bkbt
372,,2019/12/17,null,beenews,bkbt
373,,2019/12/18,null,beenews,bkbt
374,,2019/12/19,null,beenews,bkbt
375,,2019/12/20,null,beenews,bkbt
376,,2019/12/21,null,beenews,bkbt
377,,2019/12/22,null,beenews,bkbt
378,,2019/12/23,null,beenews,bkbt
379,,2019/12/24,null,beenews,bkbt
380,,2019/12/25,null,beenews,bkbt
381,,2019/12/26,null,beenews,bkbt
382,,2019/12/27,null,beenews,bkbt
383,,2019/12/28,null,beenews,bkbt
384,,2019/12/29,null,beenews,bkbt
385,,2019/12/30,null,beenews,bkbt
386,,2019/12/31,null,beenews,bkbt
387,,2020/01/01,null,beenews,bkbt
388,,2020/01/02,null,beenews,bkbt
389,,2020/01/03,null,beenews,bkbt
390,,2020/01/04,null,beenews,bkbt
391,,2020/01/05,null,beenews,bkbt
392,,2020/01/06,null,beenews,bkbt
393,,2020/01/07,null,beenews,bkbt
394,,2020/01/08,null,beenews,bkbt
395,,2020/01/09,null,beenews,bkbt
396,,2020/01/10,null,beenews,bkbt
397,,2020/01/11,null,beenews,bkbt
398,,2020/01/12,null,beenews,bkbt
399,,2020/01/13,null,beenews,bkbt
400,,2020/01/14,null,beenews,bkbt
401,,2020/01/15,null,beenews,bkbt
402,,2020/01/16,null,beenews,bkbt
403,,2020/01/17,null,beenews,bkbt
404,,2020/01/18,null,beenews,bkbt
405,,2020/01/19,null,beenews,bkbt
406,,2020/01/20,null,beenews,bkbt
407,,2020/01/21,null,beenews,bkbt
408,,2020/01/22,null,beenews,bkbt
409,,2020/01/23,null,beenews,bkbt
410,,2020/01/24,null,beenews,bkbt
411,,2020/01/25,null,beenews,bkbt
412,,2020/01/26,null,beenews,bkbt
413,,2020/01/27,null,beenews,bkbt
414,,2020/01/28,null,beenews,bkbt
415,,2020/01/29,null,beenews,bkbt
416,,2020/01/30,null,beenews,bkbt
417,,2020/01/31,null,beenews,bkbt
418,,2020/02/01,null,beenews,bkbt
419,,2020/02/02,null,beenews,bkbt
420,,2020/02/03,null,beenews,bkbt
421,,2020/02/04,1,beenews,bkbt
422,,2020/02/05,null,beenews,bkbt
423,,2020/02/06,null,beenews,bkbt
424,,2020/02/07,null,beenews,bkbt
425,,2020/02/08,null,beenews,bkbt
426,,2020/02/09,null,beenews,bkbt
427,,2020/02/10,2,beenews,bkbt
428,,2020/02/11,null,beenews,bkbt
429,,2020/02/12,null,beenews,bkbt
430,,2020/02/13,null,beenews,bkbt
431,,2020/02/14,null,beenews,bkbt
432,,2020/02/15,null,beenews,bkbt
433,,2020/02/16,null,beenews,bkbt
434,,2020/02/17,null,beenews,bkbt
435,,2020/02/18,null,beenews,bkbt
436,,2020/02/19,null,beenews,bkbt
437,,2020/02/20,null,beenews,bkbt
438,,2020/02/21,null,beenews,bkbt
439,,2020/02/22,null,beenews,bkbt
440,,2020/02/23,null,beenews,bkbt
441,,2020/02/24,null,beenews,bkbt
442,,2020/02/25,null,beenews,bkbt
443,,2020/02/26,null,beenews,bkbt
444,,2020/02/27,null,beenews,bkbt
445,,2020/02/28,null,beenews,bkbt
446,,2020/02/29,null,beenews,bkbt
447,,2020/03/01,null,beenews,bkbt
448,,2020/03/02,null,beenews,bkbt
449,,2020/03/03,null,beenews,bkbt
450,,2020/03/04,null,beenews,bkbt
451,,2020/03/05,null,beenews,bkbt
452,,2020/03/06,null,beenews,bkbt
453,,2020/03/07,null,beenews,bkbt
454,,2020/03/08,null,beenews,bkbt
455,,2020/03/09,null,beenews,bkbt
456,,2020/03/10,null,beenews,bkbt
457,,2020/03/11,null,beenews,bkbt
458,,2020/03/12,null,beenews,bkbt
459,,2020/03/13,null,beenews,bkbt
460,,2020/03/14,null,beenews,bkbt
461,,2020/03/15,null,beenews,bkbt
462,,2020/03/16,null,beenews,bkbt
463,,2020/03/17,null,beenews,bkbt
464,,2020/03/18,null,beenews,bkbt
465,,2020/03/19,null,beenews,bkbt
466,,2020/03/20,null,beenews,bkbt
467,,2020/03/21,null,beenews,bkbt
468,,2020/03/22,null,beenews,bkbt
469,,2020/03/23,null,beenews,bkbt
470,,2020/03/24,null,beenews,bkbt
471,,2020/03/25,null,beenews,bkbt
472,,2020/03/26,null,beenews,bkbt
473,,2020/03/27,null,beenews,bkbt
474,,2020/03/28,null,beenews,bkbt
475,,2020/03/29,null,beenews,bkbt
476,,2020/03/30,null,beenews,bkbt
477,,2020/03/31,null,beenews,bkbt
478,,2020/04/01,null,beenews,bkbt
479,,2020/04/02,null,beenews,bkbt
480,,2020/04/03,null,beenews,bkbt
481,,2020/04/04,null,beenews,bkbt
482,,2020/04/05,null,beenews,bkbt
483,,2020/04/06,null,beenews,bkbt
484,,2020/04/07,null,beenews,bkbt
485,,2020/04/08,null,beenews,bkbt
486,,2020/04/09,null,beenews,bkbt
487,,2020/04/10,null,beenews,bkbt
488,,2020/04/11,null,beenews,bkbt
489,,2020/04/12,null,beenews,bkbt
490,,2020/04/13,null,beenews,bkbt
491,,2020/04/14,null,beenews,bkbt
492,,2020/04/15,null,beenews,bkbt
493,,2020/04/16,null,beenews,bkbt
494,,2020/04/17,null,beenews,bkbt
495,,2020/04/18,null,beenews,bkbt
496,,2020/04/19,null,beenews,bkbt
497,,2020/04/20,null,beenews,bkbt
498,,2020/04/21,null,beenews,bkbt
499,,2020/04/22,null,beenews,bkbt
500,,2020/04/23,null,beenews,bkbt
501,,2020/04/24,null,beenews,bkbt
502,,2020/04/25,null,beenews,bkbt
503,,2020/04/26,null,beenews,bkbt
504,,2020/04/27,3,beenews,bkbt
505,,2020/04/28,3,beenews,bkbt
506,,2020/04/29,1,beenews,bkbt
507,,2020/04/30,null,beenews,bkbt
508,,2020/05/01,null,beenews,bkbt
509,,2020/05/02,null,beenews,bkbt
510,,2020/05/03,null,beenews,bkbt
511,,2020/05/04,null,beenews,bkbt
512,,2020/05/05,null,beenews,bkbt
513,,2020/05/06,null,beenews,bkbt
514,,2020/05/07,null,beenews,bkbt
515,,2020/05/08,null,beenews,bkbt
516,,2020/05/09,null,beenews,bkbt
517,,2020/05/10,null,beenews,bkbt
518,,2020/05/11,null,beenews,bkbt
519,,2020/05/12,null,beenews,bkbt
520,,2020/05/13,null,beenews,bkbt
521,,2020/05/14,null,beenews,bkbt
522,,2020/05/15,2,beenews,bkbt
523,,2020/05/16,null,beenews,bkbt
524,,2020/05/17,1,beenews,bkbt
525,,2020/05/18,null,beenews,bkbt
526,,2020/05/19,null,beenews,bkbt
527,,2020/05/20,null,beenews,bkbt
528,,2020/05/21,null,beenews,bkbt
529,,2020/05/22,null,beenews,bkbt
530,,2020/05/23,null,beenews,bkbt
531,,2020/05/24,null,beenews,bkbt
532,,2020/05/25,null,beenews,bkbt
533,,2020/05/26,null,beenews,bkbt
534,,2020/05/27,null,beenews,bkbt
535,,2020/05/28,null,beenews,bkbt
536,,2020/05/29,null,beenews,bkbt
537,,2020/05/30,null,beenews,bkbt
538,,2020/05/31,null,beenews,bkbt
539,,2020/06/01,null,beenews,bkbt
540,,2020/06/02,null,beenews,bkbt
541,,2020/06/03,null,beenews,bkbt
542,,2020/06/04,null,beenews,bkbt
543,,2020/06/05,null,beenews,bkbt
544,,2020/06/06,null,beenews,bkbt
545,,2020/06/07,null,beenews,bkbt
546,,2020/06/08,null,beenews,bkbt
547,,2020/06/09,null,beenews,bkbt
548,,2020/06/10,null,beenews,bkbt
549,,2020/06/11,null,beenews,bkbt
550,,2020/06/12,null,beenews,bkbt
551,,2020/06/13,null,beenews,bkbt
552,,2020/06/14,null,beenews,bkbt
553,,2020/06/15,1,beenews,bkbt
554,,2020/06/16,null,beenews,bkbt
555,,2020/06/17,null,beenews,bkbt
556,,2020/06/18,null,beenews,bkbt
557,,2020/06/19,null,beenews,bkbt
558,,2020/06/20,null,beenews,bkbt
559,,2020/06/21,null,beenews,bkbt
560,,2020/06/22,null,beenews,bkbt
561,,2020/06/23,null,beenews,bkbt
562,,2020/06/24,null,beenews,bkbt
563,,2020/06/25,null,beenews,bkbt
564,,2020/06/26,null,beenews,bkbt
565,,2020/06/27,null,beenews,bkbt
566,,2020/06/28,null,beenews,bkbt
567,,2020/06/29,null,beenews,bkbt
568,,2020/06/30,null,beenews,bkbt
569,,2020/07/01,null,beenews,bkbt
570,,2020/07/02,null,beenews,bkbt
571,,2020/07/03,null,beenews,bkbt
572,,2020/07/04,null,beenews,bkbt
573,,2020/07/05,null,beenews,bkbt
574,,2020/07/06,null,beenews,bkbt
575,,2020/07/07,null,beenews,bkbt
576,,2020/07/08,null,beenews,bkbt
577,,2020/07/09,null,beenews,bkbt
578,,2020/07/10,null,beenews,bkbt
579,,2020/07/11,null,beenews,bkbt
580,,2020/07/12,null,beenews,bkbt
581,,2020/07/13,2,beenews,bkbt
582,,2020/07/14,2,beenews,bkbt
