,google_trends,date,tweets,full_name,coin
0,,2020/03/12,1,bosagora,boa
1,,2020/03/13,1,bosagora,boa
2,,2020/03/14,7,bosagora,boa
3,,2020/03/15,null,bosagora,boa
4,,2020/03/16,1,bosagora,boa
5,,2020/03/17,null,bosagora,boa
6,,2020/03/18,null,bosagora,boa
7,,2020/03/19,2,bosagora,boa
8,,2020/03/20,null,bosagora,boa
9,,2020/03/21,null,bosagora,boa
10,,2020/03/22,null,bosagora,boa
11,,2020/03/23,3,bosagora,boa
12,,2020/03/24,null,bosagora,boa
13,,2020/03/25,null,bosagora,boa
14,,2020/03/26,2,bosagora,boa
15,,2020/03/27,1,bosagora,boa
16,,2020/03/28,2,bosagora,boa
17,,2020/03/29,null,bosagora,boa
18,,2020/03/30,1,bosagora,boa
19,,2020/03/31,null,bosagora,boa
20,,2020/04/01,5,bosagora,boa
21,,2020/04/02,3,bosagora,boa
22,,2020/04/03,2,bosagora,boa
23,,2020/04/04,null,bosagora,boa
24,,2020/04/05,null,bosagora,boa
25,,2020/04/06,5,bosagora,boa
26,,2020/04/07,null,bosagora,boa
27,,2020/04/08,null,bosagora,boa
28,,2020/04/09,null,bosagora,boa
29,,2020/04/10,null,bosagora,boa
30,,2020/04/11,null,bosagora,boa
31,,2020/04/12,null,bosagora,boa
32,,2020/04/13,2,bosagora,boa
33,,2020/04/14,null,bosagora,boa
34,,2020/04/15,null,bosagora,boa
35,,2020/04/16,null,bosagora,boa
36,,2020/04/17,null,bosagora,boa
37,,2020/04/18,null,bosagora,boa
38,,2020/04/19,null,bosagora,boa
39,,2020/04/20,null,bosagora,boa
40,,2020/04/21,null,bosagora,boa
41,,2020/04/22,null,bosagora,boa
42,,2020/04/23,null,bosagora,boa
43,,2020/04/24,null,bosagora,boa
44,,2020/04/25,null,bosagora,boa
45,,2020/04/26,null,bosagora,boa
46,,2020/04/27,null,bosagora,boa
47,,2020/04/28,null,bosagora,boa
48,,2020/04/29,null,bosagora,boa
49,,2020/04/30,null,bosagora,boa
50,,2020/05/01,null,bosagora,boa
51,,2020/05/02,1,bosagora,boa
52,,2020/05/03,null,bosagora,boa
53,,2020/05/04,null,bosagora,boa
54,,2020/05/05,null,bosagora,boa
55,,2020/05/06,null,bosagora,boa
56,,2020/05/07,null,bosagora,boa
57,,2020/05/08,null,bosagora,boa
58,,2020/05/09,null,bosagora,boa
59,,2020/05/10,null,bosagora,boa
60,,2020/05/11,null,bosagora,boa
61,,2020/05/12,1,bosagora,boa
62,,2020/05/13,null,bosagora,boa
63,,2020/05/14,null,bosagora,boa
64,,2020/05/15,null,bosagora,boa
65,,2020/05/16,null,bosagora,boa
66,,2020/05/17,null,bosagora,boa
67,,2020/05/18,null,bosagora,boa
68,,2020/05/19,1,bosagora,boa
69,,2020/05/20,6,bosagora,boa
70,,2020/05/21,2,bosagora,boa
71,,2020/05/22,null,bosagora,boa
72,,2020/05/23,null,bosagora,boa
73,,2020/05/24,null,bosagora,boa
74,,2020/05/25,null,bosagora,boa
75,,2020/05/26,null,bosagora,boa
76,,2020/05/27,null,bosagora,boa
77,,2020/05/28,null,bosagora,boa
78,,2020/05/29,null,bosagora,boa
79,,2020/05/30,null,bosagora,boa
80,,2020/05/31,1,bosagora,boa
81,,2020/06/01,null,bosagora,boa
82,,2020/06/02,null,bosagora,boa
83,,2020/06/03,null,bosagora,boa
84,,2020/06/04,null,bosagora,boa
85,,2020/06/05,9,bosagora,boa
86,,2020/06/06,2,bosagora,boa
87,,2020/06/07,null,bosagora,boa
88,,2020/06/08,1,bosagora,boa
89,,2020/06/09,null,bosagora,boa
90,,2020/06/10,6,bosagora,boa
91,,2020/06/11,1,bosagora,boa
92,,2020/06/12,8,bosagora,boa
93,,2020/06/13,1,bosagora,boa
94,,2020/06/14,null,bosagora,boa
95,,2020/06/15,null,bosagora,boa
96,,2020/06/16,7,bosagora,boa
97,,2020/06/17,2,bosagora,boa
98,,2020/06/18,11,bosagora,boa
99,,2020/06/19,2,bosagora,boa
100,,2020/06/20,3,bosagora,boa
101,,2020/06/21,1,bosagora,boa
102,,2020/06/22,2,bosagora,boa
103,,2020/06/23,null,bosagora,boa
104,,2020/06/24,null,bosagora,boa
105,,2020/06/25,null,bosagora,boa
106,,2020/06/26,3,bosagora,boa
107,,2020/06/27,1,bosagora,boa
108,,2020/06/28,null,bosagora,boa
109,,2020/06/29,1,bosagora,boa
110,,2020/06/30,9,bosagora,boa
111,,2020/07/01,6,bosagora,boa
112,,2020/07/02,7,bosagora,boa
113,,2020/07/03,16,bosagora,boa
114,,2020/07/04,null,bosagora,boa
115,,2020/07/05,null,bosagora,boa
116,,2020/07/06,null,bosagora,boa
117,,2020/07/07,null,bosagora,boa
118,,2020/07/08,null,bosagora,boa
119,,2020/07/09,null,bosagora,boa
120,,2020/07/10,null,bosagora,boa
121,,2020/07/11,null,bosagora,boa
122,,2020/07/12,null,bosagora,boa
123,,2020/07/13,null,bosagora,boa
124,,2020/07/14,null,bosagora,boa
125,,2020/07/15,null,bosagora,boa
126,,2020/07/16,null,bosagora,boa
127,,2020/07/17,null,bosagora,boa
128,,2020/07/18,null,bosagora,boa
129,,2020/07/19,null,bosagora,boa
130,,2020/07/20,null,bosagora,boa
131,,2020/07/21,null,bosagora,boa
132,,2020/07/22,null,bosagora,boa
133,,2020/07/23,null,bosagora,boa
134,,2020/07/24,null,bosagora,boa
135,,2020/07/25,null,bosagora,boa
136,,2020/07/26,null,bosagora,boa
137,,2020/07/27,null,bosagora,boa
138,,2020/07/28,null,bosagora,boa
139,,2020/07/29,null,bosagora,boa
140,,2020/07/30,null,bosagora,boa
141,,2020/07/31,null,bosagora,boa
142,,2020/08/01,null,bosagora,boa
143,,2020/08/02,null,bosagora,boa
144,,2020/08/03,null,bosagora,boa
145,,2020/08/04,null,bosagora,boa
146,,2020/08/05,null,bosagora,boa
147,,2020/08/06,null,bosagora,boa
148,,2020/08/07,null,bosagora,boa
149,,2020/08/08,null,bosagora,boa
150,,2020/08/09,null,bosagora,boa
151,,2020/08/10,null,bosagora,boa
152,,2020/08/11,null,bosagora,boa
153,,2020/08/12,null,bosagora,boa
154,,2020/08/13,null,bosagora,boa
155,,2020/08/14,null,bosagora,boa
156,,2020/08/15,null,bosagora,boa
157,,2020/08/16,null,bosagora,boa
158,,2020/08/17,null,bosagora,boa
159,,2020/08/18,null,bosagora,boa
160,,2020/08/19,null,bosagora,boa
161,,2020/08/20,null,bosagora,boa
162,,2020/08/21,null,bosagora,boa
163,,2020/08/22,null,bosagora,boa
164,,2020/08/23,null,bosagora,boa
165,,2020/08/24,null,bosagora,boa
166,,2020/08/25,null,bosagora,boa
167,,2020/08/26,null,bosagora,boa
168,,2020/08/27,null,bosagora,boa
169,,2020/08/28,null,bosagora,boa
170,,2020/08/29,null,bosagora,boa
171,,2020/08/30,null,bosagora,boa
172,,2020/08/31,null,bosagora,boa
173,,2020/09/01,null,bosagora,boa
174,,2020/09/02,null,bosagora,boa
175,,2020/09/03,null,bosagora,boa
176,,2020/09/04,null,bosagora,boa
177,,2020/09/05,null,bosagora,boa
178,,2020/09/06,null,bosagora,boa
179,,2020/09/07,null,bosagora,boa
180,,2020/09/08,null,bosagora,boa
181,,2020/09/09,null,bosagora,boa
182,,2020/09/10,null,bosagora,boa
183,,2020/09/11,null,bosagora,boa
184,,2020/09/12,null,bosagora,boa
185,,2020/09/13,null,bosagora,boa
186,,2020/09/14,null,bosagora,boa
187,,2020/09/15,null,bosagora,boa
188,,2020/09/16,null,bosagora,boa
189,,2020/09/17,null,bosagora,boa
190,,2020/09/18,null,bosagora,boa
191,,2020/09/19,null,bosagora,boa
192,,2020/09/20,null,bosagora,boa
193,,2020/09/21,15,bosagora,boa
194,,2020/09/22,8,bosagora,boa
195,,2020/09/23,3,bosagora,boa
196,,2020/09/24,1,bosagora,boa
197,,2020/09/25,2,bosagora,boa
198,,2020/09/26,null,bosagora,boa
199,,2020/09/27,null,bosagora,boa
200,,2020/09/28,4,bosagora,boa
201,,2020/09/29,3,bosagora,boa
202,,2020/09/30,null,bosagora,boa
203,,2020/10/01,null,bosagora,boa
204,,2020/10/02,null,bosagora,boa
205,,2020/10/03,null,bosagora,boa
206,,2020/10/04,null,bosagora,boa
207,,2020/10/05,null,bosagora,boa
208,,2020/10/06,null,bosagora,boa
209,,2020/10/07,null,bosagora,boa
210,,2020/10/08,1,bosagora,boa
211,,2020/10/09,null,bosagora,boa
212,,2020/10/10,null,bosagora,boa
213,,2020/10/11,null,bosagora,boa
214,,2020/10/12,null,bosagora,boa
215,,2020/10/13,140,bosagora,boa
216,,2020/10/14,20,bosagora,boa
217,,2020/10/15,2,bosagora,boa
218,,2020/10/16,2,bosagora,boa
219,,2020/10/17,3,bosagora,boa
220,,2020/10/18,4,bosagora,boa
221,,2020/10/19,20,bosagora,boa
222,,2020/10/20,5,bosagora,boa
223,,2020/10/21,4,bosagora,boa
224,,2020/10/22,null,bosagora,boa
225,,2020/10/23,5,bosagora,boa
226,,2020/10/24,null,bosagora,boa
227,,2020/10/25,1,bosagora,boa
228,,2020/10/26,75,bosagora,boa
229,,2020/10/27,21,bosagora,boa
