,google_trends,date,tweets,full_name,coin
0,,2019/02/14,1,btu protocol,btu
1,,2019/02/15,null,btu protocol,btu
2,,2019/02/16,null,btu protocol,btu
3,,2019/02/17,null,btu protocol,btu
4,,2019/02/18,null,btu protocol,btu
5,,2019/02/19,null,btu protocol,btu
6,,2019/02/20,null,btu protocol,btu
7,,2019/02/21,null,btu protocol,btu
8,,2019/02/22,null,btu protocol,btu
9,,2019/02/23,null,btu protocol,btu
10,,2019/02/24,null,btu protocol,btu
11,,2019/02/25,null,btu protocol,btu
12,,2019/02/26,null,btu protocol,btu
13,,2019/02/27,null,btu protocol,btu
14,,2019/02/28,null,btu protocol,btu
15,,2019/03/01,null,btu protocol,btu
16,,2019/03/02,null,btu protocol,btu
17,,2019/03/03,null,btu protocol,btu
18,,2019/03/04,null,btu protocol,btu
19,,2019/03/05,null,btu protocol,btu
20,,2019/03/06,3,btu protocol,btu
21,,2019/03/07,null,btu protocol,btu
22,,2019/03/08,null,btu protocol,btu
23,,2019/03/09,null,btu protocol,btu
24,,2019/03/10,null,btu protocol,btu
25,,2019/03/11,null,btu protocol,btu
26,,2019/03/12,null,btu protocol,btu
27,,2019/03/13,null,btu protocol,btu
28,,2019/03/14,null,btu protocol,btu
29,,2019/03/15,null,btu protocol,btu
30,,2019/03/16,null,btu protocol,btu
31,,2019/03/17,null,btu protocol,btu
32,,2019/03/18,null,btu protocol,btu
33,,2019/03/19,null,btu protocol,btu
34,,2019/03/20,null,btu protocol,btu
35,,2019/03/21,null,btu protocol,btu
36,,2019/03/22,1,btu protocol,btu
37,,2019/03/23,null,btu protocol,btu
38,,2019/03/24,7,btu protocol,btu
39,,2019/03/25,null,btu protocol,btu
40,,2019/03/26,1,btu protocol,btu
41,,2019/03/27,null,btu protocol,btu
42,,2019/03/28,null,btu protocol,btu
43,,2019/03/29,null,btu protocol,btu
44,,2019/03/30,null,btu protocol,btu
45,,2019/03/31,null,btu protocol,btu
46,,2019/04/01,null,btu protocol,btu
47,,2019/04/02,null,btu protocol,btu
48,,2019/04/03,null,btu protocol,btu
49,,2019/04/04,null,btu protocol,btu
50,,2019/04/05,null,btu protocol,btu
51,,2019/04/06,null,btu protocol,btu
52,,2019/04/07,null,btu protocol,btu
53,,2019/04/08,null,btu protocol,btu
54,,2019/04/09,null,btu protocol,btu
55,,2019/04/10,null,btu protocol,btu
56,,2019/04/11,null,btu protocol,btu
57,,2019/04/12,null,btu protocol,btu
58,,2019/04/13,null,btu protocol,btu
59,,2019/04/14,null,btu protocol,btu
60,,2019/04/15,null,btu protocol,btu
61,,2019/04/16,null,btu protocol,btu
62,,2019/04/17,null,btu protocol,btu
63,,2019/04/18,null,btu protocol,btu
64,,2019/04/19,null,btu protocol,btu
65,,2019/04/20,null,btu protocol,btu
66,,2019/04/21,null,btu protocol,btu
67,,2019/04/22,null,btu protocol,btu
68,,2019/04/23,null,btu protocol,btu
69,,2019/04/24,null,btu protocol,btu
70,,2019/04/25,null,btu protocol,btu
71,,2019/04/26,null,btu protocol,btu
72,,2019/04/27,null,btu protocol,btu
73,,2019/04/28,null,btu protocol,btu
74,,2019/04/29,null,btu protocol,btu
75,,2019/04/30,null,btu protocol,btu
76,,2019/05/01,null,btu protocol,btu
77,,2019/05/02,null,btu protocol,btu
78,,2019/05/03,null,btu protocol,btu
79,,2019/05/04,null,btu protocol,btu
80,,2019/05/05,null,btu protocol,btu
81,,2019/05/06,null,btu protocol,btu
82,,2019/05/07,null,btu protocol,btu
83,,2019/05/08,null,btu protocol,btu
84,,2019/05/09,null,btu protocol,btu
85,,2019/05/10,null,btu protocol,btu
86,,2019/05/11,null,btu protocol,btu
87,,2019/05/12,null,btu protocol,btu
88,,2019/05/13,null,btu protocol,btu
89,,2019/05/14,null,btu protocol,btu
90,,2019/05/15,null,btu protocol,btu
91,,2019/05/16,null,btu protocol,btu
92,,2019/05/17,null,btu protocol,btu
93,,2019/05/18,null,btu protocol,btu
94,,2019/05/19,null,btu protocol,btu
95,,2019/05/20,null,btu protocol,btu
96,,2019/05/21,null,btu protocol,btu
97,,2019/05/22,null,btu protocol,btu
98,,2019/05/23,null,btu protocol,btu
99,,2019/05/24,null,btu protocol,btu
100,,2019/05/25,null,btu protocol,btu
101,,2019/05/26,null,btu protocol,btu
102,,2019/05/27,null,btu protocol,btu
103,,2019/05/28,null,btu protocol,btu
104,,2019/05/29,null,btu protocol,btu
105,,2019/05/30,null,btu protocol,btu
106,,2019/05/31,null,btu protocol,btu
107,,2019/06/01,null,btu protocol,btu
108,,2019/06/02,null,btu protocol,btu
109,,2019/06/03,null,btu protocol,btu
110,,2019/06/04,null,btu protocol,btu
111,,2019/06/05,null,btu protocol,btu
112,,2019/06/06,null,btu protocol,btu
113,,2019/06/07,null,btu protocol,btu
114,,2019/06/08,null,btu protocol,btu
115,,2019/06/09,null,btu protocol,btu
116,,2019/06/10,1,btu protocol,btu
117,,2019/06/11,2,btu protocol,btu
118,,2019/06/12,null,btu protocol,btu
119,,2019/06/13,null,btu protocol,btu
120,,2019/06/14,null,btu protocol,btu
121,,2019/06/15,null,btu protocol,btu
122,,2019/06/16,null,btu protocol,btu
123,,2019/06/17,null,btu protocol,btu
124,,2019/06/18,null,btu protocol,btu
125,,2019/06/19,null,btu protocol,btu
126,,2019/06/20,null,btu protocol,btu
127,,2019/06/21,null,btu protocol,btu
128,,2019/06/22,null,btu protocol,btu
129,,2019/06/23,null,btu protocol,btu
130,,2019/06/24,null,btu protocol,btu
131,,2019/06/25,null,btu protocol,btu
132,,2019/06/26,null,btu protocol,btu
133,,2019/06/27,null,btu protocol,btu
134,,2019/06/28,null,btu protocol,btu
135,,2019/06/29,null,btu protocol,btu
136,,2019/06/30,null,btu protocol,btu
137,,2019/07/01,null,btu protocol,btu
138,,2019/07/02,null,btu protocol,btu
139,,2019/07/03,null,btu protocol,btu
140,,2019/07/04,null,btu protocol,btu
141,,2019/07/05,null,btu protocol,btu
142,,2019/07/06,null,btu protocol,btu
143,,2019/07/07,null,btu protocol,btu
144,,2019/07/08,null,btu protocol,btu
145,,2019/07/09,null,btu protocol,btu
146,,2019/07/10,null,btu protocol,btu
147,,2019/07/11,null,btu protocol,btu
148,,2019/07/12,null,btu protocol,btu
149,,2019/07/13,null,btu protocol,btu
150,,2019/07/14,null,btu protocol,btu
151,,2019/07/15,null,btu protocol,btu
152,,2019/07/16,null,btu protocol,btu
153,,2019/07/17,null,btu protocol,btu
154,,2019/07/18,null,btu protocol,btu
155,,2019/07/19,null,btu protocol,btu
156,,2019/07/20,null,btu protocol,btu
157,,2019/07/21,null,btu protocol,btu
158,,2019/07/22,null,btu protocol,btu
159,,2019/07/23,null,btu protocol,btu
160,,2019/07/24,null,btu protocol,btu
161,,2019/07/25,null,btu protocol,btu
162,,2019/07/26,null,btu protocol,btu
163,,2019/07/27,null,btu protocol,btu
164,,2019/07/28,null,btu protocol,btu
165,,2019/07/29,null,btu protocol,btu
166,,2019/07/30,null,btu protocol,btu
167,,2019/07/31,null,btu protocol,btu
168,,2019/08/01,null,btu protocol,btu
169,,2019/08/02,null,btu protocol,btu
170,,2019/08/03,null,btu protocol,btu
171,,2019/08/04,null,btu protocol,btu
172,,2019/08/05,null,btu protocol,btu
173,,2019/08/06,null,btu protocol,btu
174,,2019/08/07,null,btu protocol,btu
175,,2019/08/08,null,btu protocol,btu
176,,2019/08/09,null,btu protocol,btu
177,,2019/08/10,null,btu protocol,btu
178,,2019/08/11,null,btu protocol,btu
179,,2019/08/12,null,btu protocol,btu
180,,2019/08/13,null,btu protocol,btu
181,,2019/08/14,null,btu protocol,btu
182,,2019/08/15,null,btu protocol,btu
183,,2019/08/16,null,btu protocol,btu
184,,2019/08/17,null,btu protocol,btu
185,,2019/08/18,null,btu protocol,btu
186,,2019/08/19,null,btu protocol,btu
187,,2019/08/20,null,btu protocol,btu
188,,2019/08/21,null,btu protocol,btu
189,,2019/08/22,null,btu protocol,btu
190,,2019/08/23,null,btu protocol,btu
191,,2019/08/24,null,btu protocol,btu
192,,2019/08/25,null,btu protocol,btu
193,,2019/08/26,null,btu protocol,btu
194,,2019/08/27,null,btu protocol,btu
195,,2019/08/28,null,btu protocol,btu
196,,2019/08/29,null,btu protocol,btu
197,,2019/08/30,null,btu protocol,btu
198,,2019/08/31,null,btu protocol,btu
199,,2019/09/01,null,btu protocol,btu
200,,2019/09/02,null,btu protocol,btu
201,,2019/09/03,null,btu protocol,btu
202,,2019/09/04,null,btu protocol,btu
203,,2019/09/05,null,btu protocol,btu
204,,2019/09/06,null,btu protocol,btu
205,,2019/09/07,null,btu protocol,btu
206,,2019/09/08,null,btu protocol,btu
207,,2019/09/09,null,btu protocol,btu
208,,2019/09/10,null,btu protocol,btu
209,,2019/09/11,null,btu protocol,btu
210,,2019/09/12,null,btu protocol,btu
211,,2019/09/13,null,btu protocol,btu
212,,2019/09/14,null,btu protocol,btu
213,,2019/09/15,null,btu protocol,btu
214,,2019/09/16,null,btu protocol,btu
215,,2019/09/17,null,btu protocol,btu
216,,2019/09/18,null,btu protocol,btu
217,,2019/09/19,null,btu protocol,btu
218,,2019/09/20,null,btu protocol,btu
219,,2019/09/21,null,btu protocol,btu
220,,2019/09/22,null,btu protocol,btu
221,,2019/09/23,null,btu protocol,btu
222,,2019/09/24,null,btu protocol,btu
223,,2019/09/25,null,btu protocol,btu
224,,2019/09/26,null,btu protocol,btu
225,,2019/09/27,null,btu protocol,btu
226,,2019/09/28,null,btu protocol,btu
227,,2019/09/29,null,btu protocol,btu
228,,2019/09/30,null,btu protocol,btu
229,,2019/10/01,null,btu protocol,btu
230,,2019/10/02,null,btu protocol,btu
231,,2019/10/03,null,btu protocol,btu
232,,2019/10/04,null,btu protocol,btu
233,,2019/10/05,null,btu protocol,btu
234,,2019/10/06,1,btu protocol,btu
235,,2019/10/07,null,btu protocol,btu
236,,2019/10/08,null,btu protocol,btu
237,,2019/10/09,null,btu protocol,btu
238,,2019/10/10,null,btu protocol,btu
239,,2019/10/11,null,btu protocol,btu
240,,2019/10/12,null,btu protocol,btu
241,,2019/10/13,null,btu protocol,btu
242,,2019/10/14,null,btu protocol,btu
243,,2019/10/15,null,btu protocol,btu
244,,2019/10/16,null,btu protocol,btu
245,,2019/10/17,null,btu protocol,btu
246,,2019/10/18,null,btu protocol,btu
247,,2019/10/19,null,btu protocol,btu
248,,2019/10/20,null,btu protocol,btu
249,,2019/10/21,null,btu protocol,btu
250,,2019/10/22,null,btu protocol,btu
251,,2019/10/23,null,btu protocol,btu
252,,2019/10/24,null,btu protocol,btu
253,,2019/10/25,null,btu protocol,btu
254,,2019/10/26,null,btu protocol,btu
255,,2019/10/27,null,btu protocol,btu
256,,2019/10/28,null,btu protocol,btu
257,,2019/10/29,null,btu protocol,btu
258,,2019/10/30,null,btu protocol,btu
259,,2019/10/31,null,btu protocol,btu
260,,2019/11/01,null,btu protocol,btu
261,,2019/11/02,null,btu protocol,btu
262,,2019/11/03,null,btu protocol,btu
263,,2019/11/04,null,btu protocol,btu
264,,2019/11/05,null,btu protocol,btu
265,,2019/11/06,null,btu protocol,btu
266,,2019/11/07,null,btu protocol,btu
267,,2019/11/08,null,btu protocol,btu
268,,2019/11/09,null,btu protocol,btu
269,,2019/11/10,null,btu protocol,btu
270,,2019/11/11,null,btu protocol,btu
271,,2019/11/12,null,btu protocol,btu
272,,2019/11/13,null,btu protocol,btu
273,,2019/11/14,null,btu protocol,btu
274,,2019/11/15,null,btu protocol,btu
275,,2019/11/16,null,btu protocol,btu
276,,2019/11/17,1,btu protocol,btu
