,date,tweets,google_trends,full_name,coin
0,2018/12/07,91,,chainlink,link
1,2018/12/08,145,,chainlink,link
2,2018/12/09,65,,chainlink,link
3,2018/12/10,29,,chainlink,link
4,2018/12/11,91,,chainlink,link
5,2018/12/12,115,,chainlink,link
6,2018/12/13,117,,chainlink,link
7,2018/12/14,69,,chainlink,link
8,2018/12/15,54,,chainlink,link
9,2018/12/16,47,,chainlink,link
10,2018/12/17,44,,chainlink,link
11,2018/12/18,96,,chainlink,link
12,2018/12/19,82,,chainlink,link
13,2018/12/20,86,,chainlink,link
14,2018/12/21,44,,chainlink,link
15,2018/12/22,42,,chainlink,link
16,2018/12/23,42,,chainlink,link
17,2018/12/24,25,,chainlink,link
18,2018/12/25,42,,chainlink,link
19,2018/12/26,25,,chainlink,link
20,2018/12/27,30,,chainlink,link
21,2018/12/28,112,,chainlink,link
22,2018/12/29,78,,chainlink,link
23,2018/12/30,79,,chainlink,link
24,2018/12/31,45,,chainlink,link
25,2019/01/01,68,,chainlink,link
26,2019/01/02,136,,chainlink,link
27,2019/01/03,126,,chainlink,link
28,2019/01/04,259,,chainlink,link
29,2019/01/05,128,,chainlink,link
30,2019/01/06,64,,chainlink,link
31,2019/01/07,88,,chainlink,link
32,2019/01/08,82,,chainlink,link
33,2019/01/09,136,,chainlink,link
34,2019/01/10,109,,chainlink,link
35,2019/01/11,183,,chainlink,link
36,2019/01/12,188,,chainlink,link
37,2019/01/13,96,,chainlink,link
38,2019/01/14,301,,chainlink,link
39,2019/01/15,407,,chainlink,link
40,2019/01/16,342,,chainlink,link
41,2019/01/17,225,,chainlink,link
42,2019/01/18,87,,chainlink,link
43,2019/01/19,85,,chainlink,link
44,2019/01/20,86,,chainlink,link
45,2019/01/21,100,,chainlink,link
46,2019/01/22,196,,chainlink,link
47,2019/01/23,128,,chainlink,link
48,2019/01/24,134,,chainlink,link
49,2019/01/25,71,,chainlink,link
50,2019/01/26,68,,chainlink,link
51,2019/01/27,62,,chainlink,link
52,2019/01/28,74,,chainlink,link
53,2019/01/29,192,,chainlink,link
54,2019/01/30,112,,chainlink,link
55,2019/01/31,105,,chainlink,link
56,2019/02/01,48,,chainlink,link
57,2019/02/02,50,,chainlink,link
58,2019/02/03,61,,chainlink,link
59,2019/02/04,79,,chainlink,link
60,2019/02/05,122,,chainlink,link
61,2019/02/06,87,,chainlink,link
62,2019/02/07,76,,chainlink,link
63,2019/02/08,106,,chainlink,link
64,2019/02/09,89,,chainlink,link
65,2019/02/10,137,,chainlink,link
66,2019/02/11,100,,chainlink,link
67,2019/02/12,73,,chainlink,link
68,2019/02/13,141,,chainlink,link
69,2019/02/14,129,,chainlink,link
70,2019/02/15,94,,chainlink,link
71,2019/02/16,94,,chainlink,link
72,2019/02/17,181,,chainlink,link
73,2019/02/18,173,,chainlink,link
74,2019/02/19,116,,chainlink,link
75,2019/02/20,63,,chainlink,link
76,2019/02/21,185,,chainlink,link
77,2019/02/22,99,,chainlink,link
78,2019/02/23,53,,chainlink,link
79,2019/02/24,93,,chainlink,link
80,2019/02/25,124,,chainlink,link
81,2019/02/26,154,,chainlink,link
82,2019/02/27,134,,chainlink,link
83,2019/02/28,211,,chainlink,link
84,2019/03/01,157,,chainlink,link
85,2019/03/02,50,,chainlink,link
86,2019/03/03,150,,chainlink,link
87,2019/03/04,87,,chainlink,link
88,2019/03/05,92,,chainlink,link
89,2019/03/06,130,,chainlink,link
90,2019/03/07,212,,chainlink,link
91,2019/03/08,339,,chainlink,link
92,2019/03/09,178,,chainlink,link
93,2019/03/10,186,,chainlink,link
94,2019/03/11,207,,chainlink,link
95,2019/03/12,326,,chainlink,link
96,2019/03/13,140,,chainlink,link
97,2019/03/14,125,,chainlink,link
98,2019/03/15,137,,chainlink,link
99,2019/03/16,86,,chainlink,link
100,2019/03/17,104,,chainlink,link
101,2019/03/18,66,,chainlink,link
102,2019/03/19,91,,chainlink,link
103,2019/03/20,118,,chainlink,link
104,2019/03/21,101,,chainlink,link
105,2019/03/22,119,,chainlink,link
106,2019/03/23,146,,chainlink,link
107,2019/03/24,53,,chainlink,link
108,2019/03/25,154,,chainlink,link
109,2019/03/26,191,,chainlink,link
110,2019/03/27,187,,chainlink,link
111,2019/03/28,99,,chainlink,link
112,2019/03/29,156,,chainlink,link
113,2019/03/30,163,,chainlink,link
114,2019/03/31,180,,chainlink,link
115,2019/04/01,193,,chainlink,link
116,2019/04/02,178,,chainlink,link
117,2019/04/03,180,,chainlink,link
118,2019/04/04,120,,chainlink,link
119,2019/04/05,107,,chainlink,link
120,2019/04/06,116,,chainlink,link
121,2019/04/07,85,,chainlink,link
122,2019/04/08,138,,chainlink,link
123,2019/04/09,151,,chainlink,link
124,2019/04/10,92,,chainlink,link
125,2019/04/11,74,,chainlink,link
126,2019/04/12,86,,chainlink,link
127,2019/04/13,67,,chainlink,link
128,2019/04/14,129,,chainlink,link
129,2019/04/15,114,,chainlink,link
130,2019/04/16,106,,chainlink,link
131,2019/04/17,143,,chainlink,link
132,2019/04/18,130,,chainlink,link
133,2019/04/19,93,,chainlink,link
134,2019/04/20,71,,chainlink,link
135,2019/04/21,86,,chainlink,link
136,2019/04/22,111,,chainlink,link
137,2019/04/23,130,,chainlink,link
138,2019/04/24,143,,chainlink,link
139,2019/04/25,132,,chainlink,link
140,2019/04/26,123,,chainlink,link
141,2019/04/27,125,,chainlink,link
142,2019/04/28,93,,chainlink,link
143,2019/04/29,207,,chainlink,link
144,2019/04/30,241,,chainlink,link
145,2019/05/01,225,,chainlink,link
146,2019/05/02,91,,chainlink,link
147,2019/05/03,103,,chainlink,link
148,2019/05/04,123,,chainlink,link
149,2019/05/05,112,,chainlink,link
150,2019/05/06,211,,chainlink,link
151,2019/05/07,184,,chainlink,link
152,2019/05/08,131,,chainlink,link
153,2019/05/09,217,,chainlink,link
154,2019/05/10,162,,chainlink,link
155,2019/05/11,169,,chainlink,link
156,2019/05/12,113,,chainlink,link
157,2019/05/13,155,,chainlink,link
158,2019/05/14,788,,chainlink,link
159,2019/05/15,330,,chainlink,link
160,2019/05/16,270,,chainlink,link
161,2019/05/17,254,,chainlink,link
162,2019/05/18,229,,chainlink,link
163,2019/05/19,366,,chainlink,link
164,2019/05/20,370,,chainlink,link
165,2019/05/21,435,,chainlink,link
166,2019/05/22,769,,chainlink,link
167,2019/05/23,324,,chainlink,link
168,2019/05/24,338,,chainlink,link
169,2019/05/25,271,,chainlink,link
170,2019/05/26,258,,chainlink,link
171,2019/05/27,378,,chainlink,link
172,2019/05/28,356,,chainlink,link
173,2019/05/29,268,,chainlink,link
174,2019/05/30,476,,chainlink,link
175,2019/05/31,345,,chainlink,link
176,2019/06/01,152,,chainlink,link
177,2019/06/02,254,,chainlink,link
178,2019/06/03,155,,chainlink,link
179,2019/06/04,133,,chainlink,link
180,2019/06/05,335,,chainlink,link
181,2019/06/06,308,,chainlink,link
182,2019/06/07,227,,chainlink,link
183,2019/06/08,152,,chainlink,link
184,2019/06/09,179,,chainlink,link
185,2019/06/10,275,,chainlink,link
186,2019/06/11,251,,chainlink,link
187,2019/06/12,401,,chainlink,link
188,2019/06/13,2261,,chainlink,link
189,2019/06/14,1040,,chainlink,link
190,2019/06/15,477,,chainlink,link
191,2019/06/16,312,,chainlink,link
192,2019/06/17,755,,chainlink,link
193,2019/06/18,441,,chainlink,link
194,2019/06/19,371,,chainlink,link
195,2019/06/20,411,,chainlink,link
196,2019/06/21,330,,chainlink,link
197,2019/06/22,432,,chainlink,link
198,2019/06/23,500,,chainlink,link
199,2019/06/24,527,,chainlink,link
200,2019/06/25,1148,,chainlink,link
201,2019/06/26,840,,chainlink,link
202,2019/06/27,766,,chainlink,link
203,2019/06/28,768,,chainlink,link
204,2019/06/29,1365,,chainlink,link
205,2019/06/30,1060,,chainlink,link
206,2019/07/01,1430,,chainlink,link
207,2019/07/02,1272,,chainlink,link
208,2019/07/03,1079,,chainlink,link
209,2019/07/04,712,,chainlink,link
210,2019/07/05,888,,chainlink,link
211,2019/07/06,743,,chainlink,link
212,2019/07/07,511,,chainlink,link
213,2019/07/08,766,,chainlink,link
214,2019/07/09,787,,chainlink,link
215,2019/07/10,815,,chainlink,link
216,2019/07/11,423,,chainlink,link
217,2019/07/12,826,,chainlink,link
218,2019/07/13,524,,chainlink,link
219,2019/07/14,435,,chainlink,link
220,2019/07/15,443,,chainlink,link
221,2019/07/16,645,,chainlink,link
222,2019/07/17,652,,chainlink,link
223,2019/07/18,1385,,chainlink,link
224,2019/07/19,701,,chainlink,link
225,2019/07/20,500,,chainlink,link
226,2019/07/21,321,,chainlink,link
227,2019/07/22,338,,chainlink,link
228,2019/07/23,568,,chainlink,link
229,2019/07/24,565,,chainlink,link
230,2019/07/25,528,,chainlink,link
231,2019/07/26,507,,chainlink,link
232,2019/07/27,408,,chainlink,link
233,2019/07/28,260,,chainlink,link
234,2019/07/29,396,,chainlink,link
235,2019/07/30,468,,chainlink,link
236,2019/07/31,489,,chainlink,link
237,2019/08/01,325,,chainlink,link
238,2019/08/02,535,,chainlink,link
239,2019/08/03,632,,chainlink,link
240,2019/08/04,498,,chainlink,link
241,2019/08/05,383,,chainlink,link
242,2019/08/06,517,,chainlink,link
243,2019/08/07,596,,chainlink,link
244,2019/08/08,354,,chainlink,link
245,2019/08/09,330,,chainlink,link
246,2019/08/10,484,,chainlink,link
247,2019/08/11,386,,chainlink,link
248,2019/08/12,773,,chainlink,link
249,2019/08/13,1062,,chainlink,link
250,2019/08/14,518,,chainlink,link
251,2019/08/15,400,,chainlink,link
252,2019/08/16,453,,chainlink,link
253,2019/08/17,298,,chainlink,link
254,2019/08/18,587,,chainlink,link
255,2019/08/19,1129,,chainlink,link
256,2019/08/20,580,,chainlink,link
257,2019/08/21,453,,chainlink,link
258,2019/08/22,297,,chainlink,link
259,2019/08/23,294,,chainlink,link
260,2019/08/24,161,,chainlink,link
261,2019/08/25,263,,chainlink,link
262,2019/08/26,265,,chainlink,link
263,2019/08/27,787,,chainlink,link
264,2019/08/28,535,,chainlink,link
265,2019/08/29,344,,chainlink,link
266,2019/08/30,327,,chainlink,link
267,2019/08/31,246,,chainlink,link
268,2019/09/01,342,,chainlink,link
269,2019/09/02,362,,chainlink,link
270,2019/09/03,542,,chainlink,link
271,2019/09/04,549,,chainlink,link
272,2019/09/05,757,,chainlink,link
273,2019/09/06,574,,chainlink,link
274,2019/09/07,263,,chainlink,link
275,2019/09/08,256,,chainlink,link
276,2019/09/09,516,,chainlink,link
277,2019/09/10,718,,chainlink,link
278,2019/09/11,456,,chainlink,link
279,2019/09/12,260,,chainlink,link
280,2019/09/13,338,,chainlink,link
281,2019/09/14,273,,chainlink,link
282,2019/09/15,234,,chainlink,link
283,2019/09/16,421,,chainlink,link
284,2019/09/17,387,,chainlink,link
285,2019/09/18,710,,chainlink,link
286,2019/09/19,498,,chainlink,link
287,2019/09/20,392,,chainlink,link
288,2019/09/21,302,,chainlink,link
289,2019/09/22,261,,chainlink,link
290,2019/09/23,564,,chainlink,link
291,2019/09/24,1135,,chainlink,link
292,2019/09/25,505,,chainlink,link
293,2019/09/26,614,,chainlink,link
294,2019/09/27,433,,chainlink,link
295,2019/09/28,233,,chainlink,link
296,2019/09/29,210,,chainlink,link
297,2019/09/30,384,,chainlink,link
298,2019/10/01,383,,chainlink,link
299,2019/10/02,692,,chainlink,link
300,2019/10/03,459,,chainlink,link
301,2019/10/04,262,,chainlink,link
302,2019/10/05,228,,chainlink,link
303,2019/10/06,494,,chainlink,link
304,2019/10/07,990,,chainlink,link
305,2019/10/08,1011,,chainlink,link
306,2019/10/09,1234,,chainlink,link
307,2019/10/10,942,,chainlink,link
308,2019/10/11,799,,chainlink,link
309,2019/10/12,495,,chainlink,link
310,2019/10/13,474,,chainlink,link
311,2019/10/14,560,,chainlink,link
312,2019/10/15,295,,chainlink,link
313,2019/10/16,723,,chainlink,link
314,2019/10/17,846,,chainlink,link
315,2019/10/18,654,,chainlink,link
316,2019/10/19,328,,chainlink,link
317,2019/10/20,163,,chainlink,link
318,2019/10/21,579,,chainlink,link
319,2019/10/22,512,,chainlink,link
320,2019/10/23,398,,chainlink,link
321,2019/10/24,734,,chainlink,link
322,2019/10/25,767,,chainlink,link
323,2019/10/26,381,,chainlink,link
324,2019/10/27,304,,chainlink,link
325,2019/10/28,926,,chainlink,link
326,2019/10/29,535,,chainlink,link
327,2019/10/30,738,,chainlink,link
328,2019/10/31,510,,chainlink,link
329,2019/11/01,302,,chainlink,link
330,2019/11/02,328,,chainlink,link
331,2019/11/03,216,,chainlink,link
332,2019/11/04,294,,chainlink,link
333,2019/11/05,347,,chainlink,link
334,2019/11/06,394,,chainlink,link
335,2019/11/07,426,,chainlink,link
336,2019/11/08,484,,chainlink,link
337,2019/11/09,379,,chainlink,link
338,2019/11/10,254,,chainlink,link
339,2019/11/11,210,,chainlink,link
340,2019/11/12,509,,chainlink,link
341,2019/11/13,728,,chainlink,link
342,2019/11/14,673,,chainlink,link
343,2019/11/15,667,,chainlink,link
344,2019/11/16,405,,chainlink,link
345,2019/11/17,298,,chainlink,link
346,2019/11/18,721,,chainlink,link
347,2019/11/19,635,,chainlink,link
348,2019/11/20,560,,chainlink,link
349,2019/11/21,280,,chainlink,link
350,2019/11/22,332,,chainlink,link
351,2019/11/23,209,,chainlink,link
352,2019/11/24,187,,chainlink,link
353,2019/11/25,414,,chainlink,link
354,2019/11/26,490,,chainlink,link
355,2019/11/27,208,,chainlink,link
356,2019/11/28,263,,chainlink,link
357,2019/11/29,125,,chainlink,link
358,2019/11/30,189,,chainlink,link
359,2019/12/01,317,,chainlink,link
360,2019/12/02,297,,chainlink,link
361,2019/12/03,454,,chainlink,link
362,2019/12/04,242,,chainlink,link
363,2019/12/05,241,,chainlink,link
364,2019/12/06,258,,chainlink,link
365,2019/12/07,151,,chainlink,link
366,2019/12/08,114,,chainlink,link
367,2019/12/09,304,,chainlink,link
368,2019/12/10,370,,chainlink,link
369,2019/12/11,414,,chainlink,link
370,2019/12/12,577,,chainlink,link
371,2019/12/13,431,,chainlink,link
372,2019/12/14,213,,chainlink,link
373,2019/12/15,245,,chainlink,link
374,2019/12/16,279,,chainlink,link
375,2019/12/17,296,,chainlink,link
376,2019/12/18,518,,chainlink,link
377,2019/12/19,306,,chainlink,link
378,2019/12/20,273,,chainlink,link
379,2019/12/21,130,,chainlink,link
380,2019/12/22,195,,chainlink,link
381,2019/12/23,256,,chainlink,link
382,2019/12/24,161,,chainlink,link
383,2019/12/25,111,,chainlink,link
384,2019/12/26,148,,chainlink,link
385,2019/12/27,228,,chainlink,link
386,2019/12/28,146,,chainlink,link
387,2019/12/29,221,,chainlink,link
388,2019/12/30,211,,chainlink,link
389,2019/12/31,142,,chainlink,link
390,2020/01/01,150,,chainlink,link
391,2020/01/02,286,,chainlink,link
392,2020/01/03,217,,chainlink,link
393,2020/01/04,143,,chainlink,link
394,2020/01/05,144,,chainlink,link
395,2020/01/06,362,,chainlink,link
396,2020/01/07,399,,chainlink,link
397,2020/01/08,489,,chainlink,link
398,2020/01/09,330,,chainlink,link
399,2020/01/10,357,,chainlink,link
400,2020/01/11,334,,chainlink,link
401,2020/01/12,318,,chainlink,link
402,2020/01/13,446,,chainlink,link
403,2020/01/14,595,,chainlink,link
404,2020/01/15,465,,chainlink,link
405,2020/01/16,440,,chainlink,link
406,2020/01/17,607,,chainlink,link
407,2020/01/18,335,,chainlink,link
408,2020/01/19,212,,chainlink,link
409,2020/01/20,338,,chainlink,link
410,2020/01/21,464,,chainlink,link
411,2020/01/22,515,,chainlink,link
412,2020/01/23,453,,chainlink,link
413,2020/01/24,323,,chainlink,link
414,2020/01/25,189,,chainlink,link
415,2020/01/26,365,,chainlink,link
416,2020/01/27,435,,chainlink,link
417,2020/01/28,285,,chainlink,link
418,2020/01/29,372,,chainlink,link
419,2020/01/30,456,,chainlink,link
420,2020/01/31,385,,chainlink,link
421,2020/02/01,248,,chainlink,link
422,2020/02/02,377,,chainlink,link
423,2020/02/03,446,,chainlink,link
424,2020/02/04,364,,chainlink,link
425,2020/02/05,308,,chainlink,link
426,2020/02/06,395,,chainlink,link
427,2020/02/07,875,,chainlink,link
428,2020/02/08,527,,chainlink,link
429,2020/02/09,266,,chainlink,link
430,2020/02/10,573,,chainlink,link
431,2020/02/11,831,,chainlink,link
432,2020/02/12,621,,chainlink,link
433,2020/02/13,719,,chainlink,link
434,2020/02/14,967,,chainlink,link
435,2020/02/15,764,,chainlink,link
436,2020/02/16,847,,chainlink,link
437,2020/02/17,396,,chainlink,link
438,2020/02/18,507,,chainlink,link
439,2020/02/19,830,,chainlink,link
440,2020/02/20,801,,chainlink,link
441,2020/02/21,532,,chainlink,link
442,2020/02/22,453,,chainlink,link
443,2020/02/23,515,,chainlink,link
444,2020/02/24,686,,chainlink,link
445,2020/02/25,446,,chainlink,link
446,2020/02/26,714,,chainlink,link
447,2020/02/27,903,,chainlink,link
448,2020/02/28,760,,chainlink,link
449,2020/02/29,768,,chainlink,link
450,2020/03/01,388,,chainlink,link
451,2020/03/02,509,,chainlink,link
452,2020/03/03,916,,chainlink,link
453,2020/03/04,1573,,chainlink,link
454,2020/03/05,839,,chainlink,link
455,2020/03/06,569,,chainlink,link
456,2020/03/07,375,,chainlink,link
457,2020/03/08,383,,chainlink,link
458,2020/03/09,610,,chainlink,link
459,2020/03/10,542,,chainlink,link
460,2020/03/11,363,,chainlink,link
461,2020/03/12,552,,chainlink,link
462,2020/03/13,456,,chainlink,link
463,2020/03/14,223,,chainlink,link
464,2020/03/15,279,,chainlink,link
465,2020/03/16,309,,chainlink,link
466,2020/03/17,260,,chainlink,link
467,2020/03/18,179,,chainlink,link
468,2020/03/19,351,,chainlink,link
469,2020/03/20,197,,chainlink,link
470,2020/03/21,204,,chainlink,link
471,2020/03/22,226,,chainlink,link
472,2020/03/23,136,,chainlink,link
473,2020/03/24,213,,chainlink,link
474,2020/03/25,207,,chainlink,link
475,2020/03/26,228,,chainlink,link
476,2020/03/27,150,,chainlink,link
477,2020/03/28,183,,chainlink,link
478,2020/03/29,118,,chainlink,link
479,2020/03/30,209,,chainlink,link
480,2020/03/31,271,,chainlink,link
481,2020/04/01,245,,chainlink,link
482,2020/04/02,263,,chainlink,link
483,2020/04/03,203,,chainlink,link
484,2020/04/04,173,,chainlink,link
485,2020/04/05,194,,chainlink,link
486,2020/04/06,371,,chainlink,link
487,2020/04/07,399,,chainlink,link
488,2020/04/08,485,,chainlink,link
489,2020/04/09,1005,,chainlink,link
490,2020/04/10,568,,chainlink,link
491,2020/04/11,797,,chainlink,link
492,2020/04/12,746,,chainlink,link
493,2020/04/13,557,,chainlink,link
494,2020/04/14,421,,chainlink,link
495,2020/04/15,479,,chainlink,link
496,2020/04/16,566,,chainlink,link
497,2020/04/17,400,,chainlink,link
498,2020/04/18,650,,chainlink,link
499,2020/04/19,539,,chainlink,link
500,2020/04/20,569,,chainlink,link
501,2020/04/21,444,,chainlink,link
502,2020/04/22,513,,chainlink,link
503,2020/04/23,462,,chainlink,link
504,2020/04/24,557,,chainlink,link
505,2020/04/25,564,,chainlink,link
506,2020/04/26,465,,chainlink,link
507,2020/04/27,620,,chainlink,link
508,2020/04/28,492,,chainlink,link
509,2020/04/29,661,,chainlink,link
510,2020/04/30,918,,chainlink,link
511,2020/05/01,937,,chainlink,link
512,2020/05/02,710,,chainlink,link
513,2020/05/03,696,,chainlink,link
514,2020/05/04,564,,chainlink,link
515,2020/05/05,476,,chainlink,link
516,2020/05/06,723,,chainlink,link
517,2020/05/07,1050,,chainlink,link
518,2020/05/08,586,,chainlink,link
519,2020/05/09,867,,chainlink,link
520,2020/05/10,507,,chainlink,link
521,2020/05/11,569,,chainlink,link
522,2020/05/12,1011,,chainlink,link
523,2020/05/13,566,,chainlink,link
524,2020/05/14,661,,chainlink,link
525,2020/05/15,864,,chainlink,link
526,2020/05/16,606,,chainlink,link
527,2020/05/17,537,,chainlink,link
528,2020/05/18,1657,,chainlink,link
529,2020/05/19,943,,chainlink,link
530,2020/05/20,1182,,chainlink,link
531,2020/05/21,698,,chainlink,link
532,2020/05/22,728,,chainlink,link
533,2020/05/23,522,,chainlink,link
534,2020/05/24,572,,chainlink,link
535,2020/05/25,692,,chainlink,link
536,2020/05/26,498,,chainlink,link
537,2020/05/27,604,,chainlink,link
538,2020/05/28,837,,chainlink,link
539,2020/05/29,868,,chainlink,link
540,2020/05/30,926,,chainlink,link
541,2020/05/31,992,,chainlink,link
542,2020/06/01,902,,chainlink,link
543,2020/06/02,842,,chainlink,link
544,2020/06/03,1108,,chainlink,link
545,2020/06/04,658,,chainlink,link
546,2020/06/05,793,,chainlink,link
547,2020/06/06,650,,chainlink,link
548,2020/06/07,705,,chainlink,link
549,2020/06/08,908,,chainlink,link
550,2020/06/09,873,,chainlink,link
551,2020/06/10,591,,chainlink,link
552,2020/06/11,839,,chainlink,link
553,2020/06/12,678,,chainlink,link
554,2020/06/13,479,,chainlink,link
555,2020/06/14,575,,chainlink,link
556,2020/06/15,772,,chainlink,link
557,2020/06/16,1400,,chainlink,link
558,2020/06/17,731,,chainlink,link
559,2020/06/18,1046,,chainlink,link
560,2020/06/19,959,,chainlink,link
561,2020/06/20,669,,chainlink,link
562,2020/06/21,545,,chainlink,link
563,2020/06/22,895,,chainlink,link
564,2020/06/23,2250,,chainlink,link
565,2020/06/24,1145,,chainlink,link
566,2020/06/25,1000,,chainlink,link
567,2020/06/26,919,,chainlink,link
568,2020/06/27,874,,chainlink,link
569,2020/06/28,754,,chainlink,link
570,2020/06/29,824,,chainlink,link
571,2020/06/30,905,,chainlink,link
572,2020/07/01,1066,,chainlink,link
573,2020/07/02,989,,chainlink,link
574,2020/07/03,1126,,chainlink,link
575,2020/07/04,776,,chainlink,link
576,2020/07/05,603,,chainlink,link
577,2020/07/06,1670,,chainlink,link
578,2020/07/07,2284,,chainlink,link
579,2020/07/08,2784,,chainlink,link
580,2020/07/09,1450,,chainlink,link
581,2020/07/10,1635,,chainlink,link
582,2020/07/11,1280,,chainlink,link
583,2020/07/12,5149,,chainlink,link
584,2020/07/13,5827,,chainlink,link
585,2020/07/14,3328,,chainlink,link
586,2020/07/15,4346,,chainlink,link
587,2020/07/16,3936,,chainlink,link
588,2020/07/17,2907,,chainlink,link
589,2020/07/18,null,,chainlink,link
590,2020/07/19,1934,,chainlink,link
591,2020/07/20,2285,,chainlink,link
592,2020/07/21,1608,,chainlink,link
593,2020/07/22,2086,,chainlink,link
594,2020/07/23,2280,,chainlink,link
595,2020/07/24,2676,,chainlink,link
596,2020/07/25,2362,,chainlink,link
597,2020/07/26,1799,,chainlink,link
598,2020/07/27,1475,,chainlink,link
599,2020/07/28,1786,,chainlink,link
600,2020/07/29,1705,,chainlink,link
601,2020/07/30,2169,,chainlink,link
602,2020/07/31,2500,,chainlink,link
603,2020/08/01,1770,,chainlink,link
604,2020/08/02,2350,,chainlink,link
605,2020/08/03,2053,,chainlink,link
606,2020/08/04,3475,,chainlink,link
607,2020/08/05,1896,,chainlink,link
608,2020/08/06,3696,,chainlink,link
609,2020/08/07,4644,,chainlink,link
610,2020/08/08,6299,,chainlink,link
611,2020/08/09,8549,,chainlink,link
612,2020/08/10,6216,,chainlink,link
613,2020/08/11,5193,,chainlink,link
614,2020/08/12,8956,,chainlink,link
615,2020/08/13,7472,,chainlink,link
616,2020/08/14,3833,,chainlink,link
617,2020/08/15,5782,,chainlink,link
618,2020/08/16,6517,,chainlink,link
619,2020/08/17,6134,,chainlink,link
620,2020/08/18,5633,,chainlink,link
621,2020/08/19,4393,,chainlink,link
622,2020/08/20,3471,,chainlink,link
623,2020/08/21,3631,,chainlink,link
624,2020/08/22,3855,,chainlink,link
625,2020/08/23,2919,,chainlink,link
626,2020/08/24,3680,,chainlink,link
627,2020/08/25,5046,,chainlink,link
628,2020/08/26,5316,,chainlink,link
629,2020/08/27,4523,,chainlink,link
630,2020/08/28,5251,,chainlink,link
631,2020/08/29,7772,,chainlink,link
632,2020/08/30,5049,,chainlink,link
633,2020/08/31,1496,,chainlink,link
634,2020/09/01,2367,,chainlink,link
635,2020/09/02,2872,,chainlink,link
636,2020/09/03,2761,,chainlink,link
637,2020/09/04,3779,,chainlink,link
638,2020/09/05,1069,,chainlink,link
639,2020/09/06,1443,,chainlink,link
640,2020/09/07,1593,,chainlink,link
641,2020/09/08,1154,,chainlink,link
642,2020/09/09,2160,,chainlink,link
643,2020/09/10,1535,,chainlink,link
644,2020/09/11,1498,,chainlink,link
645,2020/09/12,646,,chainlink,link
646,2020/09/13,740,,chainlink,link
647,2020/09/14,1632,,chainlink,link
648,2020/09/15,1868,,chainlink,link
649,2020/09/16,1911,,chainlink,link
650,2020/09/17,1807,,chainlink,link
651,2020/09/18,1531,,chainlink,link
652,2020/09/19,1043,,chainlink,link
653,2020/09/20,880,,chainlink,link
654,2020/09/21,751,,chainlink,link
655,2020/09/22,1469,,chainlink,link
656,2020/09/23,4759,,chainlink,link
657,2020/09/24,1272,,chainlink,link
658,2020/09/25,1272,,chainlink,link
659,2020/09/26,807,,chainlink,link
660,2020/09/27,528,,chainlink,link
661,2020/09/28,969,,chainlink,link
662,2020/09/29,778,,chainlink,link
663,2020/09/30,1497,,chainlink,link
664,2020/10/01,1680,,chainlink,link
665,2020/10/02,1137,,chainlink,link
666,2020/10/03,895,,chainlink,link
667,2020/10/04,502,,chainlink,link
668,2020/10/05,1171,,chainlink,link
669,2020/10/06,951,,chainlink,link
670,2020/10/07,919,,chainlink,link
671,2020/10/08,1107,,chainlink,link
672,2020/10/09,943,,chainlink,link
673,2020/10/10,1030,,chainlink,link
674,2020/10/11,807,,chainlink,link
675,2020/10/12,1946,,chainlink,link
676,2020/10/13,1051,,chainlink,link
677,2020/10/14,922,,chainlink,link
678,2020/10/15,1013,,chainlink,link
679,2020/10/16,1168,,chainlink,link
680,2020/10/17,998,,chainlink,link
681,2020/10/18,729,,chainlink,link
682,2020/10/19,1320,,chainlink,link
683,2020/10/20,1263,,chainlink,link
684,2020/10/21,1627,,chainlink,link
685,2020/10/22,1188,,chainlink,link
686,2020/10/23,1008,,chainlink,link
687,2020/10/24,835,,chainlink,link
688,2020/10/25,662,,chainlink,link
689,2020/10/26,1360,,chainlink,link
690,2020/10/27,1671,,chainlink,link
691,2020/10/28,1347,,chainlink,link
692,2020/10/29,973,,chainlink,link
693,2020/10/30,1108,,chainlink,link
694,2020/10/31,693,,chainlink,link
695,2020/11/01,529,,chainlink,link
696,2020/11/02,1032,,chainlink,link
697,2020/11/03,1018,,chainlink,link
698,2020/11/04,857,,chainlink,link
699,2020/11/05,986,,chainlink,link
700,2020/11/06,1256,,chainlink,link
701,2020/11/07,1199,,chainlink,link
702,2020/11/08,689,,chainlink,link
703,2020/11/09,707,,chainlink,link
704,2020/11/10,1706,,chainlink,link
705,2020/11/11,1443,,chainlink,link
706,2020/11/12,1441,,chainlink,link
707,2020/11/13,1835,,chainlink,link
708,2020/11/14,1604,,chainlink,link
709,2020/11/15,757,,chainlink,link
710,2020/11/16,1063,,chainlink,link
711,2020/11/17,820,,chainlink,link
712,2020/11/18,1409,,chainlink,link
713,2020/11/19,1660,,chainlink,link
714,2020/11/20,1437,,chainlink,link
715,2020/11/21,890,,chainlink,link
716,2020/11/22,748,,chainlink,link
717,2020/11/23,944,,chainlink,link
718,2020/11/24,1588,,chainlink,link
719,2020/11/25,1242,,chainlink,link
720,2020/11/26,754,,chainlink,link
721,2020/11/27,990,,chainlink,link
722,2020/11/28,690,,chainlink,link
723,2020/11/29,551,,chainlink,link
724,2020/11/30,931,,chainlink,link
725,2020/12/01,891,,chainlink,link
726,2020/12/02,857,,chainlink,link
727,2020/12/03,1209,,chainlink,link
728,2020/12/04,958,,chainlink,link
729,2020/12/05,641,,chainlink,link
730,2020/12/06,708,,chainlink,link
731,2020/12/07,858,,chainlink,link
732,2020/12/08,1416,,chainlink,link
733,2020/12/09,880,,chainlink,link
734,2020/12/10,991,,chainlink,link
735,2020/12/11,1029,,chainlink,link
736,2020/12/12,594,,chainlink,link
737,2020/12/13,789,,chainlink,link
738,2020/12/14,998,,chainlink,link
739,2020/12/15,1034,,chainlink,link
740,2020/12/16,1022,,chainlink,link
741,2020/12/17,1107,,chainlink,link
742,2020/12/18,715,,chainlink,link
743,2020/12/19,690,,chainlink,link
744,2020/12/20,687,,chainlink,link
745,2020/12/21,644,,chainlink,link
746,2020/12/22,957,,chainlink,link
747,2020/12/23,1040,,chainlink,link
748,2020/12/24,1030,,chainlink,link
749,2020/12/25,1538,,chainlink,link
750,2020/12/26,935,,chainlink,link
751,2020/12/27,990,,chainlink,link
752,2020/12/28,1138,,chainlink,link
753,2020/12/29,947,,chainlink,link
754,2020/12/30,1139,,chainlink,link
755,2020/12/31,1659,,chainlink,link
756,2021/01/01,1245,,chainlink,link
757,2021/01/02,1171,,chainlink,link
758,2021/01/03,1339,,chainlink,link
759,2021/01/04,1873,,chainlink,link
760,2021/01/05,1866,,chainlink,link
761,2021/01/06,2842,,chainlink,link
762,2021/01/07,1869,,chainlink,link
763,2021/01/08,1820,,chainlink,link
764,2021/01/09,1747,,chainlink,link
765,2021/01/10,2065,,chainlink,link
766,2021/01/11,1453,,chainlink,link
767,2021/01/12,1444,,chainlink,link
768,2021/01/13,1452,,chainlink,link
769,2021/01/14,2457,,chainlink,link
770,2021/01/15,3466,,chainlink,link
771,2021/01/16,2437,,chainlink,link
772,2021/01/17,1962,,chainlink,link
773,2021/01/18,1908,,chainlink,link
774,2021/01/19,1635,,chainlink,link
775,2021/01/20,2044,,chainlink,link
776,2021/01/21,1888,,chainlink,link
777,2021/01/22,2566,,chainlink,link
778,2021/01/23,3535,,chainlink,link
779,2021/01/24,2003,,chainlink,link
780,2021/01/25,1924,,chainlink,link
781,2021/01/26,1591,,chainlink,link
782,2021/01/27,1363,,chainlink,link
783,2021/01/28,1936,,chainlink,link
784,2021/01/29,1824,,chainlink,link
785,2021/01/30,1439,,chainlink,link
786,2021/01/31,1480,,chainlink,link
787,2021/02/01,2110,,chainlink,link
788,2021/02/02,2092,,chainlink,link
789,2021/02/03,2414,,chainlink,link
790,2021/02/04,2289,,chainlink,link
791,2021/02/05,2617,,chainlink,link
792,2021/02/06,1983,,chainlink,link
793,2021/02/07,1262,,chainlink,link
794,2021/02/08,1225,,chainlink,link
795,2021/02/09,2524,,chainlink,link
796,2021/02/10,6088,,chainlink,link
797,2021/02/11,2790,,chainlink,link
798,2021/02/12,2819,,chainlink,link
799,2021/02/13,2455,,chainlink,link
800,2021/02/14,1862,,chainlink,link
801,2021/02/15,1988,,chainlink,link
802,2021/02/16,2028,,chainlink,link
803,2021/02/17,2042,,chainlink,link
804,2021/02/18,1643,,chainlink,link
805,2021/02/19,2359,,chainlink,link
806,2021/02/20,2323,,chainlink,link
807,2021/02/21,1111,,chainlink,link
808,2021/02/22,1648,,chainlink,link
809,2021/02/23,2012,,chainlink,link
810,2021/02/24,2222,,chainlink,link
811,2021/02/25,2501,,chainlink,link
812,2021/02/26,1512,,chainlink,link
813,2021/02/27,1181,,chainlink,link
814,2021/02/28,1318,,chainlink,link
815,2021/03/01,2561,,chainlink,link
816,2021/03/02,1975,,chainlink,link
817,2021/03/03,1696,,chainlink,link
818,2021/03/04,1539,,chainlink,link
819,2021/03/05,1567,,chainlink,link
820,2021/03/06,545,,chainlink,link
821,2021/03/07,911,,chainlink,link
822,2021/03/08,1761,,chainlink,link
823,2021/03/09,1705,,chainlink,link
824,2021/03/10,1779,,chainlink,link
825,2021/03/11,1850,,chainlink,link
826,2021/03/12,1750,,chainlink,link
827,2021/03/13,1402,,chainlink,link
828,2021/03/14,1282,,chainlink,link
829,2021/03/15,1529,,chainlink,link
830,2021/03/16,2140,,chainlink,link
831,2021/03/17,3160,,chainlink,link
832,2021/03/18,1779,,chainlink,link
833,2021/03/19,2137,,chainlink,link
834,2021/03/20,1472,,chainlink,link
835,2021/03/21,940,,chainlink,link
836,2021/03/22,1784,,chainlink,link
837,2021/03/23,1622,,chainlink,link
838,2021/03/24,2124,,chainlink,link
839,2021/03/25,1818,,chainlink,link
840,2021/03/26,1961,,chainlink,link
841,2021/03/27,1050,,chainlink,link
842,2021/03/28,1712,,chainlink,link
843,2021/03/29,1422,,chainlink,link
844,2021/03/30,1591,,chainlink,link
845,2021/03/31,1184,,chainlink,link
846,2021/04/01,1088,,chainlink,link
847,2021/04/02,1045,,chainlink,link
848,2021/04/03,1549,,chainlink,link
849,2021/04/04,1095,,chainlink,link
850,2021/04/05,495,,chainlink,link
851,2021/04/06,460,,chainlink,link
852,2021/04/07,1601,,chainlink,link
853,2021/04/08,1620,,chainlink,link
854,2021/04/09,1568,,chainlink,link
855,2021/04/10,1168,,chainlink,link
856,2021/04/11,1202,,chainlink,link
857,2021/04/12,2476,,chainlink,link
858,2021/04/13,3242,,chainlink,link
859,2021/04/14,3421,,chainlink,link
860,2021/04/15,5382,,chainlink,link
861,2021/04/16,2778,,chainlink,link
862,2021/04/17,1512,,chainlink,link
863,2021/04/18,1491,,chainlink,link
864,2021/04/19,1781,,chainlink,link
865,2021/04/20,1497,,chainlink,link
866,2021/04/21,2146,,chainlink,link
867,2021/04/22,1942,,chainlink,link
868,2021/04/23,1509,,chainlink,link
869,2021/04/24,1171,,chainlink,link
870,2021/04/25,733,,chainlink,link
871,2021/04/26,1672,,chainlink,link
872,2021/04/27,1962,,chainlink,link
873,2021/04/28,2252,,chainlink,link
874,2021/04/29,2618,,chainlink,link
875,2021/04/30,2273,,chainlink,link
876,2021/05/01,1535,,chainlink,link
877,2021/05/02,975,,chainlink,link
878,2021/05/03,1993,,chainlink,link
879,2021/05/04,3374,,chainlink,link
880,2021/05/05,3718,,chainlink,link
881,2021/05/06,2831,,chainlink,link
882,2021/05/07,2548,,chainlink,link
883,2021/05/08,1450,,chainlink,link
884,2021/05/09,1912,,chainlink,link
885,2021/05/10,2027,,chainlink,link
886,2021/05/11,2072,,chainlink,link
887,2021/05/12,2877,,chainlink,link
888,2021/05/13,1945,,chainlink,link
889,2021/05/14,2296,,chainlink,link
890,2021/05/15,1631,,chainlink,link
891,2021/05/16,1334,,chainlink,link
892,2021/05/17,2059,,chainlink,link
893,2021/05/18,2626,,chainlink,link
894,2021/05/19,2309,,chainlink,link
895,2021/05/20,2931,,chainlink,link
896,2021/05/21,2006,,chainlink,link
897,2021/05/22,1159,,chainlink,link
898,2021/05/23,1282,,chainlink,link
899,2021/05/24,2078,,chainlink,link
900,2021/05/25,1814,,chainlink,link
901,2021/05/26,2476,,chainlink,link
902,2021/05/27,2633,,chainlink,link
903,2021/05/28,2535,,chainlink,link
904,2021/05/29,1910,,chainlink,link
905,2021/05/30,1161,,chainlink,link
906,2021/05/31,1340,,chainlink,link
907,2021/06/01,2058,,chainlink,link
908,2021/06/02,1459,,chainlink,link
909,2021/06/03,2353,,chainlink,link
910,2021/06/04,1386,,chainlink,link
911,2021/06/05,713,,chainlink,link
912,2021/06/06,808,,chainlink,link
913,2021/06/07,1558,,chainlink,link
914,2021/06/08,1599,,chainlink,link
915,2021/06/09,1598,,chainlink,link
916,2021/06/10,1412,,chainlink,link
917,2021/06/11,781,,chainlink,link
918,2021/06/12,871,,chainlink,link
919,2021/06/13,954,,chainlink,link
920,2021/06/14,1116,,chainlink,link
921,2021/06/15,1384,,chainlink,link
922,2021/06/16,1525,,chainlink,link
923,2021/06/17,1362,,chainlink,link
924,2021/06/18,1357,,chainlink,link
925,2021/06/19,709,,chainlink,link
926,2021/06/20,1147,,chainlink,link
927,2021/06/21,1323,,chainlink,link
928,2021/06/22,2058,,chainlink,link
929,2021/06/23,2165,,chainlink,link
930,2021/06/24,1958,,chainlink,link
931,2021/06/25,1411,,chainlink,link
932,2021/06/26,1783,,chainlink,link
933,2021/06/27,1503,,chainlink,link
934,2021/06/28,1539,,chainlink,link
935,2021/06/29,2042,,chainlink,link
936,2021/06/30,1479,,chainlink,link
937,2021/07/01,1262,,chainlink,link
938,2021/07/02,1419,,chainlink,link
939,2021/07/03,708,,chainlink,link
940,2021/07/04,738,,chainlink,link
941,2021/07/05,793,,chainlink,link
942,2021/07/06,1410,,chainlink,link
943,2021/07/07,1854,,chainlink,link
944,2021/07/08,1512,,chainlink,link
945,2021/07/09,1399,,chainlink,link
946,2021/07/10,1392,,chainlink,link
947,2021/07/11,813,,chainlink,link
948,2021/07/12,1203,,chainlink,link
949,2021/07/13,1077,,chainlink,link
950,2021/07/14,1252,,chainlink,link
951,2021/07/15,1009,,chainlink,link
952,2021/07/16,1330,,chainlink,link
953,2021/07/17,846,,chainlink,link
954,2021/07/18,772,,chainlink,link
955,2021/07/19,1035,,chainlink,link
956,2021/07/20,1454,,chainlink,link
957,2021/07/21,1489,,chainlink,link
958,2021/07/22,1836,,chainlink,link
959,2021/07/23,1525,,chainlink,link
960,2021/07/24,1162,,chainlink,link
961,2021/07/25,1097,,chainlink,link
962,2021/07/26,1885,,chainlink,link
963,2021/07/27,1380,,chainlink,link
964,2021/07/28,2113,,chainlink,link
965,2021/07/29,1640,,chainlink,link
966,2021/07/30,1816,,chainlink,link
967,2021/07/31,1207,,chainlink,link
968,2021/08/01,1267,,chainlink,link
969,2021/08/02,1414,,chainlink,link
970,2021/08/03,1384,,chainlink,link
971,2021/08/04,2141,,chainlink,link
972,2021/08/05,2932,,chainlink,link
973,2021/08/06,3137,,chainlink,link
974,2021/08/07,1425,,chainlink,link
975,2021/08/08,1658,,chainlink,link
976,2021/08/09,1488,,chainlink,link
977,2021/08/10,2026,,chainlink,link
978,2021/08/11,2112,,chainlink,link
979,2021/08/12,2175,,chainlink,link
980,2021/08/13,1904,,chainlink,link
981,2021/08/14,1050,,chainlink,link
982,2021/08/15,786,,chainlink,link
983,2021/08/16,1903,,chainlink,link
984,2021/08/17,1725,,chainlink,link
985,2021/08/18,1411,,chainlink,link
986,2021/08/19,1435,,chainlink,link
987,2021/08/20,1877,,chainlink,link
988,2021/08/21,703,,chainlink,link
989,2021/08/22,583,,chainlink,link
990,2021/08/23,2031,,chainlink,link
991,2021/08/24,1236,,chainlink,link
992,2021/08/25,2308,,chainlink,link
993,2021/08/26,1533,,chainlink,link
994,2021/08/27,1407,,chainlink,link
995,2021/08/28,862,,chainlink,link
996,2021/08/29,813,,chainlink,link
997,2021/08/30,1214,,chainlink,link
998,2021/08/31,1570,,chainlink,link
999,2021/09/01,2373,,chainlink,link
1000,2021/09/02,1904,,chainlink,link
1001,2021/09/03,1390,,chainlink,link
1002,2021/09/04,811,,chainlink,link
1003,2021/09/05,746,,chainlink,link
1004,2021/09/06,1803,,chainlink,link
1005,2021/09/07,1758,,chainlink,link
1006,2021/09/08,1284,,chainlink,link
1007,2021/09/09,1407,,chainlink,link
1008,2021/09/10,1274,,chainlink,link
1009,2021/09/11,625,,chainlink,link
1010,2021/09/12,827,,chainlink,link
1011,2021/09/13,1400,,chainlink,link
1012,2021/09/14,2189,,chainlink,link
1013,2021/09/15,1986,,chainlink,link
1014,2021/09/16,1611,,chainlink,link
1015,2021/09/17,1644,,chainlink,link
1016,2021/09/18,1576,,chainlink,link
1017,2021/09/19,1050,,chainlink,link
1018,2021/09/20,1562,,chainlink,link
1019,2021/09/21,1246,,chainlink,link
1020,2021/09/22,1611,,chainlink,link
1021,2021/09/23,2004,,chainlink,link
1022,2021/09/24,2420,,chainlink,link
1023,2021/09/25,3903,,chainlink,link
1024,2021/09/26,2307,,chainlink,link
1025,2021/09/27,2040,,chainlink,link
1026,2021/09/28,1907,,chainlink,link
1027,2021/09/29,1699,,chainlink,link
1028,2021/09/30,1190,,chainlink,link
1029,2021/10/01,2379,,chainlink,link
1030,2021/10/02,961,,chainlink,link
1031,2021/10/03,652,,chainlink,link
1032,2021/10/04,1411,,chainlink,link
1033,2021/10/05,4344,,chainlink,link
1034,2021/10/06,4145,,chainlink,link
1035,2021/10/07,3355,,chainlink,link
1036,2021/10/08,1656,,chainlink,link
1037,2021/10/09,973,,chainlink,link
1038,2021/10/10,1238,,chainlink,link
1039,2021/10/11,1536,,chainlink,link
1040,2021/10/12,1333,,chainlink,link
1041,2021/10/13,1247,,chainlink,link
1042,2021/10/14,2091,,chainlink,link
1043,2021/10/15,1122,,chainlink,link
1044,2021/10/16,928,,chainlink,link
1045,2021/10/17,1016,,chainlink,link
1046,2021/10/18,1297,,chainlink,link
1047,2021/10/19,2844,,chainlink,link
1048,2021/10/20,1956,,chainlink,link
1049,2021/10/21,2969,,chainlink,link
1050,2021/10/22,2876,,chainlink,link
1051,2021/10/23,2398,,chainlink,link
1052,2021/10/24,6254,,chainlink,link
1053,2021/10/25,11881,,chainlink,link
1054,2021/10/26,3985,,chainlink,link
1055,2021/10/27,2263,,chainlink,link
1056,2021/10/28,2029,,chainlink,link
1057,2021/10/29,1954,,chainlink,link
1058,2021/10/30,1163,,chainlink,link
1059,2021/10/31,1552,,chainlink,link
1060,2021/11/01,1644,,chainlink,link
1061,2021/11/02,1693,,chainlink,link
1062,2021/11/03,1849,,chainlink,link
1063,2021/11/04,1975,,chainlink,link
1064,2021/11/05,3758,,chainlink,link
1065,2021/11/06,1474,,chainlink,link
1066,2021/11/07,876,,chainlink,link
1067,2021/11/08,1609,,chainlink,link
1068,2021/11/09,2212,,chainlink,link
1069,2021/11/10,2793,,chainlink,link
1070,2021/11/11,2597,,chainlink,link
1071,2021/11/12,1890,,chainlink,link
1072,2021/11/13,1276,,chainlink,link
1073,2021/11/14,1066,,chainlink,link
1074,2021/11/15,1427,,chainlink,link
1075,2021/11/16,685,,chainlink,link
