,google_trends,date,tweets,full_name,coin
0,,2019/09/07,75,chiliz,chz
1,,2019/09/08,27,chiliz,chz
2,,2019/09/09,36,chiliz,chz
3,,2019/09/10,41,chiliz,chz
4,,2019/09/11,28,chiliz,chz
5,,2019/09/12,26,chiliz,chz
6,,2019/09/13,48,chiliz,chz
7,,2019/09/14,17,chiliz,chz
8,,2019/09/15,27,chiliz,chz
9,,2019/09/16,116,chiliz,chz
10,,2019/09/17,32,chiliz,chz
11,,2019/09/18,23,chiliz,chz
12,,2019/09/19,17,chiliz,chz
13,,2019/09/20,18,chiliz,chz
14,,2019/09/21,7,chiliz,chz
15,,2019/09/22,9,chiliz,chz
16,,2019/09/23,11,chiliz,chz
17,,2019/09/24,34,chiliz,chz
18,,2019/09/25,20,chiliz,chz
19,,2019/09/26,22,chiliz,chz
20,,2019/09/27,63,chiliz,chz
21,,2019/09/28,10,chiliz,chz
22,,2019/09/29,4,chiliz,chz
23,,2019/09/30,7,chiliz,chz
24,,2019/10/01,34,chiliz,chz
25,,2019/10/02,27,chiliz,chz
26,,2019/10/03,22,chiliz,chz
27,,2019/10/04,10,chiliz,chz
28,,2019/10/05,null,chiliz,chz
29,,2019/10/06,null,chiliz,chz
30,,2019/10/07,null,chiliz,chz
31,,2019/10/08,null,chiliz,chz
32,,2019/10/09,null,chiliz,chz
33,,2019/10/10,null,chiliz,chz
34,,2019/10/11,null,chiliz,chz
35,,2019/10/12,null,chiliz,chz
36,,2019/10/13,null,chiliz,chz
37,,2019/10/14,null,chiliz,chz
38,,2019/10/15,null,chiliz,chz
39,,2019/10/16,null,chiliz,chz
40,,2019/10/17,null,chiliz,chz
41,,2019/10/18,null,chiliz,chz
42,,2019/10/19,null,chiliz,chz
43,,2019/10/20,null,chiliz,chz
44,,2019/10/21,104,chiliz,chz
45,,2019/10/22,55,chiliz,chz
46,,2019/10/23,74,chiliz,chz
47,,2019/10/24,34,chiliz,chz
48,,2019/10/25,159,chiliz,chz
49,,2019/10/26,21,chiliz,chz
50,,2019/10/27,15,chiliz,chz
51,,2019/10/28,57,chiliz,chz
52,,2019/10/29,96,chiliz,chz
53,,2019/10/30,40,chiliz,chz
54,,2019/10/31,30,chiliz,chz
55,,2019/11/01,52,chiliz,chz
56,,2019/11/02,40,chiliz,chz
57,,2019/11/03,67,chiliz,chz
58,,2019/11/04,177,chiliz,chz
59,,2019/11/05,80,chiliz,chz
60,,2019/11/06,196,chiliz,chz
61,,2019/11/07,111,chiliz,chz
62,,2019/11/08,81,chiliz,chz
63,,2019/11/09,51,chiliz,chz
64,,2019/11/10,50,chiliz,chz
65,,2019/11/11,136,chiliz,chz
66,,2019/11/12,77,chiliz,chz
67,,2019/11/13,99,chiliz,chz
68,,2019/11/14,92,chiliz,chz
69,,2019/11/15,114,chiliz,chz
70,,2019/11/16,33,chiliz,chz
71,,2019/11/17,27,chiliz,chz
72,,2019/11/18,41,chiliz,chz
73,,2019/11/19,38,chiliz,chz
74,,2019/11/20,21,chiliz,chz
75,,2019/11/21,63,chiliz,chz
76,,2019/11/22,54,chiliz,chz
77,,2019/11/23,76,chiliz,chz
78,,2019/11/24,52,chiliz,chz
79,,2019/11/25,50,chiliz,chz
80,,2019/11/26,87,chiliz,chz
81,,2019/11/27,152,chiliz,chz
82,,2019/11/28,184,chiliz,chz
83,,2019/11/29,63,chiliz,chz
84,,2019/11/30,92,chiliz,chz
85,,2019/12/01,43,chiliz,chz
86,,2019/12/02,70,chiliz,chz
87,,2019/12/03,154,chiliz,chz
88,,2019/12/04,68,chiliz,chz
89,,2019/12/05,62,chiliz,chz
90,,2019/12/06,28,chiliz,chz
91,,2019/12/07,9,chiliz,chz
92,,2019/12/08,16,chiliz,chz
93,,2019/12/09,23,chiliz,chz
94,,2019/12/10,44,chiliz,chz
95,,2019/12/11,49,chiliz,chz
96,,2019/12/12,31,chiliz,chz
97,,2019/12/13,14,chiliz,chz
98,,2019/12/14,9,chiliz,chz
99,,2019/12/15,9,chiliz,chz
100,,2019/12/16,44,chiliz,chz
101,,2019/12/17,53,chiliz,chz
102,,2019/12/18,51,chiliz,chz
103,,2019/12/19,47,chiliz,chz
104,,2019/12/20,85,chiliz,chz
105,,2019/12/21,21,chiliz,chz
106,,2019/12/22,12,chiliz,chz
107,,2019/12/23,20,chiliz,chz
108,,2019/12/24,20,chiliz,chz
109,,2019/12/25,37,chiliz,chz
110,,2019/12/26,11,chiliz,chz
111,,2019/12/27,9,chiliz,chz
112,,2019/12/28,11,chiliz,chz
113,,2019/12/29,7,chiliz,chz
114,,2019/12/30,6,chiliz,chz
115,,2019/12/31,11,chiliz,chz
116,,2020/01/01,9,chiliz,chz
117,,2020/01/02,3,chiliz,chz
118,,2020/01/03,7,chiliz,chz
119,,2020/01/04,14,chiliz,chz
120,,2020/01/05,3,chiliz,chz
121,,2020/01/06,35,chiliz,chz
122,,2020/01/07,27,chiliz,chz
123,,2020/01/08,28,chiliz,chz
124,,2020/01/09,18,chiliz,chz
125,,2020/01/10,40,chiliz,chz
126,,2020/01/11,15,chiliz,chz
127,,2020/01/12,14,chiliz,chz
128,,2020/01/13,68,chiliz,chz
129,,2020/01/14,55,chiliz,chz
130,,2020/01/15,23,chiliz,chz
131,,2020/01/16,27,chiliz,chz
132,,2020/01/17,30,chiliz,chz
133,,2020/01/18,12,chiliz,chz
134,,2020/01/19,13,chiliz,chz
135,,2020/01/20,34,chiliz,chz
136,,2020/01/21,30,chiliz,chz
137,,2020/01/22,17,chiliz,chz
138,,2020/01/23,69,chiliz,chz
139,,2020/01/24,47,chiliz,chz
140,,2020/01/25,7,chiliz,chz
141,,2020/01/26,22,chiliz,chz
142,,2020/01/27,37,chiliz,chz
143,,2020/01/28,55,chiliz,chz
144,,2020/01/29,25,chiliz,chz
145,,2020/01/30,30,chiliz,chz
146,,2020/01/31,15,chiliz,chz
147,,2020/02/01,7,chiliz,chz
148,,2020/02/02,28,chiliz,chz
149,,2020/02/03,105,chiliz,chz
150,,2020/02/04,84,chiliz,chz
151,,2020/02/05,47,chiliz,chz
152,,2020/02/06,25,chiliz,chz
153,,2020/02/07,97,chiliz,chz
154,,2020/02/08,32,chiliz,chz
155,,2020/02/09,54,chiliz,chz
156,,2020/02/10,9,chiliz,chz
157,,2020/02/11,23,chiliz,chz
158,,2020/02/12,64,chiliz,chz
159,,2020/02/13,280,chiliz,chz
160,,2020/02/14,65,chiliz,chz
161,,2020/02/15,42,chiliz,chz
162,,2020/02/16,36,chiliz,chz
163,,2020/02/17,51,chiliz,chz
164,,2020/02/18,99,chiliz,chz
165,,2020/02/19,92,chiliz,chz
166,,2020/02/20,5,chiliz,chz
167,,2020/02/21,33,chiliz,chz
168,,2020/02/22,21,chiliz,chz
169,,2020/02/23,19,chiliz,chz
170,,2020/02/24,47,chiliz,chz
171,,2020/02/25,33,chiliz,chz
172,,2020/02/26,6,chiliz,chz
173,,2020/02/27,7,chiliz,chz
174,,2020/02/28,18,chiliz,chz
175,,2020/02/29,24,chiliz,chz
176,,2020/03/01,10,chiliz,chz
177,,2020/03/02,42,chiliz,chz
178,,2020/03/03,28,chiliz,chz
179,,2020/03/04,68,chiliz,chz
180,,2020/03/05,100,chiliz,chz
181,,2020/03/06,53,chiliz,chz
182,,2020/03/07,11,chiliz,chz
183,,2020/03/08,19,chiliz,chz
184,,2020/03/09,18,chiliz,chz
185,,2020/03/10,13,chiliz,chz
186,,2020/03/11,25,chiliz,chz
187,,2020/03/12,20,chiliz,chz
188,,2020/03/13,18,chiliz,chz
189,,2020/03/14,4,chiliz,chz
190,,2020/03/15,null,chiliz,chz
191,,2020/03/16,14,chiliz,chz
192,,2020/03/17,21,chiliz,chz
193,,2020/03/18,5,chiliz,chz
194,,2020/03/19,12,chiliz,chz
195,,2020/03/20,6,chiliz,chz
196,,2020/03/21,5,chiliz,chz
197,,2020/03/22,9,chiliz,chz
198,,2020/03/23,7,chiliz,chz
199,,2020/03/24,1,chiliz,chz
200,,2020/03/25,3,chiliz,chz
201,,2020/03/26,10,chiliz,chz
202,,2020/03/27,40,chiliz,chz
203,,2020/03/28,12,chiliz,chz
204,,2020/03/29,26,chiliz,chz
205,,2020/03/30,23,chiliz,chz
206,,2020/03/31,1,chiliz,chz
207,,2020/04/01,24,chiliz,chz
208,,2020/04/02,13,chiliz,chz
209,,2020/04/03,57,chiliz,chz
210,,2020/04/04,7,chiliz,chz
211,,2020/04/05,null,chiliz,chz
212,,2020/04/06,3,chiliz,chz
213,,2020/04/07,6,chiliz,chz
214,,2020/04/08,22,chiliz,chz
215,,2020/04/09,23,chiliz,chz
216,,2020/04/10,7,chiliz,chz
217,,2020/04/11,1,chiliz,chz
218,,2020/04/12,22,chiliz,chz
219,,2020/04/13,26,chiliz,chz
220,,2020/04/14,49,chiliz,chz
221,,2020/04/15,35,chiliz,chz
222,,2020/04/16,21,chiliz,chz
223,,2020/04/17,41,chiliz,chz
224,,2020/04/18,3,chiliz,chz
225,,2020/04/19,3,chiliz,chz
226,,2020/04/20,2,chiliz,chz
227,,2020/04/21,5,chiliz,chz
228,,2020/04/22,3,chiliz,chz
229,,2020/04/23,11,chiliz,chz
230,,2020/04/24,8,chiliz,chz
231,,2020/04/25,2,chiliz,chz
232,,2020/04/26,2,chiliz,chz
233,,2020/04/27,24,chiliz,chz
234,,2020/04/28,28,chiliz,chz
235,,2020/04/29,25,chiliz,chz
236,,2020/04/30,10,chiliz,chz
237,,2020/05/01,11,chiliz,chz
238,,2020/05/02,7,chiliz,chz
239,,2020/05/03,6,chiliz,chz
240,,2020/05/04,12,chiliz,chz
241,,2020/05/05,35,chiliz,chz
242,,2020/05/06,136,chiliz,chz
243,,2020/05/07,93,chiliz,chz
244,,2020/05/08,112,chiliz,chz
245,,2020/05/09,39,chiliz,chz
246,,2020/05/10,5,chiliz,chz
247,,2020/05/11,44,chiliz,chz
248,,2020/05/12,43,chiliz,chz
249,,2020/05/13,94,chiliz,chz
250,,2020/05/14,24,chiliz,chz
251,,2020/05/15,28,chiliz,chz
252,,2020/05/16,43,chiliz,chz
253,,2020/05/17,14,chiliz,chz
254,,2020/05/18,56,chiliz,chz
255,,2020/05/19,38,chiliz,chz
256,,2020/05/20,29,chiliz,chz
257,,2020/05/21,20,chiliz,chz
258,,2020/05/22,12,chiliz,chz
259,,2020/05/23,20,chiliz,chz
260,,2020/05/24,13,chiliz,chz
261,,2020/05/25,50,chiliz,chz
262,,2020/05/26,19,chiliz,chz
263,,2020/05/27,18,chiliz,chz
264,,2020/05/28,8,chiliz,chz
265,,2020/05/29,35,chiliz,chz
266,,2020/05/30,53,chiliz,chz
267,,2020/05/31,20,chiliz,chz
268,,2020/06/01,29,chiliz,chz
269,,2020/06/02,31,chiliz,chz
270,,2020/06/03,62,chiliz,chz
271,,2020/06/04,50,chiliz,chz
272,,2020/06/05,99,chiliz,chz
273,,2020/06/06,20,chiliz,chz
274,,2020/06/07,24,chiliz,chz
275,,2020/06/08,27,chiliz,chz
276,,2020/06/09,23,chiliz,chz
277,,2020/06/10,37,chiliz,chz
278,,2020/06/11,39,chiliz,chz
279,,2020/06/12,25,chiliz,chz
280,,2020/06/13,5,chiliz,chz
281,,2020/06/14,12,chiliz,chz
282,,2020/06/15,21,chiliz,chz
283,,2020/06/16,83,chiliz,chz
284,,2020/06/17,63,chiliz,chz
285,,2020/06/18,265,chiliz,chz
286,,2020/06/19,153,chiliz,chz
287,,2020/06/20,70,chiliz,chz
288,,2020/06/21,119,chiliz,chz
289,,2020/06/22,89,chiliz,chz
290,,2020/06/23,65,chiliz,chz
291,,2020/06/24,92,chiliz,chz
292,,2020/06/25,26,chiliz,chz
293,,2020/06/26,28,chiliz,chz
294,,2020/06/27,10,chiliz,chz
295,,2020/06/28,9,chiliz,chz
296,,2020/06/29,23,chiliz,chz
297,,2020/06/30,16,chiliz,chz
298,,2020/07/01,35,chiliz,chz
299,,2020/07/02,9,chiliz,chz
300,,2020/07/03,18,chiliz,chz
301,,2020/07/04,15,chiliz,chz
302,,2020/07/05,7,chiliz,chz
303,,2020/07/06,7,chiliz,chz
304,,2020/07/07,66,chiliz,chz
305,,2020/07/08,13,chiliz,chz
306,,2020/07/09,19,chiliz,chz
307,,2020/07/10,27,chiliz,chz
308,,2020/07/11,11,chiliz,chz
309,,2020/07/12,46,chiliz,chz
310,,2020/07/13,37,chiliz,chz
311,,2020/07/14,26,chiliz,chz
312,,2020/07/15,12,chiliz,chz
313,,2020/07/16,15,chiliz,chz
314,,2020/07/17,16,chiliz,chz
315,,2020/07/18,null,chiliz,chz
316,,2020/07/19,39,chiliz,chz
317,,2020/07/20,22,chiliz,chz
318,,2020/07/21,39,chiliz,chz
319,,2020/07/22,38,chiliz,chz
320,,2020/07/23,24,chiliz,chz
321,,2020/07/24,9,chiliz,chz
322,,2020/07/25,17,chiliz,chz
323,,2020/07/26,12,chiliz,chz
324,,2020/07/27,66,chiliz,chz
325,,2020/07/28,17,chiliz,chz
326,,2020/07/29,9,chiliz,chz
327,,2020/07/30,31,chiliz,chz
328,,2020/07/31,33,chiliz,chz
329,,2020/08/01,30,chiliz,chz
330,,2020/08/02,7,chiliz,chz
331,,2020/08/03,29,chiliz,chz
332,,2020/08/04,21,chiliz,chz
333,,2020/08/05,18,chiliz,chz
334,,2020/08/06,11,chiliz,chz
335,,2020/08/07,101,chiliz,chz
336,,2020/08/08,20,chiliz,chz
337,,2020/08/09,5,chiliz,chz
338,,2020/08/10,15,chiliz,chz
339,,2020/08/11,17,chiliz,chz
340,,2020/08/12,29,chiliz,chz
341,,2020/08/13,91,chiliz,chz
342,,2020/08/14,68,chiliz,chz
343,,2020/08/15,8,chiliz,chz
344,,2020/08/16,14,chiliz,chz
345,,2020/08/17,22,chiliz,chz
346,,2020/08/18,107,chiliz,chz
347,,2020/08/19,69,chiliz,chz
348,,2020/08/20,17,chiliz,chz
349,,2020/08/21,26,chiliz,chz
350,,2020/08/22,5,chiliz,chz
351,,2020/08/23,22,chiliz,chz
352,,2020/08/24,19,chiliz,chz
353,,2020/08/25,29,chiliz,chz
354,,2020/08/26,40,chiliz,chz
355,,2020/08/27,52,chiliz,chz
356,,2020/08/28,24,chiliz,chz
357,,2020/08/29,15,chiliz,chz
358,,2020/08/30,11,chiliz,chz
359,,2020/08/31,8,chiliz,chz
360,,2020/09/01,18,chiliz,chz
361,,2020/09/02,11,chiliz,chz
362,,2020/09/03,11,chiliz,chz
363,,2020/09/04,30,chiliz,chz
364,,2020/09/05,39,chiliz,chz
365,,2020/09/06,39,chiliz,chz
366,,2020/09/07,36,chiliz,chz
367,,2020/09/08,32,chiliz,chz
368,,2020/09/09,32,chiliz,chz
369,,2020/09/10,40,chiliz,chz
370,,2020/09/11,13,chiliz,chz
371,,2020/09/12,37,chiliz,chz
372,,2020/09/13,70,chiliz,chz
373,,2020/09/14,61,chiliz,chz
374,,2020/09/15,34,chiliz,chz
375,,2020/09/16,41,chiliz,chz
376,,2020/09/17,24,chiliz,chz
377,,2020/09/18,44,chiliz,chz
378,,2020/09/19,23,chiliz,chz
379,,2020/09/20,51,chiliz,chz
380,,2020/09/21,17,chiliz,chz
381,,2020/09/22,71,chiliz,chz
382,,2020/09/23,41,chiliz,chz
383,,2020/09/24,5,chiliz,chz
384,,2020/09/25,2,chiliz,chz
385,,2020/09/26,55,chiliz,chz
386,,2020/09/27,39,chiliz,chz
387,,2020/09/28,11,chiliz,chz
388,,2020/09/29,34,chiliz,chz
389,,2020/09/30,40,chiliz,chz
390,,2020/10/01,9,chiliz,chz
391,,2020/10/02,31,chiliz,chz
392,,2020/10/03,41,chiliz,chz
393,,2020/10/04,36,chiliz,chz
394,,2020/10/05,26,chiliz,chz
395,,2020/10/06,28,chiliz,chz
396,,2020/10/07,35,chiliz,chz
397,,2020/10/08,51,chiliz,chz
398,,2020/10/09,29,chiliz,chz
399,,2020/10/10,45,chiliz,chz
400,,2020/10/11,35,chiliz,chz
401,,2020/10/12,33,chiliz,chz
402,,2020/10/13,26,chiliz,chz
403,,2020/10/14,37,chiliz,chz
404,,2020/10/15,30,chiliz,chz
405,,2020/10/16,54,chiliz,chz
406,,2020/10/17,8,chiliz,chz
407,,2020/10/18,5,chiliz,chz
408,,2020/10/19,26,chiliz,chz
409,,2020/10/20,17,chiliz,chz
410,,2020/10/21,58,chiliz,chz
411,,2020/10/22,31,chiliz,chz
412,,2020/10/23,31,chiliz,chz
413,,2020/10/24,32,chiliz,chz
414,,2020/10/25,28,chiliz,chz
415,,2020/10/26,15,chiliz,chz
416,,2020/10/27,16,chiliz,chz
417,,2020/10/28,18,chiliz,chz
418,,2020/10/29,26,chiliz,chz
419,,2020/10/30,26,chiliz,chz
420,,2020/10/31,20,chiliz,chz
421,,2020/11/01,23,chiliz,chz
422,,2020/11/02,32,chiliz,chz
423,,2020/11/03,25,chiliz,chz
424,,2020/11/04,25,chiliz,chz
425,,2020/11/05,37,chiliz,chz
426,,2020/11/06,52,chiliz,chz
427,,2020/11/07,47,chiliz,chz
428,,2020/11/08,35,chiliz,chz
429,,2020/11/09,44,chiliz,chz
430,,2020/11/10,16,chiliz,chz
431,,2020/11/11,20,chiliz,chz
432,,2020/11/12,27,chiliz,chz
433,,2020/11/13,20,chiliz,chz
434,,2020/11/14,17,chiliz,chz
435,,2020/11/15,12,chiliz,chz
436,,2020/11/16,19,chiliz,chz
437,,2020/11/17,18,chiliz,chz
438,,2020/11/18,7,chiliz,chz
439,,2020/11/19,13,chiliz,chz
440,,2020/11/20,5,chiliz,chz
441,,2020/11/21,8,chiliz,chz
442,,2020/11/22,12,chiliz,chz
443,,2020/11/23,13,chiliz,chz
444,,2020/11/24,31,chiliz,chz
445,,2020/11/25,35,chiliz,chz
446,,2020/11/26,13,chiliz,chz
447,,2020/11/27,15,chiliz,chz
448,,2020/11/28,15,chiliz,chz
449,,2020/11/29,29,chiliz,chz
450,,2020/11/30,18,chiliz,chz
451,,2020/12/01,20,chiliz,chz
452,,2020/12/02,32,chiliz,chz
453,,2020/12/03,53,chiliz,chz
454,,2020/12/04,33,chiliz,chz
455,,2020/12/05,30,chiliz,chz
456,,2020/12/06,43,chiliz,chz
457,,2020/12/07,20,chiliz,chz
458,,2020/12/08,23,chiliz,chz
459,,2020/12/09,29,chiliz,chz
460,,2020/12/10,25,chiliz,chz
461,,2020/12/11,51,chiliz,chz
462,,2020/12/12,27,chiliz,chz
463,,2020/12/13,25,chiliz,chz
464,,2020/12/14,84,chiliz,chz
465,,2020/12/15,48,chiliz,chz
466,,2020/12/16,33,chiliz,chz
467,,2020/12/17,51,chiliz,chz
468,,2020/12/18,26,chiliz,chz
469,,2020/12/19,45,chiliz,chz
470,,2020/12/20,35,chiliz,chz
471,,2020/12/21,132,chiliz,chz
472,,2020/12/22,56,chiliz,chz
473,,2020/12/23,84,chiliz,chz
474,,2020/12/24,59,chiliz,chz
475,,2020/12/25,1173,chiliz,chz
476,,2020/12/26,594,chiliz,chz
477,,2020/12/27,391,chiliz,chz
478,,2020/12/28,94,chiliz,chz
479,,2020/12/29,86,chiliz,chz
480,,2020/12/30,64,chiliz,chz
481,,2020/12/31,78,chiliz,chz
482,,2021/01/01,49,chiliz,chz
483,,2021/01/02,250,chiliz,chz
484,,2021/01/03,220,chiliz,chz
485,,2021/01/04,46,chiliz,chz
486,,2021/01/05,73,chiliz,chz
487,,2021/01/06,48,chiliz,chz
488,,2021/01/07,44,chiliz,chz
489,,2021/01/08,46,chiliz,chz
490,,2021/01/09,29,chiliz,chz
491,,2021/01/10,66,chiliz,chz
492,,2021/01/11,55,chiliz,chz
493,,2021/01/12,39,chiliz,chz
494,,2021/01/13,79,chiliz,chz
495,,2021/01/14,83,chiliz,chz
496,,2021/01/15,56,chiliz,chz
497,,2021/01/16,51,chiliz,chz
498,,2021/01/17,64,chiliz,chz
499,,2021/01/18,103,chiliz,chz
500,,2021/01/19,60,chiliz,chz
501,,2021/01/20,48,chiliz,chz
502,,2021/01/21,28,chiliz,chz
503,,2021/01/22,57,chiliz,chz
504,,2021/01/23,35,chiliz,chz
505,,2021/01/24,23,chiliz,chz
506,,2021/01/25,39,chiliz,chz
507,,2021/01/26,42,chiliz,chz
508,,2021/01/27,44,chiliz,chz
509,,2021/01/28,39,chiliz,chz
510,,2021/01/29,46,chiliz,chz
511,,2021/01/30,28,chiliz,chz
512,,2021/01/31,42,chiliz,chz
513,,2021/02/01,129,chiliz,chz
514,,2021/02/02,65,chiliz,chz
515,,2021/02/03,82,chiliz,chz
516,,2021/02/04,85,chiliz,chz
517,,2021/02/05,64,chiliz,chz
518,,2021/02/06,31,chiliz,chz
519,,2021/02/07,13,chiliz,chz
520,,2021/02/08,36,chiliz,chz
521,,2021/02/09,30,chiliz,chz
522,,2021/02/10,97,chiliz,chz
523,,2021/02/11,58,chiliz,chz
524,,2021/02/12,47,chiliz,chz
525,,2021/02/13,48,chiliz,chz
526,,2021/02/14,45,chiliz,chz
527,,2021/02/15,35,chiliz,chz
528,,2021/02/16,33,chiliz,chz
529,,2021/02/17,29,chiliz,chz
530,,2021/02/18,48,chiliz,chz
531,,2021/02/19,147,chiliz,chz
532,,2021/02/20,68,chiliz,chz
533,,2021/02/21,26,chiliz,chz
534,,2021/02/22,50,chiliz,chz
535,,2021/02/23,70,chiliz,chz
536,,2021/02/24,165,chiliz,chz
537,,2021/02/25,82,chiliz,chz
538,,2021/02/26,38,chiliz,chz
539,,2021/02/27,39,chiliz,chz
540,,2021/02/28,43,chiliz,chz
541,,2021/03/01,78,chiliz,chz
542,,2021/03/02,220,chiliz,chz
543,,2021/03/03,304,chiliz,chz
544,,2021/03/04,521,chiliz,chz
545,,2021/03/05,290,chiliz,chz
546,,2021/03/06,128,chiliz,chz
547,,2021/03/07,399,chiliz,chz
548,,2021/03/08,840,chiliz,chz
549,,2021/03/09,1463,chiliz,chz
550,,2021/03/10,573,chiliz,chz
551,,2021/03/11,761,chiliz,chz
552,,2021/03/12,6878,chiliz,chz
553,,2021/03/13,3016,chiliz,chz
554,,2021/03/14,1712,chiliz,chz
555,,2021/03/15,1373,chiliz,chz
556,,2021/03/16,1267,chiliz,chz
557,,2021/03/17,1352,chiliz,chz
558,,2021/03/18,1079,chiliz,chz
559,,2021/03/19,1577,chiliz,chz
560,,2021/03/20,925,chiliz,chz
561,,2021/03/21,697,chiliz,chz
562,,2021/03/22,514,chiliz,chz
563,,2021/03/23,474,chiliz,chz
564,,2021/03/24,646,chiliz,chz
565,,2021/03/25,579,chiliz,chz
566,,2021/03/26,549,chiliz,chz
567,,2021/03/27,758,chiliz,chz
568,,2021/03/28,691,chiliz,chz
569,,2021/03/29,422,chiliz,chz
570,,2021/03/30,422,chiliz,chz
571,,2021/03/31,397,chiliz,chz
572,,2021/04/01,306,chiliz,chz
573,,2021/04/02,171,chiliz,chz
574,,2021/04/03,742,chiliz,chz
575,,2021/04/04,860,chiliz,chz
576,,2021/04/05,198,chiliz,chz
577,,2021/04/06,157,chiliz,chz
578,,2021/04/07,684,chiliz,chz
579,,2021/04/08,759,chiliz,chz
580,,2021/04/09,475,chiliz,chz
581,,2021/04/10,468,chiliz,chz
582,,2021/04/11,416,chiliz,chz
583,,2021/04/12,918,chiliz,chz
584,,2021/04/13,521,chiliz,chz
585,,2021/04/14,6591,chiliz,chz
586,,2021/04/15,2451,chiliz,chz
587,,2021/04/16,5123,chiliz,chz
588,,2021/04/17,995,chiliz,chz
589,,2021/04/18,667,chiliz,chz
590,,2021/04/19,477,chiliz,chz
591,,2021/04/20,607,chiliz,chz
592,,2021/04/21,582,chiliz,chz
593,,2021/04/22,444,chiliz,chz
594,,2021/04/23,299,chiliz,chz
595,,2021/04/24,337,chiliz,chz
596,,2021/04/25,268,chiliz,chz
597,,2021/04/26,345,chiliz,chz
598,,2021/04/27,426,chiliz,chz
599,,2021/04/28,356,chiliz,chz
600,,2021/04/29,618,chiliz,chz
601,,2021/04/30,498,chiliz,chz
602,,2021/05/01,342,chiliz,chz
603,,2021/05/02,209,chiliz,chz
604,,2021/05/03,278,chiliz,chz
605,,2021/05/04,655,chiliz,chz
606,,2021/05/05,750,chiliz,chz
607,,2021/05/06,921,chiliz,chz
608,,2021/05/07,250,chiliz,chz
609,,2021/05/08,143,chiliz,chz
610,,2021/05/09,190,chiliz,chz
611,,2021/05/10,232,chiliz,chz
612,,2021/05/11,143,chiliz,chz
613,,2021/05/12,228,chiliz,chz
614,,2021/05/13,444,chiliz,chz
615,,2021/05/14,276,chiliz,chz
616,,2021/05/15,430,chiliz,chz
617,,2021/05/16,221,chiliz,chz
618,,2021/05/17,141,chiliz,chz
619,,2021/05/18,208,chiliz,chz
620,,2021/05/19,208,chiliz,chz
621,,2021/05/20,228,chiliz,chz
622,,2021/05/21,136,chiliz,chz
623,,2021/05/22,218,chiliz,chz
624,,2021/05/23,254,chiliz,chz
625,,2021/05/24,174,chiliz,chz
626,,2021/05/25,232,chiliz,chz
627,,2021/05/26,156,chiliz,chz
628,,2021/05/27,213,chiliz,chz
629,,2021/05/28,141,chiliz,chz
630,,2021/05/29,119,chiliz,chz
631,,2021/05/30,108,chiliz,chz
632,,2021/05/31,118,chiliz,chz
633,,2021/06/01,113,chiliz,chz
634,,2021/06/02,143,chiliz,chz
635,,2021/06/03,131,chiliz,chz
636,,2021/06/04,72,chiliz,chz
637,,2021/06/05,52,chiliz,chz
638,,2021/06/06,195,chiliz,chz
639,,2021/06/07,66,chiliz,chz
640,,2021/06/08,49,chiliz,chz
641,,2021/06/09,78,chiliz,chz
642,,2021/06/10,210,chiliz,chz
643,,2021/06/11,571,chiliz,chz
644,,2021/06/12,134,chiliz,chz
645,,2021/06/13,92,chiliz,chz
646,,2021/06/14,85,chiliz,chz
647,,2021/06/15,258,chiliz,chz
648,,2021/06/16,454,chiliz,chz
649,,2021/06/17,319,chiliz,chz
650,,2021/06/18,216,chiliz,chz
651,,2021/06/19,123,chiliz,chz
652,,2021/06/20,77,chiliz,chz
653,,2021/06/21,82,chiliz,chz
654,,2021/06/22,131,chiliz,chz
655,,2021/06/23,216,chiliz,chz
656,,2021/06/24,188,chiliz,chz
657,,2021/06/25,164,chiliz,chz
658,,2021/06/26,100,chiliz,chz
659,,2021/06/27,128,chiliz,chz
660,,2021/06/28,102,chiliz,chz
661,,2021/06/29,183,chiliz,chz
662,,2021/06/30,295,chiliz,chz
663,,2021/07/01,83,chiliz,chz
664,,2021/07/02,99,chiliz,chz
665,,2021/07/03,53,chiliz,chz
666,,2021/07/04,32,chiliz,chz
667,,2021/07/05,51,chiliz,chz
668,,2021/07/06,91,chiliz,chz
669,,2021/07/07,160,chiliz,chz
670,,2021/07/08,237,chiliz,chz
671,,2021/07/09,121,chiliz,chz
672,,2021/07/10,60,chiliz,chz
673,,2021/07/11,69,chiliz,chz
674,,2021/07/12,137,chiliz,chz
675,,2021/07/13,93,chiliz,chz
676,,2021/07/14,128,chiliz,chz
677,,2021/07/15,212,chiliz,chz
678,,2021/07/16,112,chiliz,chz
679,,2021/07/17,66,chiliz,chz
680,,2021/07/18,117,chiliz,chz
681,,2021/07/19,275,chiliz,chz
682,,2021/07/20,134,chiliz,chz
683,,2021/07/21,174,chiliz,chz
684,,2021/07/22,89,chiliz,chz
685,,2021/07/23,103,chiliz,chz
686,,2021/07/24,137,chiliz,chz
687,,2021/07/25,286,chiliz,chz
688,,2021/07/26,189,chiliz,chz
689,,2021/07/27,139,chiliz,chz
690,,2021/07/28,118,chiliz,chz
691,,2021/07/29,63,chiliz,chz
692,,2021/07/30,118,chiliz,chz
693,,2021/07/31,135,chiliz,chz
694,,2021/08/01,155,chiliz,chz
695,,2021/08/02,129,chiliz,chz
696,,2021/08/03,159,chiliz,chz
697,,2021/08/04,157,chiliz,chz
698,,2021/08/05,113,chiliz,chz
699,,2021/08/06,134,chiliz,chz
700,,2021/08/07,153,chiliz,chz
701,,2021/08/08,110,chiliz,chz
702,,2021/08/09,349,chiliz,chz
703,,2021/08/10,254,chiliz,chz
704,,2021/08/11,227,chiliz,chz
705,,2021/08/12,341,chiliz,chz
706,,2021/08/13,211,chiliz,chz
707,,2021/08/14,95,chiliz,chz
708,,2021/08/15,143,chiliz,chz
709,,2021/08/16,153,chiliz,chz
710,,2021/08/17,104,chiliz,chz
711,,2021/08/18,109,chiliz,chz
712,,2021/08/19,91,chiliz,chz
713,,2021/08/20,91,chiliz,chz
714,,2021/08/21,259,chiliz,chz
715,,2021/08/22,158,chiliz,chz
716,,2021/08/23,209,chiliz,chz
717,,2021/08/24,109,chiliz,chz
718,,2021/08/25,157,chiliz,chz
719,,2021/08/26,93,chiliz,chz
720,,2021/08/27,158,chiliz,chz
721,,2021/08/28,158,chiliz,chz
722,,2021/08/29,271,chiliz,chz
723,,2021/08/30,208,chiliz,chz
724,,2021/08/31,135,chiliz,chz
725,,2021/09/01,264,chiliz,chz
726,,2021/09/02,190,chiliz,chz
727,,2021/09/03,151,chiliz,chz
728,,2021/09/04,194,chiliz,chz
729,,2021/09/05,120,chiliz,chz
730,,2021/09/06,216,chiliz,chz
731,,2021/09/07,193,chiliz,chz
732,,2021/09/08,109,chiliz,chz
733,,2021/09/09,115,chiliz,chz
734,,2021/09/10,95,chiliz,chz
735,,2021/09/11,63,chiliz,chz
736,,2021/09/12,175,chiliz,chz
737,,2021/09/13,180,chiliz,chz
738,,2021/09/14,258,chiliz,chz
739,,2021/09/15,176,chiliz,chz
740,,2021/09/16,133,chiliz,chz
741,,2021/09/17,115,chiliz,chz
742,,2021/09/18,89,chiliz,chz
743,,2021/09/19,99,chiliz,chz
744,,2021/09/20,156,chiliz,chz
745,,2021/09/21,269,chiliz,chz
746,,2021/09/22,138,chiliz,chz
747,,2021/09/23,165,chiliz,chz
748,,2021/09/24,128,chiliz,chz
749,,2021/09/25,167,chiliz,chz
750,,2021/09/26,539,chiliz,chz
751,,2021/09/27,213,chiliz,chz
752,,2021/09/28,99,chiliz,chz
753,,2021/09/29,97,chiliz,chz
754,,2021/09/30,129,chiliz,chz
755,,2021/10/01,83,chiliz,chz
756,,2021/10/02,95,chiliz,chz
757,,2021/10/03,143,chiliz,chz
758,,2021/10/04,168,chiliz,chz
759,,2021/10/05,181,chiliz,chz
760,,2021/10/06,177,chiliz,chz
761,,2021/10/07,361,chiliz,chz
762,,2021/10/08,314,chiliz,chz
763,,2021/10/09,93,chiliz,chz
764,,2021/10/10,50,chiliz,chz
765,,2021/10/11,112,chiliz,chz
766,,2021/10/12,162,chiliz,chz
767,,2021/10/13,187,chiliz,chz
768,,2021/10/14,93,chiliz,chz
769,,2021/10/15,182,chiliz,chz
770,,2021/10/16,121,chiliz,chz
771,,2021/10/17,83,chiliz,chz
772,,2021/10/18,105,chiliz,chz
773,,2021/10/19,79,chiliz,chz
774,,2021/10/20,124,chiliz,chz
775,,2021/10/21,132,chiliz,chz
776,,2021/10/22,258,chiliz,chz
777,,2021/10/23,173,chiliz,chz
778,,2021/10/24,85,chiliz,chz
779,,2021/10/25,160,chiliz,chz
780,,2021/10/26,298,chiliz,chz
781,,2021/10/27,430,chiliz,chz
782,,2021/10/28,164,chiliz,chz
783,,2021/10/29,398,chiliz,chz
784,,2021/10/30,753,chiliz,chz
785,,2021/10/31,3699,chiliz,chz
786,,2021/11/01,1700,chiliz,chz
787,,2021/11/02,695,chiliz,chz
788,,2021/11/03,366,chiliz,chz
789,,2021/11/04,286,chiliz,chz
790,,2021/11/05,358,chiliz,chz
791,,2021/11/06,896,chiliz,chz
792,,2021/11/07,883,chiliz,chz
793,,2021/11/08,262,chiliz,chz
794,,2021/11/09,287,chiliz,chz
795,,2021/11/10,589,chiliz,chz
796,,2021/11/11,402,chiliz,chz
797,,2021/11/12,800,chiliz,chz
798,,2021/11/13,3333,chiliz,chz
799,,2021/11/14,359,chiliz,chz
800,,2021/11/15,297,chiliz,chz
801,,2021/11/16,119,chiliz,chz
