,google_trends,date,tweets,full_name,coin
0,,2018/01/08,18,cindicator,cnd
1,,2018/01/09,29,cindicator,cnd
2,,2018/01/10,46,cindicator,cnd
3,,2018/01/11,230,cindicator,cnd
4,,2018/01/12,76,cindicator,cnd
5,,2018/01/13,42,cindicator,cnd
6,,2018/01/14,34,cindicator,cnd
7,,2018/01/15,23,cindicator,cnd
8,,2018/01/16,44,cindicator,cnd
9,,2018/01/17,30,cindicator,cnd
10,,2018/01/18,66,cindicator,cnd
11,,2018/01/19,120,cindicator,cnd
12,,2018/01/20,80,cindicator,cnd
13,,2018/01/21,53,cindicator,cnd
14,,2018/01/22,294,cindicator,cnd
15,,2018/01/23,166,cindicator,cnd
16,,2018/01/24,65,cindicator,cnd
17,,2018/01/25,73,cindicator,cnd
18,,2018/01/26,32,cindicator,cnd
19,,2018/01/27,38,cindicator,cnd
20,,2018/01/28,28,cindicator,cnd
21,,2018/01/29,26,cindicator,cnd
22,,2018/01/30,37,cindicator,cnd
23,,2018/01/31,97,cindicator,cnd
24,,2018/02/01,44,cindicator,cnd
25,,2018/02/02,94,cindicator,cnd
26,,2018/02/03,52,cindicator,cnd
27,,2018/02/04,34,cindicator,cnd
28,,2018/02/05,18,cindicator,cnd
29,,2018/02/06,26,cindicator,cnd
30,,2018/02/07,26,cindicator,cnd
31,,2018/02/08,20,cindicator,cnd
32,,2018/02/09,13,cindicator,cnd
33,,2018/02/10,12,cindicator,cnd
34,,2018/02/11,9,cindicator,cnd
35,,2018/02/12,17,cindicator,cnd
36,,2018/02/13,21,cindicator,cnd
37,,2018/02/14,18,cindicator,cnd
38,,2018/02/15,31,cindicator,cnd
39,,2018/02/16,11,cindicator,cnd
40,,2018/02/17,10,cindicator,cnd
41,,2018/02/18,8,cindicator,cnd
42,,2018/02/19,7,cindicator,cnd
43,,2018/02/20,16,cindicator,cnd
44,,2018/02/21,24,cindicator,cnd
45,,2018/02/22,21,cindicator,cnd
46,,2018/02/23,17,cindicator,cnd
47,,2018/02/24,8,cindicator,cnd
48,,2018/02/25,10,cindicator,cnd
49,,2018/02/26,16,cindicator,cnd
50,,2018/02/27,10,cindicator,cnd
51,,2018/02/28,9,cindicator,cnd
52,,2018/03/01,14,cindicator,cnd
53,,2018/03/02,39,cindicator,cnd
54,,2018/03/03,null,cindicator,cnd
55,,2018/03/04,null,cindicator,cnd
56,,2018/03/05,null,cindicator,cnd
57,,2018/03/06,null,cindicator,cnd
58,,2018/03/07,null,cindicator,cnd
59,,2018/03/08,null,cindicator,cnd
60,,2018/03/09,null,cindicator,cnd
61,,2018/03/10,null,cindicator,cnd
62,,2018/03/11,null,cindicator,cnd
63,,2018/03/12,null,cindicator,cnd
64,,2018/03/13,null,cindicator,cnd
65,,2018/03/14,null,cindicator,cnd
66,,2018/03/15,null,cindicator,cnd
67,,2018/03/16,null,cindicator,cnd
68,,2018/03/17,null,cindicator,cnd
69,,2018/03/18,null,cindicator,cnd
70,,2018/03/19,null,cindicator,cnd
71,,2018/03/20,null,cindicator,cnd
72,,2018/03/21,null,cindicator,cnd
73,,2018/03/22,null,cindicator,cnd
74,,2018/03/23,null,cindicator,cnd
75,,2018/03/24,null,cindicator,cnd
76,,2018/03/25,null,cindicator,cnd
77,,2018/03/26,null,cindicator,cnd
78,,2018/03/27,null,cindicator,cnd
79,,2018/03/28,null,cindicator,cnd
80,,2018/03/29,null,cindicator,cnd
81,,2018/03/30,null,cindicator,cnd
82,,2018/03/31,null,cindicator,cnd
83,,2018/04/01,null,cindicator,cnd
84,,2018/04/02,null,cindicator,cnd
85,,2018/04/03,null,cindicator,cnd
86,,2018/04/04,null,cindicator,cnd
87,,2018/04/05,null,cindicator,cnd
88,,2018/04/06,null,cindicator,cnd
89,,2018/04/07,33,cindicator,cnd
90,,2018/04/08,13,cindicator,cnd
91,,2018/04/09,20,cindicator,cnd
92,,2018/04/10,9,cindicator,cnd
93,,2018/04/11,56,cindicator,cnd
94,,2018/04/12,43,cindicator,cnd
95,,2018/04/13,52,cindicator,cnd
96,,2018/04/14,51,cindicator,cnd
97,,2018/04/15,21,cindicator,cnd
98,,2018/04/16,28,cindicator,cnd
99,,2018/04/17,11,cindicator,cnd
100,,2018/04/18,10,cindicator,cnd
101,,2018/04/19,37,cindicator,cnd
102,,2018/04/20,8,cindicator,cnd
103,,2018/04/21,28,cindicator,cnd
104,,2018/04/22,30,cindicator,cnd
105,,2018/04/23,43,cindicator,cnd
106,,2018/04/24,33,cindicator,cnd
107,,2018/04/25,28,cindicator,cnd
108,,2018/04/26,24,cindicator,cnd
109,,2018/04/27,15,cindicator,cnd
110,,2018/04/28,20,cindicator,cnd
111,,2018/04/29,45,cindicator,cnd
112,,2018/04/30,10,cindicator,cnd
113,,2018/05/01,9,cindicator,cnd
114,,2018/05/02,3,cindicator,cnd
115,,2018/05/03,6,cindicator,cnd
116,,2018/05/04,9,cindicator,cnd
117,,2018/05/05,6,cindicator,cnd
118,,2018/05/06,11,cindicator,cnd
119,,2018/05/07,5,cindicator,cnd
120,,2018/05/08,14,cindicator,cnd
121,,2018/05/09,10,cindicator,cnd
122,,2018/05/10,20,cindicator,cnd
123,,2018/05/11,7,cindicator,cnd
124,,2018/05/12,4,cindicator,cnd
125,,2018/05/13,1,cindicator,cnd
126,,2018/05/14,45,cindicator,cnd
127,,2018/05/15,7,cindicator,cnd
128,,2018/05/16,6,cindicator,cnd
129,,2018/05/17,47,cindicator,cnd
130,,2018/05/18,7,cindicator,cnd
131,,2018/05/19,5,cindicator,cnd
132,,2018/05/20,7,cindicator,cnd
133,,2018/05/21,4,cindicator,cnd
134,,2018/05/22,37,cindicator,cnd
135,,2018/05/23,10,cindicator,cnd
136,,2018/05/24,19,cindicator,cnd
137,,2018/05/25,2,cindicator,cnd
138,,2018/05/26,3,cindicator,cnd
139,,2018/05/27,37,cindicator,cnd
140,,2018/05/28,49,cindicator,cnd
141,,2018/05/29,45,cindicator,cnd
142,,2018/05/30,10,cindicator,cnd
143,,2018/05/31,23,cindicator,cnd
144,,2018/06/01,39,cindicator,cnd
145,,2018/06/02,9,cindicator,cnd
146,,2018/06/03,38,cindicator,cnd
147,,2018/06/04,29,cindicator,cnd
148,,2018/06/05,38,cindicator,cnd
149,,2018/06/06,21,cindicator,cnd
150,,2018/06/07,21,cindicator,cnd
151,,2018/06/08,19,cindicator,cnd
152,,2018/06/09,11,cindicator,cnd
153,,2018/06/10,2,cindicator,cnd
154,,2018/06/11,4,cindicator,cnd
155,,2018/06/12,8,cindicator,cnd
156,,2018/06/13,5,cindicator,cnd
157,,2018/06/14,3,cindicator,cnd
158,,2018/06/15,3,cindicator,cnd
159,,2018/06/16,3,cindicator,cnd
160,,2018/06/17,35,cindicator,cnd
161,,2018/06/18,3,cindicator,cnd
162,,2018/06/19,6,cindicator,cnd
163,,2018/06/20,2,cindicator,cnd
164,,2018/06/21,4,cindicator,cnd
165,,2018/06/22,3,cindicator,cnd
166,,2018/06/23,2,cindicator,cnd
167,,2018/06/24,null,cindicator,cnd
168,,2018/06/25,2,cindicator,cnd
169,,2018/06/26,20,cindicator,cnd
170,,2018/06/27,17,cindicator,cnd
171,,2018/06/28,31,cindicator,cnd
172,,2018/06/29,10,cindicator,cnd
173,,2018/06/30,9,cindicator,cnd
174,,2018/07/01,2,cindicator,cnd
175,,2018/07/02,27,cindicator,cnd
176,,2018/07/03,3,cindicator,cnd
177,,2018/07/04,1,cindicator,cnd
178,,2018/07/05,13,cindicator,cnd
179,,2018/07/06,17,cindicator,cnd
180,,2018/07/07,18,cindicator,cnd
181,,2018/07/08,3,cindicator,cnd
182,,2018/07/09,10,cindicator,cnd
183,,2018/07/10,2,cindicator,cnd
184,,2018/07/11,26,cindicator,cnd
185,,2018/07/12,3,cindicator,cnd
186,,2018/07/13,1,cindicator,cnd
187,,2018/07/14,null,cindicator,cnd
188,,2018/07/15,4,cindicator,cnd
189,,2018/07/16,4,cindicator,cnd
190,,2018/07/17,4,cindicator,cnd
191,,2018/07/18,3,cindicator,cnd
192,,2018/07/19,3,cindicator,cnd
193,,2018/07/20,4,cindicator,cnd
194,,2018/07/21,null,cindicator,cnd
195,,2018/07/22,5,cindicator,cnd
196,,2018/07/23,1,cindicator,cnd
197,,2018/07/24,1,cindicator,cnd
198,,2018/07/25,4,cindicator,cnd
199,,2018/07/26,3,cindicator,cnd
200,,2018/07/27,2,cindicator,cnd
201,,2018/07/28,null,cindicator,cnd
202,,2018/07/29,3,cindicator,cnd
203,,2018/07/30,3,cindicator,cnd
204,,2018/07/31,21,cindicator,cnd
205,,2018/08/01,4,cindicator,cnd
206,,2018/08/02,2,cindicator,cnd
207,,2018/08/03,3,cindicator,cnd
208,,2018/08/04,4,cindicator,cnd
209,,2018/08/05,2,cindicator,cnd
210,,2018/08/06,1,cindicator,cnd
211,,2018/08/07,2,cindicator,cnd
212,,2018/08/08,1,cindicator,cnd
213,,2018/08/09,2,cindicator,cnd
214,,2018/08/10,2,cindicator,cnd
215,,2018/08/11,3,cindicator,cnd
216,,2018/08/12,2,cindicator,cnd
217,,2018/08/13,4,cindicator,cnd
218,,2018/08/14,3,cindicator,cnd
219,,2018/08/15,5,cindicator,cnd
220,,2018/08/16,2,cindicator,cnd
221,,2018/08/17,null,cindicator,cnd
222,,2018/08/18,2,cindicator,cnd
223,,2018/08/19,2,cindicator,cnd
224,,2018/08/20,1,cindicator,cnd
225,,2018/08/21,6,cindicator,cnd
226,,2018/08/22,2,cindicator,cnd
227,,2018/08/23,null,cindicator,cnd
228,,2018/08/24,1,cindicator,cnd
229,,2018/08/25,4,cindicator,cnd
230,,2018/08/26,23,cindicator,cnd
231,,2018/08/27,94,cindicator,cnd
232,,2018/08/28,46,cindicator,cnd
233,,2018/08/29,14,cindicator,cnd
234,,2018/08/30,9,cindicator,cnd
235,,2018/08/31,4,cindicator,cnd
236,,2018/09/01,5,cindicator,cnd
237,,2018/09/02,9,cindicator,cnd
238,,2018/09/03,15,cindicator,cnd
239,,2018/09/04,9,cindicator,cnd
240,,2018/09/05,6,cindicator,cnd
241,,2018/09/06,null,cindicator,cnd
242,,2018/09/07,1,cindicator,cnd
243,,2018/09/08,null,cindicator,cnd
244,,2018/09/09,7,cindicator,cnd
245,,2018/09/10,4,cindicator,cnd
246,,2018/09/11,5,cindicator,cnd
247,,2018/09/12,13,cindicator,cnd
248,,2018/09/13,15,cindicator,cnd
249,,2018/09/14,4,cindicator,cnd
250,,2018/09/15,11,cindicator,cnd
251,,2018/09/16,4,cindicator,cnd
252,,2018/09/17,4,cindicator,cnd
253,,2018/09/18,8,cindicator,cnd
254,,2018/09/19,17,cindicator,cnd
255,,2018/09/20,2,cindicator,cnd
256,,2018/09/21,10,cindicator,cnd
257,,2018/09/22,null,cindicator,cnd
258,,2018/09/23,4,cindicator,cnd
259,,2018/09/24,1,cindicator,cnd
260,,2018/09/25,5,cindicator,cnd
261,,2018/09/26,2,cindicator,cnd
262,,2018/09/27,1,cindicator,cnd
263,,2018/09/28,null,cindicator,cnd
264,,2018/09/29,1,cindicator,cnd
265,,2018/09/30,1,cindicator,cnd
266,,2018/10/01,1,cindicator,cnd
267,,2018/10/02,null,cindicator,cnd
268,,2018/10/03,2,cindicator,cnd
269,,2018/10/04,1,cindicator,cnd
270,,2018/10/05,10,cindicator,cnd
271,,2018/10/06,6,cindicator,cnd
272,,2018/10/07,7,cindicator,cnd
273,,2018/10/08,1,cindicator,cnd
274,,2018/10/09,2,cindicator,cnd
275,,2018/10/10,2,cindicator,cnd
276,,2018/10/11,3,cindicator,cnd
277,,2018/10/12,3,cindicator,cnd
278,,2018/10/13,3,cindicator,cnd
279,,2018/10/14,2,cindicator,cnd
280,,2018/10/15,7,cindicator,cnd
281,,2018/10/16,null,cindicator,cnd
282,,2018/10/17,4,cindicator,cnd
283,,2018/10/18,4,cindicator,cnd
284,,2018/10/19,4,cindicator,cnd
285,,2018/10/20,11,cindicator,cnd
286,,2018/10/21,4,cindicator,cnd
287,,2018/10/22,2,cindicator,cnd
288,,2018/10/23,1,cindicator,cnd
289,,2018/10/24,21,cindicator,cnd
290,,2018/10/25,4,cindicator,cnd
291,,2018/10/26,2,cindicator,cnd
292,,2018/10/27,3,cindicator,cnd
293,,2018/10/28,1,cindicator,cnd
294,,2018/10/29,3,cindicator,cnd
295,,2018/10/30,8,cindicator,cnd
296,,2018/10/31,1,cindicator,cnd
297,,2018/11/01,2,cindicator,cnd
298,,2018/11/02,2,cindicator,cnd
299,,2018/11/03,null,cindicator,cnd
300,,2018/11/04,2,cindicator,cnd
301,,2018/11/05,3,cindicator,cnd
302,,2018/11/06,null,cindicator,cnd
303,,2018/11/07,2,cindicator,cnd
304,,2018/11/08,null,cindicator,cnd
305,,2018/11/09,5,cindicator,cnd
306,,2018/11/10,1,cindicator,cnd
307,,2018/11/11,null,cindicator,cnd
308,,2018/11/12,4,cindicator,cnd
309,,2018/11/13,2,cindicator,cnd
310,,2018/11/14,2,cindicator,cnd
311,,2018/11/15,1,cindicator,cnd
312,,2018/11/16,null,cindicator,cnd
313,,2018/11/17,null,cindicator,cnd
314,,2018/11/18,null,cindicator,cnd
315,,2018/11/19,1,cindicator,cnd
316,,2018/11/20,null,cindicator,cnd
317,,2018/11/21,null,cindicator,cnd
318,,2018/11/22,1,cindicator,cnd
319,,2018/11/23,3,cindicator,cnd
320,,2018/11/24,3,cindicator,cnd
321,,2018/11/25,null,cindicator,cnd
322,,2018/11/26,null,cindicator,cnd
323,,2018/11/27,2,cindicator,cnd
324,,2018/11/28,1,cindicator,cnd
325,,2018/11/29,1,cindicator,cnd
326,,2018/11/30,2,cindicator,cnd
327,,2018/12/01,null,cindicator,cnd
328,,2018/12/02,null,cindicator,cnd
329,,2018/12/03,2,cindicator,cnd
330,,2018/12/04,1,cindicator,cnd
331,,2018/12/05,1,cindicator,cnd
332,,2018/12/06,null,cindicator,cnd
333,,2018/12/07,3,cindicator,cnd
334,,2018/12/08,3,cindicator,cnd
335,,2018/12/09,1,cindicator,cnd
336,,2018/12/10,3,cindicator,cnd
337,,2018/12/11,3,cindicator,cnd
338,,2018/12/12,null,cindicator,cnd
339,,2018/12/13,null,cindicator,cnd
340,,2018/12/14,null,cindicator,cnd
341,,2018/12/15,2,cindicator,cnd
342,,2018/12/16,null,cindicator,cnd
343,,2018/12/17,null,cindicator,cnd
344,,2018/12/18,null,cindicator,cnd
345,,2018/12/19,null,cindicator,cnd
346,,2018/12/20,3,cindicator,cnd
347,,2018/12/21,1,cindicator,cnd
348,,2018/12/22,null,cindicator,cnd
349,,2018/12/23,null,cindicator,cnd
350,,2018/12/24,1,cindicator,cnd
351,,2018/12/25,1,cindicator,cnd
352,,2018/12/26,1,cindicator,cnd
353,,2018/12/27,null,cindicator,cnd
354,,2018/12/28,4,cindicator,cnd
355,,2018/12/29,1,cindicator,cnd
356,,2018/12/30,1,cindicator,cnd
357,,2018/12/31,2,cindicator,cnd
358,,2019/01/01,3,cindicator,cnd
359,,2019/01/02,1,cindicator,cnd
360,,2019/01/03,2,cindicator,cnd
361,,2019/01/04,1,cindicator,cnd
362,,2019/01/05,null,cindicator,cnd
363,,2019/01/06,6,cindicator,cnd
364,,2019/01/07,null,cindicator,cnd
365,,2019/01/08,null,cindicator,cnd
366,,2019/01/09,1,cindicator,cnd
367,,2019/01/10,1,cindicator,cnd
368,,2019/01/11,null,cindicator,cnd
369,,2019/01/12,null,cindicator,cnd
370,,2019/01/13,1,cindicator,cnd
371,,2019/01/14,1,cindicator,cnd
372,,2019/01/15,2,cindicator,cnd
373,,2019/01/16,10,cindicator,cnd
374,,2019/01/17,2,cindicator,cnd
375,,2019/01/18,null,cindicator,cnd
376,,2019/01/19,2,cindicator,cnd
377,,2019/01/20,1,cindicator,cnd
378,,2019/01/21,1,cindicator,cnd
379,,2019/01/22,1,cindicator,cnd
380,,2019/01/23,2,cindicator,cnd
381,,2019/01/24,1,cindicator,cnd
382,,2019/01/25,1,cindicator,cnd
383,,2019/01/26,2,cindicator,cnd
384,,2019/01/27,1,cindicator,cnd
385,,2019/01/28,2,cindicator,cnd
386,,2019/01/29,2,cindicator,cnd
387,,2019/01/30,1,cindicator,cnd
388,,2019/01/31,null,cindicator,cnd
389,,2019/02/01,2,cindicator,cnd
390,,2019/02/02,2,cindicator,cnd
391,,2019/02/03,1,cindicator,cnd
392,,2019/02/04,3,cindicator,cnd
393,,2019/02/05,2,cindicator,cnd
394,,2019/02/06,null,cindicator,cnd
395,,2019/02/07,null,cindicator,cnd
396,,2019/02/08,1,cindicator,cnd
397,,2019/02/09,1,cindicator,cnd
398,,2019/02/10,1,cindicator,cnd
399,,2019/02/11,1,cindicator,cnd
400,,2019/02/12,1,cindicator,cnd
401,,2019/02/13,1,cindicator,cnd
402,,2019/02/14,1,cindicator,cnd
403,,2019/02/15,2,cindicator,cnd
404,,2019/02/16,null,cindicator,cnd
405,,2019/02/17,4,cindicator,cnd
406,,2019/02/18,null,cindicator,cnd
407,,2019/02/19,null,cindicator,cnd
408,,2019/02/20,2,cindicator,cnd
409,,2019/02/21,1,cindicator,cnd
410,,2019/02/22,2,cindicator,cnd
411,,2019/02/23,1,cindicator,cnd
412,,2019/02/24,5,cindicator,cnd
413,,2019/02/25,1,cindicator,cnd
414,,2019/02/26,3,cindicator,cnd
415,,2019/02/27,2,cindicator,cnd
416,,2019/02/28,2,cindicator,cnd
417,,2019/03/01,null,cindicator,cnd
418,,2019/03/02,null,cindicator,cnd
419,,2019/03/03,null,cindicator,cnd
420,,2019/03/04,null,cindicator,cnd
421,,2019/03/05,null,cindicator,cnd
422,,2019/03/06,null,cindicator,cnd
423,,2019/03/07,2,cindicator,cnd
424,,2019/03/08,null,cindicator,cnd
425,,2019/03/09,null,cindicator,cnd
426,,2019/03/10,4,cindicator,cnd
427,,2019/03/11,3,cindicator,cnd
428,,2019/03/12,3,cindicator,cnd
429,,2019/03/13,null,cindicator,cnd
430,,2019/03/14,8,cindicator,cnd
431,,2019/03/15,10,cindicator,cnd
432,,2019/03/16,1,cindicator,cnd
433,,2019/03/17,null,cindicator,cnd
434,,2019/03/18,null,cindicator,cnd
435,,2019/03/19,null,cindicator,cnd
436,,2019/03/20,2,cindicator,cnd
437,,2019/03/21,null,cindicator,cnd
438,,2019/03/22,null,cindicator,cnd
439,,2019/03/23,null,cindicator,cnd
440,,2019/03/24,null,cindicator,cnd
441,,2019/03/25,null,cindicator,cnd
442,,2019/03/26,null,cindicator,cnd
443,,2019/03/27,1,cindicator,cnd
444,,2019/03/28,null,cindicator,cnd
445,,2019/03/29,null,cindicator,cnd
446,,2019/03/30,4,cindicator,cnd
447,,2019/03/31,1,cindicator,cnd
448,,2019/04/01,2,cindicator,cnd
449,,2019/04/02,4,cindicator,cnd
450,,2019/04/03,null,cindicator,cnd
451,,2019/04/04,36,cindicator,cnd
452,,2019/04/05,null,cindicator,cnd
453,,2019/04/06,1,cindicator,cnd
454,,2019/04/07,null,cindicator,cnd
455,,2019/04/08,1,cindicator,cnd
456,,2019/04/09,null,cindicator,cnd
457,,2019/04/10,null,cindicator,cnd
458,,2019/04/11,4,cindicator,cnd
459,,2019/04/12,1,cindicator,cnd
460,,2019/04/13,2,cindicator,cnd
461,,2019/04/14,null,cindicator,cnd
462,,2019/04/15,null,cindicator,cnd
463,,2019/04/16,1,cindicator,cnd
464,,2019/04/17,null,cindicator,cnd
465,,2019/04/18,2,cindicator,cnd
466,,2019/04/19,2,cindicator,cnd
467,,2019/04/20,null,cindicator,cnd
468,,2019/04/21,null,cindicator,cnd
469,,2019/04/22,1,cindicator,cnd
470,,2019/04/23,2,cindicator,cnd
471,,2019/04/24,null,cindicator,cnd
472,,2019/04/25,null,cindicator,cnd
473,,2019/04/26,1,cindicator,cnd
474,,2019/04/27,null,cindicator,cnd
475,,2019/04/28,2,cindicator,cnd
476,,2019/04/29,1,cindicator,cnd
477,,2019/04/30,null,cindicator,cnd
478,,2019/05/01,null,cindicator,cnd
479,,2019/05/02,1,cindicator,cnd
480,,2019/05/03,null,cindicator,cnd
481,,2019/05/04,null,cindicator,cnd
482,,2019/05/05,null,cindicator,cnd
483,,2019/05/06,null,cindicator,cnd
484,,2019/05/07,1,cindicator,cnd
485,,2019/05/08,null,cindicator,cnd
486,,2019/05/09,null,cindicator,cnd
487,,2019/05/10,1,cindicator,cnd
488,,2019/05/11,1,cindicator,cnd
489,,2019/05/12,1,cindicator,cnd
490,,2019/05/13,null,cindicator,cnd
491,,2019/05/14,null,cindicator,cnd
492,,2019/05/15,1,cindicator,cnd
493,,2019/05/16,null,cindicator,cnd
494,,2019/05/17,1,cindicator,cnd
495,,2019/05/18,null,cindicator,cnd
496,,2019/05/19,null,cindicator,cnd
497,,2019/05/20,null,cindicator,cnd
498,,2019/05/21,2,cindicator,cnd
499,,2019/05/22,null,cindicator,cnd
500,,2019/05/23,null,cindicator,cnd
501,,2019/05/24,null,cindicator,cnd
502,,2019/05/25,null,cindicator,cnd
503,,2019/05/26,1,cindicator,cnd
504,,2019/05/27,1,cindicator,cnd
505,,2019/05/28,null,cindicator,cnd
506,,2019/05/29,1,cindicator,cnd
507,,2019/05/30,null,cindicator,cnd
508,,2019/05/31,null,cindicator,cnd
509,,2019/06/01,null,cindicator,cnd
510,,2019/06/02,1,cindicator,cnd
511,,2019/06/03,null,cindicator,cnd
512,,2019/06/04,1,cindicator,cnd
513,,2019/06/05,1,cindicator,cnd
514,,2019/06/06,null,cindicator,cnd
515,,2019/06/07,1,cindicator,cnd
516,,2019/06/08,null,cindicator,cnd
517,,2019/06/09,1,cindicator,cnd
518,,2019/06/10,null,cindicator,cnd
519,,2019/06/11,1,cindicator,cnd
520,,2019/06/12,null,cindicator,cnd
521,,2019/06/13,1,cindicator,cnd
522,,2019/06/14,17,cindicator,cnd
523,,2019/06/15,8,cindicator,cnd
524,,2019/06/16,null,cindicator,cnd
525,,2019/06/17,null,cindicator,cnd
526,,2019/06/18,null,cindicator,cnd
527,,2019/06/19,null,cindicator,cnd
528,,2019/06/20,null,cindicator,cnd
529,,2019/06/21,8,cindicator,cnd
530,,2019/06/22,1,cindicator,cnd
531,,2019/06/23,3,cindicator,cnd
532,,2019/06/24,3,cindicator,cnd
533,,2019/06/25,2,cindicator,cnd
534,,2019/06/26,1,cindicator,cnd
535,,2019/06/27,null,cindicator,cnd
536,,2019/06/28,4,cindicator,cnd
537,,2019/06/29,3,cindicator,cnd
538,,2019/06/30,2,cindicator,cnd
539,,2019/07/01,null,cindicator,cnd
540,,2019/07/02,3,cindicator,cnd
541,,2019/07/03,1,cindicator,cnd
542,,2019/07/04,null,cindicator,cnd
543,,2019/07/05,5,cindicator,cnd
544,,2019/07/06,1,cindicator,cnd
545,,2019/07/07,2,cindicator,cnd
546,,2019/07/08,2,cindicator,cnd
547,,2019/07/09,18,cindicator,cnd
548,,2019/07/10,8,cindicator,cnd
549,,2019/07/11,null,cindicator,cnd
550,,2019/07/12,null,cindicator,cnd
551,,2019/07/13,3,cindicator,cnd
552,,2019/07/14,2,cindicator,cnd
553,,2019/07/15,1,cindicator,cnd
554,,2019/07/16,null,cindicator,cnd
555,,2019/07/17,null,cindicator,cnd
556,,2019/07/18,null,cindicator,cnd
557,,2019/07/19,1,cindicator,cnd
558,,2019/07/20,1,cindicator,cnd
559,,2019/07/21,null,cindicator,cnd
560,,2019/07/22,4,cindicator,cnd
561,,2019/07/23,1,cindicator,cnd
562,,2019/07/24,null,cindicator,cnd
563,,2019/07/25,null,cindicator,cnd
564,,2019/07/26,null,cindicator,cnd
565,,2019/07/27,null,cindicator,cnd
566,,2019/07/28,null,cindicator,cnd
567,,2019/07/29,null,cindicator,cnd
568,,2019/07/30,null,cindicator,cnd
569,,2019/07/31,null,cindicator,cnd
570,,2019/08/01,3,cindicator,cnd
571,,2019/08/02,4,cindicator,cnd
572,,2019/08/03,1,cindicator,cnd
573,,2019/08/04,2,cindicator,cnd
574,,2019/08/05,null,cindicator,cnd
575,,2019/08/06,1,cindicator,cnd
576,,2019/08/07,null,cindicator,cnd
577,,2019/08/08,null,cindicator,cnd
578,,2019/08/09,2,cindicator,cnd
579,,2019/08/10,null,cindicator,cnd
580,,2019/08/11,1,cindicator,cnd
581,,2019/08/12,null,cindicator,cnd
582,,2019/08/13,null,cindicator,cnd
583,,2019/08/14,null,cindicator,cnd
584,,2019/08/15,null,cindicator,cnd
585,,2019/08/16,null,cindicator,cnd
586,,2019/08/17,null,cindicator,cnd
587,,2019/08/18,null,cindicator,cnd
588,,2019/08/19,null,cindicator,cnd
589,,2019/08/20,null,cindicator,cnd
590,,2019/08/21,null,cindicator,cnd
591,,2019/08/22,2,cindicator,cnd
592,,2019/08/23,1,cindicator,cnd
593,,2019/08/24,null,cindicator,cnd
594,,2019/08/25,1,cindicator,cnd
595,,2019/08/26,2,cindicator,cnd
596,,2019/08/27,null,cindicator,cnd
597,,2019/08/28,1,cindicator,cnd
598,,2019/08/29,null,cindicator,cnd
599,,2019/08/30,null,cindicator,cnd
600,,2019/08/31,null,cindicator,cnd
601,,2019/09/01,null,cindicator,cnd
602,,2019/09/02,null,cindicator,cnd
603,,2019/09/03,null,cindicator,cnd
604,,2019/09/04,null,cindicator,cnd
605,,2019/09/05,null,cindicator,cnd
606,,2019/09/06,null,cindicator,cnd
607,,2019/09/07,null,cindicator,cnd
608,,2019/09/08,null,cindicator,cnd
609,,2019/09/09,5,cindicator,cnd
610,,2019/09/10,null,cindicator,cnd
611,,2019/09/11,5,cindicator,cnd
612,,2019/09/12,3,cindicator,cnd
613,,2019/09/13,10,cindicator,cnd
614,,2019/09/14,null,cindicator,cnd
615,,2019/09/15,null,cindicator,cnd
616,,2019/09/16,null,cindicator,cnd
617,,2019/09/17,null,cindicator,cnd
618,,2019/09/18,null,cindicator,cnd
619,,2019/09/19,4,cindicator,cnd
620,,2019/09/20,3,cindicator,cnd
621,,2019/09/21,null,cindicator,cnd
622,,2019/09/22,4,cindicator,cnd
623,,2019/09/23,8,cindicator,cnd
624,,2019/09/24,6,cindicator,cnd
625,,2019/09/25,null,cindicator,cnd
626,,2019/09/26,null,cindicator,cnd
627,,2019/09/27,null,cindicator,cnd
628,,2019/09/28,1,cindicator,cnd
629,,2019/09/29,1,cindicator,cnd
630,,2019/09/30,null,cindicator,cnd
631,,2019/10/01,null,cindicator,cnd
632,,2019/10/02,null,cindicator,cnd
633,,2019/10/03,2,cindicator,cnd
634,,2019/10/04,1,cindicator,cnd
635,,2019/10/05,null,cindicator,cnd
636,,2019/10/06,null,cindicator,cnd
637,,2019/10/07,null,cindicator,cnd
638,,2019/10/08,null,cindicator,cnd
639,,2019/10/09,null,cindicator,cnd
640,,2019/10/10,null,cindicator,cnd
641,,2019/10/11,null,cindicator,cnd
642,,2019/10/12,null,cindicator,cnd
643,,2019/10/13,null,cindicator,cnd
644,,2019/10/14,null,cindicator,cnd
645,,2019/10/15,null,cindicator,cnd
646,,2019/10/16,null,cindicator,cnd
647,,2019/10/17,null,cindicator,cnd
648,,2019/10/18,null,cindicator,cnd
649,,2019/10/19,null,cindicator,cnd
650,,2019/10/20,null,cindicator,cnd
651,,2019/10/21,8,cindicator,cnd
652,,2019/10/22,89,cindicator,cnd
653,,2019/10/23,93,cindicator,cnd
654,,2019/10/24,null,cindicator,cnd
655,,2019/10/25,null,cindicator,cnd
656,,2019/10/26,1,cindicator,cnd
657,,2019/10/27,1,cindicator,cnd
658,,2019/10/28,2,cindicator,cnd
659,,2019/10/29,1,cindicator,cnd
660,,2019/10/30,null,cindicator,cnd
661,,2019/10/31,111,cindicator,cnd
662,,2019/11/01,91,cindicator,cnd
663,,2019/11/02,1,cindicator,cnd
664,,2019/11/03,null,cindicator,cnd
665,,2019/11/04,null,cindicator,cnd
666,,2019/11/05,90,cindicator,cnd
667,,2019/11/06,null,cindicator,cnd
668,,2019/11/07,null,cindicator,cnd
669,,2019/11/08,null,cindicator,cnd
670,,2019/11/09,null,cindicator,cnd
671,,2019/11/10,null,cindicator,cnd
672,,2019/11/11,null,cindicator,cnd
673,,2019/11/12,9,cindicator,cnd
674,,2019/11/13,11,cindicator,cnd
675,,2019/11/14,11,cindicator,cnd
676,,2019/11/15,null,cindicator,cnd
677,,2019/11/16,6,cindicator,cnd
678,,2019/11/17,3,cindicator,cnd
679,,2019/11/18,2,cindicator,cnd
680,,2019/11/19,4,cindicator,cnd
681,,2019/11/20,6,cindicator,cnd
682,,2019/11/21,10,cindicator,cnd
683,,2019/11/22,5,cindicator,cnd
684,,2019/11/23,2,cindicator,cnd
685,,2019/11/24,null,cindicator,cnd
686,,2019/11/25,null,cindicator,cnd
687,,2019/11/26,8,cindicator,cnd
688,,2019/11/27,7,cindicator,cnd
689,,2019/11/28,8,cindicator,cnd
690,,2019/11/29,6,cindicator,cnd
691,,2019/11/30,33,cindicator,cnd
692,,2019/12/01,42,cindicator,cnd
693,,2019/12/02,32,cindicator,cnd
694,,2019/12/03,42,cindicator,cnd
695,,2019/12/04,1,cindicator,cnd
696,,2019/12/05,1,cindicator,cnd
697,,2019/12/06,5,cindicator,cnd
698,,2019/12/07,1,cindicator,cnd
699,,2019/12/08,9,cindicator,cnd
700,,2019/12/09,4,cindicator,cnd
701,,2019/12/10,2,cindicator,cnd
702,,2019/12/11,21,cindicator,cnd
703,,2019/12/12,5,cindicator,cnd
704,,2019/12/13,53,cindicator,cnd
705,,2019/12/14,13,cindicator,cnd
706,,2019/12/15,17,cindicator,cnd
707,,2019/12/16,2,cindicator,cnd
708,,2019/12/17,null,cindicator,cnd
709,,2019/12/18,null,cindicator,cnd
710,,2019/12/19,null,cindicator,cnd
711,,2019/12/20,1,cindicator,cnd
712,,2019/12/21,null,cindicator,cnd
713,,2019/12/22,90,cindicator,cnd
714,,2019/12/23,45,cindicator,cnd
715,,2019/12/24,1,cindicator,cnd
716,,2019/12/25,16,cindicator,cnd
717,,2019/12/26,null,cindicator,cnd
718,,2019/12/27,13,cindicator,cnd
719,,2019/12/28,2,cindicator,cnd
720,,2019/12/29,23,cindicator,cnd
721,,2019/12/30,45,cindicator,cnd
722,,2019/12/31,null,cindicator,cnd
723,,2020/01/01,12,cindicator,cnd
724,,2020/01/02,1,cindicator,cnd
725,,2020/01/03,null,cindicator,cnd
726,,2020/01/04,1,cindicator,cnd
727,,2020/01/05,36,cindicator,cnd
728,,2020/01/06,null,cindicator,cnd
729,,2020/01/07,null,cindicator,cnd
730,,2020/01/08,null,cindicator,cnd
731,,2020/01/09,null,cindicator,cnd
732,,2020/01/10,null,cindicator,cnd
733,,2020/01/11,81,cindicator,cnd
734,,2020/01/12,14,cindicator,cnd
735,,2020/01/13,5,cindicator,cnd
736,,2020/01/14,null,cindicator,cnd
737,,2020/01/15,12,cindicator,cnd
738,,2020/01/16,56,cindicator,cnd
739,,2020/01/17,2,cindicator,cnd
740,,2020/01/18,48,cindicator,cnd
741,,2020/01/19,null,cindicator,cnd
742,,2020/01/20,11,cindicator,cnd
743,,2020/01/21,27,cindicator,cnd
744,,2020/01/22,26,cindicator,cnd
745,,2020/01/23,null,cindicator,cnd
746,,2020/01/24,null,cindicator,cnd
747,,2020/01/25,null,cindicator,cnd
748,,2020/01/26,null,cindicator,cnd
749,,2020/01/27,6,cindicator,cnd
750,,2020/01/28,3,cindicator,cnd
751,,2020/01/29,null,cindicator,cnd
752,,2020/01/30,null,cindicator,cnd
753,,2020/01/31,null,cindicator,cnd
754,,2020/02/01,null,cindicator,cnd
755,,2020/02/02,null,cindicator,cnd
756,,2020/02/03,null,cindicator,cnd
757,,2020/02/04,null,cindicator,cnd
758,,2020/02/05,null,cindicator,cnd
759,,2020/02/06,6,cindicator,cnd
760,,2020/02/07,8,cindicator,cnd
761,,2020/02/08,3,cindicator,cnd
762,,2020/02/09,null,cindicator,cnd
763,,2020/02/10,null,cindicator,cnd
764,,2020/02/11,null,cindicator,cnd
765,,2020/02/12,2,cindicator,cnd
766,,2020/02/13,null,cindicator,cnd
767,,2020/02/14,null,cindicator,cnd
768,,2020/02/15,null,cindicator,cnd
769,,2020/02/16,null,cindicator,cnd
770,,2020/02/17,null,cindicator,cnd
771,,2020/02/18,8,cindicator,cnd
772,,2020/02/19,null,cindicator,cnd
773,,2020/02/20,null,cindicator,cnd
774,,2020/02/21,null,cindicator,cnd
775,,2020/02/22,null,cindicator,cnd
776,,2020/02/23,null,cindicator,cnd
777,,2020/02/24,null,cindicator,cnd
778,,2020/02/25,null,cindicator,cnd
779,,2020/02/26,null,cindicator,cnd
780,,2020/02/27,null,cindicator,cnd
781,,2020/02/28,null,cindicator,cnd
782,,2020/02/29,null,cindicator,cnd
783,,2020/03/01,null,cindicator,cnd
784,,2020/03/02,null,cindicator,cnd
785,,2020/03/03,null,cindicator,cnd
786,,2020/03/04,1,cindicator,cnd
787,,2020/03/05,null,cindicator,cnd
788,,2020/03/06,null,cindicator,cnd
789,,2020/03/07,null,cindicator,cnd
790,,2020/03/08,null,cindicator,cnd
791,,2020/03/09,null,cindicator,cnd
792,,2020/03/10,null,cindicator,cnd
793,,2020/03/11,null,cindicator,cnd
794,,2020/03/12,null,cindicator,cnd
795,,2020/03/13,null,cindicator,cnd
796,,2020/03/14,null,cindicator,cnd
797,,2020/03/15,null,cindicator,cnd
798,,2020/03/16,null,cindicator,cnd
799,,2020/03/17,null,cindicator,cnd
800,,2020/03/18,null,cindicator,cnd
801,,2020/03/19,null,cindicator,cnd
802,,2020/03/20,1,cindicator,cnd
803,,2020/03/21,null,cindicator,cnd
804,,2020/03/22,null,cindicator,cnd
805,,2020/03/23,null,cindicator,cnd
806,,2020/03/24,null,cindicator,cnd
807,,2020/03/25,null,cindicator,cnd
808,,2020/03/26,null,cindicator,cnd
809,,2020/03/27,null,cindicator,cnd
810,,2020/03/28,4,cindicator,cnd
811,,2020/03/29,null,cindicator,cnd
812,,2020/03/30,1,cindicator,cnd
813,,2020/03/31,null,cindicator,cnd
814,,2020/04/01,null,cindicator,cnd
815,,2020/04/02,null,cindicator,cnd
816,,2020/04/03,null,cindicator,cnd
817,,2020/04/04,null,cindicator,cnd
818,,2020/04/05,null,cindicator,cnd
819,,2020/04/06,null,cindicator,cnd
820,,2020/04/07,null,cindicator,cnd
821,,2020/04/08,null,cindicator,cnd
822,,2020/04/09,8,cindicator,cnd
823,,2020/04/10,null,cindicator,cnd
824,,2020/04/11,null,cindicator,cnd
825,,2020/04/12,null,cindicator,cnd
826,,2020/04/13,null,cindicator,cnd
827,,2020/04/14,null,cindicator,cnd
828,,2020/04/15,null,cindicator,cnd
829,,2020/04/16,null,cindicator,cnd
830,,2020/04/17,null,cindicator,cnd
831,,2020/04/18,1,cindicator,cnd
832,,2020/04/19,null,cindicator,cnd
833,,2020/04/20,1,cindicator,cnd
834,,2020/04/21,1,cindicator,cnd
835,,2020/04/22,null,cindicator,cnd
836,,2020/04/23,4,cindicator,cnd
837,,2020/04/24,null,cindicator,cnd
838,,2020/04/25,null,cindicator,cnd
839,,2020/04/26,null,cindicator,cnd
840,,2020/04/27,null,cindicator,cnd
841,,2020/04/28,null,cindicator,cnd
842,,2020/04/29,1,cindicator,cnd
843,,2020/04/30,null,cindicator,cnd
844,,2020/05/01,null,cindicator,cnd
845,,2020/05/02,null,cindicator,cnd
846,,2020/05/03,null,cindicator,cnd
847,,2020/05/04,null,cindicator,cnd
848,,2020/05/05,null,cindicator,cnd
849,,2020/05/06,null,cindicator,cnd
850,,2020/05/07,1,cindicator,cnd
851,,2020/05/08,2,cindicator,cnd
852,,2020/05/09,2,cindicator,cnd
853,,2020/05/10,1,cindicator,cnd
854,,2020/05/11,null,cindicator,cnd
855,,2020/05/12,2,cindicator,cnd
856,,2020/05/13,1,cindicator,cnd
857,,2020/05/14,3,cindicator,cnd
858,,2020/05/15,2,cindicator,cnd
859,,2020/05/16,6,cindicator,cnd
860,,2020/05/17,null,cindicator,cnd
861,,2020/05/18,13,cindicator,cnd
862,,2020/05/19,null,cindicator,cnd
863,,2020/05/20,null,cindicator,cnd
864,,2020/05/21,null,cindicator,cnd
865,,2020/05/22,null,cindicator,cnd
866,,2020/05/23,1,cindicator,cnd
867,,2020/05/24,null,cindicator,cnd
868,,2020/05/25,9,cindicator,cnd
869,,2020/05/26,6,cindicator,cnd
870,,2020/05/27,3,cindicator,cnd
871,,2020/05/28,2,cindicator,cnd
872,,2020/05/29,null,cindicator,cnd
873,,2020/05/30,null,cindicator,cnd
874,,2020/05/31,null,cindicator,cnd
875,,2020/06/01,3,cindicator,cnd
876,,2020/06/02,null,cindicator,cnd
877,,2020/06/03,null,cindicator,cnd
878,,2020/06/04,1,cindicator,cnd
879,,2020/06/05,2,cindicator,cnd
880,,2020/06/06,null,cindicator,cnd
881,,2020/06/07,null,cindicator,cnd
882,,2020/06/08,null,cindicator,cnd
883,,2020/06/09,null,cindicator,cnd
884,,2020/06/10,null,cindicator,cnd
885,,2020/06/11,null,cindicator,cnd
886,,2020/06/12,null,cindicator,cnd
887,,2020/06/13,null,cindicator,cnd
888,,2020/06/14,null,cindicator,cnd
889,,2020/06/15,2,cindicator,cnd
890,,2020/06/16,null,cindicator,cnd
891,,2020/06/17,null,cindicator,cnd
892,,2020/06/18,null,cindicator,cnd
893,,2020/06/19,null,cindicator,cnd
894,,2020/06/20,null,cindicator,cnd
895,,2020/06/21,null,cindicator,cnd
896,,2020/06/22,null,cindicator,cnd
897,,2020/06/23,null,cindicator,cnd
898,,2020/06/24,null,cindicator,cnd
899,,2020/06/25,null,cindicator,cnd
900,,2020/06/26,null,cindicator,cnd
901,,2020/06/27,null,cindicator,cnd
902,,2020/06/28,null,cindicator,cnd
903,,2020/06/29,null,cindicator,cnd
904,,2020/06/30,null,cindicator,cnd
905,,2020/07/01,null,cindicator,cnd
906,,2020/07/02,null,cindicator,cnd
907,,2020/07/03,null,cindicator,cnd
908,,2020/07/04,null,cindicator,cnd
909,,2020/07/05,null,cindicator,cnd
910,,2020/07/06,null,cindicator,cnd
911,,2020/07/07,null,cindicator,cnd
912,,2020/07/08,2,cindicator,cnd
913,,2020/07/09,null,cindicator,cnd
914,,2020/07/10,9,cindicator,cnd
915,,2020/07/11,3,cindicator,cnd
916,,2020/07/12,1,cindicator,cnd
917,,2020/07/13,null,cindicator,cnd
918,,2020/07/14,null,cindicator,cnd
919,,2020/07/15,null,cindicator,cnd
920,,2020/07/16,2,cindicator,cnd
921,,2020/07/17,null,cindicator,cnd
922,,2020/07/18,null,cindicator,cnd
923,,2020/07/19,null,cindicator,cnd
924,,2020/07/20,null,cindicator,cnd
925,,2020/07/21,2,cindicator,cnd
926,,2020/07/22,null,cindicator,cnd
927,,2020/07/23,null,cindicator,cnd
928,,2020/07/24,3,cindicator,cnd
929,,2020/07/25,3,cindicator,cnd
930,,2020/07/26,null,cindicator,cnd
931,,2020/07/27,1,cindicator,cnd
932,,2020/07/28,null,cindicator,cnd
933,,2020/07/29,3,cindicator,cnd
934,,2020/07/30,null,cindicator,cnd
935,,2020/07/31,null,cindicator,cnd
936,,2020/08/01,null,cindicator,cnd
937,,2020/08/02,null,cindicator,cnd
938,,2020/08/03,null,cindicator,cnd
939,,2020/08/04,null,cindicator,cnd
940,,2020/08/05,null,cindicator,cnd
941,,2020/08/06,null,cindicator,cnd
942,,2020/08/07,null,cindicator,cnd
943,,2020/08/08,null,cindicator,cnd
944,,2020/08/09,2,cindicator,cnd
945,,2020/08/10,6,cindicator,cnd
946,,2020/08/11,null,cindicator,cnd
947,,2020/08/12,null,cindicator,cnd
948,,2020/08/13,null,cindicator,cnd
949,,2020/08/14,null,cindicator,cnd
950,,2020/08/15,null,cindicator,cnd
951,,2020/08/16,null,cindicator,cnd
952,,2020/08/17,1,cindicator,cnd
953,,2020/08/18,null,cindicator,cnd
954,,2020/08/19,null,cindicator,cnd
955,,2020/08/20,null,cindicator,cnd
956,,2020/08/21,null,cindicator,cnd
957,,2020/08/22,null,cindicator,cnd
958,,2020/08/23,null,cindicator,cnd
959,,2020/08/24,null,cindicator,cnd
960,,2020/08/25,6,cindicator,cnd
961,,2020/08/26,null,cindicator,cnd
962,,2020/08/27,4,cindicator,cnd
963,,2020/08/28,3,cindicator,cnd
964,,2020/08/29,1,cindicator,cnd
965,,2020/08/30,2,cindicator,cnd
966,,2020/08/31,3,cindicator,cnd
967,,2020/09/01,null,cindicator,cnd
968,,2020/09/02,null,cindicator,cnd
969,,2020/09/03,2,cindicator,cnd
970,,2020/09/04,null,cindicator,cnd
971,,2020/09/05,null,cindicator,cnd
972,,2020/09/06,null,cindicator,cnd
973,,2020/09/07,null,cindicator,cnd
974,,2020/09/08,null,cindicator,cnd
975,,2020/09/09,null,cindicator,cnd
976,,2020/09/10,null,cindicator,cnd
977,,2020/09/11,null,cindicator,cnd
978,,2020/09/12,null,cindicator,cnd
979,,2020/09/13,null,cindicator,cnd
980,,2020/09/14,null,cindicator,cnd
981,,2020/09/15,null,cindicator,cnd
982,,2020/09/16,null,cindicator,cnd
983,,2020/09/17,null,cindicator,cnd
984,,2020/09/18,null,cindicator,cnd
985,,2020/09/19,null,cindicator,cnd
986,,2020/09/20,null,cindicator,cnd
987,,2020/09/21,null,cindicator,cnd
988,,2020/09/22,null,cindicator,cnd
989,,2020/09/23,null,cindicator,cnd
990,,2020/09/24,null,cindicator,cnd
991,,2020/09/25,null,cindicator,cnd
992,,2020/09/26,null,cindicator,cnd
993,,2020/09/27,null,cindicator,cnd
994,,2020/09/28,null,cindicator,cnd
995,,2020/09/29,null,cindicator,cnd
996,,2020/09/30,null,cindicator,cnd
997,,2020/10/01,null,cindicator,cnd
998,,2020/10/02,null,cindicator,cnd
999,,2020/10/03,null,cindicator,cnd
1000,,2020/10/04,null,cindicator,cnd
1001,,2020/10/05,null,cindicator,cnd
1002,,2020/10/06,null,cindicator,cnd
1003,,2020/10/07,null,cindicator,cnd
1004,,2020/10/08,null,cindicator,cnd
1005,,2020/10/09,null,cindicator,cnd
1006,,2020/10/10,null,cindicator,cnd
1007,,2020/10/11,null,cindicator,cnd
1008,,2020/10/12,null,cindicator,cnd
1009,,2020/10/13,null,cindicator,cnd
1010,,2020/10/14,null,cindicator,cnd
1011,,2020/10/15,null,cindicator,cnd
1012,,2020/10/16,null,cindicator,cnd
1013,,2020/10/17,null,cindicator,cnd
1014,,2020/10/18,null,cindicator,cnd
1015,,2020/10/19,null,cindicator,cnd
1016,,2020/10/20,null,cindicator,cnd
1017,,2020/10/21,null,cindicator,cnd
1018,,2020/10/22,null,cindicator,cnd
1019,,2020/10/23,null,cindicator,cnd
1020,,2020/10/24,null,cindicator,cnd
1021,,2020/10/25,null,cindicator,cnd
1022,,2020/10/26,null,cindicator,cnd
1023,,2020/10/27,null,cindicator,cnd
1024,,2020/10/28,null,cindicator,cnd
1025,,2020/10/29,null,cindicator,cnd
1026,,2020/10/30,null,cindicator,cnd
1027,,2020/10/31,null,cindicator,cnd
1028,,2020/11/01,null,cindicator,cnd
1029,,2020/11/02,null,cindicator,cnd
1030,,2020/11/03,null,cindicator,cnd
1031,,2020/11/04,null,cindicator,cnd
1032,,2020/11/05,null,cindicator,cnd
1033,,2020/11/06,null,cindicator,cnd
1034,,2020/11/07,null,cindicator,cnd
1035,,2020/11/08,null,cindicator,cnd
1036,,2020/11/09,null,cindicator,cnd
1037,,2020/11/10,null,cindicator,cnd
1038,,2020/11/11,null,cindicator,cnd
1039,,2020/11/12,null,cindicator,cnd
1040,,2020/11/13,null,cindicator,cnd
1041,,2020/11/14,null,cindicator,cnd
1042,,2020/11/15,null,cindicator,cnd
1043,,2020/11/16,null,cindicator,cnd
1044,,2020/11/17,null,cindicator,cnd
1045,,2020/11/18,null,cindicator,cnd
1046,,2020/11/19,null,cindicator,cnd
1047,,2020/11/20,null,cindicator,cnd
1048,,2020/11/21,null,cindicator,cnd
1049,,2020/11/22,null,cindicator,cnd
1050,,2020/11/23,null,cindicator,cnd
1051,,2020/11/24,null,cindicator,cnd
1052,,2020/11/25,null,cindicator,cnd
1053,,2020/11/26,null,cindicator,cnd
1054,,2020/11/27,null,cindicator,cnd
1055,,2020/11/28,null,cindicator,cnd
1056,,2020/11/29,null,cindicator,cnd
1057,,2020/11/30,null,cindicator,cnd
1058,,2020/12/01,null,cindicator,cnd
1059,,2020/12/02,null,cindicator,cnd
1060,,2020/12/03,null,cindicator,cnd
1061,,2020/12/04,null,cindicator,cnd
1062,,2020/12/05,null,cindicator,cnd
1063,,2020/12/06,null,cindicator,cnd
1064,,2020/12/07,null,cindicator,cnd
1065,,2020/12/08,null,cindicator,cnd
1066,,2020/12/09,null,cindicator,cnd
1067,,2020/12/10,null,cindicator,cnd
1068,,2020/12/11,null,cindicator,cnd
1069,,2020/12/12,null,cindicator,cnd
1070,,2020/12/13,null,cindicator,cnd
1071,,2020/12/14,null,cindicator,cnd
1072,,2020/12/15,null,cindicator,cnd
1073,,2020/12/16,null,cindicator,cnd
1074,,2020/12/17,null,cindicator,cnd
1075,,2020/12/18,null,cindicator,cnd
1076,,2020/12/19,null,cindicator,cnd
1077,,2020/12/20,null,cindicator,cnd
1078,,2020/12/21,null,cindicator,cnd
1079,,2020/12/22,null,cindicator,cnd
1080,,2020/12/23,null,cindicator,cnd
1081,,2020/12/24,null,cindicator,cnd
1082,,2020/12/25,null,cindicator,cnd
1083,,2020/12/26,null,cindicator,cnd
1084,,2020/12/27,null,cindicator,cnd
1085,,2020/12/28,1,cindicator,cnd
1086,,2020/12/29,null,cindicator,cnd
1087,,2020/12/30,null,cindicator,cnd
1088,,2020/12/31,null,cindicator,cnd
1089,,2021/01/01,null,cindicator,cnd
1090,,2021/01/02,null,cindicator,cnd
1091,,2021/01/03,null,cindicator,cnd
1092,,2021/01/04,null,cindicator,cnd
1093,,2021/01/05,null,cindicator,cnd
1094,,2021/01/06,null,cindicator,cnd
1095,,2021/01/07,null,cindicator,cnd
1096,,2021/01/08,null,cindicator,cnd
1097,,2021/01/09,null,cindicator,cnd
1098,,2021/01/10,null,cindicator,cnd
1099,,2021/01/11,null,cindicator,cnd
1100,,2021/01/12,null,cindicator,cnd
1101,,2021/01/13,null,cindicator,cnd
1102,,2021/01/14,null,cindicator,cnd
1103,,2021/01/15,null,cindicator,cnd
1104,,2021/01/16,null,cindicator,cnd
1105,,2021/01/17,null,cindicator,cnd
1106,,2021/01/18,null,cindicator,cnd
1107,,2021/01/19,null,cindicator,cnd
1108,,2021/01/20,null,cindicator,cnd
1109,,2021/01/21,null,cindicator,cnd
1110,,2021/01/22,null,cindicator,cnd
1111,,2021/01/23,null,cindicator,cnd
1112,,2021/01/24,null,cindicator,cnd
1113,,2021/01/25,null,cindicator,cnd
1114,,2021/01/26,null,cindicator,cnd
1115,,2021/01/27,null,cindicator,cnd
1116,,2021/01/28,null,cindicator,cnd
1117,,2021/01/29,null,cindicator,cnd
1118,,2021/01/30,null,cindicator,cnd
1119,,2021/01/31,null,cindicator,cnd
1120,,2021/02/01,null,cindicator,cnd
1121,,2021/02/02,5,cindicator,cnd
1122,,2021/02/03,null,cindicator,cnd
1123,,2021/02/04,3,cindicator,cnd
1124,,2021/02/05,null,cindicator,cnd
1125,,2021/02/06,null,cindicator,cnd
1126,,2021/02/07,null,cindicator,cnd
1127,,2021/02/08,null,cindicator,cnd
1128,,2021/02/09,null,cindicator,cnd
1129,,2021/02/10,null,cindicator,cnd
1130,,2021/02/11,null,cindicator,cnd
1131,,2021/02/12,null,cindicator,cnd
1132,,2021/02/13,null,cindicator,cnd
1133,,2021/02/14,null,cindicator,cnd
1134,,2021/02/15,null,cindicator,cnd
1135,,2021/02/16,null,cindicator,cnd
1136,,2021/02/17,null,cindicator,cnd
1137,,2021/02/18,null,cindicator,cnd
1138,,2021/02/19,null,cindicator,cnd
1139,,2021/02/20,null,cindicator,cnd
1140,,2021/02/21,null,cindicator,cnd
1141,,2021/02/22,null,cindicator,cnd
1142,,2021/02/23,null,cindicator,cnd
1143,,2021/02/24,null,cindicator,cnd
1144,,2021/02/25,null,cindicator,cnd
1145,,2021/02/26,null,cindicator,cnd
1146,,2021/02/27,null,cindicator,cnd
1147,,2021/02/28,null,cindicator,cnd
1148,,2021/03/01,null,cindicator,cnd
1149,,2021/03/02,null,cindicator,cnd
1150,,2021/03/03,null,cindicator,cnd
1151,,2021/03/04,null,cindicator,cnd
1152,,2021/03/05,null,cindicator,cnd
1153,,2021/03/06,null,cindicator,cnd
1154,,2021/03/07,null,cindicator,cnd
1155,,2021/03/08,null,cindicator,cnd
1156,,2021/03/09,null,cindicator,cnd
1157,,2021/03/10,null,cindicator,cnd
1158,,2021/03/11,null,cindicator,cnd
1159,,2021/03/12,2,cindicator,cnd
1160,,2021/03/13,null,cindicator,cnd
1161,,2021/03/14,null,cindicator,cnd
1162,,2021/03/15,null,cindicator,cnd
1163,,2021/03/16,null,cindicator,cnd
1164,,2021/03/17,null,cindicator,cnd
1165,,2021/03/18,null,cindicator,cnd
1166,,2021/03/19,null,cindicator,cnd
1167,,2021/03/20,null,cindicator,cnd
1168,,2021/03/21,null,cindicator,cnd
1169,,2021/03/22,null,cindicator,cnd
1170,,2021/03/23,null,cindicator,cnd
1171,,2021/03/24,null,cindicator,cnd
1172,,2021/03/25,1,cindicator,cnd
1173,,2021/03/26,4,cindicator,cnd
1174,,2021/03/27,null,cindicator,cnd
1175,,2021/03/28,null,cindicator,cnd
1176,,2021/03/29,null,cindicator,cnd
1177,,2021/03/30,null,cindicator,cnd
1178,,2021/03/31,null,cindicator,cnd
1179,,2021/04/01,null,cindicator,cnd
1180,,2021/04/02,null,cindicator,cnd
1181,,2021/04/03,null,cindicator,cnd
1182,,2021/04/04,null,cindicator,cnd
1183,,2021/04/05,null,cindicator,cnd
1184,,2021/04/06,null,cindicator,cnd
1185,,2021/04/07,null,cindicator,cnd
1186,,2021/04/08,null,cindicator,cnd
1187,,2021/04/09,null,cindicator,cnd
1188,,2021/04/10,null,cindicator,cnd
1189,,2021/04/11,null,cindicator,cnd
1190,,2021/04/12,null,cindicator,cnd
1191,,2021/04/13,null,cindicator,cnd
1192,,2021/04/14,null,cindicator,cnd
1193,,2021/04/15,6,cindicator,cnd
1194,,2021/04/16,null,cindicator,cnd
1195,,2021/04/17,1,cindicator,cnd
1196,,2021/04/18,null,cindicator,cnd
1197,,2021/04/19,null,cindicator,cnd
1198,,2021/04/20,null,cindicator,cnd
1199,,2021/04/21,null,cindicator,cnd
1200,,2021/04/22,null,cindicator,cnd
1201,,2021/04/23,null,cindicator,cnd
1202,,2021/04/24,null,cindicator,cnd
1203,,2021/04/25,null,cindicator,cnd
1204,,2021/04/26,7,cindicator,cnd
1205,,2021/04/27,1,cindicator,cnd
1206,,2021/04/28,null,cindicator,cnd
1207,,2021/04/29,null,cindicator,cnd
1208,,2021/04/30,null,cindicator,cnd
1209,,2021/05/01,null,cindicator,cnd
1210,,2021/05/02,null,cindicator,cnd
1211,,2021/05/03,null,cindicator,cnd
1212,,2021/05/04,null,cindicator,cnd
1213,,2021/05/05,null,cindicator,cnd
1214,,2021/05/06,null,cindicator,cnd
1215,,2021/05/07,null,cindicator,cnd
1216,,2021/05/08,null,cindicator,cnd
1217,,2021/05/09,null,cindicator,cnd
1218,,2021/05/10,null,cindicator,cnd
1219,,2021/05/11,null,cindicator,cnd
1220,,2021/05/12,null,cindicator,cnd
1221,,2021/05/13,null,cindicator,cnd
1222,,2021/05/14,null,cindicator,cnd
1223,,2021/05/15,null,cindicator,cnd
1224,,2021/05/16,null,cindicator,cnd
1225,,2021/05/17,null,cindicator,cnd
1226,,2021/05/18,null,cindicator,cnd
1227,,2021/05/19,null,cindicator,cnd
1228,,2021/05/20,null,cindicator,cnd
1229,,2021/05/21,null,cindicator,cnd
1230,,2021/05/22,null,cindicator,cnd
1231,,2021/05/23,null,cindicator,cnd
1232,,2021/05/24,null,cindicator,cnd
1233,,2021/05/25,null,cindicator,cnd
1234,,2021/05/26,null,cindicator,cnd
1235,,2021/05/27,null,cindicator,cnd
1236,,2021/05/28,null,cindicator,cnd
1237,,2021/05/29,null,cindicator,cnd
1238,,2021/05/30,null,cindicator,cnd
1239,,2021/05/31,null,cindicator,cnd
1240,,2021/06/01,null,cindicator,cnd
1241,,2021/06/02,null,cindicator,cnd
1242,,2021/06/03,null,cindicator,cnd
1243,,2021/06/04,null,cindicator,cnd
1244,,2021/06/05,null,cindicator,cnd
1245,,2021/06/06,null,cindicator,cnd
1246,,2021/06/07,2,cindicator,cnd
1247,,2021/06/08,null,cindicator,cnd
1248,,2021/06/09,null,cindicator,cnd
1249,,2021/06/10,null,cindicator,cnd
1250,,2021/06/11,null,cindicator,cnd
1251,,2021/06/12,null,cindicator,cnd
1252,,2021/06/13,null,cindicator,cnd
1253,,2021/06/14,null,cindicator,cnd
1254,,2021/06/15,null,cindicator,cnd
1255,,2021/06/16,null,cindicator,cnd
1256,,2021/06/17,null,cindicator,cnd
1257,,2021/06/18,null,cindicator,cnd
1258,,2021/06/19,null,cindicator,cnd
1259,,2021/06/20,null,cindicator,cnd
1260,,2021/06/21,null,cindicator,cnd
1261,,2021/06/22,null,cindicator,cnd
1262,,2021/06/23,null,cindicator,cnd
1263,,2021/06/24,null,cindicator,cnd
1264,,2021/06/25,null,cindicator,cnd
1265,,2021/06/26,null,cindicator,cnd
1266,,2021/06/27,null,cindicator,cnd
1267,,2021/06/28,null,cindicator,cnd
1268,,2021/06/29,null,cindicator,cnd
1269,,2021/06/30,null,cindicator,cnd
1270,,2021/07/01,null,cindicator,cnd
1271,,2021/07/02,null,cindicator,cnd
1272,,2021/07/03,null,cindicator,cnd
1273,,2021/07/04,null,cindicator,cnd
1274,,2021/07/05,null,cindicator,cnd
1275,,2021/07/06,null,cindicator,cnd
1276,,2021/07/07,null,cindicator,cnd
1277,,2021/07/08,null,cindicator,cnd
1278,,2021/07/09,null,cindicator,cnd
1279,,2021/07/10,null,cindicator,cnd
1280,,2021/07/11,null,cindicator,cnd
1281,,2021/07/12,null,cindicator,cnd
1282,,2021/07/13,null,cindicator,cnd
1283,,2021/07/14,null,cindicator,cnd
1284,,2021/07/15,null,cindicator,cnd
1285,,2021/07/16,null,cindicator,cnd
1286,,2021/07/17,null,cindicator,cnd
1287,,2021/07/18,null,cindicator,cnd
1288,,2021/07/19,null,cindicator,cnd
1289,,2021/07/20,null,cindicator,cnd
1290,,2021/07/21,null,cindicator,cnd
1291,,2021/07/22,null,cindicator,cnd
1292,,2021/07/23,null,cindicator,cnd
1293,,2021/07/24,null,cindicator,cnd
1294,,2021/07/25,null,cindicator,cnd
1295,,2021/07/26,null,cindicator,cnd
1296,,2021/07/27,null,cindicator,cnd
1297,,2021/07/28,null,cindicator,cnd
1298,,2021/07/29,null,cindicator,cnd
1299,,2021/07/30,null,cindicator,cnd
1300,,2021/07/31,null,cindicator,cnd
1301,,2021/08/01,null,cindicator,cnd
1302,,2021/08/02,null,cindicator,cnd
1303,,2021/08/03,null,cindicator,cnd
1304,,2021/08/04,null,cindicator,cnd
1305,,2021/08/05,null,cindicator,cnd
1306,,2021/08/06,null,cindicator,cnd
1307,,2021/08/07,null,cindicator,cnd
1308,,2021/08/08,null,cindicator,cnd
1309,,2021/08/09,null,cindicator,cnd
1310,,2021/08/10,null,cindicator,cnd
1311,,2021/08/11,null,cindicator,cnd
1312,,2021/08/12,null,cindicator,cnd
1313,,2021/08/13,null,cindicator,cnd
1314,,2021/08/14,null,cindicator,cnd
1315,,2021/08/15,null,cindicator,cnd
1316,,2021/08/16,null,cindicator,cnd
1317,,2021/08/17,null,cindicator,cnd
1318,,2021/08/18,null,cindicator,cnd
1319,,2021/08/19,null,cindicator,cnd
1320,,2021/08/20,null,cindicator,cnd
1321,,2021/08/21,null,cindicator,cnd
1322,,2021/08/22,null,cindicator,cnd
1323,,2021/08/23,null,cindicator,cnd
1324,,2021/08/24,null,cindicator,cnd
1325,,2021/08/25,null,cindicator,cnd
1326,,2021/08/26,null,cindicator,cnd
1327,,2021/08/27,null,cindicator,cnd
1328,,2021/08/28,null,cindicator,cnd
1329,,2021/08/29,null,cindicator,cnd
1330,,2021/08/30,null,cindicator,cnd
1331,,2021/08/31,null,cindicator,cnd
1332,,2021/09/01,null,cindicator,cnd
1333,,2021/09/02,5,cindicator,cnd
1334,,2021/09/03,3,cindicator,cnd
1335,,2021/09/04,null,cindicator,cnd
1336,,2021/09/05,null,cindicator,cnd
1337,,2021/09/06,null,cindicator,cnd
1338,,2021/09/07,5,cindicator,cnd
