,google_trends,date,tweets,full_name,coin
0,,2018/12/28,1,contentbox,box
1,,2018/12/29,null,contentbox,box
2,,2018/12/30,1,contentbox,box
3,,2018/12/31,null,contentbox,box
4,,2019/01/01,null,contentbox,box
5,,2019/01/02,1,contentbox,box
6,,2019/01/03,1,contentbox,box
7,,2019/01/04,1,contentbox,box
8,,2019/01/05,1,contentbox,box
9,,2019/01/06,null,contentbox,box
10,,2019/01/07,null,contentbox,box
11,,2019/01/08,null,contentbox,box
12,,2019/01/09,null,contentbox,box
13,,2019/01/10,null,contentbox,box
14,,2019/01/11,2,contentbox,box
15,,2019/01/12,1,contentbox,box
16,,2019/01/13,null,contentbox,box
17,,2019/01/14,null,contentbox,box
18,,2019/01/15,null,contentbox,box
19,,2019/01/16,null,contentbox,box
20,,2019/01/17,null,contentbox,box
21,,2019/01/18,null,contentbox,box
22,,2019/01/19,null,contentbox,box
23,,2019/01/20,null,contentbox,box
24,,2019/01/21,null,contentbox,box
25,,2019/01/22,null,contentbox,box
26,,2019/01/23,null,contentbox,box
27,,2019/01/24,null,contentbox,box
28,,2019/01/25,null,contentbox,box
29,,2019/01/26,null,contentbox,box
30,,2019/01/27,null,contentbox,box
31,,2019/01/28,null,contentbox,box
32,,2019/01/29,null,contentbox,box
33,,2019/01/30,null,contentbox,box
34,,2019/01/31,2,contentbox,box
35,,2019/02/01,null,contentbox,box
36,,2019/02/02,null,contentbox,box
37,,2019/02/03,null,contentbox,box
38,,2019/02/04,1,contentbox,box
39,,2019/02/05,null,contentbox,box
40,,2019/02/06,null,contentbox,box
41,,2019/02/07,null,contentbox,box
42,,2019/02/08,null,contentbox,box
43,,2019/02/09,null,contentbox,box
44,,2019/02/10,null,contentbox,box
45,,2019/02/11,null,contentbox,box
46,,2019/02/12,null,contentbox,box
47,,2019/02/13,null,contentbox,box
48,,2019/02/14,null,contentbox,box
49,,2019/02/15,null,contentbox,box
50,,2019/02/16,null,contentbox,box
51,,2019/02/17,null,contentbox,box
52,,2019/02/18,null,contentbox,box
53,,2019/02/19,null,contentbox,box
54,,2019/02/20,null,contentbox,box
55,,2019/02/21,null,contentbox,box
56,,2019/02/22,null,contentbox,box
57,,2019/02/23,null,contentbox,box
58,,2019/02/24,null,contentbox,box
59,,2019/02/25,null,contentbox,box
60,,2019/02/26,null,contentbox,box
61,,2019/02/27,null,contentbox,box
62,,2019/02/28,null,contentbox,box
63,,2019/03/01,null,contentbox,box
64,,2019/03/02,null,contentbox,box
65,,2019/03/03,null,contentbox,box
66,,2019/03/04,null,contentbox,box
67,,2019/03/05,null,contentbox,box
68,,2019/03/06,null,contentbox,box
69,,2019/03/07,1,contentbox,box
70,,2019/03/08,null,contentbox,box
71,,2019/03/09,null,contentbox,box
72,,2019/03/10,null,contentbox,box
73,,2019/03/11,null,contentbox,box
74,,2019/03/12,null,contentbox,box
75,,2019/03/13,null,contentbox,box
76,,2019/03/14,null,contentbox,box
77,,2019/03/15,null,contentbox,box
78,,2019/03/16,null,contentbox,box
79,,2019/03/17,1,contentbox,box
80,,2019/03/18,null,contentbox,box
81,,2019/03/19,null,contentbox,box
82,,2019/03/20,null,contentbox,box
83,,2019/03/21,null,contentbox,box
84,,2019/03/22,null,contentbox,box
85,,2019/03/23,null,contentbox,box
86,,2019/03/24,null,contentbox,box
87,,2019/03/25,null,contentbox,box
88,,2019/03/26,null,contentbox,box
89,,2019/03/27,null,contentbox,box
90,,2019/03/28,1,contentbox,box
91,,2019/03/29,null,contentbox,box
92,,2019/03/30,null,contentbox,box
93,,2019/03/31,1,contentbox,box
94,,2019/04/01,null,contentbox,box
95,,2019/04/02,null,contentbox,box
96,,2019/04/03,null,contentbox,box
97,,2019/04/04,null,contentbox,box
98,,2019/04/05,1,contentbox,box
99,,2019/04/06,null,contentbox,box
100,,2019/04/07,null,contentbox,box
101,,2019/04/08,null,contentbox,box
102,,2019/04/09,4,contentbox,box
103,,2019/04/10,null,contentbox,box
104,,2019/04/11,null,contentbox,box
105,,2019/04/12,null,contentbox,box
106,,2019/04/13,null,contentbox,box
107,,2019/04/14,2,contentbox,box
108,,2019/04/15,null,contentbox,box
109,,2019/04/16,null,contentbox,box
110,,2019/04/17,null,contentbox,box
111,,2019/04/18,null,contentbox,box
112,,2019/04/19,null,contentbox,box
113,,2019/04/20,null,contentbox,box
114,,2019/04/21,null,contentbox,box
115,,2019/04/22,null,contentbox,box
116,,2019/04/23,null,contentbox,box
117,,2019/04/24,null,contentbox,box
118,,2019/04/25,null,contentbox,box
119,,2019/04/26,null,contentbox,box
120,,2019/04/27,null,contentbox,box
121,,2019/04/28,null,contentbox,box
122,,2019/04/29,null,contentbox,box
123,,2019/04/30,null,contentbox,box
124,,2019/05/01,1,contentbox,box
125,,2019/05/02,null,contentbox,box
126,,2019/05/03,6,contentbox,box
127,,2019/05/04,null,contentbox,box
128,,2019/05/05,null,contentbox,box
129,,2019/05/06,null,contentbox,box
130,,2019/05/07,null,contentbox,box
131,,2019/05/08,null,contentbox,box
132,,2019/05/09,null,contentbox,box
133,,2019/05/10,null,contentbox,box
134,,2019/05/11,null,contentbox,box
135,,2019/05/12,null,contentbox,box
136,,2019/05/13,null,contentbox,box
137,,2019/05/14,null,contentbox,box
138,,2019/05/15,null,contentbox,box
139,,2019/05/16,null,contentbox,box
140,,2019/05/17,null,contentbox,box
141,,2019/05/18,null,contentbox,box
142,,2019/05/19,null,contentbox,box
143,,2019/05/20,null,contentbox,box
144,,2019/05/21,null,contentbox,box
145,,2019/05/22,null,contentbox,box
146,,2019/05/23,null,contentbox,box
147,,2019/05/24,null,contentbox,box
148,,2019/05/25,null,contentbox,box
149,,2019/05/26,null,contentbox,box
150,,2019/05/27,null,contentbox,box
151,,2019/05/28,null,contentbox,box
152,,2019/05/29,null,contentbox,box
153,,2019/05/30,null,contentbox,box
154,,2019/05/31,null,contentbox,box
155,,2019/06/01,null,contentbox,box
156,,2019/06/02,null,contentbox,box
157,,2019/06/03,null,contentbox,box
158,,2019/06/04,null,contentbox,box
159,,2019/06/05,null,contentbox,box
160,,2019/06/06,null,contentbox,box
161,,2019/06/07,null,contentbox,box
162,,2019/06/08,null,contentbox,box
163,,2019/06/09,null,contentbox,box
164,,2019/06/10,null,contentbox,box
165,,2019/06/11,null,contentbox,box
166,,2019/06/12,null,contentbox,box
167,,2019/06/13,null,contentbox,box
168,,2019/06/14,1,contentbox,box
169,,2019/06/15,null,contentbox,box
170,,2019/06/16,null,contentbox,box
171,,2019/06/17,null,contentbox,box
172,,2019/06/18,null,contentbox,box
173,,2019/06/19,null,contentbox,box
174,,2019/06/20,null,contentbox,box
175,,2019/06/21,null,contentbox,box
176,,2019/06/22,1,contentbox,box
177,,2019/06/23,null,contentbox,box
178,,2019/06/24,1,contentbox,box
179,,2019/06/25,null,contentbox,box
180,,2019/06/26,2,contentbox,box
181,,2019/06/27,null,contentbox,box
182,,2019/06/28,null,contentbox,box
183,,2019/06/29,2,contentbox,box
184,,2019/06/30,null,contentbox,box
185,,2019/07/01,3,contentbox,box
186,,2019/07/02,null,contentbox,box
187,,2019/07/03,null,contentbox,box
188,,2019/07/04,null,contentbox,box
189,,2019/07/05,null,contentbox,box
190,,2019/07/06,null,contentbox,box
191,,2019/07/07,null,contentbox,box
192,,2019/07/08,null,contentbox,box
193,,2019/07/09,null,contentbox,box
194,,2019/07/10,null,contentbox,box
195,,2019/07/11,null,contentbox,box
196,,2019/07/12,null,contentbox,box
197,,2019/07/13,null,contentbox,box
198,,2019/07/14,null,contentbox,box
199,,2019/07/15,null,contentbox,box
200,,2019/07/16,null,contentbox,box
201,,2019/07/17,null,contentbox,box
202,,2019/07/18,null,contentbox,box
203,,2019/07/19,null,contentbox,box
204,,2019/07/20,null,contentbox,box
205,,2019/07/21,null,contentbox,box
206,,2019/07/22,null,contentbox,box
207,,2019/07/23,null,contentbox,box
208,,2019/07/24,null,contentbox,box
209,,2019/07/25,null,contentbox,box
210,,2019/07/26,null,contentbox,box
211,,2019/07/27,null,contentbox,box
212,,2019/07/28,null,contentbox,box
213,,2019/07/29,null,contentbox,box
214,,2019/07/30,null,contentbox,box
215,,2019/07/31,null,contentbox,box
216,,2019/08/01,null,contentbox,box
217,,2019/08/02,null,contentbox,box
218,,2019/08/03,1,contentbox,box
219,,2019/08/04,null,contentbox,box
220,,2019/08/05,null,contentbox,box
221,,2019/08/06,1,contentbox,box
222,,2019/08/07,null,contentbox,box
223,,2019/08/08,null,contentbox,box
224,,2019/08/09,null,contentbox,box
225,,2019/08/10,null,contentbox,box
226,,2019/08/11,null,contentbox,box
227,,2019/08/12,null,contentbox,box
228,,2019/08/13,1,contentbox,box
229,,2019/08/14,1,contentbox,box
230,,2019/08/15,null,contentbox,box
231,,2019/08/16,null,contentbox,box
232,,2019/08/17,null,contentbox,box
233,,2019/08/18,null,contentbox,box
234,,2019/08/19,null,contentbox,box
235,,2019/08/20,null,contentbox,box
236,,2019/08/21,null,contentbox,box
237,,2019/08/22,1,contentbox,box
238,,2019/08/23,null,contentbox,box
239,,2019/08/24,null,contentbox,box
240,,2019/08/25,null,contentbox,box
241,,2019/08/26,null,contentbox,box
242,,2019/08/27,null,contentbox,box
243,,2019/08/28,1,contentbox,box
244,,2019/08/29,null,contentbox,box
245,,2019/08/30,null,contentbox,box
246,,2019/08/31,null,contentbox,box
247,,2019/09/01,null,contentbox,box
248,,2019/09/02,null,contentbox,box
249,,2019/09/03,null,contentbox,box
250,,2019/09/04,null,contentbox,box
251,,2019/09/05,null,contentbox,box
252,,2019/09/06,null,contentbox,box
253,,2019/09/07,null,contentbox,box
254,,2019/09/08,null,contentbox,box
255,,2019/09/09,null,contentbox,box
256,,2019/09/10,null,contentbox,box
257,,2019/09/11,null,contentbox,box
258,,2019/09/12,null,contentbox,box
259,,2019/09/13,1,contentbox,box
260,,2019/09/14,null,contentbox,box
261,,2019/09/15,null,contentbox,box
262,,2019/09/16,null,contentbox,box
263,,2019/09/17,null,contentbox,box
264,,2019/09/18,null,contentbox,box
265,,2019/09/19,null,contentbox,box
266,,2019/09/20,null,contentbox,box
267,,2019/09/21,null,contentbox,box
268,,2019/09/22,null,contentbox,box
269,,2019/09/23,null,contentbox,box
270,,2019/09/24,null,contentbox,box
271,,2019/09/25,null,contentbox,box
272,,2019/09/26,null,contentbox,box
273,,2019/09/27,null,contentbox,box
274,,2019/09/28,null,contentbox,box
275,,2019/09/29,null,contentbox,box
276,,2019/09/30,null,contentbox,box
277,,2019/10/01,null,contentbox,box
278,,2019/10/02,null,contentbox,box
279,,2019/10/03,null,contentbox,box
280,,2019/10/04,null,contentbox,box
281,,2019/10/05,null,contentbox,box
282,,2019/10/06,null,contentbox,box
283,,2019/10/07,null,contentbox,box
284,,2019/10/08,null,contentbox,box
285,,2019/10/09,null,contentbox,box
286,,2019/10/10,null,contentbox,box
287,,2019/10/11,null,contentbox,box
288,,2019/10/12,null,contentbox,box
289,,2019/10/13,null,contentbox,box
290,,2019/10/14,null,contentbox,box
291,,2019/10/15,null,contentbox,box
292,,2019/10/16,null,contentbox,box
293,,2019/10/17,null,contentbox,box
294,,2019/10/18,null,contentbox,box
295,,2019/10/19,null,contentbox,box
296,,2019/10/20,null,contentbox,box
297,,2019/10/21,null,contentbox,box
298,,2019/10/22,null,contentbox,box
299,,2019/10/23,null,contentbox,box
300,,2019/10/24,null,contentbox,box
301,,2019/10/25,null,contentbox,box
302,,2019/10/26,null,contentbox,box
303,,2019/10/27,null,contentbox,box
304,,2019/10/28,null,contentbox,box
305,,2019/10/29,null,contentbox,box
306,,2019/10/30,null,contentbox,box
307,,2019/10/31,null,contentbox,box
308,,2019/11/01,null,contentbox,box
309,,2019/11/02,null,contentbox,box
310,,2019/11/03,null,contentbox,box
311,,2019/11/04,null,contentbox,box
312,,2019/11/05,null,contentbox,box
313,,2019/11/06,null,contentbox,box
314,,2019/11/07,null,contentbox,box
315,,2019/11/08,null,contentbox,box
316,,2019/11/09,null,contentbox,box
317,,2019/11/10,null,contentbox,box
318,,2019/11/11,null,contentbox,box
319,,2019/11/12,null,contentbox,box
320,,2019/11/13,null,contentbox,box
321,,2019/11/14,null,contentbox,box
322,,2019/11/15,null,contentbox,box
323,,2019/11/16,null,contentbox,box
324,,2019/11/17,null,contentbox,box
325,,2019/11/18,null,contentbox,box
326,,2019/11/19,null,contentbox,box
327,,2019/11/20,null,contentbox,box
328,,2019/11/21,null,contentbox,box
329,,2019/11/22,null,contentbox,box
330,,2019/11/23,null,contentbox,box
331,,2019/11/24,null,contentbox,box
332,,2019/11/25,null,contentbox,box
333,,2019/11/26,null,contentbox,box
334,,2019/11/27,null,contentbox,box
335,,2019/11/28,null,contentbox,box
336,,2019/11/29,null,contentbox,box
337,,2019/11/30,null,contentbox,box
338,,2019/12/01,null,contentbox,box
339,,2019/12/02,null,contentbox,box
340,,2019/12/03,null,contentbox,box
341,,2019/12/04,null,contentbox,box
342,,2019/12/05,null,contentbox,box
343,,2019/12/06,null,contentbox,box
344,,2019/12/07,null,contentbox,box
345,,2019/12/08,null,contentbox,box
346,,2019/12/09,null,contentbox,box
347,,2019/12/10,null,contentbox,box
348,,2019/12/11,null,contentbox,box
349,,2019/12/12,null,contentbox,box
350,,2019/12/13,null,contentbox,box
351,,2019/12/14,null,contentbox,box
352,,2019/12/15,null,contentbox,box
353,,2019/12/16,7,contentbox,box
354,,2019/12/17,null,contentbox,box
355,,2019/12/18,null,contentbox,box
356,,2019/12/19,null,contentbox,box
357,,2019/12/20,null,contentbox,box
358,,2019/12/21,null,contentbox,box
359,,2019/12/22,null,contentbox,box
360,,2019/12/23,null,contentbox,box
361,,2019/12/24,null,contentbox,box
362,,2019/12/25,null,contentbox,box
363,,2019/12/26,null,contentbox,box
364,,2019/12/27,null,contentbox,box
365,,2019/12/28,null,contentbox,box
366,,2019/12/29,null,contentbox,box
367,,2019/12/30,null,contentbox,box
368,,2019/12/31,null,contentbox,box
369,,2020/01/01,null,contentbox,box
370,,2020/01/02,null,contentbox,box
371,,2020/01/03,null,contentbox,box
372,,2020/01/04,null,contentbox,box
373,,2020/01/05,null,contentbox,box
374,,2020/01/06,null,contentbox,box
375,,2020/01/07,null,contentbox,box
376,,2020/01/08,null,contentbox,box
377,,2020/01/09,null,contentbox,box
378,,2020/01/10,null,contentbox,box
379,,2020/01/11,null,contentbox,box
380,,2020/01/12,null,contentbox,box
381,,2020/01/13,null,contentbox,box
382,,2020/01/14,null,contentbox,box
383,,2020/01/15,null,contentbox,box
384,,2020/01/16,null,contentbox,box
385,,2020/01/17,null,contentbox,box
386,,2020/01/18,null,contentbox,box
387,,2020/01/19,null,contentbox,box
388,,2020/01/20,null,contentbox,box
389,,2020/01/21,null,contentbox,box
390,,2020/01/22,null,contentbox,box
391,,2020/01/23,null,contentbox,box
392,,2020/01/24,null,contentbox,box
393,,2020/01/25,null,contentbox,box
394,,2020/01/26,null,contentbox,box
395,,2020/01/27,null,contentbox,box
396,,2020/01/28,null,contentbox,box
397,,2020/01/29,null,contentbox,box
398,,2020/01/30,null,contentbox,box
399,,2020/01/31,null,contentbox,box
400,,2020/02/01,null,contentbox,box
401,,2020/02/02,null,contentbox,box
402,,2020/02/03,null,contentbox,box
403,,2020/02/04,null,contentbox,box
404,,2020/02/05,null,contentbox,box
405,,2020/02/06,null,contentbox,box
406,,2020/02/07,null,contentbox,box
407,,2020/02/08,null,contentbox,box
408,,2020/02/09,null,contentbox,box
409,,2020/02/10,null,contentbox,box
410,,2020/02/11,null,contentbox,box
411,,2020/02/12,null,contentbox,box
412,,2020/02/13,null,contentbox,box
413,,2020/02/14,null,contentbox,box
414,,2020/02/15,null,contentbox,box
415,,2020/02/16,null,contentbox,box
416,,2020/02/17,null,contentbox,box
417,,2020/02/18,null,contentbox,box
418,,2020/02/19,null,contentbox,box
419,,2020/02/20,null,contentbox,box
420,,2020/02/21,null,contentbox,box
421,,2020/02/22,null,contentbox,box
422,,2020/02/23,null,contentbox,box
423,,2020/02/24,null,contentbox,box
424,,2020/02/25,null,contentbox,box
425,,2020/02/26,null,contentbox,box
426,,2020/02/27,null,contentbox,box
427,,2020/02/28,null,contentbox,box
428,,2020/02/29,null,contentbox,box
429,,2020/03/01,null,contentbox,box
430,,2020/03/02,null,contentbox,box
431,,2020/03/03,null,contentbox,box
432,,2020/03/04,null,contentbox,box
433,,2020/03/05,null,contentbox,box
434,,2020/03/06,null,contentbox,box
435,,2020/03/07,null,contentbox,box
436,,2020/03/08,null,contentbox,box
437,,2020/03/09,null,contentbox,box
438,,2020/03/10,null,contentbox,box
439,,2020/03/11,null,contentbox,box
440,,2020/03/12,null,contentbox,box
441,,2020/03/13,null,contentbox,box
442,,2020/03/14,null,contentbox,box
443,,2020/03/15,null,contentbox,box
444,,2020/03/16,null,contentbox,box
445,,2020/03/17,null,contentbox,box
446,,2020/03/18,null,contentbox,box
447,,2020/03/19,null,contentbox,box
448,,2020/03/20,null,contentbox,box
449,,2020/03/21,null,contentbox,box
450,,2020/03/22,null,contentbox,box
451,,2020/03/23,null,contentbox,box
452,,2020/03/24,null,contentbox,box
453,,2020/03/25,null,contentbox,box
454,,2020/03/26,null,contentbox,box
455,,2020/03/27,null,contentbox,box
456,,2020/03/28,null,contentbox,box
457,,2020/03/29,null,contentbox,box
458,,2020/03/30,null,contentbox,box
459,,2020/03/31,null,contentbox,box
460,,2020/04/01,null,contentbox,box
461,,2020/04/02,3,contentbox,box
462,,2020/04/03,null,contentbox,box
463,,2020/04/04,null,contentbox,box
464,,2020/04/05,null,contentbox,box
465,,2020/04/06,null,contentbox,box
466,,2020/04/07,null,contentbox,box
467,,2020/04/08,null,contentbox,box
468,,2020/04/09,null,contentbox,box
469,,2020/04/10,null,contentbox,box
470,,2020/04/11,null,contentbox,box
471,,2020/04/12,null,contentbox,box
472,,2020/04/13,null,contentbox,box
473,,2020/04/14,null,contentbox,box
474,,2020/04/15,null,contentbox,box
475,,2020/04/16,null,contentbox,box
476,,2020/04/17,null,contentbox,box
477,,2020/04/18,null,contentbox,box
478,,2020/04/19,null,contentbox,box
479,,2020/04/20,null,contentbox,box
480,,2020/04/21,null,contentbox,box
481,,2020/04/22,1,contentbox,box
482,,2020/04/23,null,contentbox,box
483,,2020/04/24,null,contentbox,box
484,,2020/04/25,null,contentbox,box
485,,2020/04/26,null,contentbox,box
486,,2020/04/27,null,contentbox,box
487,,2020/04/28,null,contentbox,box
488,,2020/04/29,null,contentbox,box
489,,2020/04/30,null,contentbox,box
490,,2020/05/01,null,contentbox,box
491,,2020/05/02,null,contentbox,box
492,,2020/05/03,null,contentbox,box
493,,2020/05/04,null,contentbox,box
494,,2020/05/05,null,contentbox,box
495,,2020/05/06,null,contentbox,box
496,,2020/05/07,null,contentbox,box
497,,2020/05/08,null,contentbox,box
498,,2020/05/09,null,contentbox,box
499,,2020/05/10,null,contentbox,box
500,,2020/05/11,null,contentbox,box
501,,2020/05/12,null,contentbox,box
502,,2020/05/13,null,contentbox,box
503,,2020/05/14,null,contentbox,box
504,,2020/05/15,null,contentbox,box
505,,2020/05/16,null,contentbox,box
506,,2020/05/17,null,contentbox,box
507,,2020/05/18,null,contentbox,box
508,,2020/05/19,null,contentbox,box
509,,2020/05/20,null,contentbox,box
510,,2020/05/21,null,contentbox,box
511,,2020/05/22,null,contentbox,box
512,,2020/05/23,null,contentbox,box
513,,2020/05/24,null,contentbox,box
514,,2020/05/25,null,contentbox,box
515,,2020/05/26,null,contentbox,box
516,,2020/05/27,null,contentbox,box
517,,2020/05/28,null,contentbox,box
518,,2020/05/29,null,contentbox,box
519,,2020/05/30,null,contentbox,box
520,,2020/05/31,null,contentbox,box
521,,2020/06/01,null,contentbox,box
522,,2020/06/02,null,contentbox,box
523,,2020/06/03,null,contentbox,box
524,,2020/06/04,null,contentbox,box
525,,2020/06/05,null,contentbox,box
526,,2020/06/06,null,contentbox,box
527,,2020/06/07,null,contentbox,box
528,,2020/06/08,null,contentbox,box
529,,2020/06/09,null,contentbox,box
530,,2020/06/10,null,contentbox,box
531,,2020/06/11,null,contentbox,box
532,,2020/06/12,null,contentbox,box
533,,2020/06/13,null,contentbox,box
534,,2020/06/14,null,contentbox,box
535,,2020/06/15,null,contentbox,box
536,,2020/06/16,null,contentbox,box
537,,2020/06/17,null,contentbox,box
538,,2020/06/18,null,contentbox,box
539,,2020/06/19,null,contentbox,box
540,,2020/06/20,null,contentbox,box
541,,2020/06/21,1,contentbox,box
542,,2020/06/22,1,contentbox,box
543,,2020/06/23,null,contentbox,box
544,,2020/06/24,2,contentbox,box
545,,2020/06/25,null,contentbox,box
546,,2020/06/26,1,contentbox,box
547,,2020/06/27,1,contentbox,box
548,,2020/06/28,null,contentbox,box
549,,2020/06/29,null,contentbox,box
550,,2020/06/30,null,contentbox,box
551,,2020/07/01,null,contentbox,box
552,,2020/07/02,null,contentbox,box
553,,2020/07/03,null,contentbox,box
554,,2020/07/04,null,contentbox,box
555,,2020/07/05,null,contentbox,box
556,,2020/07/06,null,contentbox,box
557,,2020/07/07,null,contentbox,box
558,,2020/07/08,null,contentbox,box
559,,2020/07/09,null,contentbox,box
560,,2020/07/10,null,contentbox,box
561,,2020/07/11,null,contentbox,box
562,,2020/07/12,null,contentbox,box
563,,2020/07/13,1,contentbox,box
564,,2020/07/14,null,contentbox,box
565,,2020/07/15,null,contentbox,box
566,,2020/07/16,null,contentbox,box
567,,2020/07/17,null,contentbox,box
568,,2020/07/18,null,contentbox,box
569,,2020/07/19,null,contentbox,box
570,,2020/07/20,null,contentbox,box
571,,2020/07/21,null,contentbox,box
572,,2020/07/22,null,contentbox,box
573,,2020/07/23,null,contentbox,box
574,,2020/07/24,null,contentbox,box
575,,2020/07/25,null,contentbox,box
576,,2020/07/26,null,contentbox,box
577,,2020/07/27,null,contentbox,box
578,,2020/07/28,null,contentbox,box
579,,2020/07/29,null,contentbox,box
580,,2020/07/30,null,contentbox,box
581,,2020/07/31,null,contentbox,box
582,,2020/08/01,null,contentbox,box
583,,2020/08/02,null,contentbox,box
584,,2020/08/03,null,contentbox,box
585,,2020/08/04,null,contentbox,box
586,,2020/08/05,null,contentbox,box
587,,2020/08/06,null,contentbox,box
588,,2020/08/07,null,contentbox,box
589,,2020/08/08,null,contentbox,box
590,,2020/08/09,null,contentbox,box
591,,2020/08/10,null,contentbox,box
592,,2020/08/11,null,contentbox,box
593,,2020/08/12,null,contentbox,box
594,,2020/08/13,null,contentbox,box
595,,2020/08/14,null,contentbox,box
596,,2020/08/15,null,contentbox,box
597,,2020/08/16,null,contentbox,box
598,,2020/08/17,null,contentbox,box
599,,2020/08/18,null,contentbox,box
600,,2020/08/19,null,contentbox,box
601,,2020/08/20,null,contentbox,box
602,,2020/08/21,null,contentbox,box
603,,2020/08/22,null,contentbox,box
604,,2020/08/23,null,contentbox,box
605,,2020/08/24,null,contentbox,box
606,,2020/08/25,null,contentbox,box
607,,2020/08/26,null,contentbox,box
608,,2020/08/27,null,contentbox,box
609,,2020/08/28,null,contentbox,box
610,,2020/08/29,null,contentbox,box
611,,2020/08/30,null,contentbox,box
612,,2020/08/31,null,contentbox,box
613,,2020/09/01,null,contentbox,box
614,,2020/09/02,null,contentbox,box
615,,2020/09/03,null,contentbox,box
616,,2020/09/04,null,contentbox,box
617,,2020/09/05,null,contentbox,box
618,,2020/09/06,null,contentbox,box
619,,2020/09/07,null,contentbox,box
620,,2020/09/08,null,contentbox,box
621,,2020/09/09,null,contentbox,box
622,,2020/09/10,null,contentbox,box
623,,2020/09/11,null,contentbox,box
624,,2020/09/12,null,contentbox,box
625,,2020/09/13,null,contentbox,box
626,,2020/09/14,null,contentbox,box
627,,2020/09/15,null,contentbox,box
628,,2020/09/16,1,contentbox,box
629,,2020/09/17,null,contentbox,box
630,,2020/09/18,null,contentbox,box
631,,2020/09/19,null,contentbox,box
632,,2020/09/20,null,contentbox,box
633,,2020/09/21,1,contentbox,box
634,,2020/09/22,null,contentbox,box
635,,2020/09/23,null,contentbox,box
636,,2020/09/24,null,contentbox,box
637,,2020/09/25,null,contentbox,box
638,,2020/09/26,null,contentbox,box
639,,2020/09/27,null,contentbox,box
640,,2020/09/28,null,contentbox,box
641,,2020/09/29,null,contentbox,box
642,,2020/09/30,null,contentbox,box
643,,2020/10/01,null,contentbox,box
644,,2020/10/02,null,contentbox,box
645,,2020/10/03,null,contentbox,box
646,,2020/10/04,null,contentbox,box
647,,2020/10/05,null,contentbox,box
648,,2020/10/06,null,contentbox,box
649,,2020/10/07,null,contentbox,box
650,,2020/10/08,null,contentbox,box
651,,2020/10/09,null,contentbox,box
652,,2020/10/10,null,contentbox,box
653,,2020/10/11,null,contentbox,box
654,,2020/10/12,null,contentbox,box
655,,2020/10/13,null,contentbox,box
656,,2020/10/14,null,contentbox,box
657,,2020/10/15,null,contentbox,box
658,,2020/10/16,1,contentbox,box
659,,2020/10/17,null,contentbox,box
660,,2020/10/18,null,contentbox,box
661,,2020/10/19,null,contentbox,box
662,,2020/10/20,null,contentbox,box
663,,2020/10/21,null,contentbox,box
664,,2020/10/22,null,contentbox,box
665,,2020/10/23,null,contentbox,box
666,,2020/10/24,null,contentbox,box
667,,2020/10/25,null,contentbox,box
668,,2020/10/26,3,contentbox,box
669,,2020/10/27,1,contentbox,box
670,,2020/10/28,null,contentbox,box
671,,2020/10/29,1,contentbox,box
672,,2020/10/30,3,contentbox,box
673,,2020/10/31,null,contentbox,box
674,,2020/11/01,null,contentbox,box
675,,2020/11/02,1,contentbox,box
676,,2020/11/03,1,contentbox,box
677,,2020/11/04,null,contentbox,box
678,,2020/11/05,null,contentbox,box
679,,2020/11/06,1,contentbox,box
680,,2020/11/07,null,contentbox,box
681,,2020/11/08,null,contentbox,box
682,,2020/11/09,null,contentbox,box
683,,2020/11/10,null,contentbox,box
684,,2020/11/11,null,contentbox,box
685,,2020/11/12,null,contentbox,box
686,,2020/11/13,null,contentbox,box
687,,2020/11/14,null,contentbox,box
688,,2020/11/15,null,contentbox,box
689,,2020/11/16,null,contentbox,box
690,,2020/11/17,null,contentbox,box
691,,2020/11/18,null,contentbox,box
692,,2020/11/19,null,contentbox,box
693,,2020/11/20,null,contentbox,box
694,,2020/11/21,null,contentbox,box
695,,2020/11/22,null,contentbox,box
696,,2020/11/23,1,contentbox,box
697,,2020/11/24,null,contentbox,box
698,,2020/11/25,null,contentbox,box
699,,2020/11/26,null,contentbox,box
700,,2020/11/27,1,contentbox,box
701,,2020/11/28,null,contentbox,box
702,,2020/11/29,null,contentbox,box
703,,2020/11/30,null,contentbox,box
704,,2020/12/01,null,contentbox,box
705,,2020/12/02,null,contentbox,box
706,,2020/12/03,null,contentbox,box
707,,2020/12/04,null,contentbox,box
708,,2020/12/05,null,contentbox,box
709,,2020/12/06,null,contentbox,box
710,,2020/12/07,null,contentbox,box
711,,2020/12/08,null,contentbox,box
712,,2020/12/09,null,contentbox,box
713,,2020/12/10,null,contentbox,box
714,,2020/12/11,null,contentbox,box
715,,2020/12/12,null,contentbox,box
716,,2020/12/13,null,contentbox,box
717,,2020/12/14,null,contentbox,box
718,,2020/12/15,null,contentbox,box
719,,2020/12/16,null,contentbox,box
720,,2020/12/17,null,contentbox,box
721,,2020/12/18,null,contentbox,box
722,,2020/12/19,null,contentbox,box
723,,2020/12/20,null,contentbox,box
724,,2020/12/21,1,contentbox,box
725,,2020/12/22,null,contentbox,box
726,,2020/12/23,null,contentbox,box
727,,2020/12/24,null,contentbox,box
728,,2020/12/25,null,contentbox,box
729,,2020/12/26,null,contentbox,box
730,,2020/12/27,null,contentbox,box
731,,2020/12/28,null,contentbox,box
732,,2020/12/29,null,contentbox,box
733,,2020/12/30,null,contentbox,box
734,,2020/12/31,null,contentbox,box
735,,2021/01/01,null,contentbox,box
736,,2021/01/02,3,contentbox,box
737,,2021/01/03,null,contentbox,box
738,,2021/01/04,null,contentbox,box
739,,2021/01/05,null,contentbox,box
740,,2021/01/06,null,contentbox,box
741,,2021/01/07,null,contentbox,box
742,,2021/01/08,1,contentbox,box
743,,2021/01/09,null,contentbox,box
744,,2021/01/10,null,contentbox,box
745,,2021/01/11,null,contentbox,box
746,,2021/01/12,null,contentbox,box
747,,2021/01/13,1,contentbox,box
748,,2021/01/14,null,contentbox,box
749,,2021/01/15,null,contentbox,box
750,,2021/01/16,null,contentbox,box
751,,2021/01/17,null,contentbox,box
752,,2021/01/18,null,contentbox,box
753,,2021/01/19,null,contentbox,box
754,,2021/01/20,null,contentbox,box
755,,2021/01/21,null,contentbox,box
756,,2021/01/22,null,contentbox,box
757,,2021/01/23,null,contentbox,box
758,,2021/01/24,null,contentbox,box
759,,2021/01/25,null,contentbox,box
760,,2021/01/26,1,contentbox,box
761,,2021/01/27,null,contentbox,box
762,,2021/01/28,null,contentbox,box
763,,2021/01/29,null,contentbox,box
764,,2021/01/30,null,contentbox,box
765,,2021/01/31,null,contentbox,box
766,,2021/02/01,null,contentbox,box
767,,2021/02/02,null,contentbox,box
768,,2021/02/03,null,contentbox,box
769,,2021/02/04,null,contentbox,box
770,,2021/02/05,null,contentbox,box
771,,2021/02/06,null,contentbox,box
772,,2021/02/07,null,contentbox,box
773,,2021/02/08,null,contentbox,box
774,,2021/02/09,null,contentbox,box
775,,2021/02/10,null,contentbox,box
776,,2021/02/11,null,contentbox,box
777,,2021/02/12,null,contentbox,box
778,,2021/02/13,null,contentbox,box
779,,2021/02/14,null,contentbox,box
780,,2021/02/15,null,contentbox,box
781,,2021/02/16,null,contentbox,box
782,,2021/02/17,null,contentbox,box
783,,2021/02/18,null,contentbox,box
784,,2021/02/19,null,contentbox,box
785,,2021/02/20,null,contentbox,box
786,,2021/02/21,null,contentbox,box
787,,2021/02/22,null,contentbox,box
788,,2021/02/23,null,contentbox,box
789,,2021/02/24,null,contentbox,box
790,,2021/02/25,null,contentbox,box
791,,2021/02/26,null,contentbox,box
792,,2021/02/27,null,contentbox,box
793,,2021/02/28,1,contentbox,box
794,,2021/03/01,null,contentbox,box
795,,2021/03/02,null,contentbox,box
796,,2021/03/03,null,contentbox,box
797,,2021/03/04,null,contentbox,box
798,,2021/03/05,null,contentbox,box
799,,2021/03/06,null,contentbox,box
800,,2021/03/07,null,contentbox,box
801,,2021/03/08,null,contentbox,box
802,,2021/03/09,null,contentbox,box
803,,2021/03/10,null,contentbox,box
804,,2021/03/11,null,contentbox,box
805,,2021/03/12,2,contentbox,box
806,,2021/03/13,null,contentbox,box
807,,2021/03/14,null,contentbox,box
808,,2021/03/15,null,contentbox,box
809,,2021/03/16,null,contentbox,box
810,,2021/03/17,null,contentbox,box
811,,2021/03/18,null,contentbox,box
812,,2021/03/19,null,contentbox,box
813,,2021/03/20,1,contentbox,box
814,,2021/03/21,null,contentbox,box
815,,2021/03/22,null,contentbox,box
816,,2021/03/23,null,contentbox,box
817,,2021/03/24,null,contentbox,box
818,,2021/03/25,null,contentbox,box
819,,2021/03/26,null,contentbox,box
820,,2021/03/27,null,contentbox,box
821,,2021/03/28,null,contentbox,box
822,,2021/03/29,null,contentbox,box
823,,2021/03/30,1,contentbox,box
824,,2021/03/31,null,contentbox,box
825,,2021/04/01,null,contentbox,box
826,,2021/04/02,null,contentbox,box
827,,2021/04/03,null,contentbox,box
828,,2021/04/04,null,contentbox,box
829,,2021/04/05,null,contentbox,box
830,,2021/04/06,null,contentbox,box
831,,2021/04/07,null,contentbox,box
832,,2021/04/08,null,contentbox,box
833,,2021/04/09,null,contentbox,box
834,,2021/04/10,null,contentbox,box
835,,2021/04/11,null,contentbox,box
836,,2021/04/12,null,contentbox,box
837,,2021/04/13,null,contentbox,box
838,,2021/04/14,null,contentbox,box
839,,2021/04/15,null,contentbox,box
840,,2021/04/16,null,contentbox,box
841,,2021/04/17,null,contentbox,box
842,,2021/04/18,null,contentbox,box
843,,2021/04/19,null,contentbox,box
844,,2021/04/20,null,contentbox,box
845,,2021/04/21,null,contentbox,box
846,,2021/04/22,null,contentbox,box
847,,2021/04/23,null,contentbox,box
848,,2021/04/24,null,contentbox,box
849,,2021/04/25,null,contentbox,box
850,,2021/04/26,3,contentbox,box
851,,2021/04/27,null,contentbox,box
852,,2021/04/28,2,contentbox,box
853,,2021/04/29,2,contentbox,box
854,,2021/04/30,null,contentbox,box
855,,2021/05/01,null,contentbox,box
856,,2021/05/02,null,contentbox,box
857,,2021/05/03,null,contentbox,box
858,,2021/05/04,null,contentbox,box
859,,2021/05/05,null,contentbox,box
860,,2021/05/06,null,contentbox,box
861,,2021/05/07,null,contentbox,box
862,,2021/05/08,null,contentbox,box
863,,2021/05/09,null,contentbox,box
864,,2021/05/10,null,contentbox,box
865,,2021/05/11,null,contentbox,box
866,,2021/05/12,null,contentbox,box
867,,2021/05/13,null,contentbox,box
868,,2021/05/14,null,contentbox,box
869,,2021/05/15,null,contentbox,box
870,,2021/05/16,null,contentbox,box
871,,2021/05/17,null,contentbox,box
872,,2021/05/18,null,contentbox,box
873,,2021/05/19,null,contentbox,box
874,,2021/05/20,null,contentbox,box
875,,2021/05/21,null,contentbox,box
876,,2021/05/22,null,contentbox,box
877,,2021/05/23,null,contentbox,box
878,,2021/05/24,null,contentbox,box
879,,2021/05/25,null,contentbox,box
880,,2021/05/26,null,contentbox,box
881,,2021/05/27,null,contentbox,box
882,,2021/05/28,null,contentbox,box
883,,2021/05/29,null,contentbox,box
884,,2021/05/30,null,contentbox,box
885,,2021/05/31,null,contentbox,box
886,,2021/06/01,null,contentbox,box
887,,2021/06/02,null,contentbox,box
888,,2021/06/03,null,contentbox,box
889,,2021/06/04,null,contentbox,box
890,,2021/06/05,null,contentbox,box
891,,2021/06/06,null,contentbox,box
892,,2021/06/07,null,contentbox,box
893,,2021/06/08,null,contentbox,box
894,,2021/06/09,null,contentbox,box
895,,2021/06/10,null,contentbox,box
896,,2021/06/11,null,contentbox,box
897,,2021/06/12,null,contentbox,box
898,,2021/06/13,null,contentbox,box
899,,2021/06/14,null,contentbox,box
900,,2021/06/15,null,contentbox,box
901,,2021/06/16,null,contentbox,box
902,,2021/06/17,null,contentbox,box
903,,2021/06/18,2,contentbox,box
