,google_trends,date,tweets,full_name,coin
0,,2018/12/07,4,cortex,ctxc
1,,2018/12/08,8,cortex,ctxc
2,,2018/12/09,6,cortex,ctxc
3,,2018/12/10,17,cortex,ctxc
4,,2018/12/11,6,cortex,ctxc
5,,2018/12/12,17,cortex,ctxc
6,,2018/12/13,9,cortex,ctxc
7,,2018/12/14,4,cortex,ctxc
8,,2018/12/15,5,cortex,ctxc
9,,2018/12/16,3,cortex,ctxc
10,,2018/12/17,13,cortex,ctxc
11,,2018/12/18,15,cortex,ctxc
12,,2018/12/19,54,cortex,ctxc
13,,2018/12/20,76,cortex,ctxc
14,,2018/12/21,66,cortex,ctxc
15,,2018/12/22,40,cortex,ctxc
16,,2018/12/23,39,cortex,ctxc
17,,2018/12/24,65,cortex,ctxc
18,,2018/12/25,45,cortex,ctxc
19,,2018/12/26,56,cortex,ctxc
20,,2018/12/27,52,cortex,ctxc
21,,2018/12/28,25,cortex,ctxc
22,,2018/12/29,20,cortex,ctxc
23,,2018/12/30,17,cortex,ctxc
24,,2018/12/31,20,cortex,ctxc
25,,2019/01/01,35,cortex,ctxc
26,,2019/01/02,5,cortex,ctxc
27,,2019/01/03,31,cortex,ctxc
28,,2019/01/04,27,cortex,ctxc
29,,2019/01/05,4,cortex,ctxc
30,,2019/01/06,4,cortex,ctxc
31,,2019/01/07,30,cortex,ctxc
32,,2019/01/08,35,cortex,ctxc
33,,2019/01/09,28,cortex,ctxc
34,,2019/01/10,10,cortex,ctxc
35,,2019/01/11,35,cortex,ctxc
36,,2019/01/12,3,cortex,ctxc
37,,2019/01/13,2,cortex,ctxc
38,,2019/01/14,11,cortex,ctxc
39,,2019/01/15,41,cortex,ctxc
40,,2019/01/16,22,cortex,ctxc
41,,2019/01/17,14,cortex,ctxc
42,,2019/01/18,16,cortex,ctxc
43,,2019/01/19,6,cortex,ctxc
44,,2019/01/20,4,cortex,ctxc
45,,2019/01/21,22,cortex,ctxc
46,,2019/01/22,33,cortex,ctxc
47,,2019/01/23,17,cortex,ctxc
48,,2019/01/24,16,cortex,ctxc
49,,2019/01/25,22,cortex,ctxc
50,,2019/01/26,14,cortex,ctxc
51,,2019/01/27,6,cortex,ctxc
52,,2019/01/28,19,cortex,ctxc
53,,2019/01/29,230,cortex,ctxc
54,,2019/01/30,66,cortex,ctxc
55,,2019/01/31,39,cortex,ctxc
56,,2019/02/01,8,cortex,ctxc
57,,2019/02/02,2,cortex,ctxc
58,,2019/02/03,8,cortex,ctxc
59,,2019/02/04,11,cortex,ctxc
60,,2019/02/05,16,cortex,ctxc
61,,2019/02/06,15,cortex,ctxc
62,,2019/02/07,29,cortex,ctxc
63,,2019/02/08,5,cortex,ctxc
64,,2019/02/09,10,cortex,ctxc
65,,2019/02/10,45,cortex,ctxc
66,,2019/02/11,30,cortex,ctxc
67,,2019/02/12,20,cortex,ctxc
68,,2019/02/13,29,cortex,ctxc
69,,2019/02/14,25,cortex,ctxc
70,,2019/02/15,304,cortex,ctxc
71,,2019/02/16,237,cortex,ctxc
72,,2019/02/17,4,cortex,ctxc
73,,2019/02/18,18,cortex,ctxc
74,,2019/02/19,23,cortex,ctxc
75,,2019/02/20,26,cortex,ctxc
76,,2019/02/21,33,cortex,ctxc
77,,2019/02/22,26,cortex,ctxc
78,,2019/02/23,14,cortex,ctxc
79,,2019/02/24,6,cortex,ctxc
80,,2019/02/25,37,cortex,ctxc
81,,2019/02/26,29,cortex,ctxc
82,,2019/02/27,18,cortex,ctxc
83,,2019/02/28,14,cortex,ctxc
84,,2019/03/01,14,cortex,ctxc
85,,2019/03/02,16,cortex,ctxc
86,,2019/03/03,6,cortex,ctxc
87,,2019/03/04,2,cortex,ctxc
88,,2019/03/05,9,cortex,ctxc
89,,2019/03/06,6,cortex,ctxc
90,,2019/03/07,6,cortex,ctxc
91,,2019/03/08,4,cortex,ctxc
92,,2019/03/09,3,cortex,ctxc
93,,2019/03/10,5,cortex,ctxc
94,,2019/03/11,11,cortex,ctxc
95,,2019/03/12,5,cortex,ctxc
96,,2019/03/13,76,cortex,ctxc
97,,2019/03/14,60,cortex,ctxc
98,,2019/03/15,25,cortex,ctxc
99,,2019/03/16,17,cortex,ctxc
100,,2019/03/17,4,cortex,ctxc
101,,2019/03/18,9,cortex,ctxc
102,,2019/03/19,7,cortex,ctxc
103,,2019/03/20,9,cortex,ctxc
104,,2019/03/21,5,cortex,ctxc
105,,2019/03/22,9,cortex,ctxc
106,,2019/03/23,7,cortex,ctxc
107,,2019/03/24,9,cortex,ctxc
108,,2019/03/25,7,cortex,ctxc
109,,2019/03/26,38,cortex,ctxc
110,,2019/03/27,12,cortex,ctxc
111,,2019/03/28,10,cortex,ctxc
112,,2019/03/29,14,cortex,ctxc
113,,2019/03/30,1,cortex,ctxc
114,,2019/03/31,3,cortex,ctxc
115,,2019/04/01,22,cortex,ctxc
116,,2019/04/02,36,cortex,ctxc
117,,2019/04/03,22,cortex,ctxc
118,,2019/04/04,26,cortex,ctxc
119,,2019/04/05,29,cortex,ctxc
120,,2019/04/06,12,cortex,ctxc
121,,2019/04/07,5,cortex,ctxc
122,,2019/04/08,12,cortex,ctxc
123,,2019/04/09,58,cortex,ctxc
124,,2019/04/10,52,cortex,ctxc
125,,2019/04/11,21,cortex,ctxc
126,,2019/04/12,17,cortex,ctxc
127,,2019/04/13,12,cortex,ctxc
128,,2019/04/14,4,cortex,ctxc
129,,2019/04/15,5,cortex,ctxc
130,,2019/04/16,12,cortex,ctxc
131,,2019/04/17,7,cortex,ctxc
132,,2019/04/18,4,cortex,ctxc
133,,2019/04/19,11,cortex,ctxc
134,,2019/04/20,23,cortex,ctxc
135,,2019/04/21,8,cortex,ctxc
136,,2019/04/22,5,cortex,ctxc
137,,2019/04/23,14,cortex,ctxc
138,,2019/04/24,45,cortex,ctxc
139,,2019/04/25,13,cortex,ctxc
140,,2019/04/26,10,cortex,ctxc
141,,2019/04/27,6,cortex,ctxc
142,,2019/04/28,7,cortex,ctxc
143,,2019/04/29,5,cortex,ctxc
144,,2019/04/30,12,cortex,ctxc
145,,2019/05/01,6,cortex,ctxc
146,,2019/05/02,13,cortex,ctxc
147,,2019/05/03,42,cortex,ctxc
148,,2019/05/04,19,cortex,ctxc
149,,2019/05/05,10,cortex,ctxc
150,,2019/05/06,12,cortex,ctxc
151,,2019/05/07,20,cortex,ctxc
152,,2019/05/08,16,cortex,ctxc
153,,2019/05/09,14,cortex,ctxc
154,,2019/05/10,10,cortex,ctxc
155,,2019/05/11,12,cortex,ctxc
156,,2019/05/12,40,cortex,ctxc
157,,2019/05/13,24,cortex,ctxc
158,,2019/05/14,149,cortex,ctxc
159,,2019/05/15,47,cortex,ctxc
160,,2019/05/16,38,cortex,ctxc
161,,2019/05/17,13,cortex,ctxc
162,,2019/05/18,15,cortex,ctxc
163,,2019/05/19,6,cortex,ctxc
164,,2019/05/20,6,cortex,ctxc
165,,2019/05/21,19,cortex,ctxc
166,,2019/05/22,23,cortex,ctxc
167,,2019/05/23,6,cortex,ctxc
168,,2019/05/24,7,cortex,ctxc
169,,2019/05/25,11,cortex,ctxc
170,,2019/05/26,7,cortex,ctxc
171,,2019/05/27,22,cortex,ctxc
172,,2019/05/28,20,cortex,ctxc
173,,2019/05/29,20,cortex,ctxc
174,,2019/05/30,20,cortex,ctxc
175,,2019/05/31,28,cortex,ctxc
176,,2019/06/01,6,cortex,ctxc
177,,2019/06/02,5,cortex,ctxc
178,,2019/06/03,17,cortex,ctxc
179,,2019/06/04,21,cortex,ctxc
180,,2019/06/05,12,cortex,ctxc
181,,2019/06/06,23,cortex,ctxc
182,,2019/06/07,11,cortex,ctxc
183,,2019/06/08,10,cortex,ctxc
184,,2019/06/09,7,cortex,ctxc
185,,2019/06/10,23,cortex,ctxc
186,,2019/06/11,13,cortex,ctxc
187,,2019/06/12,8,cortex,ctxc
188,,2019/06/13,14,cortex,ctxc
189,,2019/06/14,3,cortex,ctxc
190,,2019/06/15,4,cortex,ctxc
191,,2019/06/16,5,cortex,ctxc
192,,2019/06/17,9,cortex,ctxc
193,,2019/06/18,8,cortex,ctxc
194,,2019/06/19,19,cortex,ctxc
195,,2019/06/20,18,cortex,ctxc
196,,2019/06/21,16,cortex,ctxc
197,,2019/06/22,11,cortex,ctxc
198,,2019/06/23,4,cortex,ctxc
199,,2019/06/24,25,cortex,ctxc
200,,2019/06/25,12,cortex,ctxc
201,,2019/06/26,20,cortex,ctxc
202,,2019/06/27,23,cortex,ctxc
203,,2019/06/28,17,cortex,ctxc
204,,2019/06/29,8,cortex,ctxc
205,,2019/06/30,7,cortex,ctxc
206,,2019/07/01,12,cortex,ctxc
207,,2019/07/02,7,cortex,ctxc
208,,2019/07/03,11,cortex,ctxc
209,,2019/07/04,22,cortex,ctxc
210,,2019/07/05,17,cortex,ctxc
211,,2019/07/06,13,cortex,ctxc
212,,2019/07/07,15,cortex,ctxc
213,,2019/07/08,21,cortex,ctxc
214,,2019/07/09,10,cortex,ctxc
215,,2019/07/10,14,cortex,ctxc
216,,2019/07/11,7,cortex,ctxc
217,,2019/07/12,8,cortex,ctxc
218,,2019/07/13,3,cortex,ctxc
219,,2019/07/14,23,cortex,ctxc
220,,2019/07/15,23,cortex,ctxc
221,,2019/07/16,13,cortex,ctxc
222,,2019/07/17,5,cortex,ctxc
223,,2019/07/18,9,cortex,ctxc
224,,2019/07/19,8,cortex,ctxc
225,,2019/07/20,9,cortex,ctxc
226,,2019/07/21,9,cortex,ctxc
227,,2019/07/22,31,cortex,ctxc
228,,2019/07/23,7,cortex,ctxc
229,,2019/07/24,5,cortex,ctxc
230,,2019/07/25,9,cortex,ctxc
231,,2019/07/26,10,cortex,ctxc
232,,2019/07/27,4,cortex,ctxc
233,,2019/07/28,7,cortex,ctxc
234,,2019/07/29,8,cortex,ctxc
235,,2019/07/30,10,cortex,ctxc
236,,2019/07/31,8,cortex,ctxc
237,,2019/08/01,11,cortex,ctxc
238,,2019/08/02,9,cortex,ctxc
239,,2019/08/03,4,cortex,ctxc
240,,2019/08/04,7,cortex,ctxc
241,,2019/08/05,6,cortex,ctxc
242,,2019/08/06,2,cortex,ctxc
243,,2019/08/07,7,cortex,ctxc
244,,2019/08/08,6,cortex,ctxc
245,,2019/08/09,3,cortex,ctxc
246,,2019/08/10,null,cortex,ctxc
247,,2019/08/11,null,cortex,ctxc
248,,2019/08/12,7,cortex,ctxc
249,,2019/08/13,3,cortex,ctxc
250,,2019/08/14,10,cortex,ctxc
251,,2019/08/15,23,cortex,ctxc
252,,2019/08/16,10,cortex,ctxc
253,,2019/08/17,2,cortex,ctxc
254,,2019/08/18,7,cortex,ctxc
255,,2019/08/19,7,cortex,ctxc
256,,2019/08/20,64,cortex,ctxc
257,,2019/08/21,27,cortex,ctxc
258,,2019/08/22,9,cortex,ctxc
259,,2019/08/23,6,cortex,ctxc
260,,2019/08/24,1,cortex,ctxc
261,,2019/08/25,30,cortex,ctxc
262,,2019/08/26,6,cortex,ctxc
263,,2019/08/27,3,cortex,ctxc
264,,2019/08/28,16,cortex,ctxc
265,,2019/08/29,10,cortex,ctxc
266,,2019/08/30,5,cortex,ctxc
267,,2019/08/31,6,cortex,ctxc
268,,2019/09/01,4,cortex,ctxc
269,,2019/09/02,9,cortex,ctxc
270,,2019/09/03,10,cortex,ctxc
271,,2019/09/04,8,cortex,ctxc
272,,2019/09/05,11,cortex,ctxc
273,,2019/09/06,null,cortex,ctxc
274,,2019/09/07,6,cortex,ctxc
275,,2019/09/08,3,cortex,ctxc
276,,2019/09/09,16,cortex,ctxc
277,,2019/09/10,9,cortex,ctxc
278,,2019/09/11,6,cortex,ctxc
279,,2019/09/12,15,cortex,ctxc
280,,2019/09/13,11,cortex,ctxc
281,,2019/09/14,9,cortex,ctxc
282,,2019/09/15,18,cortex,ctxc
283,,2019/09/16,29,cortex,ctxc
284,,2019/09/17,24,cortex,ctxc
285,,2019/09/18,12,cortex,ctxc
286,,2019/09/19,15,cortex,ctxc
287,,2019/09/20,19,cortex,ctxc
288,,2019/09/21,6,cortex,ctxc
289,,2019/09/22,8,cortex,ctxc
290,,2019/09/23,7,cortex,ctxc
291,,2019/09/24,5,cortex,ctxc
292,,2019/09/25,4,cortex,ctxc
293,,2019/09/26,31,cortex,ctxc
294,,2019/09/27,19,cortex,ctxc
295,,2019/09/28,19,cortex,ctxc
296,,2019/09/29,3,cortex,ctxc
297,,2019/09/30,10,cortex,ctxc
298,,2019/10/01,3,cortex,ctxc
299,,2019/10/02,11,cortex,ctxc
300,,2019/10/03,9,cortex,ctxc
301,,2019/10/04,7,cortex,ctxc
302,,2019/10/05,14,cortex,ctxc
303,,2019/10/06,6,cortex,ctxc
304,,2019/10/07,14,cortex,ctxc
305,,2019/10/08,25,cortex,ctxc
306,,2019/10/09,10,cortex,ctxc
307,,2019/10/10,11,cortex,ctxc
308,,2019/10/11,27,cortex,ctxc
309,,2019/10/12,2,cortex,ctxc
310,,2019/10/13,4,cortex,ctxc
311,,2019/10/14,2,cortex,ctxc
312,,2019/10/15,11,cortex,ctxc
313,,2019/10/16,7,cortex,ctxc
314,,2019/10/17,6,cortex,ctxc
315,,2019/10/18,8,cortex,ctxc
316,,2019/10/19,4,cortex,ctxc
317,,2019/10/20,2,cortex,ctxc
318,,2019/10/21,10,cortex,ctxc
319,,2019/10/22,10,cortex,ctxc
320,,2019/10/23,5,cortex,ctxc
321,,2019/10/24,14,cortex,ctxc
322,,2019/10/25,6,cortex,ctxc
323,,2019/10/26,5,cortex,ctxc
324,,2019/10/27,2,cortex,ctxc
325,,2019/10/28,6,cortex,ctxc
326,,2019/10/29,4,cortex,ctxc
327,,2019/10/30,3,cortex,ctxc
328,,2019/10/31,5,cortex,ctxc
329,,2019/11/01,4,cortex,ctxc
330,,2019/11/02,6,cortex,ctxc
331,,2019/11/03,4,cortex,ctxc
332,,2019/11/04,18,cortex,ctxc
333,,2019/11/05,31,cortex,ctxc
334,,2019/11/06,19,cortex,ctxc
335,,2019/11/07,13,cortex,ctxc
336,,2019/11/08,8,cortex,ctxc
337,,2019/11/09,4,cortex,ctxc
338,,2019/11/10,3,cortex,ctxc
339,,2019/11/11,9,cortex,ctxc
340,,2019/11/12,7,cortex,ctxc
341,,2019/11/13,33,cortex,ctxc
342,,2019/11/14,14,cortex,ctxc
343,,2019/11/15,17,cortex,ctxc
344,,2019/11/16,41,cortex,ctxc
345,,2019/11/17,24,cortex,ctxc
346,,2019/11/18,27,cortex,ctxc
347,,2019/11/19,20,cortex,ctxc
348,,2019/11/20,29,cortex,ctxc
349,,2019/11/21,19,cortex,ctxc
350,,2019/11/22,23,cortex,ctxc
351,,2019/11/23,10,cortex,ctxc
352,,2019/11/24,59,cortex,ctxc
353,,2019/11/25,411,cortex,ctxc
354,,2019/11/26,84,cortex,ctxc
355,,2019/11/27,124,cortex,ctxc
356,,2019/11/28,53,cortex,ctxc
357,,2019/11/29,59,cortex,ctxc
358,,2019/11/30,44,cortex,ctxc
359,,2019/12/01,9,cortex,ctxc
360,,2019/12/02,14,cortex,ctxc
361,,2019/12/03,12,cortex,ctxc
362,,2019/12/04,15,cortex,ctxc
363,,2019/12/05,31,cortex,ctxc
364,,2019/12/06,20,cortex,ctxc
365,,2019/12/07,7,cortex,ctxc
366,,2019/12/08,17,cortex,ctxc
367,,2019/12/09,12,cortex,ctxc
368,,2019/12/10,54,cortex,ctxc
369,,2019/12/11,47,cortex,ctxc
370,,2019/12/12,21,cortex,ctxc
371,,2019/12/13,6,cortex,ctxc
372,,2019/12/14,15,cortex,ctxc
373,,2019/12/15,15,cortex,ctxc
374,,2019/12/16,11,cortex,ctxc
375,,2019/12/17,4,cortex,ctxc
376,,2019/12/18,6,cortex,ctxc
377,,2019/12/19,8,cortex,ctxc
378,,2019/12/20,38,cortex,ctxc
379,,2019/12/21,5,cortex,ctxc
380,,2019/12/22,8,cortex,ctxc
381,,2019/12/23,4,cortex,ctxc
382,,2019/12/24,2,cortex,ctxc
383,,2019/12/25,28,cortex,ctxc
384,,2019/12/26,18,cortex,ctxc
385,,2019/12/27,6,cortex,ctxc
386,,2019/12/28,2,cortex,ctxc
387,,2019/12/29,3,cortex,ctxc
388,,2019/12/30,4,cortex,ctxc
389,,2019/12/31,2,cortex,ctxc
390,,2020/01/01,8,cortex,ctxc
391,,2020/01/02,4,cortex,ctxc
392,,2020/01/03,42,cortex,ctxc
393,,2020/01/04,5,cortex,ctxc
394,,2020/01/05,1,cortex,ctxc
395,,2020/01/06,12,cortex,ctxc
396,,2020/01/07,5,cortex,ctxc
397,,2020/01/08,8,cortex,ctxc
398,,2020/01/09,20,cortex,ctxc
399,,2020/01/10,26,cortex,ctxc
400,,2020/01/11,39,cortex,ctxc
401,,2020/01/12,16,cortex,ctxc
402,,2020/01/13,17,cortex,ctxc
403,,2020/01/14,10,cortex,ctxc
404,,2020/01/15,4,cortex,ctxc
405,,2020/01/16,20,cortex,ctxc
406,,2020/01/17,31,cortex,ctxc
407,,2020/01/18,8,cortex,ctxc
408,,2020/01/19,2,cortex,ctxc
409,,2020/01/20,2,cortex,ctxc
410,,2020/01/21,9,cortex,ctxc
411,,2020/01/22,8,cortex,ctxc
412,,2020/01/23,6,cortex,ctxc
413,,2020/01/24,12,cortex,ctxc
414,,2020/01/25,2,cortex,ctxc
415,,2020/01/26,1,cortex,ctxc
416,,2020/01/27,2,cortex,ctxc
417,,2020/01/28,7,cortex,ctxc
418,,2020/01/29,1,cortex,ctxc
419,,2020/01/30,3,cortex,ctxc
420,,2020/01/31,79,cortex,ctxc
421,,2020/02/01,36,cortex,ctxc
422,,2020/02/02,70,cortex,ctxc
423,,2020/02/03,6,cortex,ctxc
424,,2020/02/04,56,cortex,ctxc
425,,2020/02/05,39,cortex,ctxc
426,,2020/02/06,7,cortex,ctxc
427,,2020/02/07,3,cortex,ctxc
428,,2020/02/08,5,cortex,ctxc
429,,2020/02/09,6,cortex,ctxc
430,,2020/02/10,13,cortex,ctxc
431,,2020/02/11,10,cortex,ctxc
432,,2020/02/12,7,cortex,ctxc
433,,2020/02/13,4,cortex,ctxc
434,,2020/02/14,16,cortex,ctxc
435,,2020/02/15,6,cortex,ctxc
436,,2020/02/16,8,cortex,ctxc
437,,2020/02/17,9,cortex,ctxc
438,,2020/02/18,6,cortex,ctxc
439,,2020/02/19,11,cortex,ctxc
440,,2020/02/20,26,cortex,ctxc
441,,2020/02/21,24,cortex,ctxc
442,,2020/02/22,7,cortex,ctxc
443,,2020/02/23,4,cortex,ctxc
444,,2020/02/24,9,cortex,ctxc
445,,2020/02/25,13,cortex,ctxc
446,,2020/02/26,14,cortex,ctxc
447,,2020/02/27,19,cortex,ctxc
448,,2020/02/28,21,cortex,ctxc
449,,2020/02/29,17,cortex,ctxc
450,,2020/03/01,9,cortex,ctxc
451,,2020/03/02,7,cortex,ctxc
452,,2020/03/03,4,cortex,ctxc
453,,2020/03/04,7,cortex,ctxc
454,,2020/03/05,8,cortex,ctxc
455,,2020/03/06,3,cortex,ctxc
456,,2020/03/07,6,cortex,ctxc
457,,2020/03/08,6,cortex,ctxc
458,,2020/03/09,3,cortex,ctxc
459,,2020/03/10,7,cortex,ctxc
460,,2020/03/11,5,cortex,ctxc
461,,2020/03/12,6,cortex,ctxc
462,,2020/03/13,5,cortex,ctxc
463,,2020/03/14,null,cortex,ctxc
464,,2020/03/15,3,cortex,ctxc
465,,2020/03/16,10,cortex,ctxc
466,,2020/03/17,18,cortex,ctxc
467,,2020/03/18,7,cortex,ctxc
468,,2020/03/19,4,cortex,ctxc
469,,2020/03/20,6,cortex,ctxc
470,,2020/03/21,12,cortex,ctxc
471,,2020/03/22,1,cortex,ctxc
472,,2020/03/23,15,cortex,ctxc
473,,2020/03/24,8,cortex,ctxc
474,,2020/03/25,3,cortex,ctxc
475,,2020/03/26,6,cortex,ctxc
476,,2020/03/27,9,cortex,ctxc
477,,2020/03/28,4,cortex,ctxc
478,,2020/03/29,6,cortex,ctxc
479,,2020/03/30,4,cortex,ctxc
480,,2020/03/31,14,cortex,ctxc
481,,2020/04/01,6,cortex,ctxc
482,,2020/04/02,8,cortex,ctxc
483,,2020/04/03,18,cortex,ctxc
484,,2020/04/04,6,cortex,ctxc
485,,2020/04/05,2,cortex,ctxc
486,,2020/04/06,4,cortex,ctxc
487,,2020/04/07,22,cortex,ctxc
488,,2020/04/08,23,cortex,ctxc
489,,2020/04/09,8,cortex,ctxc
490,,2020/04/10,6,cortex,ctxc
491,,2020/04/11,11,cortex,ctxc
492,,2020/04/12,24,cortex,ctxc
493,,2020/04/13,44,cortex,ctxc
494,,2020/04/14,15,cortex,ctxc
495,,2020/04/15,14,cortex,ctxc
496,,2020/04/16,10,cortex,ctxc
497,,2020/04/17,3,cortex,ctxc
498,,2020/04/18,14,cortex,ctxc
499,,2020/04/19,13,cortex,ctxc
500,,2020/04/20,169,cortex,ctxc
501,,2020/04/21,33,cortex,ctxc
502,,2020/04/22,55,cortex,ctxc
503,,2020/04/23,9,cortex,ctxc
504,,2020/04/24,15,cortex,ctxc
505,,2020/04/25,8,cortex,ctxc
506,,2020/04/26,6,cortex,ctxc
507,,2020/04/27,9,cortex,ctxc
508,,2020/04/28,35,cortex,ctxc
509,,2020/04/29,13,cortex,ctxc
510,,2020/04/30,14,cortex,ctxc
511,,2020/05/01,9,cortex,ctxc
512,,2020/05/02,2,cortex,ctxc
513,,2020/05/03,6,cortex,ctxc
514,,2020/05/04,17,cortex,ctxc
515,,2020/05/05,17,cortex,ctxc
516,,2020/05/06,7,cortex,ctxc
517,,2020/05/07,3,cortex,ctxc
518,,2020/05/08,8,cortex,ctxc
519,,2020/05/09,12,cortex,ctxc
520,,2020/05/10,1,cortex,ctxc
521,,2020/05/11,6,cortex,ctxc
522,,2020/05/12,51,cortex,ctxc
523,,2020/05/13,18,cortex,ctxc
524,,2020/05/14,9,cortex,ctxc
525,,2020/05/15,8,cortex,ctxc
526,,2020/05/16,5,cortex,ctxc
527,,2020/05/17,5,cortex,ctxc
528,,2020/05/18,2,cortex,ctxc
529,,2020/05/19,15,cortex,ctxc
530,,2020/05/20,24,cortex,ctxc
531,,2020/05/21,9,cortex,ctxc
532,,2020/05/22,5,cortex,ctxc
533,,2020/05/23,5,cortex,ctxc
534,,2020/05/24,2,cortex,ctxc
535,,2020/05/25,3,cortex,ctxc
536,,2020/05/26,23,cortex,ctxc
537,,2020/05/27,17,cortex,ctxc
538,,2020/05/28,6,cortex,ctxc
539,,2020/05/29,9,cortex,ctxc
540,,2020/05/30,3,cortex,ctxc
541,,2020/05/31,null,cortex,ctxc
542,,2020/06/01,5,cortex,ctxc
543,,2020/06/02,18,cortex,ctxc
544,,2020/06/03,8,cortex,ctxc
545,,2020/06/04,2,cortex,ctxc
546,,2020/06/05,17,cortex,ctxc
547,,2020/06/06,10,cortex,ctxc
548,,2020/06/07,26,cortex,ctxc
549,,2020/06/08,24,cortex,ctxc
550,,2020/06/09,10,cortex,ctxc
551,,2020/06/10,16,cortex,ctxc
552,,2020/06/11,14,cortex,ctxc
553,,2020/06/12,24,cortex,ctxc
554,,2020/06/13,8,cortex,ctxc
555,,2020/06/14,5,cortex,ctxc
556,,2020/06/15,9,cortex,ctxc
557,,2020/06/16,9,cortex,ctxc
558,,2020/06/17,13,cortex,ctxc
559,,2020/06/18,8,cortex,ctxc
560,,2020/06/19,22,cortex,ctxc
561,,2020/06/20,8,cortex,ctxc
562,,2020/06/21,10,cortex,ctxc
563,,2020/06/22,36,cortex,ctxc
564,,2020/06/23,12,cortex,ctxc
565,,2020/06/24,14,cortex,ctxc
566,,2020/06/25,9,cortex,ctxc
567,,2020/06/26,9,cortex,ctxc
568,,2020/06/27,16,cortex,ctxc
569,,2020/06/28,10,cortex,ctxc
570,,2020/06/29,7,cortex,ctxc
571,,2020/06/30,9,cortex,ctxc
572,,2020/07/01,11,cortex,ctxc
573,,2020/07/02,14,cortex,ctxc
574,,2020/07/03,16,cortex,ctxc
575,,2020/07/04,17,cortex,ctxc
576,,2020/07/05,9,cortex,ctxc
577,,2020/07/06,17,cortex,ctxc
578,,2020/07/07,12,cortex,ctxc
579,,2020/07/08,13,cortex,ctxc
580,,2020/07/09,14,cortex,ctxc
581,,2020/07/10,17,cortex,ctxc
582,,2020/07/11,5,cortex,ctxc
583,,2020/07/12,6,cortex,ctxc
584,,2020/07/13,11,cortex,ctxc
585,,2020/07/14,10,cortex,ctxc
586,,2020/07/15,12,cortex,ctxc
587,,2020/07/16,7,cortex,ctxc
588,,2020/07/17,7,cortex,ctxc
589,,2020/07/18,null,cortex,ctxc
590,,2020/07/19,10,cortex,ctxc
591,,2020/07/20,18,cortex,ctxc
592,,2020/07/21,24,cortex,ctxc
593,,2020/07/22,8,cortex,ctxc
594,,2020/07/23,18,cortex,ctxc
595,,2020/07/24,22,cortex,ctxc
596,,2020/07/25,10,cortex,ctxc
597,,2020/07/26,5,cortex,ctxc
598,,2020/07/27,22,cortex,ctxc
599,,2020/07/28,9,cortex,ctxc
600,,2020/07/29,8,cortex,ctxc
601,,2020/07/30,14,cortex,ctxc
602,,2020/07/31,23,cortex,ctxc
603,,2020/08/01,12,cortex,ctxc
604,,2020/08/02,6,cortex,ctxc
605,,2020/08/03,8,cortex,ctxc
606,,2020/08/04,16,cortex,ctxc
607,,2020/08/05,76,cortex,ctxc
608,,2020/08/06,74,cortex,ctxc
609,,2020/08/07,12,cortex,ctxc
610,,2020/08/08,6,cortex,ctxc
611,,2020/08/09,3,cortex,ctxc
612,,2020/08/10,8,cortex,ctxc
613,,2020/08/11,7,cortex,ctxc
614,,2020/08/12,9,cortex,ctxc
615,,2020/08/13,13,cortex,ctxc
616,,2020/08/14,19,cortex,ctxc
617,,2020/08/15,16,cortex,ctxc
618,,2020/08/16,6,cortex,ctxc
619,,2020/08/17,13,cortex,ctxc
620,,2020/08/18,191,cortex,ctxc
621,,2020/08/19,58,cortex,ctxc
622,,2020/08/20,15,cortex,ctxc
623,,2020/08/21,18,cortex,ctxc
624,,2020/08/22,17,cortex,ctxc
625,,2020/08/23,30,cortex,ctxc
626,,2020/08/24,11,cortex,ctxc
627,,2020/08/25,15,cortex,ctxc
628,,2020/08/26,8,cortex,ctxc
629,,2020/08/27,9,cortex,ctxc
630,,2020/08/28,20,cortex,ctxc
631,,2020/08/29,22,cortex,ctxc
632,,2020/08/30,10,cortex,ctxc
633,,2020/08/31,13,cortex,ctxc
634,,2020/09/01,7,cortex,ctxc
635,,2020/09/02,16,cortex,ctxc
636,,2020/09/03,8,cortex,ctxc
637,,2020/09/04,15,cortex,ctxc
638,,2020/09/05,13,cortex,ctxc
639,,2020/09/06,7,cortex,ctxc
640,,2020/09/07,9,cortex,ctxc
641,,2020/09/08,12,cortex,ctxc
642,,2020/09/09,15,cortex,ctxc
643,,2020/09/10,14,cortex,ctxc
644,,2020/09/11,7,cortex,ctxc
645,,2020/09/12,8,cortex,ctxc
646,,2020/09/13,12,cortex,ctxc
647,,2020/09/14,12,cortex,ctxc
648,,2020/09/15,21,cortex,ctxc
649,,2020/09/16,13,cortex,ctxc
650,,2020/09/17,13,cortex,ctxc
651,,2020/09/18,10,cortex,ctxc
652,,2020/09/19,8,cortex,ctxc
653,,2020/09/20,5,cortex,ctxc
654,,2020/09/21,20,cortex,ctxc
655,,2020/09/22,20,cortex,ctxc
656,,2020/09/23,9,cortex,ctxc
657,,2020/09/24,26,cortex,ctxc
658,,2020/09/25,16,cortex,ctxc
659,,2020/09/26,31,cortex,ctxc
660,,2020/09/27,17,cortex,ctxc
661,,2020/09/28,9,cortex,ctxc
662,,2020/09/29,20,cortex,ctxc
663,,2020/09/30,8,cortex,ctxc
664,,2020/10/01,16,cortex,ctxc
665,,2020/10/02,76,cortex,ctxc
666,,2020/10/03,9,cortex,ctxc
667,,2020/10/04,18,cortex,ctxc
668,,2020/10/05,23,cortex,ctxc
669,,2020/10/06,14,cortex,ctxc
670,,2020/10/07,206,cortex,ctxc
671,,2020/10/08,47,cortex,ctxc
672,,2020/10/09,52,cortex,ctxc
673,,2020/10/10,34,cortex,ctxc
674,,2020/10/11,30,cortex,ctxc
675,,2020/10/12,27,cortex,ctxc
676,,2020/10/13,26,cortex,ctxc
677,,2020/10/14,8,cortex,ctxc
678,,2020/10/15,26,cortex,ctxc
679,,2020/10/16,50,cortex,ctxc
680,,2020/10/17,24,cortex,ctxc
681,,2020/10/18,14,cortex,ctxc
682,,2020/10/19,41,cortex,ctxc
683,,2020/10/20,39,cortex,ctxc
684,,2020/10/21,34,cortex,ctxc
685,,2020/10/22,26,cortex,ctxc
686,,2020/10/23,26,cortex,ctxc
687,,2020/10/24,30,cortex,ctxc
688,,2020/10/25,19,cortex,ctxc
689,,2020/10/26,13,cortex,ctxc
690,,2020/10/27,8,cortex,ctxc
691,,2020/10/28,14,cortex,ctxc
692,,2020/10/29,12,cortex,ctxc
693,,2020/10/30,19,cortex,ctxc
694,,2020/10/31,24,cortex,ctxc
695,,2020/11/01,10,cortex,ctxc
696,,2020/11/02,7,cortex,ctxc
697,,2020/11/03,21,cortex,ctxc
698,,2020/11/04,16,cortex,ctxc
699,,2020/11/05,6,cortex,ctxc
700,,2020/11/06,8,cortex,ctxc
701,,2020/11/07,1,cortex,ctxc
702,,2020/11/08,1,cortex,ctxc
703,,2020/11/09,6,cortex,ctxc
704,,2020/11/10,3,cortex,ctxc
705,,2020/11/11,44,cortex,ctxc
706,,2020/11/12,40,cortex,ctxc
707,,2020/11/13,13,cortex,ctxc
708,,2020/11/14,7,cortex,ctxc
709,,2020/11/15,5,cortex,ctxc
710,,2020/11/16,14,cortex,ctxc
711,,2020/11/17,7,cortex,ctxc
712,,2020/11/18,10,cortex,ctxc
713,,2020/11/19,13,cortex,ctxc
714,,2020/11/20,8,cortex,ctxc
715,,2020/11/21,7,cortex,ctxc
716,,2020/11/22,33,cortex,ctxc
717,,2020/11/23,44,cortex,ctxc
718,,2020/11/24,6,cortex,ctxc
719,,2020/11/25,20,cortex,ctxc
720,,2020/11/26,8,cortex,ctxc
721,,2020/11/27,7,cortex,ctxc
722,,2020/11/28,5,cortex,ctxc
723,,2020/11/29,4,cortex,ctxc
724,,2020/11/30,5,cortex,ctxc
725,,2020/12/01,6,cortex,ctxc
726,,2020/12/02,7,cortex,ctxc
727,,2020/12/03,2,cortex,ctxc
728,,2020/12/04,18,cortex,ctxc
729,,2020/12/05,10,cortex,ctxc
730,,2020/12/06,2,cortex,ctxc
731,,2020/12/07,5,cortex,ctxc
732,,2020/12/08,14,cortex,ctxc
733,,2020/12/09,50,cortex,ctxc
734,,2020/12/10,7,cortex,ctxc
735,,2020/12/11,10,cortex,ctxc
736,,2020/12/12,10,cortex,ctxc
737,,2020/12/13,8,cortex,ctxc
738,,2020/12/14,11,cortex,ctxc
739,,2020/12/15,4,cortex,ctxc
740,,2020/12/16,13,cortex,ctxc
741,,2020/12/17,5,cortex,ctxc
742,,2020/12/18,13,cortex,ctxc
743,,2020/12/19,10,cortex,ctxc
744,,2020/12/20,5,cortex,ctxc
745,,2020/12/21,10,cortex,ctxc
746,,2020/12/22,3,cortex,ctxc
747,,2020/12/23,7,cortex,ctxc
748,,2020/12/24,16,cortex,ctxc
749,,2020/12/25,8,cortex,ctxc
750,,2020/12/26,8,cortex,ctxc
751,,2020/12/27,5,cortex,ctxc
752,,2020/12/28,10,cortex,ctxc
753,,2020/12/29,19,cortex,ctxc
754,,2020/12/30,26,cortex,ctxc
755,,2020/12/31,19,cortex,ctxc
756,,2021/01/01,25,cortex,ctxc
757,,2021/01/02,22,cortex,ctxc
758,,2021/01/03,29,cortex,ctxc
759,,2021/01/04,10,cortex,ctxc
760,,2021/01/05,10,cortex,ctxc
761,,2021/01/06,11,cortex,ctxc
762,,2021/01/07,16,cortex,ctxc
763,,2021/01/08,40,cortex,ctxc
764,,2021/01/09,13,cortex,ctxc
765,,2021/01/10,6,cortex,ctxc
766,,2021/01/11,24,cortex,ctxc
767,,2021/01/12,7,cortex,ctxc
768,,2021/01/13,12,cortex,ctxc
769,,2021/01/14,8,cortex,ctxc
770,,2021/01/15,5,cortex,ctxc
771,,2021/01/16,4,cortex,ctxc
772,,2021/01/17,12,cortex,ctxc
773,,2021/01/18,11,cortex,ctxc
774,,2021/01/19,12,cortex,ctxc
775,,2021/01/20,11,cortex,ctxc
776,,2021/01/21,13,cortex,ctxc
777,,2021/01/22,23,cortex,ctxc
778,,2021/01/23,17,cortex,ctxc
779,,2021/01/24,5,cortex,ctxc
780,,2021/01/25,14,cortex,ctxc
781,,2021/01/26,13,cortex,ctxc
782,,2021/01/27,7,cortex,ctxc
783,,2021/01/28,12,cortex,ctxc
784,,2021/01/29,9,cortex,ctxc
785,,2021/01/30,10,cortex,ctxc
786,,2021/01/31,9,cortex,ctxc
787,,2021/02/01,11,cortex,ctxc
788,,2021/02/02,13,cortex,ctxc
789,,2021/02/03,16,cortex,ctxc
790,,2021/02/04,10,cortex,ctxc
791,,2021/02/05,7,cortex,ctxc
792,,2021/02/06,5,cortex,ctxc
793,,2021/02/07,9,cortex,ctxc
794,,2021/02/08,32,cortex,ctxc
795,,2021/02/09,12,cortex,ctxc
796,,2021/02/10,10,cortex,ctxc
797,,2021/02/11,12,cortex,ctxc
798,,2021/02/12,11,cortex,ctxc
799,,2021/02/13,13,cortex,ctxc
800,,2021/02/14,11,cortex,ctxc
801,,2021/02/15,28,cortex,ctxc
802,,2021/02/16,15,cortex,ctxc
803,,2021/02/17,22,cortex,ctxc
804,,2021/02/18,12,cortex,ctxc
805,,2021/02/19,14,cortex,ctxc
806,,2021/02/20,17,cortex,ctxc
807,,2021/02/21,8,cortex,ctxc
808,,2021/02/22,18,cortex,ctxc
809,,2021/02/23,20,cortex,ctxc
810,,2021/02/24,17,cortex,ctxc
811,,2021/02/25,16,cortex,ctxc
812,,2021/02/26,8,cortex,ctxc
813,,2021/02/27,9,cortex,ctxc
814,,2021/02/28,8,cortex,ctxc
815,,2021/03/01,10,cortex,ctxc
816,,2021/03/02,13,cortex,ctxc
817,,2021/03/03,10,cortex,ctxc
818,,2021/03/04,6,cortex,ctxc
819,,2021/03/05,11,cortex,ctxc
820,,2021/03/06,3,cortex,ctxc
821,,2021/03/07,1,cortex,ctxc
822,,2021/03/08,38,cortex,ctxc
823,,2021/03/09,16,cortex,ctxc
824,,2021/03/10,12,cortex,ctxc
825,,2021/03/11,63,cortex,ctxc
826,,2021/03/12,23,cortex,ctxc
827,,2021/03/13,7,cortex,ctxc
828,,2021/03/14,1,cortex,ctxc
829,,2021/03/15,29,cortex,ctxc
830,,2021/03/16,23,cortex,ctxc
831,,2021/03/17,11,cortex,ctxc
832,,2021/03/18,14,cortex,ctxc
833,,2021/03/19,18,cortex,ctxc
834,,2021/03/20,17,cortex,ctxc
835,,2021/03/21,null,cortex,ctxc
836,,2021/03/22,1,cortex,ctxc
837,,2021/03/23,17,cortex,ctxc
838,,2021/03/24,3,cortex,ctxc
839,,2021/03/25,10,cortex,ctxc
840,,2021/03/26,35,cortex,ctxc
841,,2021/03/27,25,cortex,ctxc
842,,2021/03/28,14,cortex,ctxc
843,,2021/03/29,6,cortex,ctxc
844,,2021/03/30,5,cortex,ctxc
845,,2021/03/31,7,cortex,ctxc
846,,2021/04/01,null,cortex,ctxc
847,,2021/04/02,null,cortex,ctxc
848,,2021/04/03,null,cortex,ctxc
849,,2021/04/04,null,cortex,ctxc
850,,2021/04/05,null,cortex,ctxc
851,,2021/04/06,null,cortex,ctxc
852,,2021/04/07,10,cortex,ctxc
853,,2021/04/08,12,cortex,ctxc
854,,2021/04/09,12,cortex,ctxc
855,,2021/04/10,25,cortex,ctxc
856,,2021/04/11,15,cortex,ctxc
857,,2021/04/12,23,cortex,ctxc
858,,2021/04/13,14,cortex,ctxc
859,,2021/04/14,16,cortex,ctxc
860,,2021/04/15,8,cortex,ctxc
861,,2021/04/16,3,cortex,ctxc
862,,2021/04/17,2,cortex,ctxc
863,,2021/04/18,7,cortex,ctxc
864,,2021/04/19,54,cortex,ctxc
865,,2021/04/20,18,cortex,ctxc
866,,2021/04/21,17,cortex,ctxc
867,,2021/04/22,10,cortex,ctxc
868,,2021/04/23,21,cortex,ctxc
869,,2021/04/24,12,cortex,ctxc
870,,2021/04/25,13,cortex,ctxc
871,,2021/04/26,9,cortex,ctxc
872,,2021/04/27,8,cortex,ctxc
873,,2021/04/28,11,cortex,ctxc
874,,2021/04/29,8,cortex,ctxc
875,,2021/04/30,10,cortex,ctxc
876,,2021/05/01,3,cortex,ctxc
877,,2021/05/02,5,cortex,ctxc
878,,2021/05/03,5,cortex,ctxc
879,,2021/05/04,7,cortex,ctxc
880,,2021/05/05,8,cortex,ctxc
881,,2021/05/06,6,cortex,ctxc
882,,2021/05/07,8,cortex,ctxc
883,,2021/05/08,6,cortex,ctxc
884,,2021/05/09,11,cortex,ctxc
885,,2021/05/10,12,cortex,ctxc
886,,2021/05/11,6,cortex,ctxc
887,,2021/05/12,5,cortex,ctxc
888,,2021/05/13,2,cortex,ctxc
889,,2021/05/14,2,cortex,ctxc
890,,2021/05/15,4,cortex,ctxc
891,,2021/05/16,4,cortex,ctxc
892,,2021/05/17,10,cortex,ctxc
893,,2021/05/18,26,cortex,ctxc
894,,2021/05/19,31,cortex,ctxc
895,,2021/05/20,7,cortex,ctxc
896,,2021/05/21,9,cortex,ctxc
897,,2021/05/22,1,cortex,ctxc
898,,2021/05/23,2,cortex,ctxc
899,,2021/05/24,null,cortex,ctxc
900,,2021/05/25,null,cortex,ctxc
901,,2021/05/26,7,cortex,ctxc
902,,2021/05/27,7,cortex,ctxc
903,,2021/05/28,8,cortex,ctxc
904,,2021/05/29,8,cortex,ctxc
905,,2021/05/30,6,cortex,ctxc
906,,2021/05/31,17,cortex,ctxc
907,,2021/06/01,7,cortex,ctxc
908,,2021/06/02,49,cortex,ctxc
909,,2021/06/03,6,cortex,ctxc
910,,2021/06/04,10,cortex,ctxc
911,,2021/06/05,26,cortex,ctxc
912,,2021/06/06,3,cortex,ctxc
913,,2021/06/07,8,cortex,ctxc
914,,2021/06/08,16,cortex,ctxc
915,,2021/06/09,35,cortex,ctxc
916,,2021/06/10,8,cortex,ctxc
917,,2021/06/11,17,cortex,ctxc
918,,2021/06/12,6,cortex,ctxc
919,,2021/06/13,3,cortex,ctxc
920,,2021/06/14,15,cortex,ctxc
921,,2021/06/15,18,cortex,ctxc
922,,2021/06/16,6,cortex,ctxc
923,,2021/06/17,51,cortex,ctxc
924,,2021/06/18,9,cortex,ctxc
925,,2021/06/19,11,cortex,ctxc
926,,2021/06/20,10,cortex,ctxc
927,,2021/06/21,3,cortex,ctxc
928,,2021/06/22,13,cortex,ctxc
929,,2021/06/23,47,cortex,ctxc
930,,2021/06/24,29,cortex,ctxc
931,,2021/06/25,8,cortex,ctxc
932,,2021/06/26,7,cortex,ctxc
933,,2021/06/27,8,cortex,ctxc
934,,2021/06/28,10,cortex,ctxc
935,,2021/06/29,7,cortex,ctxc
936,,2021/06/30,7,cortex,ctxc
937,,2021/07/01,6,cortex,ctxc
938,,2021/07/02,8,cortex,ctxc
939,,2021/07/03,4,cortex,ctxc
940,,2021/07/04,13,cortex,ctxc
941,,2021/07/05,4,cortex,ctxc
942,,2021/07/06,18,cortex,ctxc
943,,2021/07/07,9,cortex,ctxc
944,,2021/07/08,5,cortex,ctxc
945,,2021/07/09,7,cortex,ctxc
946,,2021/07/10,2,cortex,ctxc
947,,2021/07/11,1,cortex,ctxc
948,,2021/07/12,13,cortex,ctxc
949,,2021/07/13,7,cortex,ctxc
950,,2021/07/14,11,cortex,ctxc
951,,2021/07/15,18,cortex,ctxc
952,,2021/07/16,37,cortex,ctxc
953,,2021/07/17,34,cortex,ctxc
954,,2021/07/18,7,cortex,ctxc
955,,2021/07/19,26,cortex,ctxc
956,,2021/07/20,19,cortex,ctxc
957,,2021/07/21,31,cortex,ctxc
958,,2021/07/22,47,cortex,ctxc
959,,2021/07/23,20,cortex,ctxc
960,,2021/07/24,10,cortex,ctxc
961,,2021/07/25,17,cortex,ctxc
962,,2021/07/26,17,cortex,ctxc
963,,2021/07/27,null,cortex,ctxc
964,,2021/07/28,null,cortex,ctxc
965,,2021/07/29,10,cortex,ctxc
966,,2021/07/30,15,cortex,ctxc
967,,2021/07/31,18,cortex,ctxc
968,,2021/08/01,null,cortex,ctxc
969,,2021/08/02,null,cortex,ctxc
970,,2021/08/03,null,cortex,ctxc
971,,2021/08/04,13,cortex,ctxc
972,,2021/08/05,12,cortex,ctxc
973,,2021/08/06,19,cortex,ctxc
974,,2021/08/07,28,cortex,ctxc
975,,2021/08/08,4,cortex,ctxc
976,,2021/08/09,39,cortex,ctxc
977,,2021/08/10,2,cortex,ctxc
978,,2021/08/11,11,cortex,ctxc
979,,2021/08/12,7,cortex,ctxc
980,,2021/08/13,20,cortex,ctxc
981,,2021/08/14,33,cortex,ctxc
982,,2021/08/15,4,cortex,ctxc
983,,2021/08/16,17,cortex,ctxc
984,,2021/08/17,14,cortex,ctxc
985,,2021/08/18,15,cortex,ctxc
986,,2021/08/19,null,cortex,ctxc
987,,2021/08/20,39,cortex,ctxc
988,,2021/08/21,57,cortex,ctxc
989,,2021/08/22,26,cortex,ctxc
990,,2021/08/23,30,cortex,ctxc
991,,2021/08/24,21,cortex,ctxc
992,,2021/08/25,null,cortex,ctxc
993,,2021/08/26,27,cortex,ctxc
994,,2021/08/27,36,cortex,ctxc
995,,2021/08/28,32,cortex,ctxc
996,,2021/08/29,60,cortex,ctxc
997,,2021/08/30,83,cortex,ctxc
998,,2021/08/31,24,cortex,ctxc
999,,2021/09/01,null,cortex,ctxc
1000,,2021/09/02,null,cortex,ctxc
1001,,2021/09/03,null,cortex,ctxc
1002,,2021/09/04,null,cortex,ctxc
1003,,2021/09/05,20,cortex,ctxc
1004,,2021/09/06,8,cortex,ctxc
1005,,2021/09/07,9,cortex,ctxc
1006,,2021/09/08,13,cortex,ctxc
1007,,2021/09/09,null,cortex,ctxc
1008,,2021/09/10,null,cortex,ctxc
1009,,2021/09/11,18,cortex,ctxc
1010,,2021/09/12,20,cortex,ctxc
1011,,2021/09/13,18,cortex,ctxc
1012,,2021/09/14,7,cortex,ctxc
1013,,2021/09/15,null,cortex,ctxc
1014,,2021/09/16,25,cortex,ctxc
1015,,2021/09/17,30,cortex,ctxc
1016,,2021/09/18,26,cortex,ctxc
1017,,2021/09/19,12,cortex,ctxc
1018,,2021/09/20,28,cortex,ctxc
1019,,2021/09/21,29,cortex,ctxc
1020,,2021/09/22,15,cortex,ctxc
1021,,2021/09/23,23,cortex,ctxc
1022,,2021/09/24,8,cortex,ctxc
1023,,2021/09/25,7,cortex,ctxc
1024,,2021/09/26,23,cortex,ctxc
1025,,2021/09/27,15,cortex,ctxc
1026,,2021/09/28,8,cortex,ctxc
1027,,2021/09/29,12,cortex,ctxc
1028,,2021/09/30,18,cortex,ctxc
1029,,2021/10/01,385,cortex,ctxc
1030,,2021/10/02,245,cortex,ctxc
1031,,2021/10/03,25,cortex,ctxc
1032,,2021/10/04,19,cortex,ctxc
1033,,2021/10/05,12,cortex,ctxc
1034,,2021/10/06,null,cortex,ctxc
1035,,2021/10/07,null,cortex,ctxc
1036,,2021/10/08,null,cortex,ctxc
1037,,2021/10/09,null,cortex,ctxc
1038,,2021/10/10,11,cortex,ctxc
1039,,2021/10/11,13,cortex,ctxc
1040,,2021/10/12,58,cortex,ctxc
1041,,2021/10/13,null,cortex,ctxc
1042,,2021/10/14,16,cortex,ctxc
1043,,2021/10/15,8,cortex,ctxc
1044,,2021/10/16,6,cortex,ctxc
1045,,2021/10/17,6,cortex,ctxc
1046,,2021/10/18,94,cortex,ctxc
1047,,2021/10/19,25,cortex,ctxc
1048,,2021/10/20,null,cortex,ctxc
1049,,2021/10/21,14,cortex,ctxc
1050,,2021/10/22,8,cortex,ctxc
1051,,2021/10/23,18,cortex,ctxc
1052,,2021/10/24,null,cortex,ctxc
1053,,2021/10/25,null,cortex,ctxc
1054,,2021/10/26,null,cortex,ctxc
1055,,2021/10/27,null,cortex,ctxc
1056,,2021/10/28,null,cortex,ctxc
1057,,2021/10/29,null,cortex,ctxc
1058,,2021/10/30,null,cortex,ctxc
1059,,2021/10/31,null,cortex,ctxc
1060,,2021/11/01,12,cortex,ctxc
1061,,2021/11/02,17,cortex,ctxc
