,google_trends,date,tweets,full_name,coin
0,,2021/09/14,1,cosmos-atom,ato
1,,2021/09/15,null,cosmos-atom,ato
2,,2021/09/16,null,cosmos-atom,ato
3,,2021/09/17,null,cosmos-atom,ato
4,,2021/09/18,null,cosmos-atom,ato
5,,2021/09/19,null,cosmos-atom,ato
6,,2021/09/20,null,cosmos-atom,ato
7,,2021/09/21,null,cosmos-atom,ato
8,,2021/09/22,null,cosmos-atom,ato
9,,2021/09/23,null,cosmos-atom,ato
10,,2021/09/24,null,cosmos-atom,ato
11,,2021/09/25,null,cosmos-atom,ato
12,,2021/09/26,null,cosmos-atom,ato
13,,2021/09/27,null,cosmos-atom,ato
14,,2021/09/28,null,cosmos-atom,ato
15,,2021/09/29,null,cosmos-atom,ato
16,,2021/09/30,null,cosmos-atom,ato
17,,2021/10/01,null,cosmos-atom,ato
18,,2021/10/02,null,cosmos-atom,ato
19,,2021/10/03,null,cosmos-atom,ato
20,,2021/10/04,null,cosmos-atom,ato
21,,2021/10/05,null,cosmos-atom,ato
22,,2021/10/06,null,cosmos-atom,ato
23,,2021/10/07,null,cosmos-atom,ato
24,,2021/10/08,null,cosmos-atom,ato
25,,2021/10/09,null,cosmos-atom,ato
26,,2021/10/10,null,cosmos-atom,ato
27,,2021/10/11,null,cosmos-atom,ato
28,,2021/10/12,null,cosmos-atom,ato
29,,2021/10/13,null,cosmos-atom,ato
30,,2021/10/14,null,cosmos-atom,ato
31,,2021/10/15,null,cosmos-atom,ato
32,,2021/10/16,null,cosmos-atom,ato
33,,2021/10/17,null,cosmos-atom,ato
34,,2021/10/18,null,cosmos-atom,ato
35,,2021/10/19,null,cosmos-atom,ato
36,,2021/10/20,null,cosmos-atom,ato
37,,2021/10/21,null,cosmos-atom,ato
38,,2021/10/22,null,cosmos-atom,ato
39,,2021/10/23,null,cosmos-atom,ato
40,,2021/10/24,null,cosmos-atom,ato
41,,2021/10/25,null,cosmos-atom,ato
42,,2021/10/26,null,cosmos-atom,ato
43,,2021/10/27,null,cosmos-atom,ato
44,,2021/10/28,null,cosmos-atom,ato
45,,2021/10/29,null,cosmos-atom,ato
46,,2021/10/30,null,cosmos-atom,ato
47,,2021/10/31,null,cosmos-atom,ato
48,,2021/11/01,null,cosmos-atom,ato
49,,2021/11/02,2,cosmos-atom,ato
