,google_trends,date,tweets,full_name,coin
0,,2018/12/22,1,covalent,cova
1,,2018/12/23,3,covalent,cova
2,,2018/12/24,null,covalent,cova
3,,2018/12/25,1,covalent,cova
4,,2018/12/26,null,covalent,cova
5,,2018/12/27,1,covalent,cova
6,,2018/12/28,3,covalent,cova
7,,2018/12/29,4,covalent,cova
8,,2018/12/30,2,covalent,cova
9,,2018/12/31,null,covalent,cova
10,,2019/01/01,2,covalent,cova
11,,2019/01/02,1,covalent,cova
12,,2019/01/03,1,covalent,cova
13,,2019/01/04,1,covalent,cova
14,,2019/01/05,null,covalent,cova
15,,2019/01/06,5,covalent,cova
16,,2019/01/07,1,covalent,cova
17,,2019/01/08,1,covalent,cova
18,,2019/01/09,1,covalent,cova
19,,2019/01/10,2,covalent,cova
20,,2019/01/11,null,covalent,cova
21,,2019/01/12,2,covalent,cova
22,,2019/01/13,4,covalent,cova
23,,2019/01/14,2,covalent,cova
24,,2019/01/15,1,covalent,cova
25,,2019/01/16,3,covalent,cova
26,,2019/01/17,4,covalent,cova
27,,2019/01/18,2,covalent,cova
28,,2019/01/19,3,covalent,cova
29,,2019/01/20,5,covalent,cova
30,,2019/01/21,1,covalent,cova
31,,2019/01/22,null,covalent,cova
32,,2019/01/23,2,covalent,cova
33,,2019/01/24,null,covalent,cova
34,,2019/01/25,4,covalent,cova
35,,2019/01/26,1,covalent,cova
36,,2019/01/27,3,covalent,cova
37,,2019/01/28,1,covalent,cova
38,,2019/01/29,null,covalent,cova
39,,2019/01/30,3,covalent,cova
40,,2019/01/31,1,covalent,cova
41,,2019/02/01,null,covalent,cova
42,,2019/02/02,1,covalent,cova
43,,2019/02/03,null,covalent,cova
44,,2019/02/04,1,covalent,cova
45,,2019/02/05,null,covalent,cova
46,,2019/02/06,null,covalent,cova
47,,2019/02/07,1,covalent,cova
48,,2019/02/08,null,covalent,cova
49,,2019/02/09,null,covalent,cova
50,,2019/02/10,null,covalent,cova
51,,2019/02/11,null,covalent,cova
52,,2019/02/12,null,covalent,cova
53,,2019/02/13,null,covalent,cova
54,,2019/02/14,2,covalent,cova
55,,2019/02/15,1,covalent,cova
56,,2019/02/16,null,covalent,cova
57,,2019/02/17,null,covalent,cova
58,,2019/02/18,null,covalent,cova
59,,2019/02/19,null,covalent,cova
60,,2019/02/20,null,covalent,cova
61,,2019/02/21,null,covalent,cova
62,,2019/02/22,null,covalent,cova
63,,2019/02/23,null,covalent,cova
64,,2019/02/24,null,covalent,cova
65,,2019/02/25,1,covalent,cova
66,,2019/02/26,null,covalent,cova
67,,2019/02/27,null,covalent,cova
68,,2019/02/28,1,covalent,cova
69,,2019/03/01,2,covalent,cova
70,,2019/03/02,1,covalent,cova
71,,2019/03/03,null,covalent,cova
72,,2019/03/04,1,covalent,cova
73,,2019/03/05,null,covalent,cova
74,,2019/03/06,null,covalent,cova
75,,2019/03/07,1,covalent,cova
76,,2019/03/08,2,covalent,cova
77,,2019/03/09,null,covalent,cova
78,,2019/03/10,null,covalent,cova
79,,2019/03/11,null,covalent,cova
80,,2019/03/12,1,covalent,cova
81,,2019/03/13,null,covalent,cova
82,,2019/03/14,2,covalent,cova
83,,2019/03/15,2,covalent,cova
84,,2019/03/16,null,covalent,cova
85,,2019/03/17,null,covalent,cova
86,,2019/03/18,2,covalent,cova
87,,2019/03/19,4,covalent,cova
88,,2019/03/20,null,covalent,cova
89,,2019/03/21,1,covalent,cova
90,,2019/03/22,null,covalent,cova
91,,2019/03/23,null,covalent,cova
92,,2019/03/24,null,covalent,cova
93,,2019/03/25,1,covalent,cova
94,,2019/03/26,1,covalent,cova
95,,2019/03/27,1,covalent,cova
96,,2019/03/28,2,covalent,cova
97,,2019/03/29,null,covalent,cova
98,,2019/03/30,null,covalent,cova
99,,2019/03/31,null,covalent,cova
100,,2019/04/01,1,covalent,cova
101,,2019/04/02,1,covalent,cova
102,,2019/04/03,null,covalent,cova
103,,2019/04/04,1,covalent,cova
104,,2019/04/05,3,covalent,cova
105,,2019/04/06,null,covalent,cova
106,,2019/04/07,1,covalent,cova
107,,2019/04/08,1,covalent,cova
108,,2019/04/09,1,covalent,cova
109,,2019/04/10,2,covalent,cova
110,,2019/04/11,null,covalent,cova
111,,2019/04/12,4,covalent,cova
112,,2019/04/13,null,covalent,cova
113,,2019/04/14,null,covalent,cova
114,,2019/04/15,null,covalent,cova
115,,2019/04/16,1,covalent,cova
116,,2019/04/17,null,covalent,cova
117,,2019/04/18,1,covalent,cova
118,,2019/04/19,null,covalent,cova
119,,2019/04/20,1,covalent,cova
120,,2019/04/21,null,covalent,cova
121,,2019/04/22,3,covalent,cova
122,,2019/04/23,7,covalent,cova
123,,2019/04/24,9,covalent,cova
124,,2019/04/25,null,covalent,cova
125,,2019/04/26,null,covalent,cova
126,,2019/04/27,null,covalent,cova
127,,2019/04/28,null,covalent,cova
128,,2019/04/29,null,covalent,cova
129,,2019/04/30,null,covalent,cova
130,,2019/05/01,4,covalent,cova
131,,2019/05/02,2,covalent,cova
132,,2019/05/03,null,covalent,cova
133,,2019/05/04,null,covalent,cova
134,,2019/05/05,2,covalent,cova
135,,2019/05/06,2,covalent,cova
136,,2019/05/07,3,covalent,cova
137,,2019/05/08,4,covalent,cova
138,,2019/05/09,1,covalent,cova
139,,2019/05/10,null,covalent,cova
140,,2019/05/11,7,covalent,cova
141,,2019/05/12,3,covalent,cova
142,,2019/05/13,5,covalent,cova
143,,2019/05/14,1,covalent,cova
144,,2019/05/15,2,covalent,cova
145,,2019/05/16,null,covalent,cova
146,,2019/05/17,2,covalent,cova
147,,2019/05/18,null,covalent,cova
148,,2019/05/19,2,covalent,cova
149,,2019/05/20,1,covalent,cova
150,,2019/05/21,1,covalent,cova
151,,2019/05/22,null,covalent,cova
152,,2019/05/23,null,covalent,cova
153,,2019/05/24,null,covalent,cova
154,,2019/05/25,null,covalent,cova
155,,2019/05/26,null,covalent,cova
156,,2019/05/27,null,covalent,cova
157,,2019/05/28,null,covalent,cova
158,,2019/05/29,null,covalent,cova
159,,2019/05/30,null,covalent,cova
160,,2019/05/31,null,covalent,cova
161,,2019/06/01,null,covalent,cova
162,,2019/06/02,null,covalent,cova
163,,2019/06/03,3,covalent,cova
164,,2019/06/04,null,covalent,cova
165,,2019/06/05,null,covalent,cova
166,,2019/06/06,null,covalent,cova
167,,2019/06/07,1,covalent,cova
168,,2019/06/08,null,covalent,cova
169,,2019/06/09,1,covalent,cova
170,,2019/06/10,2,covalent,cova
171,,2019/06/11,null,covalent,cova
172,,2019/06/12,1,covalent,cova
173,,2019/06/13,1,covalent,cova
174,,2019/06/14,2,covalent,cova
175,,2019/06/15,5,covalent,cova
176,,2019/06/16,null,covalent,cova
177,,2019/06/17,1,covalent,cova
178,,2019/06/18,1,covalent,cova
179,,2019/06/19,null,covalent,cova
180,,2019/06/20,1,covalent,cova
181,,2019/06/21,null,covalent,cova
182,,2019/06/22,null,covalent,cova
183,,2019/06/23,null,covalent,cova
184,,2019/06/24,null,covalent,cova
185,,2019/06/25,null,covalent,cova
186,,2019/06/26,null,covalent,cova
187,,2019/06/27,null,covalent,cova
188,,2019/06/28,1,covalent,cova
189,,2019/06/29,null,covalent,cova
190,,2019/06/30,null,covalent,cova
191,,2019/07/01,null,covalent,cova
192,,2019/07/02,null,covalent,cova
193,,2019/07/03,null,covalent,cova
194,,2019/07/04,7,covalent,cova
195,,2019/07/05,null,covalent,cova
196,,2019/07/06,1,covalent,cova
197,,2019/07/07,null,covalent,cova
198,,2019/07/08,5,covalent,cova
199,,2019/07/09,null,covalent,cova
200,,2019/07/10,null,covalent,cova
201,,2019/07/11,null,covalent,cova
202,,2019/07/12,1,covalent,cova
203,,2019/07/13,null,covalent,cova
204,,2019/07/14,null,covalent,cova
205,,2019/07/15,1,covalent,cova
206,,2019/07/16,null,covalent,cova
207,,2019/07/17,null,covalent,cova
208,,2019/07/18,1,covalent,cova
209,,2019/07/19,null,covalent,cova
210,,2019/07/20,null,covalent,cova
211,,2019/07/21,null,covalent,cova
212,,2019/07/22,null,covalent,cova
213,,2019/07/23,null,covalent,cova
214,,2019/07/24,null,covalent,cova
215,,2019/07/25,null,covalent,cova
216,,2019/07/26,null,covalent,cova
217,,2019/07/27,null,covalent,cova
218,,2019/07/28,null,covalent,cova
219,,2019/07/29,1,covalent,cova
220,,2019/07/30,null,covalent,cova
221,,2019/07/31,null,covalent,cova
222,,2019/08/01,null,covalent,cova
223,,2019/08/02,null,covalent,cova
224,,2019/08/03,null,covalent,cova
225,,2019/08/04,null,covalent,cova
226,,2019/08/05,null,covalent,cova
227,,2019/08/06,3,covalent,cova
228,,2019/08/07,null,covalent,cova
229,,2019/08/08,null,covalent,cova
230,,2019/08/09,2,covalent,cova
231,,2019/08/10,null,covalent,cova
232,,2019/08/11,null,covalent,cova
233,,2019/08/12,null,covalent,cova
234,,2019/08/13,null,covalent,cova
235,,2019/08/14,1,covalent,cova
236,,2019/08/15,5,covalent,cova
237,,2019/08/16,1,covalent,cova
238,,2019/08/17,null,covalent,cova
239,,2019/08/18,1,covalent,cova
240,,2019/08/19,1,covalent,cova
241,,2019/08/20,null,covalent,cova
242,,2019/08/21,null,covalent,cova
243,,2019/08/22,1,covalent,cova
244,,2019/08/23,null,covalent,cova
245,,2019/08/24,null,covalent,cova
246,,2019/08/25,null,covalent,cova
247,,2019/08/26,null,covalent,cova
248,,2019/08/27,null,covalent,cova
249,,2019/08/28,null,covalent,cova
250,,2019/08/29,2,covalent,cova
251,,2019/08/30,null,covalent,cova
252,,2019/08/31,null,covalent,cova
253,,2019/09/01,null,covalent,cova
254,,2019/09/02,null,covalent,cova
255,,2019/09/03,null,covalent,cova
256,,2019/09/04,null,covalent,cova
257,,2019/09/05,6,covalent,cova
258,,2019/09/06,1,covalent,cova
259,,2019/09/07,6,covalent,cova
260,,2019/09/08,null,covalent,cova
261,,2019/09/09,3,covalent,cova
262,,2019/09/10,2,covalent,cova
263,,2019/09/11,null,covalent,cova
264,,2019/09/12,null,covalent,cova
265,,2019/09/13,null,covalent,cova
266,,2019/09/14,null,covalent,cova
267,,2019/09/15,null,covalent,cova
268,,2019/09/16,null,covalent,cova
269,,2019/09/17,1,covalent,cova
270,,2019/09/18,null,covalent,cova
271,,2019/09/19,null,covalent,cova
272,,2019/09/20,null,covalent,cova
273,,2019/09/21,1,covalent,cova
274,,2019/09/22,null,covalent,cova
275,,2019/09/23,null,covalent,cova
276,,2019/09/24,null,covalent,cova
277,,2019/09/25,1,covalent,cova
278,,2019/09/26,null,covalent,cova
279,,2019/09/27,2,covalent,cova
280,,2019/09/28,null,covalent,cova
281,,2019/09/29,null,covalent,cova
282,,2019/09/30,null,covalent,cova
283,,2019/10/01,null,covalent,cova
284,,2019/10/02,null,covalent,cova
285,,2019/10/03,null,covalent,cova
286,,2019/10/04,null,covalent,cova
287,,2019/10/05,1,covalent,cova
288,,2019/10/06,null,covalent,cova
289,,2019/10/07,null,covalent,cova
290,,2019/10/08,null,covalent,cova
291,,2019/10/09,null,covalent,cova
292,,2019/10/10,null,covalent,cova
293,,2019/10/11,null,covalent,cova
294,,2019/10/12,null,covalent,cova
295,,2019/10/13,null,covalent,cova
296,,2019/10/14,null,covalent,cova
297,,2019/10/15,1,covalent,cova
298,,2019/10/16,2,covalent,cova
299,,2019/10/17,1,covalent,cova
300,,2019/10/18,1,covalent,cova
301,,2019/10/19,null,covalent,cova
302,,2019/10/20,null,covalent,cova
303,,2019/10/21,null,covalent,cova
304,,2019/10/22,null,covalent,cova
305,,2019/10/23,null,covalent,cova
306,,2019/10/24,null,covalent,cova
307,,2019/10/25,2,covalent,cova
308,,2019/10/26,null,covalent,cova
309,,2019/10/27,null,covalent,cova
310,,2019/10/28,null,covalent,cova
311,,2019/10/29,null,covalent,cova
312,,2019/10/30,null,covalent,cova
313,,2019/10/31,null,covalent,cova
314,,2019/11/01,null,covalent,cova
315,,2019/11/02,null,covalent,cova
316,,2019/11/03,null,covalent,cova
317,,2019/11/04,null,covalent,cova
318,,2019/11/05,null,covalent,cova
319,,2019/11/06,null,covalent,cova
320,,2019/11/07,null,covalent,cova
321,,2019/11/08,null,covalent,cova
322,,2019/11/09,null,covalent,cova
323,,2019/11/10,null,covalent,cova
324,,2019/11/11,null,covalent,cova
325,,2019/11/12,null,covalent,cova
326,,2019/11/13,null,covalent,cova
327,,2019/11/14,null,covalent,cova
328,,2019/11/15,null,covalent,cova
329,,2019/11/16,null,covalent,cova
330,,2019/11/17,null,covalent,cova
331,,2019/11/18,null,covalent,cova
332,,2019/11/19,null,covalent,cova
333,,2019/11/20,null,covalent,cova
334,,2019/11/21,null,covalent,cova
335,,2019/11/22,null,covalent,cova
336,,2019/11/23,null,covalent,cova
337,,2019/11/24,null,covalent,cova
338,,2019/11/25,null,covalent,cova
339,,2019/11/26,null,covalent,cova
340,,2019/11/27,null,covalent,cova
341,,2019/11/28,null,covalent,cova
342,,2019/11/29,null,covalent,cova
343,,2019/11/30,null,covalent,cova
344,,2019/12/01,1,covalent,cova
345,,2019/12/02,null,covalent,cova
346,,2019/12/03,2,covalent,cova
347,,2019/12/04,1,covalent,cova
348,,2019/12/05,null,covalent,cova
349,,2019/12/06,null,covalent,cova
350,,2019/12/07,null,covalent,cova
351,,2019/12/08,null,covalent,cova
352,,2019/12/09,1,covalent,cova
353,,2019/12/10,null,covalent,cova
354,,2019/12/11,null,covalent,cova
355,,2019/12/12,null,covalent,cova
356,,2019/12/13,null,covalent,cova
357,,2019/12/14,null,covalent,cova
358,,2019/12/15,null,covalent,cova
359,,2019/12/16,1,covalent,cova
360,,2019/12/17,1,covalent,cova
361,,2019/12/18,null,covalent,cova
362,,2019/12/19,null,covalent,cova
363,,2019/12/20,3,covalent,cova
364,,2019/12/21,null,covalent,cova
365,,2019/12/22,null,covalent,cova
366,,2019/12/23,null,covalent,cova
367,,2019/12/24,null,covalent,cova
368,,2019/12/25,1,covalent,cova
369,,2019/12/26,null,covalent,cova
370,,2019/12/27,null,covalent,cova
371,,2019/12/28,null,covalent,cova
372,,2019/12/29,null,covalent,cova
373,,2019/12/30,null,covalent,cova
374,,2019/12/31,null,covalent,cova
375,,2020/01/01,null,covalent,cova
376,,2020/01/02,null,covalent,cova
377,,2020/01/03,null,covalent,cova
378,,2020/01/04,null,covalent,cova
379,,2020/01/05,null,covalent,cova
380,,2020/01/06,null,covalent,cova
381,,2020/01/07,null,covalent,cova
382,,2020/01/08,null,covalent,cova
383,,2020/01/09,1,covalent,cova
384,,2020/01/10,null,covalent,cova
385,,2020/01/11,null,covalent,cova
386,,2020/01/12,null,covalent,cova
387,,2020/01/13,null,covalent,cova
388,,2020/01/14,null,covalent,cova
389,,2020/01/15,null,covalent,cova
390,,2020/01/16,null,covalent,cova
391,,2020/01/17,null,covalent,cova
392,,2020/01/18,null,covalent,cova
393,,2020/01/19,null,covalent,cova
394,,2020/01/20,null,covalent,cova
395,,2020/01/21,null,covalent,cova
396,,2020/01/22,null,covalent,cova
397,,2020/01/23,null,covalent,cova
398,,2020/01/24,null,covalent,cova
399,,2020/01/25,null,covalent,cova
400,,2020/01/26,null,covalent,cova
401,,2020/01/27,null,covalent,cova
402,,2020/01/28,null,covalent,cova
403,,2020/01/29,null,covalent,cova
404,,2020/01/30,null,covalent,cova
405,,2020/01/31,null,covalent,cova
406,,2020/02/01,null,covalent,cova
407,,2020/02/02,null,covalent,cova
408,,2020/02/03,null,covalent,cova
409,,2020/02/04,null,covalent,cova
410,,2020/02/05,null,covalent,cova
411,,2020/02/06,null,covalent,cova
412,,2020/02/07,null,covalent,cova
413,,2020/02/08,null,covalent,cova
414,,2020/02/09,null,covalent,cova
415,,2020/02/10,null,covalent,cova
416,,2020/02/11,null,covalent,cova
417,,2020/02/12,null,covalent,cova
418,,2020/02/13,null,covalent,cova
419,,2020/02/14,null,covalent,cova
420,,2020/02/15,null,covalent,cova
421,,2020/02/16,3,covalent,cova
422,,2020/02/17,1,covalent,cova
423,,2020/02/18,null,covalent,cova
424,,2020/02/19,4,covalent,cova
425,,2020/02/20,null,covalent,cova
426,,2020/02/21,3,covalent,cova
427,,2020/02/22,1,covalent,cova
428,,2020/02/23,null,covalent,cova
429,,2020/02/24,null,covalent,cova
430,,2020/02/25,null,covalent,cova
431,,2020/02/26,null,covalent,cova
432,,2020/02/27,null,covalent,cova
433,,2020/02/28,null,covalent,cova
434,,2020/02/29,null,covalent,cova
435,,2020/03/01,null,covalent,cova
436,,2020/03/02,null,covalent,cova
437,,2020/03/03,null,covalent,cova
438,,2020/03/04,null,covalent,cova
439,,2020/03/05,null,covalent,cova
440,,2020/03/06,null,covalent,cova
441,,2020/03/07,null,covalent,cova
442,,2020/03/08,null,covalent,cova
443,,2020/03/09,null,covalent,cova
444,,2020/03/10,null,covalent,cova
445,,2020/03/11,null,covalent,cova
446,,2020/03/12,null,covalent,cova
447,,2020/03/13,null,covalent,cova
448,,2020/03/14,null,covalent,cova
449,,2020/03/15,null,covalent,cova
450,,2020/03/16,null,covalent,cova
451,,2020/03/17,null,covalent,cova
452,,2020/03/18,null,covalent,cova
453,,2020/03/19,null,covalent,cova
454,,2020/03/20,null,covalent,cova
455,,2020/03/21,null,covalent,cova
456,,2020/03/22,null,covalent,cova
457,,2020/03/23,null,covalent,cova
458,,2020/03/24,null,covalent,cova
459,,2020/03/25,null,covalent,cova
460,,2020/03/26,null,covalent,cova
461,,2020/03/27,null,covalent,cova
462,,2020/03/28,null,covalent,cova
463,,2020/03/29,null,covalent,cova
464,,2020/03/30,null,covalent,cova
465,,2020/03/31,null,covalent,cova
466,,2020/04/01,null,covalent,cova
467,,2020/04/02,null,covalent,cova
468,,2020/04/03,null,covalent,cova
469,,2020/04/04,null,covalent,cova
470,,2020/04/05,null,covalent,cova
471,,2020/04/06,null,covalent,cova
472,,2020/04/07,null,covalent,cova
473,,2020/04/08,1,covalent,cova
474,,2020/04/09,null,covalent,cova
475,,2020/04/10,1,covalent,cova
476,,2020/04/11,null,covalent,cova
477,,2020/04/12,null,covalent,cova
478,,2020/04/13,null,covalent,cova
479,,2020/04/14,null,covalent,cova
480,,2020/04/15,null,covalent,cova
481,,2020/04/16,null,covalent,cova
482,,2020/04/17,null,covalent,cova
483,,2020/04/18,null,covalent,cova
484,,2020/04/19,null,covalent,cova
485,,2020/04/20,null,covalent,cova
486,,2020/04/21,null,covalent,cova
487,,2020/04/22,null,covalent,cova
488,,2020/04/23,null,covalent,cova
489,,2020/04/24,null,covalent,cova
490,,2020/04/25,null,covalent,cova
491,,2020/04/26,null,covalent,cova
492,,2020/04/27,null,covalent,cova
493,,2020/04/28,null,covalent,cova
494,,2020/04/29,null,covalent,cova
495,,2020/04/30,null,covalent,cova
496,,2020/05/01,null,covalent,cova
497,,2020/05/02,null,covalent,cova
498,,2020/05/03,null,covalent,cova
499,,2020/05/04,null,covalent,cova
500,,2020/05/05,null,covalent,cova
501,,2020/05/06,null,covalent,cova
502,,2020/05/07,null,covalent,cova
503,,2020/05/08,null,covalent,cova
504,,2020/05/09,null,covalent,cova
505,,2020/05/10,null,covalent,cova
506,,2020/05/11,null,covalent,cova
507,,2020/05/12,null,covalent,cova
508,,2020/05/13,null,covalent,cova
509,,2020/05/14,null,covalent,cova
510,,2020/05/15,null,covalent,cova
511,,2020/05/16,null,covalent,cova
512,,2020/05/17,null,covalent,cova
513,,2020/05/18,null,covalent,cova
514,,2020/05/19,null,covalent,cova
515,,2020/05/20,null,covalent,cova
516,,2020/05/21,null,covalent,cova
517,,2020/05/22,null,covalent,cova
518,,2020/05/23,null,covalent,cova
519,,2020/05/24,null,covalent,cova
520,,2020/05/25,null,covalent,cova
521,,2020/05/26,null,covalent,cova
522,,2020/05/27,null,covalent,cova
523,,2020/05/28,null,covalent,cova
524,,2020/05/29,null,covalent,cova
525,,2020/05/30,null,covalent,cova
526,,2020/05/31,null,covalent,cova
527,,2020/06/01,null,covalent,cova
528,,2020/06/02,null,covalent,cova
529,,2020/06/03,null,covalent,cova
530,,2020/06/04,null,covalent,cova
531,,2020/06/05,null,covalent,cova
532,,2020/06/06,null,covalent,cova
533,,2020/06/07,null,covalent,cova
534,,2020/06/08,null,covalent,cova
535,,2020/06/09,null,covalent,cova
536,,2020/06/10,null,covalent,cova
537,,2020/06/11,null,covalent,cova
538,,2020/06/12,null,covalent,cova
539,,2020/06/13,null,covalent,cova
540,,2020/06/14,null,covalent,cova
541,,2020/06/15,null,covalent,cova
542,,2020/06/16,null,covalent,cova
543,,2020/06/17,null,covalent,cova
544,,2020/06/18,null,covalent,cova
545,,2020/06/19,null,covalent,cova
546,,2020/06/20,null,covalent,cova
547,,2020/06/21,null,covalent,cova
548,,2020/06/22,null,covalent,cova
549,,2020/06/23,1,covalent,cova
550,,2020/06/24,8,covalent,cova
551,,2020/06/25,5,covalent,cova
552,,2020/06/26,1,covalent,cova
553,,2020/06/27,null,covalent,cova
554,,2020/06/28,null,covalent,cova
555,,2020/06/29,1,covalent,cova
556,,2020/06/30,null,covalent,cova
557,,2020/07/01,null,covalent,cova
558,,2020/07/02,null,covalent,cova
559,,2020/07/03,null,covalent,cova
560,,2020/07/04,null,covalent,cova
561,,2020/07/05,null,covalent,cova
562,,2020/07/06,4,covalent,cova
563,,2020/07/07,null,covalent,cova
564,,2020/07/08,null,covalent,cova
565,,2020/07/09,3,covalent,cova
566,,2020/07/10,null,covalent,cova
567,,2020/07/11,null,covalent,cova
568,,2020/07/12,null,covalent,cova
569,,2020/07/13,null,covalent,cova
570,,2020/07/14,null,covalent,cova
571,,2020/07/15,null,covalent,cova
572,,2020/07/16,null,covalent,cova
573,,2020/07/17,null,covalent,cova
574,,2020/07/18,null,covalent,cova
575,,2020/07/19,null,covalent,cova
576,,2020/07/20,null,covalent,cova
577,,2020/07/21,null,covalent,cova
578,,2020/07/22,null,covalent,cova
579,,2020/07/23,null,covalent,cova
580,,2020/07/24,null,covalent,cova
581,,2020/07/25,null,covalent,cova
582,,2020/07/26,null,covalent,cova
583,,2020/07/27,null,covalent,cova
584,,2020/07/28,null,covalent,cova
585,,2020/07/29,null,covalent,cova
586,,2020/07/30,null,covalent,cova
587,,2020/07/31,null,covalent,cova
588,,2020/08/01,null,covalent,cova
589,,2020/08/02,null,covalent,cova
590,,2020/08/03,null,covalent,cova
591,,2020/08/04,null,covalent,cova
592,,2020/08/05,null,covalent,cova
593,,2020/08/06,null,covalent,cova
594,,2020/08/07,null,covalent,cova
595,,2020/08/08,null,covalent,cova
596,,2020/08/09,null,covalent,cova
597,,2020/08/10,null,covalent,cova
598,,2020/08/11,null,covalent,cova
599,,2020/08/12,null,covalent,cova
600,,2020/08/13,null,covalent,cova
601,,2020/08/14,null,covalent,cova
602,,2020/08/15,null,covalent,cova
603,,2020/08/16,null,covalent,cova
604,,2020/08/17,null,covalent,cova
605,,2020/08/18,null,covalent,cova
606,,2020/08/19,null,covalent,cova
607,,2020/08/20,null,covalent,cova
608,,2020/08/21,null,covalent,cova
609,,2020/08/22,null,covalent,cova
610,,2020/08/23,null,covalent,cova
611,,2020/08/24,null,covalent,cova
612,,2020/08/25,null,covalent,cova
613,,2020/08/26,null,covalent,cova
614,,2020/08/27,null,covalent,cova
615,,2020/08/28,null,covalent,cova
616,,2020/08/29,null,covalent,cova
617,,2020/08/30,null,covalent,cova
618,,2020/08/31,null,covalent,cova
619,,2020/09/01,null,covalent,cova
620,,2020/09/02,null,covalent,cova
621,,2020/09/03,null,covalent,cova
622,,2020/09/04,null,covalent,cova
623,,2020/09/05,null,covalent,cova
624,,2020/09/06,null,covalent,cova
625,,2020/09/07,null,covalent,cova
626,,2020/09/08,null,covalent,cova
627,,2020/09/09,null,covalent,cova
628,,2020/09/10,null,covalent,cova
629,,2020/09/11,null,covalent,cova
630,,2020/09/12,null,covalent,cova
631,,2020/09/13,null,covalent,cova
632,,2020/09/14,null,covalent,cova
633,,2020/09/15,null,covalent,cova
634,,2020/09/16,null,covalent,cova
635,,2020/09/17,null,covalent,cova
636,,2020/09/18,null,covalent,cova
637,,2020/09/19,null,covalent,cova
638,,2020/09/20,null,covalent,cova
639,,2020/09/21,null,covalent,cova
640,,2020/09/22,null,covalent,cova
641,,2020/09/23,null,covalent,cova
642,,2020/09/24,null,covalent,cova
643,,2020/09/25,null,covalent,cova
644,,2020/09/26,null,covalent,cova
645,,2020/09/27,null,covalent,cova
646,,2020/09/28,null,covalent,cova
647,,2020/09/29,null,covalent,cova
648,,2020/09/30,null,covalent,cova
649,,2020/10/01,null,covalent,cova
650,,2020/10/02,null,covalent,cova
651,,2020/10/03,null,covalent,cova
652,,2020/10/04,null,covalent,cova
653,,2020/10/05,null,covalent,cova
654,,2020/10/06,null,covalent,cova
655,,2020/10/07,null,covalent,cova
656,,2020/10/08,null,covalent,cova
657,,2020/10/09,null,covalent,cova
658,,2020/10/10,null,covalent,cova
659,,2020/10/11,null,covalent,cova
660,,2020/10/12,null,covalent,cova
661,,2020/10/13,null,covalent,cova
662,,2020/10/14,null,covalent,cova
663,,2020/10/15,null,covalent,cova
664,,2020/10/16,null,covalent,cova
665,,2020/10/17,null,covalent,cova
666,,2020/10/18,null,covalent,cova
667,,2020/10/19,null,covalent,cova
668,,2020/10/20,null,covalent,cova
669,,2020/10/21,null,covalent,cova
670,,2020/10/22,null,covalent,cova
671,,2020/10/23,null,covalent,cova
672,,2020/10/24,null,covalent,cova
673,,2020/10/25,null,covalent,cova
674,,2020/10/26,null,covalent,cova
675,,2020/10/27,null,covalent,cova
676,,2020/10/28,null,covalent,cova
677,,2020/10/29,null,covalent,cova
678,,2020/10/30,null,covalent,cova
679,,2020/10/31,null,covalent,cova
680,,2020/11/01,null,covalent,cova
681,,2020/11/02,null,covalent,cova
682,,2020/11/03,null,covalent,cova
683,,2020/11/04,null,covalent,cova
684,,2020/11/05,null,covalent,cova
685,,2020/11/06,null,covalent,cova
686,,2020/11/07,null,covalent,cova
687,,2020/11/08,null,covalent,cova
688,,2020/11/09,null,covalent,cova
689,,2020/11/10,null,covalent,cova
690,,2020/11/11,null,covalent,cova
691,,2020/11/12,null,covalent,cova
692,,2020/11/13,null,covalent,cova
693,,2020/11/14,null,covalent,cova
694,,2020/11/15,null,covalent,cova
695,,2020/11/16,null,covalent,cova
696,,2020/11/17,null,covalent,cova
697,,2020/11/18,null,covalent,cova
698,,2020/11/19,null,covalent,cova
699,,2020/11/20,null,covalent,cova
700,,2020/11/21,null,covalent,cova
701,,2020/11/22,null,covalent,cova
702,,2020/11/23,null,covalent,cova
703,,2020/11/24,null,covalent,cova
704,,2020/11/25,null,covalent,cova
705,,2020/11/26,null,covalent,cova
706,,2020/11/27,null,covalent,cova
707,,2020/11/28,null,covalent,cova
708,,2020/11/29,null,covalent,cova
709,,2020/11/30,null,covalent,cova
710,,2020/12/01,null,covalent,cova
711,,2020/12/02,null,covalent,cova
712,,2020/12/03,null,covalent,cova
713,,2020/12/04,null,covalent,cova
714,,2020/12/05,null,covalent,cova
715,,2020/12/06,null,covalent,cova
716,,2020/12/07,null,covalent,cova
717,,2020/12/08,null,covalent,cova
718,,2020/12/09,null,covalent,cova
719,,2020/12/10,null,covalent,cova
720,,2020/12/11,null,covalent,cova
721,,2020/12/12,null,covalent,cova
722,,2020/12/13,null,covalent,cova
723,,2020/12/14,null,covalent,cova
724,,2020/12/15,null,covalent,cova
725,,2020/12/16,null,covalent,cova
726,,2020/12/17,null,covalent,cova
727,,2020/12/18,null,covalent,cova
728,,2020/12/19,null,covalent,cova
729,,2020/12/20,null,covalent,cova
730,,2020/12/21,null,covalent,cova
731,,2020/12/22,null,covalent,cova
732,,2020/12/23,null,covalent,cova
733,,2020/12/24,null,covalent,cova
734,,2020/12/25,null,covalent,cova
735,,2020/12/26,null,covalent,cova
736,,2020/12/27,null,covalent,cova
737,,2020/12/28,null,covalent,cova
738,,2020/12/29,null,covalent,cova
739,,2020/12/30,null,covalent,cova
740,,2020/12/31,null,covalent,cova
741,,2021/01/01,null,covalent,cova
742,,2021/01/02,null,covalent,cova
743,,2021/01/03,null,covalent,cova
744,,2021/01/04,null,covalent,cova
745,,2021/01/05,null,covalent,cova
746,,2021/01/06,null,covalent,cova
747,,2021/01/07,null,covalent,cova
748,,2021/01/08,null,covalent,cova
749,,2021/01/09,null,covalent,cova
750,,2021/01/10,null,covalent,cova
751,,2021/01/11,1,covalent,cova
752,,2021/01/12,null,covalent,cova
753,,2021/01/13,null,covalent,cova
754,,2021/01/14,null,covalent,cova
755,,2021/01/15,null,covalent,cova
756,,2021/01/16,null,covalent,cova
757,,2021/01/17,null,covalent,cova
758,,2021/01/18,null,covalent,cova
759,,2021/01/19,null,covalent,cova
760,,2021/01/20,null,covalent,cova
761,,2021/01/21,null,covalent,cova
762,,2021/01/22,null,covalent,cova
763,,2021/01/23,null,covalent,cova
764,,2021/01/24,null,covalent,cova
765,,2021/01/25,null,covalent,cova
766,,2021/01/26,null,covalent,cova
767,,2021/01/27,null,covalent,cova
768,,2021/01/28,null,covalent,cova
769,,2021/01/29,null,covalent,cova
770,,2021/01/30,null,covalent,cova
771,,2021/01/31,null,covalent,cova
772,,2021/02/01,null,covalent,cova
773,,2021/02/02,null,covalent,cova
774,,2021/02/03,null,covalent,cova
775,,2021/02/04,null,covalent,cova
776,,2021/02/05,null,covalent,cova
777,,2021/02/06,null,covalent,cova
778,,2021/02/07,null,covalent,cova
779,,2021/02/08,null,covalent,cova
780,,2021/02/09,null,covalent,cova
781,,2021/02/10,null,covalent,cova
782,,2021/02/11,null,covalent,cova
783,,2021/02/12,null,covalent,cova
784,,2021/02/13,null,covalent,cova
785,,2021/02/14,null,covalent,cova
786,,2021/02/15,null,covalent,cova
787,,2021/02/16,null,covalent,cova
788,,2021/02/17,null,covalent,cova
789,,2021/02/18,null,covalent,cova
790,,2021/02/19,null,covalent,cova
791,,2021/02/20,null,covalent,cova
792,,2021/02/21,null,covalent,cova
793,,2021/02/22,null,covalent,cova
794,,2021/02/23,null,covalent,cova
795,,2021/02/24,null,covalent,cova
796,,2021/02/25,null,covalent,cova
797,,2021/02/26,null,covalent,cova
798,,2021/02/27,null,covalent,cova
799,,2021/02/28,null,covalent,cova
800,,2021/03/01,null,covalent,cova
801,,2021/03/02,null,covalent,cova
802,,2021/03/03,null,covalent,cova
803,,2021/03/04,null,covalent,cova
804,,2021/03/05,null,covalent,cova
805,,2021/03/06,null,covalent,cova
806,,2021/03/07,null,covalent,cova
807,,2021/03/08,null,covalent,cova
808,,2021/03/09,null,covalent,cova
809,,2021/03/10,null,covalent,cova
810,,2021/03/11,null,covalent,cova
811,,2021/03/12,null,covalent,cova
812,,2021/03/13,null,covalent,cova
813,,2021/03/14,null,covalent,cova
814,,2021/03/15,null,covalent,cova
815,,2021/03/16,null,covalent,cova
816,,2021/03/17,null,covalent,cova
817,,2021/03/18,null,covalent,cova
818,,2021/03/19,null,covalent,cova
819,,2021/03/20,null,covalent,cova
820,,2021/03/21,null,covalent,cova
821,,2021/03/22,null,covalent,cova
822,,2021/03/23,null,covalent,cova
823,,2021/03/24,null,covalent,cova
824,,2021/03/25,null,covalent,cova
825,,2021/03/26,null,covalent,cova
826,,2021/03/27,null,covalent,cova
827,,2021/03/28,null,covalent,cova
828,,2021/03/29,null,covalent,cova
829,,2021/03/30,null,covalent,cova
830,,2021/03/31,null,covalent,cova
831,,2021/04/01,null,covalent,cova
832,,2021/04/02,null,covalent,cova
833,,2021/04/03,null,covalent,cova
834,,2021/04/04,null,covalent,cova
835,,2021/04/05,null,covalent,cova
836,,2021/04/06,null,covalent,cova
837,,2021/04/07,null,covalent,cova
838,,2021/04/08,null,covalent,cova
839,,2021/04/09,null,covalent,cova
840,,2021/04/10,null,covalent,cova
841,,2021/04/11,null,covalent,cova
842,,2021/04/12,null,covalent,cova
843,,2021/04/13,null,covalent,cova
844,,2021/04/14,null,covalent,cova
845,,2021/04/15,null,covalent,cova
846,,2021/04/16,null,covalent,cova
847,,2021/04/17,null,covalent,cova
848,,2021/04/18,null,covalent,cova
849,,2021/04/19,null,covalent,cova
850,,2021/04/20,null,covalent,cova
851,,2021/04/21,null,covalent,cova
852,,2021/04/22,null,covalent,cova
853,,2021/04/23,null,covalent,cova
854,,2021/04/24,null,covalent,cova
855,,2021/04/25,null,covalent,cova
856,,2021/04/26,null,covalent,cova
857,,2021/04/27,null,covalent,cova
858,,2021/04/28,null,covalent,cova
859,,2021/04/29,null,covalent,cova
860,,2021/04/30,null,covalent,cova
861,,2021/05/01,null,covalent,cova
862,,2021/05/02,null,covalent,cova
863,,2021/05/03,null,covalent,cova
864,,2021/05/04,null,covalent,cova
865,,2021/05/05,null,covalent,cova
866,,2021/05/06,null,covalent,cova
867,,2021/05/07,null,covalent,cova
868,,2021/05/08,null,covalent,cova
869,,2021/05/09,null,covalent,cova
870,,2021/05/10,null,covalent,cova
871,,2021/05/11,null,covalent,cova
872,,2021/05/12,null,covalent,cova
873,,2021/05/13,null,covalent,cova
874,,2021/05/14,null,covalent,cova
875,,2021/05/15,null,covalent,cova
876,,2021/05/16,null,covalent,cova
877,,2021/05/17,null,covalent,cova
878,,2021/05/18,null,covalent,cova
879,,2021/05/19,null,covalent,cova
880,,2021/05/20,null,covalent,cova
881,,2021/05/21,null,covalent,cova
882,,2021/05/22,null,covalent,cova
883,,2021/05/23,null,covalent,cova
884,,2021/05/24,null,covalent,cova
885,,2021/05/25,null,covalent,cova
886,,2021/05/26,null,covalent,cova
887,,2021/05/27,null,covalent,cova
888,,2021/05/28,null,covalent,cova
889,,2021/05/29,null,covalent,cova
890,,2021/05/30,null,covalent,cova
891,,2021/05/31,null,covalent,cova
892,,2021/06/01,null,covalent,cova
893,,2021/06/02,null,covalent,cova
894,,2021/06/03,null,covalent,cova
895,,2021/06/04,null,covalent,cova
896,,2021/06/05,null,covalent,cova
897,,2021/06/06,null,covalent,cova
898,,2021/06/07,null,covalent,cova
899,,2021/06/08,null,covalent,cova
900,,2021/06/09,null,covalent,cova
901,,2021/06/10,null,covalent,cova
902,,2021/06/11,23,covalent,cova
