,google_trends,date,tweets,full_name,coin
0,,2021/08/16,4,cover protocol,cover
1,,2021/08/17,null,cover protocol,cover
2,,2021/08/18,null,cover protocol,cover
3,,2021/08/19,null,cover protocol,cover
4,,2021/08/20,null,cover protocol,cover
5,,2021/08/21,null,cover protocol,cover
6,,2021/08/22,null,cover protocol,cover
7,,2021/08/23,null,cover protocol,cover
8,,2021/08/24,null,cover protocol,cover
9,,2021/08/25,null,cover protocol,cover
10,,2021/08/26,null,cover protocol,cover
11,,2021/08/27,null,cover protocol,cover
12,,2021/08/28,null,cover protocol,cover
13,,2021/08/29,null,cover protocol,cover
14,,2021/08/30,null,cover protocol,cover
15,,2021/08/31,null,cover protocol,cover
16,,2021/09/01,null,cover protocol,cover
17,,2021/09/02,1,cover protocol,cover
18,,2021/09/03,null,cover protocol,cover
19,,2021/09/04,null,cover protocol,cover
20,,2021/09/05,null,cover protocol,cover
21,,2021/09/06,12,cover protocol,cover
22,,2021/09/07,null,cover protocol,cover
23,,2021/09/08,null,cover protocol,cover
24,,2021/09/09,2,cover protocol,cover
25,,2021/09/10,3,cover protocol,cover
26,,2021/09/11,null,cover protocol,cover
27,,2021/09/12,null,cover protocol,cover
28,,2021/09/13,null,cover protocol,cover
29,,2021/09/14,null,cover protocol,cover
30,,2021/09/15,3,cover protocol,cover
31,,2021/09/16,null,cover protocol,cover
32,,2021/09/17,5,cover protocol,cover
33,,2021/09/18,2,cover protocol,cover
34,,2021/09/19,null,cover protocol,cover
35,,2021/09/20,null,cover protocol,cover
36,,2021/09/21,null,cover protocol,cover
37,,2021/09/22,2,cover protocol,cover
38,,2021/09/23,null,cover protocol,cover
39,,2021/09/24,6,cover protocol,cover
40,,2021/09/25,15,cover protocol,cover
41,,2021/09/26,2,cover protocol,cover
42,,2021/09/27,2,cover protocol,cover
43,,2021/09/28,null,cover protocol,cover
44,,2021/09/29,2,cover protocol,cover
