,google_trends,date,tweets,full_name,coin
0,,2018/04/07,663,diamond,dmd
1,,2018/04/08,null,diamond,dmd
2,,2018/04/09,null,diamond,dmd
3,,2018/04/10,1127,diamond,dmd
4,,2018/04/11,1096,diamond,dmd
5,,2018/04/12,null,diamond,dmd
6,,2018/04/13,null,diamond,dmd
7,,2018/04/14,679,diamond,dmd
8,,2018/04/15,649,diamond,dmd
9,,2018/04/16,null,diamond,dmd
10,,2018/04/17,null,diamond,dmd
11,,2018/04/18,959,diamond,dmd
12,,2018/04/19,805,diamond,dmd
13,,2018/04/20,829,diamond,dmd
14,,2018/04/21,691,diamond,dmd
15,,2018/04/22,null,diamond,dmd
16,,2018/04/23,892,diamond,dmd
17,,2018/04/24,818,diamond,dmd
18,,2018/04/25,1100,diamond,dmd
19,,2018/04/26,1239,diamond,dmd
20,,2018/04/27,1056,diamond,dmd
21,,2018/04/28,1466,diamond,dmd
22,,2018/04/29,807,diamond,dmd
23,,2018/04/30,4792,diamond,dmd
24,,2018/05/01,6720,diamond,dmd
25,,2018/05/02,3063,diamond,dmd
26,,2018/05/03,1604,diamond,dmd
27,,2018/05/04,1140,diamond,dmd
28,,2018/05/05,null,diamond,dmd
29,,2018/05/06,763,diamond,dmd
30,,2018/05/07,1252,diamond,dmd
31,,2018/05/08,1440,diamond,dmd
32,,2018/05/09,null,diamond,dmd
33,,2018/05/10,1005,diamond,dmd
34,,2018/05/11,878,diamond,dmd
35,,2018/05/12,564,diamond,dmd
36,,2018/05/13,567,diamond,dmd
37,,2018/05/14,1111,diamond,dmd
38,,2018/05/15,1094,diamond,dmd
39,,2018/05/16,1008,diamond,dmd
40,,2018/05/17,998,diamond,dmd
41,,2018/05/18,972,diamond,dmd
42,,2018/05/19,601,diamond,dmd
43,,2018/05/20,null,diamond,dmd
44,,2018/05/21,null,diamond,dmd
45,,2018/05/22,null,diamond,dmd
46,,2018/05/23,null,diamond,dmd
47,,2018/05/24,796,diamond,dmd
48,,2018/05/25,929,diamond,dmd
49,,2018/05/26,null,diamond,dmd
50,,2018/05/27,null,diamond,dmd
51,,2018/05/28,null,diamond,dmd
52,,2018/05/29,1147,diamond,dmd
53,,2018/05/30,965,diamond,dmd
54,,2018/05/31,null,diamond,dmd
55,,2018/06/01,null,diamond,dmd
56,,2018/06/02,null,diamond,dmd
57,,2018/06/03,null,diamond,dmd
58,,2018/06/04,883,diamond,dmd
59,,2018/06/05,736,diamond,dmd
60,,2018/06/06,null,diamond,dmd
61,,2018/06/07,1208,diamond,dmd
62,,2018/06/08,756,diamond,dmd
63,,2018/06/09,614,diamond,dmd
64,,2018/06/10,833,diamond,dmd
65,,2018/06/11,1128,diamond,dmd
66,,2018/06/12,null,diamond,dmd
67,,2018/06/13,null,diamond,dmd
68,,2018/06/14,1002,diamond,dmd
69,,2018/06/15,768,diamond,dmd
70,,2018/06/16,null,diamond,dmd
71,,2018/06/17,null,diamond,dmd
72,,2018/06/18,null,diamond,dmd
73,,2018/06/19,1309,diamond,dmd
74,,2018/06/20,765,diamond,dmd
75,,2018/06/21,982,diamond,dmd
76,,2018/06/22,768,diamond,dmd
77,,2018/06/23,627,diamond,dmd
78,,2018/06/24,600,diamond,dmd
79,,2018/06/25,977,diamond,dmd
80,,2018/06/26,null,diamond,dmd
81,,2018/06/27,null,diamond,dmd
82,,2018/06/28,null,diamond,dmd
83,,2018/06/29,930,diamond,dmd
84,,2018/06/30,null,diamond,dmd
85,,2018/07/01,459,diamond,dmd
86,,2018/07/02,932,diamond,dmd
87,,2018/07/03,null,diamond,dmd
88,,2018/07/04,null,diamond,dmd
89,,2018/07/05,null,diamond,dmd
90,,2018/07/06,657,diamond,dmd
91,,2018/07/07,728,diamond,dmd
92,,2018/07/08,611,diamond,dmd
93,,2018/07/09,886,diamond,dmd
94,,2018/07/10,null,diamond,dmd
95,,2018/07/11,null,diamond,dmd
96,,2018/07/12,null,diamond,dmd
97,,2018/07/13,929,diamond,dmd
98,,2018/07/14,640,diamond,dmd
99,,2018/07/15,null,diamond,dmd
100,,2018/07/16,1162,diamond,dmd
101,,2018/07/17,903,diamond,dmd
102,,2018/07/18,1053,diamond,dmd
103,,2018/07/19,959,diamond,dmd
104,,2018/07/20,null,diamond,dmd
105,,2018/07/21,null,diamond,dmd
106,,2018/07/22,null,diamond,dmd
107,,2018/07/23,742,diamond,dmd
108,,2018/07/24,825,diamond,dmd
109,,2018/07/25,840,diamond,dmd
110,,2018/07/26,742,diamond,dmd
111,,2018/07/27,711,diamond,dmd
112,,2018/07/28,469,diamond,dmd
113,,2018/07/29,502,diamond,dmd
114,,2018/07/30,736,diamond,dmd
115,,2018/07/31,724,diamond,dmd
116,,2018/08/01,826,diamond,dmd
117,,2018/08/02,834,diamond,dmd
118,,2018/08/03,795,diamond,dmd
119,,2018/08/04,454,diamond,dmd
120,,2018/08/05,null,diamond,dmd
121,,2018/08/06,1025,diamond,dmd
122,,2018/08/07,841,diamond,dmd
123,,2018/08/08,830,diamond,dmd
124,,2018/08/09,null,diamond,dmd
125,,2018/08/10,738,diamond,dmd
126,,2018/08/11,660,diamond,dmd
127,,2018/08/12,614,diamond,dmd
128,,2018/08/13,975,diamond,dmd
129,,2018/08/14,null,diamond,dmd
130,,2018/08/15,741,diamond,dmd
131,,2018/08/16,758,diamond,dmd
132,,2018/08/17,644,diamond,dmd
133,,2018/08/18,451,diamond,dmd
134,,2018/08/19,410,diamond,dmd
135,,2018/08/20,752,diamond,dmd
136,,2018/08/21,777,diamond,dmd
137,,2018/08/22,749,diamond,dmd
138,,2018/08/23,816,diamond,dmd
139,,2018/08/24,744,diamond,dmd
140,,2018/08/25,496,diamond,dmd
141,,2018/08/26,607,diamond,dmd
142,,2018/08/27,975,diamond,dmd
143,,2018/08/28,869,diamond,dmd
144,,2018/08/29,786,diamond,dmd
145,,2018/08/30,767,diamond,dmd
146,,2018/08/31,756,diamond,dmd
147,,2018/09/01,588,diamond,dmd
148,,2018/09/02,null,diamond,dmd
149,,2018/09/03,null,diamond,dmd
150,,2018/09/04,null,diamond,dmd
151,,2018/09/05,915,diamond,dmd
152,,2018/09/06,753,diamond,dmd
153,,2018/09/07,751,diamond,dmd
154,,2018/09/08,400,diamond,dmd
155,,2018/09/09,null,diamond,dmd
156,,2018/09/10,629,diamond,dmd
157,,2018/09/11,821,diamond,dmd
158,,2018/09/12,null,diamond,dmd
159,,2018/09/13,806,diamond,dmd
160,,2018/09/14,676,diamond,dmd
161,,2018/09/15,405,diamond,dmd
162,,2018/09/16,451,diamond,dmd
163,,2018/09/17,709,diamond,dmd
164,,2018/09/18,null,diamond,dmd
165,,2018/09/19,null,diamond,dmd
166,,2018/09/20,null,diamond,dmd
167,,2018/09/21,781,diamond,dmd
168,,2018/09/22,731,diamond,dmd
169,,2018/09/23,586,diamond,dmd
170,,2018/09/24,null,diamond,dmd
171,,2018/09/25,621,diamond,dmd
172,,2018/09/26,724,diamond,dmd
173,,2018/09/27,693,diamond,dmd
174,,2018/09/28,null,diamond,dmd
175,,2018/09/29,534,diamond,dmd
176,,2018/09/30,484,diamond,dmd
177,,2018/10/01,671,diamond,dmd
178,,2018/10/02,542,diamond,dmd
179,,2018/10/03,639,diamond,dmd
180,,2018/10/04,549,diamond,dmd
181,,2018/10/05,539,diamond,dmd
182,,2018/10/06,460,diamond,dmd
183,,2018/10/07,397,diamond,dmd
184,,2018/10/08,552,diamond,dmd
185,,2018/10/09,null,diamond,dmd
186,,2018/10/10,null,diamond,dmd
187,,2018/10/11,null,diamond,dmd
188,,2018/10/12,null,diamond,dmd
189,,2018/10/13,361,diamond,dmd
190,,2018/10/14,461,diamond,dmd
191,,2018/10/15,null,diamond,dmd
192,,2018/10/16,null,diamond,dmd
193,,2018/10/17,745,diamond,dmd
194,,2018/10/18,508,diamond,dmd
195,,2018/10/19,548,diamond,dmd
196,,2018/10/20,null,diamond,dmd
197,,2018/10/21,342,diamond,dmd
198,,2018/10/22,583,diamond,dmd
199,,2018/10/23,null,diamond,dmd
200,,2018/10/24,null,diamond,dmd
201,,2018/10/25,null,diamond,dmd
202,,2018/10/26,663,diamond,dmd
203,,2018/10/27,null,diamond,dmd
204,,2018/10/28,344,diamond,dmd
205,,2018/10/29,691,diamond,dmd
206,,2018/10/30,517,diamond,dmd
207,,2018/10/31,null,diamond,dmd
208,,2018/11/01,680,diamond,dmd
209,,2018/11/02,739,diamond,dmd
210,,2018/11/03,429,diamond,dmd
211,,2018/11/04,396,diamond,dmd
212,,2018/11/05,656,diamond,dmd
213,,2018/11/06,682,diamond,dmd
214,,2018/11/07,598,diamond,dmd
215,,2018/11/08,617,diamond,dmd
216,,2018/11/09,null,diamond,dmd
217,,2018/11/10,390,diamond,dmd
218,,2018/11/11,690,diamond,dmd
219,,2018/11/12,null,diamond,dmd
220,,2018/11/13,651,diamond,dmd
221,,2018/11/14,null,diamond,dmd
222,,2018/11/15,null,diamond,dmd
223,,2018/11/16,null,diamond,dmd
224,,2018/11/17,null,diamond,dmd
225,,2018/11/18,392,diamond,dmd
226,,2018/11/19,610,diamond,dmd
227,,2018/11/20,null,diamond,dmd
228,,2018/11/21,null,diamond,dmd
229,,2018/11/22,552,diamond,dmd
230,,2018/11/23,null,diamond,dmd
231,,2018/11/24,null,diamond,dmd
232,,2018/11/25,484,diamond,dmd
233,,2018/11/26,640,diamond,dmd
234,,2018/11/27,615,diamond,dmd
235,,2018/11/28,535,diamond,dmd
236,,2018/11/29,726,diamond,dmd
237,,2018/11/30,500,diamond,dmd
238,,2018/12/01,359,diamond,dmd
239,,2018/12/02,667,diamond,dmd
240,,2018/12/03,503,diamond,dmd
241,,2018/12/04,480,diamond,dmd
242,,2018/12/05,687,diamond,dmd
243,,2018/12/06,null,diamond,dmd
244,,2018/12/07,null,diamond,dmd
245,,2018/12/08,null,diamond,dmd
246,,2018/12/09,null,diamond,dmd
247,,2018/12/10,null,diamond,dmd
248,,2018/12/11,null,diamond,dmd
249,,2018/12/12,null,diamond,dmd
250,,2018/12/13,null,diamond,dmd
251,,2018/12/14,null,diamond,dmd
252,,2018/12/15,null,diamond,dmd
253,,2018/12/16,null,diamond,dmd
254,,2018/12/17,null,diamond,dmd
255,,2018/12/18,null,diamond,dmd
256,,2018/12/19,null,diamond,dmd
257,,2018/12/20,null,diamond,dmd
258,,2018/12/21,null,diamond,dmd
259,,2018/12/22,null,diamond,dmd
260,,2018/12/23,null,diamond,dmd
261,,2018/12/24,null,diamond,dmd
262,,2018/12/25,null,diamond,dmd
263,,2018/12/26,null,diamond,dmd
264,,2018/12/27,null,diamond,dmd
265,,2018/12/28,null,diamond,dmd
266,,2018/12/29,null,diamond,dmd
267,,2018/12/30,null,diamond,dmd
268,,2018/12/31,null,diamond,dmd
269,,2019/01/01,null,diamond,dmd
270,,2019/01/02,null,diamond,dmd
271,,2019/01/03,null,diamond,dmd
272,,2019/01/04,null,diamond,dmd
273,,2019/01/05,null,diamond,dmd
274,,2019/01/06,null,diamond,dmd
275,,2019/01/07,null,diamond,dmd
276,,2019/01/08,null,diamond,dmd
277,,2019/01/09,null,diamond,dmd
278,,2019/01/10,null,diamond,dmd
279,,2019/01/11,null,diamond,dmd
280,,2019/01/12,null,diamond,dmd
281,,2019/01/13,null,diamond,dmd
282,,2019/01/14,null,diamond,dmd
283,,2019/01/15,null,diamond,dmd
284,,2019/01/16,null,diamond,dmd
285,,2019/01/17,null,diamond,dmd
286,,2019/01/18,null,diamond,dmd
287,,2019/01/19,null,diamond,dmd
288,,2019/01/20,null,diamond,dmd
289,,2019/01/21,null,diamond,dmd
290,,2019/01/22,null,diamond,dmd
291,,2019/01/23,null,diamond,dmd
292,,2019/01/24,null,diamond,dmd
293,,2019/01/25,null,diamond,dmd
294,,2019/01/26,317,diamond,dmd
295,,2019/01/27,324,diamond,dmd
296,,2019/01/28,null,diamond,dmd
297,,2019/01/29,null,diamond,dmd
298,,2019/01/30,null,diamond,dmd
299,,2019/01/31,null,diamond,dmd
300,,2019/02/01,null,diamond,dmd
301,,2019/02/02,null,diamond,dmd
302,,2019/02/03,null,diamond,dmd
303,,2019/02/04,null,diamond,dmd
304,,2019/02/05,null,diamond,dmd
305,,2019/02/06,null,diamond,dmd
306,,2019/02/07,null,diamond,dmd
307,,2019/02/08,null,diamond,dmd
308,,2019/02/09,null,diamond,dmd
309,,2019/02/10,null,diamond,dmd
310,,2019/02/11,null,diamond,dmd
311,,2019/02/12,null,diamond,dmd
312,,2019/02/13,null,diamond,dmd
313,,2019/02/14,null,diamond,dmd
314,,2019/02/15,null,diamond,dmd
315,,2019/02/16,null,diamond,dmd
316,,2019/02/17,null,diamond,dmd
317,,2019/02/18,null,diamond,dmd
318,,2019/02/19,null,diamond,dmd
319,,2019/02/20,null,diamond,dmd
320,,2019/02/21,null,diamond,dmd
321,,2019/02/22,null,diamond,dmd
322,,2019/02/23,null,diamond,dmd
323,,2019/02/24,null,diamond,dmd
324,,2019/02/25,null,diamond,dmd
325,,2019/02/26,null,diamond,dmd
326,,2019/02/27,null,diamond,dmd
327,,2019/02/28,null,diamond,dmd
328,,2019/03/01,null,diamond,dmd
329,,2019/03/02,null,diamond,dmd
330,,2019/03/03,null,diamond,dmd
331,,2019/03/04,null,diamond,dmd
332,,2019/03/05,null,diamond,dmd
333,,2019/03/06,null,diamond,dmd
334,,2019/03/07,null,diamond,dmd
335,,2019/03/08,null,diamond,dmd
336,,2019/03/09,null,diamond,dmd
337,,2019/03/10,null,diamond,dmd
338,,2019/03/11,null,diamond,dmd
339,,2019/03/12,null,diamond,dmd
340,,2019/03/13,null,diamond,dmd
341,,2019/03/14,null,diamond,dmd
342,,2019/03/15,null,diamond,dmd
343,,2019/03/16,null,diamond,dmd
344,,2019/03/17,null,diamond,dmd
345,,2019/03/18,null,diamond,dmd
346,,2019/03/19,null,diamond,dmd
347,,2019/03/20,null,diamond,dmd
348,,2019/03/21,null,diamond,dmd
349,,2019/03/22,null,diamond,dmd
350,,2019/03/23,null,diamond,dmd
351,,2019/03/24,null,diamond,dmd
352,,2019/03/25,null,diamond,dmd
353,,2019/03/26,null,diamond,dmd
354,,2019/03/27,null,diamond,dmd
355,,2019/03/28,null,diamond,dmd
356,,2019/03/29,null,diamond,dmd
357,,2019/03/30,null,diamond,dmd
358,,2019/03/31,null,diamond,dmd
359,,2019/04/01,null,diamond,dmd
360,,2019/04/02,null,diamond,dmd
361,,2019/04/03,null,diamond,dmd
362,,2019/04/04,null,diamond,dmd
363,,2019/04/05,null,diamond,dmd
364,,2019/04/06,null,diamond,dmd
365,,2019/04/07,null,diamond,dmd
366,,2019/04/08,null,diamond,dmd
367,,2019/04/09,null,diamond,dmd
368,,2019/04/10,null,diamond,dmd
369,,2019/04/11,null,diamond,dmd
370,,2019/04/12,null,diamond,dmd
371,,2019/04/13,null,diamond,dmd
372,,2019/04/14,null,diamond,dmd
373,,2019/04/15,null,diamond,dmd
374,,2019/04/16,null,diamond,dmd
375,,2019/04/17,null,diamond,dmd
376,,2019/04/18,null,diamond,dmd
377,,2019/04/19,null,diamond,dmd
378,,2019/04/20,null,diamond,dmd
379,,2019/04/21,null,diamond,dmd
380,,2019/04/22,null,diamond,dmd
381,,2019/04/23,null,diamond,dmd
382,,2019/04/24,null,diamond,dmd
383,,2019/04/25,null,diamond,dmd
384,,2019/04/26,null,diamond,dmd
385,,2019/04/27,null,diamond,dmd
386,,2019/04/28,null,diamond,dmd
387,,2019/04/29,null,diamond,dmd
388,,2019/04/30,null,diamond,dmd
389,,2019/05/01,null,diamond,dmd
390,,2019/05/02,null,diamond,dmd
391,,2019/05/03,null,diamond,dmd
392,,2019/05/04,null,diamond,dmd
393,,2019/05/05,null,diamond,dmd
394,,2019/05/06,null,diamond,dmd
395,,2019/05/07,null,diamond,dmd
396,,2019/05/08,null,diamond,dmd
397,,2019/05/09,null,diamond,dmd
398,,2019/05/10,null,diamond,dmd
399,,2019/05/11,null,diamond,dmd
400,,2019/05/12,null,diamond,dmd
401,,2019/05/13,null,diamond,dmd
402,,2019/05/14,null,diamond,dmd
403,,2019/05/15,null,diamond,dmd
404,,2019/05/16,null,diamond,dmd
405,,2019/05/17,null,diamond,dmd
406,,2019/05/18,null,diamond,dmd
407,,2019/05/19,null,diamond,dmd
408,,2019/05/20,null,diamond,dmd
409,,2019/05/21,null,diamond,dmd
410,,2019/05/22,null,diamond,dmd
411,,2019/05/23,null,diamond,dmd
412,,2019/05/24,null,diamond,dmd
413,,2019/05/25,null,diamond,dmd
414,,2019/05/26,null,diamond,dmd
415,,2019/05/27,null,diamond,dmd
416,,2019/05/28,null,diamond,dmd
417,,2019/05/29,null,diamond,dmd
418,,2019/05/30,null,diamond,dmd
419,,2019/05/31,null,diamond,dmd
420,,2019/06/01,null,diamond,dmd
421,,2019/06/02,null,diamond,dmd
422,,2019/06/03,null,diamond,dmd
423,,2019/06/04,null,diamond,dmd
424,,2019/06/05,null,diamond,dmd
425,,2019/06/06,null,diamond,dmd
426,,2019/06/07,null,diamond,dmd
427,,2019/06/08,null,diamond,dmd
428,,2019/06/09,null,diamond,dmd
429,,2019/06/10,null,diamond,dmd
430,,2019/06/11,null,diamond,dmd
431,,2019/06/12,null,diamond,dmd
432,,2019/06/13,null,diamond,dmd
433,,2019/06/14,null,diamond,dmd
434,,2019/06/15,null,diamond,dmd
435,,2019/06/16,null,diamond,dmd
436,,2019/06/17,null,diamond,dmd
437,,2019/06/18,null,diamond,dmd
438,,2019/06/19,null,diamond,dmd
439,,2019/06/20,null,diamond,dmd
440,,2019/06/21,null,diamond,dmd
441,,2019/06/22,null,diamond,dmd
442,,2019/06/23,null,diamond,dmd
443,,2019/06/24,null,diamond,dmd
444,,2019/06/25,null,diamond,dmd
445,,2019/06/26,null,diamond,dmd
446,,2019/06/27,null,diamond,dmd
447,,2019/06/28,null,diamond,dmd
448,,2019/06/29,null,diamond,dmd
449,,2019/06/30,null,diamond,dmd
450,,2019/07/01,null,diamond,dmd
451,,2019/07/02,null,diamond,dmd
452,,2019/07/03,null,diamond,dmd
453,,2019/07/04,null,diamond,dmd
454,,2019/07/05,null,diamond,dmd
455,,2019/07/06,null,diamond,dmd
456,,2019/07/07,null,diamond,dmd
457,,2019/07/08,null,diamond,dmd
458,,2019/07/09,null,diamond,dmd
459,,2019/07/10,null,diamond,dmd
460,,2019/07/11,null,diamond,dmd
461,,2019/07/12,null,diamond,dmd
462,,2019/07/13,null,diamond,dmd
463,,2019/07/14,null,diamond,dmd
464,,2019/07/15,null,diamond,dmd
465,,2019/07/16,null,diamond,dmd
466,,2019/07/17,null,diamond,dmd
467,,2019/07/18,null,diamond,dmd
468,,2019/07/19,null,diamond,dmd
469,,2019/07/20,null,diamond,dmd
470,,2019/07/21,null,diamond,dmd
471,,2019/07/22,null,diamond,dmd
472,,2019/07/23,null,diamond,dmd
473,,2019/07/24,null,diamond,dmd
474,,2019/07/25,null,diamond,dmd
475,,2019/07/26,null,diamond,dmd
476,,2019/07/27,null,diamond,dmd
477,,2019/07/28,null,diamond,dmd
478,,2019/07/29,null,diamond,dmd
479,,2019/07/30,null,diamond,dmd
480,,2019/07/31,null,diamond,dmd
481,,2019/08/01,null,diamond,dmd
482,,2019/08/02,null,diamond,dmd
483,,2019/08/03,null,diamond,dmd
484,,2019/08/04,null,diamond,dmd
485,,2019/08/05,null,diamond,dmd
486,,2019/08/06,null,diamond,dmd
487,,2019/08/07,null,diamond,dmd
488,,2019/08/08,null,diamond,dmd
489,,2019/08/09,null,diamond,dmd
490,,2019/08/10,null,diamond,dmd
491,,2019/08/11,null,diamond,dmd
492,,2019/08/12,null,diamond,dmd
493,,2019/08/13,null,diamond,dmd
494,,2019/08/14,null,diamond,dmd
495,,2019/08/15,null,diamond,dmd
496,,2019/08/16,null,diamond,dmd
497,,2019/08/17,null,diamond,dmd
498,,2019/08/18,null,diamond,dmd
499,,2019/08/19,null,diamond,dmd
500,,2019/08/20,null,diamond,dmd
501,,2019/08/21,null,diamond,dmd
502,,2019/08/22,null,diamond,dmd
503,,2019/08/23,null,diamond,dmd
504,,2019/08/24,null,diamond,dmd
505,,2019/08/25,null,diamond,dmd
506,,2019/08/26,null,diamond,dmd
507,,2019/08/27,null,diamond,dmd
508,,2019/08/28,null,diamond,dmd
509,,2019/08/29,null,diamond,dmd
510,,2019/08/30,null,diamond,dmd
511,,2019/08/31,null,diamond,dmd
512,,2019/09/01,null,diamond,dmd
513,,2019/09/02,null,diamond,dmd
514,,2019/09/03,null,diamond,dmd
515,,2019/09/04,null,diamond,dmd
516,,2019/09/05,null,diamond,dmd
517,,2019/09/06,null,diamond,dmd
518,,2019/09/07,null,diamond,dmd
519,,2019/09/08,null,diamond,dmd
520,,2019/09/09,null,diamond,dmd
521,,2019/09/10,null,diamond,dmd
522,,2019/09/11,null,diamond,dmd
523,,2019/09/12,null,diamond,dmd
524,,2019/09/13,null,diamond,dmd
525,,2019/09/14,null,diamond,dmd
526,,2019/09/15,null,diamond,dmd
527,,2019/09/16,null,diamond,dmd
528,,2019/09/17,null,diamond,dmd
529,,2019/09/18,null,diamond,dmd
530,,2019/09/19,null,diamond,dmd
531,,2019/09/20,null,diamond,dmd
532,,2019/09/21,null,diamond,dmd
533,,2019/09/22,null,diamond,dmd
534,,2019/09/23,null,diamond,dmd
535,,2019/09/24,null,diamond,dmd
536,,2019/09/25,null,diamond,dmd
537,,2019/09/26,null,diamond,dmd
538,,2019/09/27,null,diamond,dmd
539,,2019/09/28,null,diamond,dmd
540,,2019/09/29,null,diamond,dmd
541,,2019/09/30,null,diamond,dmd
542,,2019/10/01,null,diamond,dmd
543,,2019/10/02,null,diamond,dmd
544,,2019/10/03,null,diamond,dmd
545,,2019/10/04,null,diamond,dmd
546,,2019/10/05,null,diamond,dmd
547,,2019/10/06,null,diamond,dmd
548,,2019/10/07,null,diamond,dmd
549,,2019/10/08,null,diamond,dmd
550,,2019/10/09,null,diamond,dmd
551,,2019/10/10,null,diamond,dmd
552,,2019/10/11,null,diamond,dmd
553,,2019/10/12,null,diamond,dmd
554,,2019/10/13,null,diamond,dmd
555,,2019/10/14,null,diamond,dmd
556,,2019/10/15,null,diamond,dmd
557,,2019/10/16,null,diamond,dmd
558,,2019/10/17,null,diamond,dmd
559,,2019/10/18,null,diamond,dmd
560,,2019/10/19,null,diamond,dmd
561,,2019/10/20,null,diamond,dmd
562,,2019/10/21,null,diamond,dmd
563,,2019/10/22,null,diamond,dmd
564,,2019/10/23,null,diamond,dmd
565,,2019/10/24,null,diamond,dmd
566,,2019/10/25,null,diamond,dmd
567,,2019/10/26,null,diamond,dmd
568,,2019/10/27,null,diamond,dmd
569,,2019/10/28,null,diamond,dmd
570,,2019/10/29,null,diamond,dmd
571,,2019/10/30,null,diamond,dmd
572,,2019/10/31,null,diamond,dmd
573,,2019/11/01,null,diamond,dmd
574,,2019/11/02,null,diamond,dmd
575,,2019/11/03,null,diamond,dmd
576,,2019/11/04,null,diamond,dmd
577,,2019/11/05,null,diamond,dmd
578,,2019/11/06,null,diamond,dmd
579,,2019/11/07,null,diamond,dmd
580,,2019/11/08,null,diamond,dmd
581,,2019/11/09,null,diamond,dmd
582,,2019/11/10,null,diamond,dmd
583,,2019/11/11,null,diamond,dmd
584,,2019/11/12,null,diamond,dmd
585,,2019/11/13,null,diamond,dmd
586,,2019/11/14,null,diamond,dmd
587,,2019/11/15,null,diamond,dmd
588,,2019/11/16,null,diamond,dmd
589,,2019/11/17,null,diamond,dmd
590,,2019/11/18,null,diamond,dmd
591,,2019/11/19,null,diamond,dmd
592,,2019/11/20,null,diamond,dmd
593,,2019/11/21,null,diamond,dmd
594,,2019/11/22,null,diamond,dmd
595,,2019/11/23,null,diamond,dmd
596,,2019/11/24,null,diamond,dmd
597,,2019/11/25,null,diamond,dmd
598,,2019/11/26,null,diamond,dmd
599,,2019/11/27,null,diamond,dmd
600,,2019/11/28,null,diamond,dmd
601,,2019/11/29,null,diamond,dmd
602,,2019/11/30,null,diamond,dmd
603,,2019/12/01,null,diamond,dmd
604,,2019/12/02,null,diamond,dmd
605,,2019/12/03,null,diamond,dmd
606,,2019/12/04,null,diamond,dmd
607,,2019/12/05,null,diamond,dmd
608,,2019/12/06,null,diamond,dmd
609,,2019/12/07,null,diamond,dmd
610,,2019/12/08,null,diamond,dmd
611,,2019/12/09,null,diamond,dmd
612,,2019/12/10,null,diamond,dmd
613,,2019/12/11,null,diamond,dmd
614,,2019/12/12,null,diamond,dmd
615,,2019/12/13,null,diamond,dmd
616,,2019/12/14,null,diamond,dmd
617,,2019/12/15,null,diamond,dmd
618,,2019/12/16,null,diamond,dmd
619,,2019/12/17,null,diamond,dmd
620,,2019/12/18,null,diamond,dmd
621,,2019/12/19,null,diamond,dmd
622,,2019/12/20,null,diamond,dmd
623,,2019/12/21,null,diamond,dmd
624,,2019/12/22,null,diamond,dmd
625,,2019/12/23,null,diamond,dmd
626,,2019/12/24,null,diamond,dmd
627,,2019/12/25,null,diamond,dmd
628,,2019/12/26,null,diamond,dmd
629,,2019/12/27,null,diamond,dmd
630,,2019/12/28,null,diamond,dmd
631,,2019/12/29,null,diamond,dmd
632,,2019/12/30,null,diamond,dmd
633,,2019/12/31,null,diamond,dmd
634,,2020/01/01,null,diamond,dmd
635,,2020/01/02,null,diamond,dmd
636,,2020/01/03,null,diamond,dmd
637,,2020/01/04,null,diamond,dmd
638,,2020/01/05,null,diamond,dmd
639,,2020/01/06,null,diamond,dmd
640,,2020/01/07,null,diamond,dmd
641,,2020/01/08,null,diamond,dmd
642,,2020/01/09,null,diamond,dmd
643,,2020/01/10,null,diamond,dmd
644,,2020/01/11,null,diamond,dmd
645,,2020/01/12,null,diamond,dmd
646,,2020/01/13,null,diamond,dmd
647,,2020/01/14,null,diamond,dmd
648,,2020/01/15,null,diamond,dmd
649,,2020/01/16,null,diamond,dmd
650,,2020/01/17,null,diamond,dmd
651,,2020/01/18,null,diamond,dmd
652,,2020/01/19,null,diamond,dmd
653,,2020/01/20,null,diamond,dmd
654,,2020/01/21,null,diamond,dmd
655,,2020/01/22,null,diamond,dmd
656,,2020/01/23,null,diamond,dmd
657,,2020/01/24,null,diamond,dmd
658,,2020/01/25,null,diamond,dmd
659,,2020/01/26,null,diamond,dmd
660,,2020/01/27,null,diamond,dmd
661,,2020/01/28,null,diamond,dmd
662,,2020/01/29,null,diamond,dmd
663,,2020/01/30,null,diamond,dmd
664,,2020/01/31,null,diamond,dmd
665,,2020/02/01,null,diamond,dmd
666,,2020/02/02,null,diamond,dmd
667,,2020/02/03,null,diamond,dmd
668,,2020/02/04,null,diamond,dmd
669,,2020/02/05,null,diamond,dmd
670,,2020/02/06,null,diamond,dmd
671,,2020/02/07,null,diamond,dmd
672,,2020/02/08,null,diamond,dmd
673,,2020/02/09,null,diamond,dmd
674,,2020/02/10,null,diamond,dmd
675,,2020/02/11,null,diamond,dmd
676,,2020/02/12,null,diamond,dmd
677,,2020/02/13,null,diamond,dmd
678,,2020/02/14,null,diamond,dmd
679,,2020/02/15,null,diamond,dmd
680,,2020/02/16,null,diamond,dmd
681,,2020/02/17,null,diamond,dmd
682,,2020/02/18,null,diamond,dmd
683,,2020/02/19,null,diamond,dmd
684,,2020/02/20,null,diamond,dmd
685,,2020/02/21,null,diamond,dmd
686,,2020/02/22,null,diamond,dmd
687,,2020/02/23,null,diamond,dmd
688,,2020/02/24,null,diamond,dmd
689,,2020/02/25,null,diamond,dmd
690,,2020/02/26,null,diamond,dmd
691,,2020/02/27,null,diamond,dmd
692,,2020/02/28,null,diamond,dmd
693,,2020/02/29,null,diamond,dmd
694,,2020/03/01,null,diamond,dmd
695,,2020/03/02,null,diamond,dmd
696,,2020/03/03,null,diamond,dmd
697,,2020/03/04,null,diamond,dmd
698,,2020/03/05,null,diamond,dmd
699,,2020/03/06,null,diamond,dmd
700,,2020/03/07,null,diamond,dmd
701,,2020/03/08,null,diamond,dmd
702,,2020/03/09,null,diamond,dmd
703,,2020/03/10,null,diamond,dmd
704,,2020/03/11,null,diamond,dmd
705,,2020/03/12,null,diamond,dmd
706,,2020/03/13,null,diamond,dmd
707,,2020/03/14,null,diamond,dmd
708,,2020/03/15,null,diamond,dmd
709,,2020/03/16,null,diamond,dmd
710,,2020/03/17,null,diamond,dmd
711,,2020/03/18,null,diamond,dmd
712,,2020/03/19,null,diamond,dmd
713,,2020/03/20,null,diamond,dmd
714,,2020/03/21,null,diamond,dmd
715,,2020/03/22,null,diamond,dmd
716,,2020/03/23,null,diamond,dmd
717,,2020/03/24,null,diamond,dmd
718,,2020/03/25,null,diamond,dmd
719,,2020/03/26,null,diamond,dmd
720,,2020/03/27,null,diamond,dmd
721,,2020/03/28,null,diamond,dmd
722,,2020/03/29,null,diamond,dmd
723,,2020/03/30,null,diamond,dmd
724,,2020/03/31,null,diamond,dmd
725,,2020/04/01,null,diamond,dmd
726,,2020/04/02,null,diamond,dmd
727,,2020/04/03,null,diamond,dmd
728,,2020/04/04,null,diamond,dmd
729,,2020/04/05,null,diamond,dmd
730,,2020/04/06,null,diamond,dmd
731,,2020/04/07,null,diamond,dmd
732,,2020/04/08,null,diamond,dmd
733,,2020/04/09,null,diamond,dmd
734,,2020/04/10,null,diamond,dmd
735,,2020/04/11,null,diamond,dmd
736,,2020/04/12,null,diamond,dmd
737,,2020/04/13,null,diamond,dmd
738,,2020/04/14,null,diamond,dmd
739,,2020/04/15,null,diamond,dmd
740,,2020/04/16,null,diamond,dmd
741,,2020/04/17,null,diamond,dmd
742,,2020/04/18,null,diamond,dmd
743,,2020/04/19,null,diamond,dmd
744,,2020/04/20,null,diamond,dmd
745,,2020/04/21,null,diamond,dmd
746,,2020/04/22,null,diamond,dmd
747,,2020/04/23,null,diamond,dmd
748,,2020/04/24,null,diamond,dmd
749,,2020/04/25,null,diamond,dmd
750,,2020/04/26,null,diamond,dmd
751,,2020/04/27,null,diamond,dmd
752,,2020/04/28,null,diamond,dmd
753,,2020/04/29,null,diamond,dmd
754,,2020/04/30,null,diamond,dmd
755,,2020/05/01,null,diamond,dmd
756,,2020/05/02,null,diamond,dmd
757,,2020/05/03,null,diamond,dmd
758,,2020/05/04,null,diamond,dmd
759,,2020/05/05,null,diamond,dmd
760,,2020/05/06,null,diamond,dmd
761,,2020/05/07,null,diamond,dmd
762,,2020/05/08,null,diamond,dmd
763,,2020/05/09,null,diamond,dmd
764,,2020/05/10,null,diamond,dmd
765,,2020/05/11,null,diamond,dmd
766,,2020/05/12,null,diamond,dmd
767,,2020/05/13,null,diamond,dmd
768,,2020/05/14,null,diamond,dmd
769,,2020/05/15,null,diamond,dmd
770,,2020/05/16,null,diamond,dmd
771,,2020/05/17,null,diamond,dmd
772,,2020/05/18,null,diamond,dmd
773,,2020/05/19,null,diamond,dmd
774,,2020/05/20,null,diamond,dmd
775,,2020/05/21,null,diamond,dmd
776,,2020/05/22,null,diamond,dmd
777,,2020/05/23,null,diamond,dmd
778,,2020/05/24,null,diamond,dmd
779,,2020/05/25,null,diamond,dmd
780,,2020/05/26,null,diamond,dmd
781,,2020/05/27,null,diamond,dmd
782,,2020/05/28,null,diamond,dmd
783,,2020/05/29,null,diamond,dmd
784,,2020/05/30,null,diamond,dmd
785,,2020/05/31,null,diamond,dmd
786,,2020/06/01,null,diamond,dmd
787,,2020/06/02,null,diamond,dmd
788,,2020/06/03,null,diamond,dmd
789,,2020/06/04,null,diamond,dmd
790,,2020/06/05,null,diamond,dmd
791,,2020/06/06,null,diamond,dmd
792,,2020/06/07,null,diamond,dmd
793,,2020/06/08,null,diamond,dmd
794,,2020/06/09,null,diamond,dmd
795,,2020/06/10,null,diamond,dmd
796,,2020/06/11,null,diamond,dmd
797,,2020/06/12,null,diamond,dmd
798,,2020/06/13,null,diamond,dmd
799,,2020/06/14,null,diamond,dmd
800,,2020/06/15,null,diamond,dmd
801,,2020/06/16,null,diamond,dmd
802,,2020/06/17,null,diamond,dmd
803,,2020/06/18,null,diamond,dmd
804,,2020/06/19,null,diamond,dmd
805,,2020/06/20,null,diamond,dmd
806,,2020/06/21,null,diamond,dmd
807,,2020/06/22,null,diamond,dmd
808,,2020/06/23,null,diamond,dmd
809,,2020/06/24,null,diamond,dmd
810,,2020/06/25,null,diamond,dmd
811,,2020/06/26,null,diamond,dmd
812,,2020/06/27,null,diamond,dmd
813,,2020/06/28,null,diamond,dmd
814,,2020/06/29,null,diamond,dmd
815,,2020/06/30,null,diamond,dmd
816,,2020/07/01,null,diamond,dmd
817,,2020/07/02,null,diamond,dmd
818,,2020/07/03,null,diamond,dmd
819,,2020/07/04,null,diamond,dmd
820,,2020/07/05,null,diamond,dmd
821,,2020/07/06,null,diamond,dmd
822,,2020/07/07,null,diamond,dmd
823,,2020/07/08,null,diamond,dmd
824,,2020/07/09,null,diamond,dmd
825,,2020/07/10,null,diamond,dmd
826,,2020/07/11,null,diamond,dmd
827,,2020/07/12,null,diamond,dmd
828,,2020/07/13,null,diamond,dmd
829,,2020/07/14,null,diamond,dmd
830,,2020/07/15,null,diamond,dmd
831,,2020/07/16,null,diamond,dmd
832,,2020/07/17,null,diamond,dmd
833,,2020/07/18,null,diamond,dmd
834,,2020/07/19,null,diamond,dmd
835,,2020/07/20,null,diamond,dmd
836,,2020/07/21,null,diamond,dmd
837,,2020/07/22,null,diamond,dmd
838,,2020/07/23,null,diamond,dmd
839,,2020/07/24,null,diamond,dmd
840,,2020/07/25,null,diamond,dmd
841,,2020/07/26,null,diamond,dmd
842,,2020/07/27,null,diamond,dmd
843,,2020/07/28,null,diamond,dmd
844,,2020/07/29,null,diamond,dmd
845,,2020/07/30,null,diamond,dmd
846,,2020/07/31,null,diamond,dmd
847,,2020/08/01,null,diamond,dmd
848,,2020/08/02,null,diamond,dmd
849,,2020/08/03,null,diamond,dmd
850,,2020/08/04,null,diamond,dmd
851,,2020/08/05,null,diamond,dmd
852,,2020/08/06,null,diamond,dmd
853,,2020/08/07,null,diamond,dmd
854,,2020/08/08,null,diamond,dmd
855,,2020/08/09,null,diamond,dmd
856,,2020/08/10,null,diamond,dmd
857,,2020/08/11,null,diamond,dmd
858,,2020/08/12,null,diamond,dmd
859,,2020/08/13,null,diamond,dmd
860,,2020/08/14,null,diamond,dmd
861,,2020/08/15,null,diamond,dmd
862,,2020/08/16,null,diamond,dmd
863,,2020/08/17,null,diamond,dmd
864,,2020/08/18,null,diamond,dmd
865,,2020/08/19,null,diamond,dmd
866,,2020/08/20,null,diamond,dmd
867,,2020/08/21,null,diamond,dmd
868,,2020/08/22,null,diamond,dmd
869,,2020/08/23,null,diamond,dmd
870,,2020/08/24,null,diamond,dmd
871,,2020/08/25,null,diamond,dmd
872,,2020/08/26,null,diamond,dmd
873,,2020/08/27,null,diamond,dmd
874,,2020/08/28,null,diamond,dmd
875,,2020/08/29,null,diamond,dmd
876,,2020/08/30,null,diamond,dmd
877,,2020/08/31,null,diamond,dmd
878,,2020/09/01,null,diamond,dmd
879,,2020/09/02,null,diamond,dmd
880,,2020/09/03,null,diamond,dmd
881,,2020/09/04,null,diamond,dmd
882,,2020/09/05,null,diamond,dmd
883,,2020/09/06,null,diamond,dmd
884,,2020/09/07,null,diamond,dmd
885,,2020/09/08,null,diamond,dmd
886,,2020/09/09,null,diamond,dmd
887,,2020/09/10,null,diamond,dmd
888,,2020/09/11,null,diamond,dmd
889,,2020/09/12,null,diamond,dmd
890,,2020/09/13,null,diamond,dmd
891,,2020/09/14,null,diamond,dmd
892,,2020/09/15,null,diamond,dmd
893,,2020/09/16,null,diamond,dmd
894,,2020/09/17,null,diamond,dmd
895,,2020/09/18,null,diamond,dmd
896,,2020/09/19,null,diamond,dmd
897,,2020/09/20,null,diamond,dmd
898,,2020/09/21,null,diamond,dmd
899,,2020/09/22,null,diamond,dmd
900,,2020/09/23,null,diamond,dmd
901,,2020/09/24,null,diamond,dmd
902,,2020/09/25,null,diamond,dmd
903,,2020/09/26,null,diamond,dmd
904,,2020/09/27,null,diamond,dmd
905,,2020/09/28,null,diamond,dmd
906,,2020/09/29,null,diamond,dmd
907,,2020/09/30,null,diamond,dmd
908,,2020/10/01,null,diamond,dmd
909,,2020/10/02,null,diamond,dmd
910,,2020/10/03,null,diamond,dmd
911,,2020/10/04,null,diamond,dmd
912,,2020/10/05,null,diamond,dmd
913,,2020/10/06,null,diamond,dmd
914,,2020/10/07,null,diamond,dmd
915,,2020/10/08,null,diamond,dmd
916,,2020/10/09,null,diamond,dmd
917,,2020/10/10,null,diamond,dmd
918,,2020/10/11,null,diamond,dmd
919,,2020/10/12,null,diamond,dmd
920,,2020/10/13,null,diamond,dmd
921,,2020/10/14,null,diamond,dmd
922,,2020/10/15,null,diamond,dmd
923,,2020/10/16,null,diamond,dmd
924,,2020/10/17,null,diamond,dmd
925,,2020/10/18,null,diamond,dmd
926,,2020/10/19,null,diamond,dmd
927,,2020/10/20,null,diamond,dmd
928,,2020/10/21,null,diamond,dmd
929,,2020/10/22,null,diamond,dmd
930,,2020/10/23,null,diamond,dmd
931,,2020/10/24,null,diamond,dmd
932,,2020/10/25,null,diamond,dmd
933,,2020/10/26,null,diamond,dmd
934,,2020/10/27,null,diamond,dmd
935,,2020/10/28,null,diamond,dmd
936,,2020/10/29,null,diamond,dmd
937,,2020/10/30,null,diamond,dmd
938,,2020/10/31,null,diamond,dmd
939,,2020/11/01,null,diamond,dmd
940,,2020/11/02,null,diamond,dmd
941,,2020/11/03,null,diamond,dmd
942,,2020/11/04,null,diamond,dmd
943,,2020/11/05,null,diamond,dmd
944,,2020/11/06,null,diamond,dmd
945,,2020/11/07,null,diamond,dmd
946,,2020/11/08,null,diamond,dmd
947,,2020/11/09,null,diamond,dmd
948,,2020/11/10,null,diamond,dmd
949,,2020/11/11,null,diamond,dmd
950,,2020/11/12,null,diamond,dmd
951,,2020/11/13,null,diamond,dmd
952,,2020/11/14,null,diamond,dmd
953,,2020/11/15,null,diamond,dmd
954,,2020/11/16,null,diamond,dmd
955,,2020/11/17,null,diamond,dmd
956,,2020/11/18,null,diamond,dmd
957,,2020/11/19,null,diamond,dmd
958,,2020/11/20,null,diamond,dmd
959,,2020/11/21,null,diamond,dmd
960,,2020/11/22,null,diamond,dmd
961,,2020/11/23,null,diamond,dmd
962,,2020/11/24,null,diamond,dmd
963,,2020/11/25,null,diamond,dmd
964,,2020/11/26,null,diamond,dmd
965,,2020/11/27,null,diamond,dmd
966,,2020/11/28,null,diamond,dmd
967,,2020/11/29,null,diamond,dmd
968,,2020/11/30,null,diamond,dmd
969,,2020/12/01,null,diamond,dmd
970,,2020/12/02,null,diamond,dmd
971,,2020/12/03,null,diamond,dmd
972,,2020/12/04,null,diamond,dmd
973,,2020/12/05,null,diamond,dmd
974,,2020/12/06,null,diamond,dmd
975,,2020/12/07,null,diamond,dmd
976,,2020/12/08,null,diamond,dmd
977,,2020/12/09,null,diamond,dmd
978,,2020/12/10,null,diamond,dmd
979,,2020/12/11,null,diamond,dmd
980,,2020/12/12,null,diamond,dmd
981,,2020/12/13,null,diamond,dmd
982,,2020/12/14,null,diamond,dmd
983,,2020/12/15,null,diamond,dmd
984,,2020/12/16,null,diamond,dmd
985,,2020/12/17,null,diamond,dmd
986,,2020/12/18,null,diamond,dmd
987,,2020/12/19,null,diamond,dmd
988,,2020/12/20,null,diamond,dmd
989,,2020/12/21,null,diamond,dmd
990,,2020/12/22,null,diamond,dmd
991,,2020/12/23,null,diamond,dmd
992,,2020/12/24,null,diamond,dmd
993,,2020/12/25,null,diamond,dmd
994,,2020/12/26,null,diamond,dmd
995,,2020/12/27,null,diamond,dmd
996,,2020/12/28,null,diamond,dmd
997,,2020/12/29,null,diamond,dmd
998,,2020/12/30,null,diamond,dmd
999,,2020/12/31,null,diamond,dmd
1000,,2021/01/01,null,diamond,dmd
1001,,2021/01/02,null,diamond,dmd
1002,,2021/01/03,null,diamond,dmd
1003,,2021/01/04,null,diamond,dmd
1004,,2021/01/05,null,diamond,dmd
1005,,2021/01/06,null,diamond,dmd
1006,,2021/01/07,null,diamond,dmd
1007,,2021/01/08,null,diamond,dmd
1008,,2021/01/09,null,diamond,dmd
1009,,2021/01/10,null,diamond,dmd
1010,,2021/01/11,null,diamond,dmd
1011,,2021/01/12,null,diamond,dmd
1012,,2021/01/13,null,diamond,dmd
1013,,2021/01/14,null,diamond,dmd
1014,,2021/01/15,null,diamond,dmd
1015,,2021/01/16,null,diamond,dmd
1016,,2021/01/17,null,diamond,dmd
1017,,2021/01/18,null,diamond,dmd
1018,,2021/01/19,null,diamond,dmd
1019,,2021/01/20,null,diamond,dmd
1020,,2021/01/21,null,diamond,dmd
1021,,2021/01/22,null,diamond,dmd
1022,,2021/01/23,null,diamond,dmd
1023,,2021/01/24,null,diamond,dmd
1024,,2021/01/25,null,diamond,dmd
1025,,2021/01/26,null,diamond,dmd
1026,,2021/01/27,null,diamond,dmd
1027,,2021/01/28,null,diamond,dmd
1028,,2021/01/29,null,diamond,dmd
1029,,2021/01/30,null,diamond,dmd
1030,,2021/01/31,null,diamond,dmd
1031,,2021/02/01,null,diamond,dmd
1032,,2021/02/02,null,diamond,dmd
1033,,2021/02/03,null,diamond,dmd
1034,,2021/02/04,null,diamond,dmd
1035,,2021/02/05,null,diamond,dmd
1036,,2021/02/06,null,diamond,dmd
1037,,2021/02/07,null,diamond,dmd
1038,,2021/02/08,null,diamond,dmd
1039,,2021/02/09,null,diamond,dmd
1040,,2021/02/10,null,diamond,dmd
1041,,2021/02/11,null,diamond,dmd
1042,,2021/02/12,null,diamond,dmd
1043,,2021/02/13,null,diamond,dmd
1044,,2021/02/14,null,diamond,dmd
1045,,2021/02/15,null,diamond,dmd
1046,,2021/02/16,null,diamond,dmd
1047,,2021/02/17,null,diamond,dmd
1048,,2021/02/18,null,diamond,dmd
1049,,2021/02/19,null,diamond,dmd
1050,,2021/02/20,null,diamond,dmd
1051,,2021/02/21,null,diamond,dmd
1052,,2021/02/22,null,diamond,dmd
1053,,2021/02/23,null,diamond,dmd
1054,,2021/02/24,null,diamond,dmd
1055,,2021/02/25,null,diamond,dmd
1056,,2021/02/26,null,diamond,dmd
1057,,2021/02/27,null,diamond,dmd
1058,,2021/02/28,null,diamond,dmd
1059,,2021/03/01,null,diamond,dmd
1060,,2021/03/02,null,diamond,dmd
1061,,2021/03/03,null,diamond,dmd
1062,,2021/03/04,null,diamond,dmd
1063,,2021/03/05,null,diamond,dmd
1064,,2021/03/06,null,diamond,dmd
1065,,2021/03/07,null,diamond,dmd
1066,,2021/03/08,null,diamond,dmd
1067,,2021/03/09,null,diamond,dmd
1068,,2021/03/10,null,diamond,dmd
1069,,2021/03/11,null,diamond,dmd
1070,,2021/03/12,null,diamond,dmd
1071,,2021/03/13,null,diamond,dmd
1072,,2021/03/14,null,diamond,dmd
1073,,2021/03/15,null,diamond,dmd
1074,,2021/03/16,null,diamond,dmd
1075,,2021/03/17,null,diamond,dmd
1076,,2021/03/18,null,diamond,dmd
1077,,2021/03/19,null,diamond,dmd
1078,,2021/03/20,null,diamond,dmd
1079,,2021/03/21,null,diamond,dmd
1080,,2021/03/22,null,diamond,dmd
1081,,2021/03/23,null,diamond,dmd
1082,,2021/03/24,null,diamond,dmd
1083,,2021/03/25,null,diamond,dmd
1084,,2021/03/26,null,diamond,dmd
1085,,2021/03/27,null,diamond,dmd
1086,,2021/03/28,null,diamond,dmd
1087,,2021/03/29,null,diamond,dmd
1088,,2021/03/30,null,diamond,dmd
1089,,2021/03/31,null,diamond,dmd
1090,,2021/04/01,null,diamond,dmd
1091,,2021/04/02,null,diamond,dmd
1092,,2021/04/03,null,diamond,dmd
1093,,2021/04/04,null,diamond,dmd
1094,,2021/04/05,null,diamond,dmd
1095,,2021/04/06,null,diamond,dmd
1096,,2021/04/07,null,diamond,dmd
1097,,2021/04/08,null,diamond,dmd
1098,,2021/04/09,null,diamond,dmd
1099,,2021/04/10,null,diamond,dmd
1100,,2021/04/11,null,diamond,dmd
1101,,2021/04/12,null,diamond,dmd
1102,,2021/04/13,null,diamond,dmd
1103,,2021/04/14,null,diamond,dmd
1104,,2021/04/15,null,diamond,dmd
1105,,2021/04/16,null,diamond,dmd
1106,,2021/04/17,null,diamond,dmd
1107,,2021/04/18,null,diamond,dmd
1108,,2021/04/19,null,diamond,dmd
1109,,2021/04/20,null,diamond,dmd
1110,,2021/04/21,null,diamond,dmd
1111,,2021/04/22,null,diamond,dmd
1112,,2021/04/23,null,diamond,dmd
1113,,2021/04/24,null,diamond,dmd
1114,,2021/04/25,null,diamond,dmd
1115,,2021/04/26,null,diamond,dmd
1116,,2021/04/27,null,diamond,dmd
1117,,2021/04/28,null,diamond,dmd
1118,,2021/04/29,null,diamond,dmd
1119,,2021/04/30,null,diamond,dmd
1120,,2021/05/01,null,diamond,dmd
1121,,2021/05/02,null,diamond,dmd
1122,,2021/05/03,null,diamond,dmd
1123,,2021/05/04,null,diamond,dmd
1124,,2021/05/05,null,diamond,dmd
1125,,2021/05/06,null,diamond,dmd
1126,,2021/05/07,null,diamond,dmd
1127,,2021/05/08,null,diamond,dmd
1128,,2021/05/09,null,diamond,dmd
1129,,2021/05/10,null,diamond,dmd
1130,,2021/05/11,null,diamond,dmd
1131,,2021/05/12,null,diamond,dmd
1132,,2021/05/13,null,diamond,dmd
1133,,2021/05/14,null,diamond,dmd
1134,,2021/05/15,null,diamond,dmd
1135,,2021/05/16,null,diamond,dmd
1136,,2021/05/17,null,diamond,dmd
1137,,2021/05/18,null,diamond,dmd
1138,,2021/05/19,null,diamond,dmd
1139,,2021/05/20,null,diamond,dmd
1140,,2021/05/21,null,diamond,dmd
1141,,2021/05/22,null,diamond,dmd
1142,,2021/05/23,null,diamond,dmd
1143,,2021/05/24,null,diamond,dmd
1144,,2021/05/25,null,diamond,dmd
1145,,2021/05/26,null,diamond,dmd
1146,,2021/05/27,null,diamond,dmd
1147,,2021/05/28,null,diamond,dmd
1148,,2021/05/29,null,diamond,dmd
1149,,2021/05/30,null,diamond,dmd
1150,,2021/05/31,null,diamond,dmd
1151,,2021/06/01,null,diamond,dmd
1152,,2021/06/02,null,diamond,dmd
1153,,2021/06/03,null,diamond,dmd
1154,,2021/06/04,null,diamond,dmd
1155,,2021/06/05,null,diamond,dmd
1156,,2021/06/06,null,diamond,dmd
1157,,2021/06/07,null,diamond,dmd
1158,,2021/06/08,null,diamond,dmd
1159,,2021/06/09,null,diamond,dmd
1160,,2021/06/10,null,diamond,dmd
1161,,2021/06/11,null,diamond,dmd
1162,,2021/06/12,null,diamond,dmd
1163,,2021/06/13,null,diamond,dmd
1164,,2021/06/14,null,diamond,dmd
1165,,2021/06/15,null,diamond,dmd
1166,,2021/06/16,null,diamond,dmd
1167,,2021/06/17,null,diamond,dmd
1168,,2021/06/18,null,diamond,dmd
1169,,2021/06/19,null,diamond,dmd
1170,,2021/06/20,null,diamond,dmd
1171,,2021/06/21,null,diamond,dmd
1172,,2021/06/22,null,diamond,dmd
1173,,2021/06/23,null,diamond,dmd
1174,,2021/06/24,null,diamond,dmd
1175,,2021/06/25,null,diamond,dmd
1176,,2021/06/26,null,diamond,dmd
1177,,2021/06/27,null,diamond,dmd
1178,,2021/06/28,null,diamond,dmd
1179,,2021/06/29,null,diamond,dmd
1180,,2021/06/30,null,diamond,dmd
1181,,2021/07/01,null,diamond,dmd
1182,,2021/07/02,null,diamond,dmd
1183,,2021/07/03,null,diamond,dmd
1184,,2021/07/04,null,diamond,dmd
1185,,2021/07/05,null,diamond,dmd
1186,,2021/07/06,null,diamond,dmd
1187,,2021/07/07,null,diamond,dmd
1188,,2021/07/08,null,diamond,dmd
1189,,2021/07/09,null,diamond,dmd
1190,,2021/07/10,null,diamond,dmd
1191,,2021/07/11,null,diamond,dmd
1192,,2021/07/12,null,diamond,dmd
1193,,2021/07/13,null,diamond,dmd
1194,,2021/07/14,null,diamond,dmd
1195,,2021/07/15,689,diamond,dmd
1196,,2021/07/16,740,diamond,dmd
1197,,2021/07/17,482,diamond,dmd
1198,,2021/07/18,590,diamond,dmd
1199,,2021/07/19,394,diamond,dmd
1200,,2021/07/20,470,diamond,dmd
1201,,2021/07/21,577,diamond,dmd
1202,,2021/07/22,903,diamond,dmd
1203,,2021/07/23,1415,diamond,dmd
1204,,2021/07/24,592,diamond,dmd
1205,,2021/07/25,372,diamond,dmd
1206,,2021/07/26,461,diamond,dmd
1207,,2021/07/27,382,diamond,dmd
1208,,2021/07/28,430,diamond,dmd
1209,,2021/07/29,502,diamond,dmd
1210,,2021/07/30,599,diamond,dmd
1211,,2021/07/31,366,diamond,dmd
1212,,2021/08/01,397,diamond,dmd
1213,,2021/08/02,null,diamond,dmd
1214,,2021/08/03,570,diamond,dmd
1215,,2021/08/04,424,diamond,dmd
1216,,2021/08/05,435,diamond,dmd
1217,,2021/08/06,445,diamond,dmd
1218,,2021/08/07,721,diamond,dmd
1219,,2021/08/08,549,diamond,dmd
1220,,2021/08/09,573,diamond,dmd
1221,,2021/08/10,580,diamond,dmd
1222,,2021/08/11,null,diamond,dmd
1223,,2021/08/12,null,diamond,dmd
1224,,2021/08/13,null,diamond,dmd
1225,,2021/08/14,null,diamond,dmd
1226,,2021/08/15,null,diamond,dmd
1227,,2021/08/16,null,diamond,dmd
1228,,2021/08/17,null,diamond,dmd
1229,,2021/08/18,null,diamond,dmd
1230,,2021/08/19,null,diamond,dmd
1231,,2021/08/20,null,diamond,dmd
1232,,2021/08/21,null,diamond,dmd
1233,,2021/08/22,null,diamond,dmd
1234,,2021/08/23,null,diamond,dmd
1235,,2021/08/24,null,diamond,dmd
1236,,2021/08/25,null,diamond,dmd
1237,,2021/08/26,null,diamond,dmd
1238,,2021/08/27,null,diamond,dmd
1239,,2021/08/28,null,diamond,dmd
1240,,2021/08/29,null,diamond,dmd
1241,,2021/08/30,null,diamond,dmd
1242,,2021/08/31,null,diamond,dmd
1243,,2021/09/01,null,diamond,dmd
1244,,2021/09/02,null,diamond,dmd
1245,,2021/09/03,null,diamond,dmd
1246,,2021/09/04,null,diamond,dmd
1247,,2021/09/05,null,diamond,dmd
1248,,2021/09/06,null,diamond,dmd
1249,,2021/09/07,null,diamond,dmd
1250,,2021/09/08,null,diamond,dmd
1251,,2021/09/09,null,diamond,dmd
1252,,2021/09/10,null,diamond,dmd
1253,,2021/09/11,null,diamond,dmd
1254,,2021/09/12,null,diamond,dmd
1255,,2021/09/13,null,diamond,dmd
1256,,2021/09/14,null,diamond,dmd
1257,,2021/09/15,null,diamond,dmd
1258,,2021/09/16,null,diamond,dmd
1259,,2021/09/17,null,diamond,dmd
1260,,2021/09/18,null,diamond,dmd
1261,,2021/09/19,390,diamond,dmd
1262,,2021/09/20,396,diamond,dmd
1263,,2021/09/21,null,diamond,dmd
1264,,2021/09/22,null,diamond,dmd
1265,,2021/09/23,null,diamond,dmd
1266,,2021/09/24,null,diamond,dmd
1267,,2021/09/25,null,diamond,dmd
1268,,2021/09/26,null,diamond,dmd
1269,,2021/09/27,null,diamond,dmd
1270,,2021/09/28,null,diamond,dmd
1271,,2021/09/29,null,diamond,dmd
1272,,2021/09/30,null,diamond,dmd
1273,,2021/10/01,null,diamond,dmd
1274,,2021/10/02,null,diamond,dmd
1275,,2021/10/03,null,diamond,dmd
1276,,2021/10/04,504,diamond,dmd
1277,,2021/10/05,457,diamond,dmd
1278,,2021/10/06,null,diamond,dmd
1279,,2021/10/07,null,diamond,dmd
1280,,2021/10/08,null,diamond,dmd
1281,,2021/10/09,null,diamond,dmd
1282,,2021/10/10,null,diamond,dmd
1283,,2021/10/11,null,diamond,dmd
1284,,2021/10/12,444,diamond,dmd
1285,,2021/10/13,304,diamond,dmd
1286,,2021/10/14,null,diamond,dmd
1287,,2021/10/15,null,diamond,dmd
1288,,2021/10/16,null,diamond,dmd
1289,,2021/10/17,null,diamond,dmd
1290,,2021/10/18,null,diamond,dmd
1291,,2021/10/19,null,diamond,dmd
1292,,2021/10/20,null,diamond,dmd
1293,,2021/10/21,null,diamond,dmd
1294,,2021/10/22,375,diamond,dmd
1295,,2021/10/23,415,diamond,dmd
1296,,2021/10/24,598,diamond,dmd
