,google_trends,date,tweets,full_name,coin
0,,2018/01/08,10,district0x,dnt
1,,2018/01/09,28,district0x,dnt
2,,2018/01/10,36,district0x,dnt
3,,2018/01/11,39,district0x,dnt
4,,2018/01/12,42,district0x,dnt
5,,2018/01/13,46,district0x,dnt
6,,2018/01/14,31,district0x,dnt
7,,2018/01/15,33,district0x,dnt
8,,2018/01/16,32,district0x,dnt
9,,2018/01/17,25,district0x,dnt
10,,2018/01/18,24,district0x,dnt
11,,2018/01/19,22,district0x,dnt
12,,2018/01/20,57,district0x,dnt
13,,2018/01/21,34,district0x,dnt
14,,2018/01/22,36,district0x,dnt
15,,2018/01/23,7,district0x,dnt
16,,2018/01/24,9,district0x,dnt
17,,2018/01/25,14,district0x,dnt
18,,2018/01/26,18,district0x,dnt
19,,2018/01/27,11,district0x,dnt
20,,2018/01/28,16,district0x,dnt
21,,2018/01/29,4,district0x,dnt
22,,2018/01/30,6,district0x,dnt
23,,2018/01/31,4,district0x,dnt
24,,2018/02/01,7,district0x,dnt
25,,2018/02/02,5,district0x,dnt
26,,2018/02/03,null,district0x,dnt
27,,2018/02/04,3,district0x,dnt
28,,2018/02/05,null,district0x,dnt
29,,2018/02/06,null,district0x,dnt
30,,2018/02/07,null,district0x,dnt
31,,2018/02/08,null,district0x,dnt
32,,2018/02/09,null,district0x,dnt
33,,2018/02/10,null,district0x,dnt
34,,2018/02/11,null,district0x,dnt
35,,2018/02/12,null,district0x,dnt
36,,2018/02/13,null,district0x,dnt
37,,2018/02/14,null,district0x,dnt
38,,2018/02/15,11,district0x,dnt
39,,2018/02/16,8,district0x,dnt
40,,2018/02/17,6,district0x,dnt
41,,2018/02/18,6,district0x,dnt
42,,2018/02/19,7,district0x,dnt
43,,2018/02/20,4,district0x,dnt
44,,2018/02/21,4,district0x,dnt
45,,2018/02/22,3,district0x,dnt
46,,2018/02/23,null,district0x,dnt
47,,2018/02/24,null,district0x,dnt
48,,2018/02/25,null,district0x,dnt
49,,2018/02/26,null,district0x,dnt
50,,2018/02/27,null,district0x,dnt
51,,2018/02/28,null,district0x,dnt
52,,2018/03/01,null,district0x,dnt
53,,2018/03/02,null,district0x,dnt
54,,2018/03/03,null,district0x,dnt
55,,2018/03/04,null,district0x,dnt
56,,2018/03/05,null,district0x,dnt
57,,2018/03/06,null,district0x,dnt
58,,2018/03/07,null,district0x,dnt
59,,2018/03/08,null,district0x,dnt
60,,2018/03/09,null,district0x,dnt
61,,2018/03/10,null,district0x,dnt
62,,2018/03/11,null,district0x,dnt
63,,2018/03/12,null,district0x,dnt
64,,2018/03/13,null,district0x,dnt
65,,2018/03/14,null,district0x,dnt
66,,2018/03/15,null,district0x,dnt
67,,2018/03/16,null,district0x,dnt
68,,2018/03/17,null,district0x,dnt
69,,2018/03/18,null,district0x,dnt
70,,2018/03/19,null,district0x,dnt
71,,2018/03/20,null,district0x,dnt
72,,2018/03/21,null,district0x,dnt
73,,2018/03/22,null,district0x,dnt
74,,2018/03/23,null,district0x,dnt
75,,2018/03/24,null,district0x,dnt
76,,2018/03/25,null,district0x,dnt
77,,2018/03/26,null,district0x,dnt
78,,2018/03/27,null,district0x,dnt
79,,2018/03/28,null,district0x,dnt
80,,2018/03/29,null,district0x,dnt
81,,2018/03/30,null,district0x,dnt
82,,2018/03/31,null,district0x,dnt
83,,2018/04/01,null,district0x,dnt
84,,2018/04/02,null,district0x,dnt
85,,2018/04/03,null,district0x,dnt
86,,2018/04/04,null,district0x,dnt
87,,2018/04/05,null,district0x,dnt
88,,2018/04/06,null,district0x,dnt
89,,2018/04/07,22,district0x,dnt
90,,2018/04/08,3,district0x,dnt
91,,2018/04/09,7,district0x,dnt
92,,2018/04/10,20,district0x,dnt
93,,2018/04/11,8,district0x,dnt
94,,2018/04/12,11,district0x,dnt
95,,2018/04/13,4,district0x,dnt
96,,2018/04/14,12,district0x,dnt
97,,2018/04/15,7,district0x,dnt
98,,2018/04/16,8,district0x,dnt
99,,2018/04/17,5,district0x,dnt
100,,2018/04/18,9,district0x,dnt
101,,2018/04/19,8,district0x,dnt
102,,2018/04/20,4,district0x,dnt
103,,2018/04/21,3,district0x,dnt
104,,2018/04/22,46,district0x,dnt
105,,2018/04/23,29,district0x,dnt
106,,2018/04/24,8,district0x,dnt
107,,2018/04/25,5,district0x,dnt
108,,2018/04/26,6,district0x,dnt
109,,2018/04/27,3,district0x,dnt
110,,2018/04/28,2,district0x,dnt
111,,2018/04/29,5,district0x,dnt
112,,2018/04/30,21,district0x,dnt
113,,2018/05/01,8,district0x,dnt
114,,2018/05/02,8,district0x,dnt
115,,2018/05/03,8,district0x,dnt
116,,2018/05/04,12,district0x,dnt
117,,2018/05/05,1,district0x,dnt
118,,2018/05/06,2,district0x,dnt
119,,2018/05/07,3,district0x,dnt
120,,2018/05/08,9,district0x,dnt
121,,2018/05/09,3,district0x,dnt
122,,2018/05/10,6,district0x,dnt
123,,2018/05/11,3,district0x,dnt
124,,2018/05/12,4,district0x,dnt
125,,2018/05/13,4,district0x,dnt
126,,2018/05/14,8,district0x,dnt
127,,2018/05/15,4,district0x,dnt
128,,2018/05/16,2,district0x,dnt
129,,2018/05/17,1,district0x,dnt
130,,2018/05/18,6,district0x,dnt
131,,2018/05/19,3,district0x,dnt
132,,2018/05/20,1,district0x,dnt
133,,2018/05/21,5,district0x,dnt
134,,2018/05/22,2,district0x,dnt
135,,2018/05/23,2,district0x,dnt
136,,2018/05/24,null,district0x,dnt
137,,2018/05/25,4,district0x,dnt
138,,2018/05/26,1,district0x,dnt
139,,2018/05/27,6,district0x,dnt
140,,2018/05/28,1,district0x,dnt
141,,2018/05/29,3,district0x,dnt
142,,2018/05/30,null,district0x,dnt
143,,2018/05/31,11,district0x,dnt
144,,2018/06/01,9,district0x,dnt
145,,2018/06/02,1,district0x,dnt
146,,2018/06/03,2,district0x,dnt
147,,2018/06/04,3,district0x,dnt
148,,2018/06/05,3,district0x,dnt
149,,2018/06/06,8,district0x,dnt
150,,2018/06/07,3,district0x,dnt
151,,2018/06/08,null,district0x,dnt
152,,2018/06/09,1,district0x,dnt
153,,2018/06/10,1,district0x,dnt
154,,2018/06/11,3,district0x,dnt
155,,2018/06/12,1,district0x,dnt
156,,2018/06/13,4,district0x,dnt
157,,2018/06/14,5,district0x,dnt
158,,2018/06/15,3,district0x,dnt
159,,2018/06/16,4,district0x,dnt
160,,2018/06/17,8,district0x,dnt
161,,2018/06/18,3,district0x,dnt
162,,2018/06/19,4,district0x,dnt
163,,2018/06/20,5,district0x,dnt
164,,2018/06/21,null,district0x,dnt
165,,2018/06/22,1,district0x,dnt
166,,2018/06/23,2,district0x,dnt
167,,2018/06/24,null,district0x,dnt
168,,2018/06/25,1,district0x,dnt
169,,2018/06/26,null,district0x,dnt
170,,2018/06/27,1,district0x,dnt
171,,2018/06/28,1,district0x,dnt
172,,2018/06/29,1,district0x,dnt
173,,2018/06/30,3,district0x,dnt
174,,2018/07/01,1,district0x,dnt
175,,2018/07/02,5,district0x,dnt
176,,2018/07/03,2,district0x,dnt
177,,2018/07/04,7,district0x,dnt
178,,2018/07/05,null,district0x,dnt
179,,2018/07/06,null,district0x,dnt
180,,2018/07/07,4,district0x,dnt
181,,2018/07/08,null,district0x,dnt
182,,2018/07/09,1,district0x,dnt
183,,2018/07/10,3,district0x,dnt
184,,2018/07/11,3,district0x,dnt
185,,2018/07/12,8,district0x,dnt
186,,2018/07/13,2,district0x,dnt
187,,2018/07/14,4,district0x,dnt
188,,2018/07/15,4,district0x,dnt
189,,2018/07/16,3,district0x,dnt
190,,2018/07/17,4,district0x,dnt
191,,2018/07/18,3,district0x,dnt
192,,2018/07/19,4,district0x,dnt
193,,2018/07/20,null,district0x,dnt
194,,2018/07/21,3,district0x,dnt
195,,2018/07/22,null,district0x,dnt
196,,2018/07/23,1,district0x,dnt
197,,2018/07/24,8,district0x,dnt
198,,2018/07/25,3,district0x,dnt
199,,2018/07/26,2,district0x,dnt
200,,2018/07/27,2,district0x,dnt
201,,2018/07/28,5,district0x,dnt
202,,2018/07/29,21,district0x,dnt
203,,2018/07/30,9,district0x,dnt
204,,2018/07/31,2,district0x,dnt
205,,2018/08/01,5,district0x,dnt
206,,2018/08/02,3,district0x,dnt
207,,2018/08/03,3,district0x,dnt
208,,2018/08/04,5,district0x,dnt
209,,2018/08/05,2,district0x,dnt
210,,2018/08/06,2,district0x,dnt
211,,2018/08/07,5,district0x,dnt
212,,2018/08/08,2,district0x,dnt
213,,2018/08/09,7,district0x,dnt
214,,2018/08/10,5,district0x,dnt
215,,2018/08/11,5,district0x,dnt
216,,2018/08/12,2,district0x,dnt
217,,2018/08/13,5,district0x,dnt
218,,2018/08/14,2,district0x,dnt
219,,2018/08/15,1,district0x,dnt
220,,2018/08/16,null,district0x,dnt
221,,2018/08/17,3,district0x,dnt
222,,2018/08/18,3,district0x,dnt
223,,2018/08/19,1,district0x,dnt
224,,2018/08/20,1,district0x,dnt
225,,2018/08/21,2,district0x,dnt
226,,2018/08/22,3,district0x,dnt
227,,2018/08/23,3,district0x,dnt
228,,2018/08/24,null,district0x,dnt
229,,2018/08/25,3,district0x,dnt
230,,2018/08/26,2,district0x,dnt
231,,2018/08/27,5,district0x,dnt
232,,2018/08/28,3,district0x,dnt
233,,2018/08/29,2,district0x,dnt
234,,2018/08/30,null,district0x,dnt
235,,2018/08/31,null,district0x,dnt
236,,2018/09/01,2,district0x,dnt
237,,2018/09/02,1,district0x,dnt
238,,2018/09/03,2,district0x,dnt
239,,2018/09/04,2,district0x,dnt
240,,2018/09/05,null,district0x,dnt
241,,2018/09/06,1,district0x,dnt
242,,2018/09/07,null,district0x,dnt
243,,2018/09/08,2,district0x,dnt
244,,2018/09/09,1,district0x,dnt
245,,2018/09/10,5,district0x,dnt
246,,2018/09/11,2,district0x,dnt
247,,2018/09/12,3,district0x,dnt
248,,2018/09/13,2,district0x,dnt
249,,2018/09/14,4,district0x,dnt
250,,2018/09/15,3,district0x,dnt
251,,2018/09/16,null,district0x,dnt
252,,2018/09/17,10,district0x,dnt
253,,2018/09/18,5,district0x,dnt
254,,2018/09/19,6,district0x,dnt
255,,2018/09/20,2,district0x,dnt
256,,2018/09/21,1,district0x,dnt
257,,2018/09/22,1,district0x,dnt
258,,2018/09/23,1,district0x,dnt
259,,2018/09/24,null,district0x,dnt
260,,2018/09/25,7,district0x,dnt
261,,2018/09/26,null,district0x,dnt
262,,2018/09/27,null,district0x,dnt
263,,2018/09/28,1,district0x,dnt
264,,2018/09/29,3,district0x,dnt
265,,2018/09/30,null,district0x,dnt
266,,2018/10/01,5,district0x,dnt
267,,2018/10/02,1,district0x,dnt
268,,2018/10/03,7,district0x,dnt
269,,2018/10/04,null,district0x,dnt
270,,2018/10/05,1,district0x,dnt
271,,2018/10/06,1,district0x,dnt
272,,2018/10/07,1,district0x,dnt
273,,2018/10/08,null,district0x,dnt
274,,2018/10/09,1,district0x,dnt
275,,2018/10/10,4,district0x,dnt
276,,2018/10/11,4,district0x,dnt
277,,2018/10/12,5,district0x,dnt
278,,2018/10/13,1,district0x,dnt
279,,2018/10/14,4,district0x,dnt
280,,2018/10/15,1,district0x,dnt
281,,2018/10/16,3,district0x,dnt
282,,2018/10/17,4,district0x,dnt
283,,2018/10/18,null,district0x,dnt
284,,2018/10/19,5,district0x,dnt
285,,2018/10/20,null,district0x,dnt
286,,2018/10/21,1,district0x,dnt
287,,2018/10/22,1,district0x,dnt
288,,2018/10/23,3,district0x,dnt
289,,2018/10/24,3,district0x,dnt
290,,2018/10/25,null,district0x,dnt
291,,2018/10/26,null,district0x,dnt
292,,2018/10/27,3,district0x,dnt
293,,2018/10/28,3,district0x,dnt
294,,2018/10/29,2,district0x,dnt
295,,2018/10/30,5,district0x,dnt
296,,2018/10/31,14,district0x,dnt
297,,2018/11/01,12,district0x,dnt
298,,2018/11/02,9,district0x,dnt
299,,2018/11/03,7,district0x,dnt
300,,2018/11/04,3,district0x,dnt
301,,2018/11/05,null,district0x,dnt
302,,2018/11/06,1,district0x,dnt
303,,2018/11/07,1,district0x,dnt
304,,2018/11/08,null,district0x,dnt
305,,2018/11/09,null,district0x,dnt
306,,2018/11/10,null,district0x,dnt
307,,2018/11/11,1,district0x,dnt
308,,2018/11/12,null,district0x,dnt
309,,2018/11/13,2,district0x,dnt
310,,2018/11/14,1,district0x,dnt
311,,2018/11/15,null,district0x,dnt
312,,2018/11/16,null,district0x,dnt
313,,2018/11/17,2,district0x,dnt
314,,2018/11/18,2,district0x,dnt
315,,2018/11/19,1,district0x,dnt
316,,2018/11/20,null,district0x,dnt
317,,2018/11/21,null,district0x,dnt
318,,2018/11/22,null,district0x,dnt
319,,2018/11/23,null,district0x,dnt
320,,2018/11/24,null,district0x,dnt
321,,2018/11/25,null,district0x,dnt
322,,2018/11/26,4,district0x,dnt
323,,2018/11/27,1,district0x,dnt
324,,2018/11/28,1,district0x,dnt
325,,2018/11/29,null,district0x,dnt
326,,2018/11/30,null,district0x,dnt
327,,2018/12/01,1,district0x,dnt
328,,2018/12/02,2,district0x,dnt
329,,2018/12/03,null,district0x,dnt
330,,2018/12/04,null,district0x,dnt
331,,2018/12/05,2,district0x,dnt
332,,2018/12/06,null,district0x,dnt
333,,2018/12/07,9,district0x,dnt
334,,2018/12/08,12,district0x,dnt
335,,2018/12/09,4,district0x,dnt
336,,2018/12/10,15,district0x,dnt
337,,2018/12/11,4,district0x,dnt
338,,2018/12/12,2,district0x,dnt
339,,2018/12/13,5,district0x,dnt
340,,2018/12/14,5,district0x,dnt
341,,2018/12/15,2,district0x,dnt
342,,2018/12/16,4,district0x,dnt
343,,2018/12/17,4,district0x,dnt
344,,2018/12/18,2,district0x,dnt
345,,2018/12/19,1,district0x,dnt
346,,2018/12/20,2,district0x,dnt
347,,2018/12/21,null,district0x,dnt
348,,2018/12/22,null,district0x,dnt
349,,2018/12/23,null,district0x,dnt
350,,2018/12/24,4,district0x,dnt
351,,2018/12/25,1,district0x,dnt
352,,2018/12/26,2,district0x,dnt
353,,2018/12/27,null,district0x,dnt
354,,2018/12/28,null,district0x,dnt
355,,2018/12/29,null,district0x,dnt
356,,2018/12/30,null,district0x,dnt
357,,2018/12/31,null,district0x,dnt
358,,2019/01/01,1,district0x,dnt
359,,2019/01/02,1,district0x,dnt
360,,2019/01/03,1,district0x,dnt
361,,2019/01/04,null,district0x,dnt
362,,2019/01/05,null,district0x,dnt
363,,2019/01/06,1,district0x,dnt
364,,2019/01/07,null,district0x,dnt
365,,2019/01/08,null,district0x,dnt
366,,2019/01/09,null,district0x,dnt
367,,2019/01/10,null,district0x,dnt
368,,2019/01/11,null,district0x,dnt
369,,2019/01/12,null,district0x,dnt
370,,2019/01/13,null,district0x,dnt
371,,2019/01/14,null,district0x,dnt
372,,2019/01/15,5,district0x,dnt
373,,2019/01/16,5,district0x,dnt
374,,2019/01/17,null,district0x,dnt
375,,2019/01/18,3,district0x,dnt
376,,2019/01/19,null,district0x,dnt
377,,2019/01/20,null,district0x,dnt
378,,2019/01/21,2,district0x,dnt
379,,2019/01/22,1,district0x,dnt
380,,2019/01/23,2,district0x,dnt
381,,2019/01/24,4,district0x,dnt
382,,2019/01/25,1,district0x,dnt
383,,2019/01/26,3,district0x,dnt
384,,2019/01/27,null,district0x,dnt
385,,2019/01/28,1,district0x,dnt
386,,2019/01/29,null,district0x,dnt
387,,2019/01/30,1,district0x,dnt
388,,2019/01/31,null,district0x,dnt
389,,2019/02/01,3,district0x,dnt
390,,2019/02/02,null,district0x,dnt
391,,2019/02/03,null,district0x,dnt
392,,2019/02/04,null,district0x,dnt
393,,2019/02/05,null,district0x,dnt
394,,2019/02/06,1,district0x,dnt
395,,2019/02/07,null,district0x,dnt
396,,2019/02/08,null,district0x,dnt
397,,2019/02/09,null,district0x,dnt
398,,2019/02/10,1,district0x,dnt
399,,2019/02/11,null,district0x,dnt
400,,2019/02/12,null,district0x,dnt
401,,2019/02/13,null,district0x,dnt
402,,2019/02/14,null,district0x,dnt
403,,2019/02/15,null,district0x,dnt
404,,2019/02/16,null,district0x,dnt
405,,2019/02/17,1,district0x,dnt
406,,2019/02/18,null,district0x,dnt
407,,2019/02/19,1,district0x,dnt
408,,2019/02/20,null,district0x,dnt
409,,2019/02/21,1,district0x,dnt
410,,2019/02/22,null,district0x,dnt
411,,2019/02/23,null,district0x,dnt
412,,2019/02/24,null,district0x,dnt
413,,2019/02/25,1,district0x,dnt
414,,2019/02/26,4,district0x,dnt
415,,2019/02/27,null,district0x,dnt
416,,2019/02/28,2,district0x,dnt
417,,2019/03/01,null,district0x,dnt
418,,2019/03/02,null,district0x,dnt
419,,2019/03/03,null,district0x,dnt
420,,2019/03/04,2,district0x,dnt
421,,2019/03/05,null,district0x,dnt
422,,2019/03/06,3,district0x,dnt
423,,2019/03/07,2,district0x,dnt
424,,2019/03/08,2,district0x,dnt
425,,2019/03/09,null,district0x,dnt
426,,2019/03/10,null,district0x,dnt
427,,2019/03/11,null,district0x,dnt
428,,2019/03/12,5,district0x,dnt
429,,2019/03/13,1,district0x,dnt
430,,2019/03/14,null,district0x,dnt
431,,2019/03/15,1,district0x,dnt
432,,2019/03/16,1,district0x,dnt
433,,2019/03/17,3,district0x,dnt
434,,2019/03/18,null,district0x,dnt
435,,2019/03/19,null,district0x,dnt
436,,2019/03/20,null,district0x,dnt
437,,2019/03/21,null,district0x,dnt
438,,2019/03/22,null,district0x,dnt
439,,2019/03/23,null,district0x,dnt
440,,2019/03/24,null,district0x,dnt
441,,2019/03/25,1,district0x,dnt
442,,2019/03/26,null,district0x,dnt
443,,2019/03/27,2,district0x,dnt
444,,2019/03/28,1,district0x,dnt
445,,2019/03/29,1,district0x,dnt
446,,2019/03/30,1,district0x,dnt
447,,2019/03/31,null,district0x,dnt
448,,2019/04/01,null,district0x,dnt
449,,2019/04/02,1,district0x,dnt
450,,2019/04/03,1,district0x,dnt
451,,2019/04/04,null,district0x,dnt
452,,2019/04/05,1,district0x,dnt
453,,2019/04/06,null,district0x,dnt
454,,2019/04/07,null,district0x,dnt
455,,2019/04/08,1,district0x,dnt
456,,2019/04/09,null,district0x,dnt
457,,2019/04/10,null,district0x,dnt
458,,2019/04/11,1,district0x,dnt
459,,2019/04/12,1,district0x,dnt
460,,2019/04/13,null,district0x,dnt
461,,2019/04/14,14,district0x,dnt
462,,2019/04/15,null,district0x,dnt
463,,2019/04/16,3,district0x,dnt
464,,2019/04/17,1,district0x,dnt
465,,2019/04/18,null,district0x,dnt
466,,2019/04/19,null,district0x,dnt
467,,2019/04/20,1,district0x,dnt
468,,2019/04/21,6,district0x,dnt
469,,2019/04/22,2,district0x,dnt
470,,2019/04/23,null,district0x,dnt
471,,2019/04/24,1,district0x,dnt
472,,2019/04/25,1,district0x,dnt
473,,2019/04/26,null,district0x,dnt
474,,2019/04/27,null,district0x,dnt
475,,2019/04/28,null,district0x,dnt
476,,2019/04/29,1,district0x,dnt
477,,2019/04/30,1,district0x,dnt
478,,2019/05/01,1,district0x,dnt
479,,2019/05/02,null,district0x,dnt
480,,2019/05/03,null,district0x,dnt
481,,2019/05/04,1,district0x,dnt
482,,2019/05/05,7,district0x,dnt
483,,2019/05/06,null,district0x,dnt
484,,2019/05/07,1,district0x,dnt
485,,2019/05/08,null,district0x,dnt
486,,2019/05/09,null,district0x,dnt
487,,2019/05/10,1,district0x,dnt
488,,2019/05/11,1,district0x,dnt
489,,2019/05/12,null,district0x,dnt
490,,2019/05/13,null,district0x,dnt
491,,2019/05/14,2,district0x,dnt
492,,2019/05/15,2,district0x,dnt
493,,2019/05/16,null,district0x,dnt
494,,2019/05/17,1,district0x,dnt
495,,2019/05/18,null,district0x,dnt
496,,2019/05/19,null,district0x,dnt
497,,2019/05/20,null,district0x,dnt
498,,2019/05/21,15,district0x,dnt
499,,2019/05/22,10,district0x,dnt
500,,2019/05/23,17,district0x,dnt
501,,2019/05/24,null,district0x,dnt
502,,2019/05/25,null,district0x,dnt
503,,2019/05/26,3,district0x,dnt
504,,2019/05/27,null,district0x,dnt
505,,2019/05/28,1,district0x,dnt
506,,2019/05/29,null,district0x,dnt
507,,2019/05/30,null,district0x,dnt
508,,2019/05/31,null,district0x,dnt
509,,2019/06/01,null,district0x,dnt
510,,2019/06/02,null,district0x,dnt
511,,2019/06/03,null,district0x,dnt
512,,2019/06/04,null,district0x,dnt
513,,2019/06/05,null,district0x,dnt
514,,2019/06/06,null,district0x,dnt
515,,2019/06/07,null,district0x,dnt
516,,2019/06/08,null,district0x,dnt
517,,2019/06/09,1,district0x,dnt
518,,2019/06/10,null,district0x,dnt
519,,2019/06/11,1,district0x,dnt
520,,2019/06/12,null,district0x,dnt
521,,2019/06/13,null,district0x,dnt
522,,2019/06/14,23,district0x,dnt
523,,2019/06/15,1,district0x,dnt
524,,2019/06/16,null,district0x,dnt
525,,2019/06/17,null,district0x,dnt
526,,2019/06/18,null,district0x,dnt
527,,2019/06/19,1,district0x,dnt
528,,2019/06/20,2,district0x,dnt
529,,2019/06/21,3,district0x,dnt
530,,2019/06/22,null,district0x,dnt
531,,2019/06/23,null,district0x,dnt
532,,2019/06/24,1,district0x,dnt
533,,2019/06/25,null,district0x,dnt
534,,2019/06/26,2,district0x,dnt
535,,2019/06/27,1,district0x,dnt
536,,2019/06/28,null,district0x,dnt
537,,2019/06/29,5,district0x,dnt
538,,2019/06/30,null,district0x,dnt
539,,2019/07/01,null,district0x,dnt
540,,2019/07/02,null,district0x,dnt
541,,2019/07/03,null,district0x,dnt
542,,2019/07/04,null,district0x,dnt
543,,2019/07/05,null,district0x,dnt
544,,2019/07/06,null,district0x,dnt
545,,2019/07/07,null,district0x,dnt
546,,2019/07/08,null,district0x,dnt
547,,2019/07/09,null,district0x,dnt
548,,2019/07/10,1,district0x,dnt
549,,2019/07/11,null,district0x,dnt
550,,2019/07/12,null,district0x,dnt
551,,2019/07/13,null,district0x,dnt
552,,2019/07/14,null,district0x,dnt
553,,2019/07/15,null,district0x,dnt
554,,2019/07/16,null,district0x,dnt
555,,2019/07/17,1,district0x,dnt
556,,2019/07/18,1,district0x,dnt
557,,2019/07/19,null,district0x,dnt
558,,2019/07/20,null,district0x,dnt
559,,2019/07/21,null,district0x,dnt
560,,2019/07/22,1,district0x,dnt
561,,2019/07/23,null,district0x,dnt
562,,2019/07/24,1,district0x,dnt
563,,2019/07/25,null,district0x,dnt
564,,2019/07/26,null,district0x,dnt
565,,2019/07/27,null,district0x,dnt
566,,2019/07/28,null,district0x,dnt
567,,2019/07/29,1,district0x,dnt
568,,2019/07/30,1,district0x,dnt
569,,2019/07/31,null,district0x,dnt
570,,2019/08/01,1,district0x,dnt
571,,2019/08/02,null,district0x,dnt
572,,2019/08/03,null,district0x,dnt
573,,2019/08/04,null,district0x,dnt
574,,2019/08/05,null,district0x,dnt
575,,2019/08/06,null,district0x,dnt
576,,2019/08/07,null,district0x,dnt
577,,2019/08/08,null,district0x,dnt
578,,2019/08/09,null,district0x,dnt
579,,2019/08/10,null,district0x,dnt
580,,2019/08/11,null,district0x,dnt
581,,2019/08/12,null,district0x,dnt
582,,2019/08/13,null,district0x,dnt
583,,2019/08/14,null,district0x,dnt
584,,2019/08/15,null,district0x,dnt
585,,2019/08/16,null,district0x,dnt
586,,2019/08/17,null,district0x,dnt
587,,2019/08/18,null,district0x,dnt
588,,2019/08/19,null,district0x,dnt
589,,2019/08/20,null,district0x,dnt
590,,2019/08/21,null,district0x,dnt
591,,2019/08/22,null,district0x,dnt
592,,2019/08/23,null,district0x,dnt
593,,2019/08/24,null,district0x,dnt
594,,2019/08/25,null,district0x,dnt
595,,2019/08/26,1,district0x,dnt
596,,2019/08/27,2,district0x,dnt
597,,2019/08/28,null,district0x,dnt
598,,2019/08/29,null,district0x,dnt
599,,2019/08/30,null,district0x,dnt
600,,2019/08/31,1,district0x,dnt
601,,2019/09/01,null,district0x,dnt
602,,2019/09/02,null,district0x,dnt
603,,2019/09/03,null,district0x,dnt
604,,2019/09/04,null,district0x,dnt
605,,2019/09/05,null,district0x,dnt
606,,2019/09/06,null,district0x,dnt
607,,2019/09/07,null,district0x,dnt
608,,2019/09/08,null,district0x,dnt
609,,2019/09/09,null,district0x,dnt
610,,2019/09/10,null,district0x,dnt
611,,2019/09/11,1,district0x,dnt
612,,2019/09/12,null,district0x,dnt
613,,2019/09/13,null,district0x,dnt
614,,2019/09/14,null,district0x,dnt
615,,2019/09/15,null,district0x,dnt
616,,2019/09/16,null,district0x,dnt
617,,2019/09/17,1,district0x,dnt
618,,2019/09/18,2,district0x,dnt
619,,2019/09/19,5,district0x,dnt
620,,2019/09/20,null,district0x,dnt
621,,2019/09/21,null,district0x,dnt
622,,2019/09/22,2,district0x,dnt
623,,2019/09/23,11,district0x,dnt
624,,2019/09/24,null,district0x,dnt
625,,2019/09/25,null,district0x,dnt
626,,2019/09/26,null,district0x,dnt
627,,2019/09/27,null,district0x,dnt
628,,2019/09/28,null,district0x,dnt
629,,2019/09/29,null,district0x,dnt
630,,2019/09/30,null,district0x,dnt
631,,2019/10/01,2,district0x,dnt
632,,2019/10/02,2,district0x,dnt
633,,2019/10/03,null,district0x,dnt
634,,2019/10/04,null,district0x,dnt
635,,2019/10/05,null,district0x,dnt
636,,2019/10/06,null,district0x,dnt
637,,2019/10/07,null,district0x,dnt
638,,2019/10/08,null,district0x,dnt
639,,2019/10/09,null,district0x,dnt
640,,2019/10/10,8,district0x,dnt
641,,2019/10/11,2,district0x,dnt
642,,2019/10/12,null,district0x,dnt
643,,2019/10/13,null,district0x,dnt
644,,2019/10/14,null,district0x,dnt
645,,2019/10/15,10,district0x,dnt
646,,2019/10/16,null,district0x,dnt
647,,2019/10/17,null,district0x,dnt
648,,2019/10/18,null,district0x,dnt
649,,2019/10/19,null,district0x,dnt
650,,2019/10/20,null,district0x,dnt
651,,2019/10/21,null,district0x,dnt
652,,2019/10/22,null,district0x,dnt
653,,2019/10/23,null,district0x,dnt
654,,2019/10/24,null,district0x,dnt
655,,2019/10/25,null,district0x,dnt
656,,2019/10/26,null,district0x,dnt
657,,2019/10/27,null,district0x,dnt
658,,2019/10/28,null,district0x,dnt
659,,2019/10/29,null,district0x,dnt
660,,2019/10/30,null,district0x,dnt
661,,2019/10/31,null,district0x,dnt
662,,2019/11/01,null,district0x,dnt
663,,2019/11/02,null,district0x,dnt
664,,2019/11/03,null,district0x,dnt
665,,2019/11/04,null,district0x,dnt
666,,2019/11/05,null,district0x,dnt
667,,2019/11/06,null,district0x,dnt
668,,2019/11/07,null,district0x,dnt
669,,2019/11/08,null,district0x,dnt
670,,2019/11/09,null,district0x,dnt
671,,2019/11/10,null,district0x,dnt
672,,2019/11/11,null,district0x,dnt
673,,2019/11/12,null,district0x,dnt
674,,2019/11/13,null,district0x,dnt
675,,2019/11/14,null,district0x,dnt
676,,2019/11/15,null,district0x,dnt
677,,2019/11/16,null,district0x,dnt
678,,2019/11/17,null,district0x,dnt
679,,2019/11/18,null,district0x,dnt
680,,2019/11/19,null,district0x,dnt
681,,2019/11/20,null,district0x,dnt
682,,2019/11/21,null,district0x,dnt
683,,2019/11/22,null,district0x,dnt
684,,2019/11/23,null,district0x,dnt
685,,2019/11/24,null,district0x,dnt
686,,2019/11/25,3,district0x,dnt
687,,2019/11/26,2,district0x,dnt
688,,2019/11/27,null,district0x,dnt
689,,2019/11/28,1,district0x,dnt
690,,2019/11/29,null,district0x,dnt
691,,2019/11/30,null,district0x,dnt
692,,2019/12/01,null,district0x,dnt
693,,2019/12/02,null,district0x,dnt
694,,2019/12/03,null,district0x,dnt
695,,2019/12/04,null,district0x,dnt
696,,2019/12/05,null,district0x,dnt
697,,2019/12/06,1,district0x,dnt
698,,2019/12/07,1,district0x,dnt
699,,2019/12/08,1,district0x,dnt
700,,2019/12/09,null,district0x,dnt
701,,2019/12/10,null,district0x,dnt
702,,2019/12/11,1,district0x,dnt
703,,2019/12/12,null,district0x,dnt
704,,2019/12/13,2,district0x,dnt
705,,2019/12/14,null,district0x,dnt
706,,2019/12/15,null,district0x,dnt
707,,2019/12/16,null,district0x,dnt
708,,2019/12/17,null,district0x,dnt
709,,2019/12/18,null,district0x,dnt
710,,2019/12/19,null,district0x,dnt
711,,2019/12/20,null,district0x,dnt
712,,2019/12/21,null,district0x,dnt
713,,2019/12/22,2,district0x,dnt
714,,2019/12/23,1,district0x,dnt
715,,2019/12/24,null,district0x,dnt
716,,2019/12/25,null,district0x,dnt
717,,2019/12/26,null,district0x,dnt
718,,2019/12/27,null,district0x,dnt
719,,2019/12/28,null,district0x,dnt
720,,2019/12/29,null,district0x,dnt
721,,2019/12/30,null,district0x,dnt
722,,2019/12/31,null,district0x,dnt
723,,2020/01/01,null,district0x,dnt
724,,2020/01/02,null,district0x,dnt
725,,2020/01/03,null,district0x,dnt
726,,2020/01/04,null,district0x,dnt
727,,2020/01/05,null,district0x,dnt
728,,2020/01/06,null,district0x,dnt
729,,2020/01/07,null,district0x,dnt
730,,2020/01/08,null,district0x,dnt
731,,2020/01/09,null,district0x,dnt
732,,2020/01/10,null,district0x,dnt
733,,2020/01/11,null,district0x,dnt
734,,2020/01/12,null,district0x,dnt
735,,2020/01/13,null,district0x,dnt
736,,2020/01/14,null,district0x,dnt
737,,2020/01/15,null,district0x,dnt
738,,2020/01/16,1,district0x,dnt
739,,2020/01/17,null,district0x,dnt
740,,2020/01/18,null,district0x,dnt
741,,2020/01/19,null,district0x,dnt
742,,2020/01/20,null,district0x,dnt
743,,2020/01/21,null,district0x,dnt
744,,2020/01/22,null,district0x,dnt
745,,2020/01/23,null,district0x,dnt
746,,2020/01/24,null,district0x,dnt
747,,2020/01/25,null,district0x,dnt
748,,2020/01/26,null,district0x,dnt
749,,2020/01/27,null,district0x,dnt
750,,2020/01/28,null,district0x,dnt
751,,2020/01/29,null,district0x,dnt
752,,2020/01/30,null,district0x,dnt
753,,2020/01/31,null,district0x,dnt
754,,2020/02/01,3,district0x,dnt
755,,2020/02/02,1,district0x,dnt
756,,2020/02/03,null,district0x,dnt
757,,2020/02/04,null,district0x,dnt
758,,2020/02/05,1,district0x,dnt
759,,2020/02/06,1,district0x,dnt
760,,2020/02/07,4,district0x,dnt
761,,2020/02/08,null,district0x,dnt
762,,2020/02/09,null,district0x,dnt
763,,2020/02/10,2,district0x,dnt
764,,2020/02/11,null,district0x,dnt
765,,2020/02/12,1,district0x,dnt
766,,2020/02/13,null,district0x,dnt
767,,2020/02/14,null,district0x,dnt
768,,2020/02/15,4,district0x,dnt
769,,2020/02/16,null,district0x,dnt
770,,2020/02/17,null,district0x,dnt
771,,2020/02/18,2,district0x,dnt
772,,2020/02/19,null,district0x,dnt
773,,2020/02/20,null,district0x,dnt
774,,2020/02/21,1,district0x,dnt
775,,2020/02/22,null,district0x,dnt
776,,2020/02/23,null,district0x,dnt
777,,2020/02/24,null,district0x,dnt
778,,2020/02/25,null,district0x,dnt
779,,2020/02/26,null,district0x,dnt
780,,2020/02/27,2,district0x,dnt
781,,2020/02/28,null,district0x,dnt
782,,2020/02/29,null,district0x,dnt
783,,2020/03/01,null,district0x,dnt
784,,2020/03/02,null,district0x,dnt
785,,2020/03/03,null,district0x,dnt
786,,2020/03/04,2,district0x,dnt
787,,2020/03/05,null,district0x,dnt
788,,2020/03/06,1,district0x,dnt
789,,2020/03/07,null,district0x,dnt
790,,2020/03/08,null,district0x,dnt
791,,2020/03/09,null,district0x,dnt
792,,2020/03/10,null,district0x,dnt
793,,2020/03/11,null,district0x,dnt
794,,2020/03/12,null,district0x,dnt
795,,2020/03/13,null,district0x,dnt
796,,2020/03/14,null,district0x,dnt
797,,2020/03/15,null,district0x,dnt
798,,2020/03/16,null,district0x,dnt
799,,2020/03/17,null,district0x,dnt
800,,2020/03/18,null,district0x,dnt
801,,2020/03/19,null,district0x,dnt
802,,2020/03/20,null,district0x,dnt
803,,2020/03/21,null,district0x,dnt
804,,2020/03/22,null,district0x,dnt
805,,2020/03/23,null,district0x,dnt
806,,2020/03/24,null,district0x,dnt
807,,2020/03/25,null,district0x,dnt
808,,2020/03/26,null,district0x,dnt
809,,2020/03/27,null,district0x,dnt
810,,2020/03/28,null,district0x,dnt
811,,2020/03/29,null,district0x,dnt
812,,2020/03/30,2,district0x,dnt
813,,2020/03/31,null,district0x,dnt
814,,2020/04/01,null,district0x,dnt
815,,2020/04/02,null,district0x,dnt
816,,2020/04/03,null,district0x,dnt
817,,2020/04/04,null,district0x,dnt
818,,2020/04/05,null,district0x,dnt
819,,2020/04/06,null,district0x,dnt
820,,2020/04/07,null,district0x,dnt
821,,2020/04/08,null,district0x,dnt
822,,2020/04/09,null,district0x,dnt
823,,2020/04/10,null,district0x,dnt
824,,2020/04/11,null,district0x,dnt
825,,2020/04/12,null,district0x,dnt
826,,2020/04/13,null,district0x,dnt
827,,2020/04/14,null,district0x,dnt
828,,2020/04/15,null,district0x,dnt
829,,2020/04/16,null,district0x,dnt
830,,2020/04/17,null,district0x,dnt
831,,2020/04/18,null,district0x,dnt
832,,2020/04/19,null,district0x,dnt
833,,2020/04/20,null,district0x,dnt
834,,2020/04/21,1,district0x,dnt
835,,2020/04/22,null,district0x,dnt
836,,2020/04/23,null,district0x,dnt
837,,2020/04/24,null,district0x,dnt
838,,2020/04/25,null,district0x,dnt
839,,2020/04/26,null,district0x,dnt
840,,2020/04/27,null,district0x,dnt
841,,2020/04/28,null,district0x,dnt
842,,2020/04/29,null,district0x,dnt
843,,2020/04/30,null,district0x,dnt
844,,2020/05/01,null,district0x,dnt
845,,2020/05/02,null,district0x,dnt
846,,2020/05/03,null,district0x,dnt
847,,2020/05/04,null,district0x,dnt
848,,2020/05/05,null,district0x,dnt
849,,2020/05/06,null,district0x,dnt
850,,2020/05/07,null,district0x,dnt
851,,2020/05/08,null,district0x,dnt
852,,2020/05/09,null,district0x,dnt
853,,2020/05/10,null,district0x,dnt
854,,2020/05/11,null,district0x,dnt
855,,2020/05/12,null,district0x,dnt
856,,2020/05/13,null,district0x,dnt
857,,2020/05/14,null,district0x,dnt
858,,2020/05/15,null,district0x,dnt
859,,2020/05/16,null,district0x,dnt
860,,2020/05/17,null,district0x,dnt
861,,2020/05/18,1,district0x,dnt
862,,2020/05/19,null,district0x,dnt
863,,2020/05/20,null,district0x,dnt
864,,2020/05/21,null,district0x,dnt
865,,2020/05/22,null,district0x,dnt
866,,2020/05/23,null,district0x,dnt
867,,2020/05/24,null,district0x,dnt
868,,2020/05/25,null,district0x,dnt
869,,2020/05/26,2,district0x,dnt
870,,2020/05/27,1,district0x,dnt
871,,2020/05/28,null,district0x,dnt
872,,2020/05/29,null,district0x,dnt
873,,2020/05/30,null,district0x,dnt
874,,2020/05/31,null,district0x,dnt
875,,2020/06/01,null,district0x,dnt
876,,2020/06/02,null,district0x,dnt
877,,2020/06/03,null,district0x,dnt
878,,2020/06/04,null,district0x,dnt
879,,2020/06/05,null,district0x,dnt
880,,2020/06/06,null,district0x,dnt
881,,2020/06/07,1,district0x,dnt
882,,2020/06/08,null,district0x,dnt
883,,2020/06/09,null,district0x,dnt
884,,2020/06/10,3,district0x,dnt
885,,2020/06/11,1,district0x,dnt
886,,2020/06/12,null,district0x,dnt
887,,2020/06/13,1,district0x,dnt
888,,2020/06/14,null,district0x,dnt
889,,2020/06/15,1,district0x,dnt
890,,2020/06/16,null,district0x,dnt
891,,2020/06/17,null,district0x,dnt
892,,2020/06/18,null,district0x,dnt
893,,2020/06/19,null,district0x,dnt
894,,2020/06/20,null,district0x,dnt
895,,2020/06/21,null,district0x,dnt
896,,2020/06/22,null,district0x,dnt
897,,2020/06/23,null,district0x,dnt
898,,2020/06/24,null,district0x,dnt
899,,2020/06/25,null,district0x,dnt
900,,2020/06/26,null,district0x,dnt
901,,2020/06/27,null,district0x,dnt
902,,2020/06/28,null,district0x,dnt
903,,2020/06/29,null,district0x,dnt
904,,2020/06/30,null,district0x,dnt
905,,2020/07/01,null,district0x,dnt
906,,2020/07/02,null,district0x,dnt
907,,2020/07/03,null,district0x,dnt
908,,2020/07/04,null,district0x,dnt
909,,2020/07/05,null,district0x,dnt
910,,2020/07/06,null,district0x,dnt
911,,2020/07/07,1,district0x,dnt
912,,2020/07/08,null,district0x,dnt
913,,2020/07/09,null,district0x,dnt
914,,2020/07/10,null,district0x,dnt
915,,2020/07/11,1,district0x,dnt
916,,2020/07/12,null,district0x,dnt
917,,2020/07/13,null,district0x,dnt
918,,2020/07/14,null,district0x,dnt
919,,2020/07/15,null,district0x,dnt
920,,2020/07/16,3,district0x,dnt
921,,2020/07/17,null,district0x,dnt
922,,2020/07/18,null,district0x,dnt
923,,2020/07/19,2,district0x,dnt
924,,2020/07/20,null,district0x,dnt
925,,2020/07/21,null,district0x,dnt
926,,2020/07/22,null,district0x,dnt
927,,2020/07/23,1,district0x,dnt
928,,2020/07/24,2,district0x,dnt
929,,2020/07/25,4,district0x,dnt
930,,2020/07/26,null,district0x,dnt
931,,2020/07/27,4,district0x,dnt
932,,2020/07/28,null,district0x,dnt
933,,2020/07/29,2,district0x,dnt
934,,2020/07/30,null,district0x,dnt
935,,2020/07/31,null,district0x,dnt
936,,2020/08/01,null,district0x,dnt
937,,2020/08/02,null,district0x,dnt
938,,2020/08/03,null,district0x,dnt
939,,2020/08/04,null,district0x,dnt
940,,2020/08/05,null,district0x,dnt
941,,2020/08/06,null,district0x,dnt
942,,2020/08/07,null,district0x,dnt
943,,2020/08/08,3,district0x,dnt
944,,2020/08/09,null,district0x,dnt
945,,2020/08/10,null,district0x,dnt
946,,2020/08/11,null,district0x,dnt
947,,2020/08/12,8,district0x,dnt
948,,2020/08/13,10,district0x,dnt
949,,2020/08/14,2,district0x,dnt
950,,2020/08/15,null,district0x,dnt
951,,2020/08/16,6,district0x,dnt
952,,2020/08/17,2,district0x,dnt
953,,2020/08/18,6,district0x,dnt
954,,2020/08/19,null,district0x,dnt
955,,2020/08/20,null,district0x,dnt
956,,2020/08/21,1,district0x,dnt
957,,2020/08/22,1,district0x,dnt
958,,2020/08/23,2,district0x,dnt
959,,2020/08/24,null,district0x,dnt
960,,2020/08/25,1,district0x,dnt
961,,2020/08/26,null,district0x,dnt
962,,2020/08/27,1,district0x,dnt
963,,2020/08/28,null,district0x,dnt
964,,2020/08/29,2,district0x,dnt
965,,2020/08/30,null,district0x,dnt
966,,2020/08/31,null,district0x,dnt
967,,2020/09/01,null,district0x,dnt
968,,2020/09/02,null,district0x,dnt
969,,2020/09/03,null,district0x,dnt
970,,2020/09/04,null,district0x,dnt
971,,2020/09/05,null,district0x,dnt
972,,2020/09/06,null,district0x,dnt
973,,2020/09/07,null,district0x,dnt
974,,2020/09/08,null,district0x,dnt
975,,2020/09/09,null,district0x,dnt
976,,2020/09/10,null,district0x,dnt
977,,2020/09/11,null,district0x,dnt
978,,2020/09/12,null,district0x,dnt
979,,2020/09/13,null,district0x,dnt
980,,2020/09/14,null,district0x,dnt
981,,2020/09/15,null,district0x,dnt
982,,2020/09/16,2,district0x,dnt
983,,2020/09/17,null,district0x,dnt
984,,2020/09/18,null,district0x,dnt
985,,2020/09/19,null,district0x,dnt
986,,2020/09/20,1,district0x,dnt
987,,2020/09/21,1,district0x,dnt
988,,2020/09/22,3,district0x,dnt
989,,2020/09/23,1,district0x,dnt
990,,2020/09/24,null,district0x,dnt
991,,2020/09/25,null,district0x,dnt
992,,2020/09/26,null,district0x,dnt
993,,2020/09/27,null,district0x,dnt
994,,2020/09/28,null,district0x,dnt
995,,2020/09/29,null,district0x,dnt
996,,2020/09/30,null,district0x,dnt
997,,2020/10/01,null,district0x,dnt
998,,2020/10/02,null,district0x,dnt
999,,2020/10/03,null,district0x,dnt
1000,,2020/10/04,2,district0x,dnt
1001,,2020/10/05,null,district0x,dnt
1002,,2020/10/06,null,district0x,dnt
1003,,2020/10/07,null,district0x,dnt
1004,,2020/10/08,null,district0x,dnt
1005,,2020/10/09,null,district0x,dnt
1006,,2020/10/10,null,district0x,dnt
1007,,2020/10/11,null,district0x,dnt
1008,,2020/10/12,null,district0x,dnt
1009,,2020/10/13,null,district0x,dnt
1010,,2020/10/14,null,district0x,dnt
1011,,2020/10/15,null,district0x,dnt
1012,,2020/10/16,null,district0x,dnt
1013,,2020/10/17,null,district0x,dnt
1014,,2020/10/18,null,district0x,dnt
1015,,2020/10/19,null,district0x,dnt
1016,,2020/10/20,null,district0x,dnt
1017,,2020/10/21,null,district0x,dnt
1018,,2020/10/22,null,district0x,dnt
1019,,2020/10/23,null,district0x,dnt
1020,,2020/10/24,null,district0x,dnt
1021,,2020/10/25,null,district0x,dnt
1022,,2020/10/26,null,district0x,dnt
1023,,2020/10/27,null,district0x,dnt
1024,,2020/10/28,null,district0x,dnt
1025,,2020/10/29,null,district0x,dnt
1026,,2020/10/30,null,district0x,dnt
1027,,2020/10/31,null,district0x,dnt
1028,,2020/11/01,null,district0x,dnt
1029,,2020/11/02,null,district0x,dnt
1030,,2020/11/03,null,district0x,dnt
1031,,2020/11/04,null,district0x,dnt
1032,,2020/11/05,null,district0x,dnt
1033,,2020/11/06,33,district0x,dnt
1034,,2020/11/07,8,district0x,dnt
1035,,2020/11/08,13,district0x,dnt
1036,,2020/11/09,29,district0x,dnt
1037,,2020/11/10,14,district0x,dnt
1038,,2020/11/11,2,district0x,dnt
1039,,2020/11/12,1,district0x,dnt
1040,,2020/11/13,15,district0x,dnt
1041,,2020/11/14,2,district0x,dnt
1042,,2020/11/15,1,district0x,dnt
1043,,2020/11/16,5,district0x,dnt
1044,,2020/11/17,4,district0x,dnt
1045,,2020/11/18,null,district0x,dnt
1046,,2020/11/19,3,district0x,dnt
1047,,2020/11/20,1,district0x,dnt
1048,,2020/11/21,2,district0x,dnt
1049,,2020/11/22,null,district0x,dnt
1050,,2020/11/23,null,district0x,dnt
1051,,2020/11/24,2,district0x,dnt
1052,,2020/11/25,5,district0x,dnt
1053,,2020/11/26,2,district0x,dnt
1054,,2020/11/27,2,district0x,dnt
1055,,2020/11/28,1,district0x,dnt
1056,,2020/11/29,null,district0x,dnt
1057,,2020/11/30,2,district0x,dnt
1058,,2020/12/01,1,district0x,dnt
1059,,2020/12/02,null,district0x,dnt
1060,,2020/12/03,2,district0x,dnt
1061,,2020/12/04,2,district0x,dnt
1062,,2020/12/05,4,district0x,dnt
1063,,2020/12/06,3,district0x,dnt
1064,,2020/12/07,null,district0x,dnt
1065,,2020/12/08,null,district0x,dnt
1066,,2020/12/09,null,district0x,dnt
1067,,2020/12/10,null,district0x,dnt
1068,,2020/12/11,1,district0x,dnt
1069,,2020/12/12,1,district0x,dnt
1070,,2020/12/13,1,district0x,dnt
1071,,2020/12/14,2,district0x,dnt
1072,,2020/12/15,null,district0x,dnt
1073,,2020/12/16,4,district0x,dnt
1074,,2020/12/17,2,district0x,dnt
1075,,2020/12/18,2,district0x,dnt
1076,,2020/12/19,null,district0x,dnt
1077,,2020/12/20,null,district0x,dnt
1078,,2020/12/21,3,district0x,dnt
1079,,2020/12/22,3,district0x,dnt
1080,,2020/12/23,7,district0x,dnt
1081,,2020/12/24,6,district0x,dnt
1082,,2020/12/25,1,district0x,dnt
1083,,2020/12/26,2,district0x,dnt
1084,,2020/12/27,4,district0x,dnt
1085,,2020/12/28,4,district0x,dnt
1086,,2020/12/29,1,district0x,dnt
1087,,2020/12/30,null,district0x,dnt
1088,,2020/12/31,null,district0x,dnt
1089,,2021/01/01,4,district0x,dnt
1090,,2021/01/02,2,district0x,dnt
1091,,2021/01/03,4,district0x,dnt
1092,,2021/01/04,8,district0x,dnt
1093,,2021/01/05,1,district0x,dnt
1094,,2021/01/06,7,district0x,dnt
1095,,2021/01/07,26,district0x,dnt
1096,,2021/01/08,20,district0x,dnt
1097,,2021/01/09,8,district0x,dnt
1098,,2021/01/10,12,district0x,dnt
1099,,2021/01/11,5,district0x,dnt
1100,,2021/01/12,19,district0x,dnt
1101,,2021/01/13,7,district0x,dnt
1102,,2021/01/14,6,district0x,dnt
1103,,2021/01/15,4,district0x,dnt
1104,,2021/01/16,6,district0x,dnt
1105,,2021/01/17,1,district0x,dnt
1106,,2021/01/18,6,district0x,dnt
1107,,2021/01/19,1,district0x,dnt
1108,,2021/01/20,null,district0x,dnt
1109,,2021/01/21,2,district0x,dnt
1110,,2021/01/22,4,district0x,dnt
1111,,2021/01/23,1,district0x,dnt
1112,,2021/01/24,1,district0x,dnt
1113,,2021/01/25,7,district0x,dnt
1114,,2021/01/26,3,district0x,dnt
1115,,2021/01/27,null,district0x,dnt
1116,,2021/01/28,12,district0x,dnt
1117,,2021/01/29,42,district0x,dnt
1118,,2021/01/30,73,district0x,dnt
1119,,2021/01/31,49,district0x,dnt
1120,,2021/02/01,50,district0x,dnt
1121,,2021/02/02,17,district0x,dnt
1122,,2021/02/03,25,district0x,dnt
1123,,2021/02/04,37,district0x,dnt
1124,,2021/02/05,92,district0x,dnt
1125,,2021/02/06,101,district0x,dnt
1126,,2021/02/07,56,district0x,dnt
1127,,2021/02/08,51,district0x,dnt
1128,,2021/02/09,6,district0x,dnt
1129,,2021/02/10,38,district0x,dnt
1130,,2021/02/11,35,district0x,dnt
1131,,2021/02/12,60,district0x,dnt
1132,,2021/02/13,102,district0x,dnt
1133,,2021/02/14,15,district0x,dnt
1134,,2021/02/15,30,district0x,dnt
1135,,2021/02/16,54,district0x,dnt
1136,,2021/02/17,10,district0x,dnt
1137,,2021/02/18,13,district0x,dnt
1138,,2021/02/19,19,district0x,dnt
1139,,2021/02/20,14,district0x,dnt
1140,,2021/02/21,6,district0x,dnt
1141,,2021/02/22,7,district0x,dnt
1142,,2021/02/23,11,district0x,dnt
1143,,2021/02/24,12,district0x,dnt
1144,,2021/02/25,5,district0x,dnt
1145,,2021/02/26,3,district0x,dnt
1146,,2021/02/27,10,district0x,dnt
1147,,2021/02/28,22,district0x,dnt
1148,,2021/03/01,4,district0x,dnt
1149,,2021/03/02,3,district0x,dnt
1150,,2021/03/03,8,district0x,dnt
1151,,2021/03/04,7,district0x,dnt
1152,,2021/03/05,6,district0x,dnt
1153,,2021/03/06,2,district0x,dnt
1154,,2021/03/07,2,district0x,dnt
1155,,2021/03/08,11,district0x,dnt
1156,,2021/03/09,17,district0x,dnt
1157,,2021/03/10,4,district0x,dnt
1158,,2021/03/11,3,district0x,dnt
1159,,2021/03/12,1,district0x,dnt
1160,,2021/03/13,12,district0x,dnt
1161,,2021/03/14,16,district0x,dnt
1162,,2021/03/15,6,district0x,dnt
1163,,2021/03/16,5,district0x,dnt
1164,,2021/03/17,22,district0x,dnt
1165,,2021/03/18,13,district0x,dnt
1166,,2021/03/19,88,district0x,dnt
1167,,2021/03/20,22,district0x,dnt
1168,,2021/03/21,27,district0x,dnt
1169,,2021/03/22,13,district0x,dnt
1170,,2021/03/23,15,district0x,dnt
1171,,2021/03/24,16,district0x,dnt
1172,,2021/03/25,5,district0x,dnt
1173,,2021/03/26,9,district0x,dnt
1174,,2021/03/27,6,district0x,dnt
1175,,2021/03/28,6,district0x,dnt
1176,,2021/03/29,6,district0x,dnt
1177,,2021/03/30,18,district0x,dnt
1178,,2021/03/31,2,district0x,dnt
1179,,2021/04/01,null,district0x,dnt
1180,,2021/04/02,null,district0x,dnt
1181,,2021/04/03,null,district0x,dnt
1182,,2021/04/04,3,district0x,dnt
1183,,2021/04/05,1,district0x,dnt
1184,,2021/04/06,null,district0x,dnt
1185,,2021/04/07,3,district0x,dnt
1186,,2021/04/08,8,district0x,dnt
1187,,2021/04/09,1,district0x,dnt
1188,,2021/04/10,2,district0x,dnt
1189,,2021/04/11,1,district0x,dnt
1190,,2021/04/12,5,district0x,dnt
1191,,2021/04/13,9,district0x,dnt
1192,,2021/04/14,14,district0x,dnt
1193,,2021/04/15,28,district0x,dnt
1194,,2021/04/16,6,district0x,dnt
1195,,2021/04/17,17,district0x,dnt
1196,,2021/04/18,5,district0x,dnt
1197,,2021/04/19,47,district0x,dnt
1198,,2021/04/20,54,district0x,dnt
1199,,2021/04/21,8,district0x,dnt
1200,,2021/04/22,2,district0x,dnt
1201,,2021/04/23,12,district0x,dnt
1202,,2021/04/24,5,district0x,dnt
1203,,2021/04/25,14,district0x,dnt
1204,,2021/04/26,15,district0x,dnt
1205,,2021/04/27,26,district0x,dnt
1206,,2021/04/28,10,district0x,dnt
1207,,2021/04/29,3,district0x,dnt
1208,,2021/04/30,26,district0x,dnt
1209,,2021/05/01,43,district0x,dnt
1210,,2021/05/02,8,district0x,dnt
1211,,2021/05/03,14,district0x,dnt
1212,,2021/05/04,14,district0x,dnt
1213,,2021/05/05,11,district0x,dnt
1214,,2021/05/06,5,district0x,dnt
1215,,2021/05/07,34,district0x,dnt
1216,,2021/05/08,10,district0x,dnt
1217,,2021/05/09,6,district0x,dnt
1218,,2021/05/10,12,district0x,dnt
1219,,2021/05/11,23,district0x,dnt
1220,,2021/05/12,11,district0x,dnt
1221,,2021/05/13,3,district0x,dnt
1222,,2021/05/14,7,district0x,dnt
1223,,2021/05/15,3,district0x,dnt
1224,,2021/05/16,16,district0x,dnt
1225,,2021/05/17,22,district0x,dnt
1226,,2021/05/18,5,district0x,dnt
1227,,2021/05/19,16,district0x,dnt
1228,,2021/05/20,26,district0x,dnt
1229,,2021/05/21,6,district0x,dnt
1230,,2021/05/22,13,district0x,dnt
1231,,2021/05/23,22,district0x,dnt
1232,,2021/05/24,28,district0x,dnt
1233,,2021/05/25,14,district0x,dnt
1234,,2021/05/26,11,district0x,dnt
1235,,2021/05/27,6,district0x,dnt
1236,,2021/05/28,2,district0x,dnt
1237,,2021/05/29,2,district0x,dnt
1238,,2021/05/30,5,district0x,dnt
1239,,2021/05/31,7,district0x,dnt
1240,,2021/06/01,7,district0x,dnt
1241,,2021/06/02,6,district0x,dnt
1242,,2021/06/03,15,district0x,dnt
1243,,2021/06/04,8,district0x,dnt
1244,,2021/06/05,4,district0x,dnt
1245,,2021/06/06,1,district0x,dnt
1246,,2021/06/07,3,district0x,dnt
1247,,2021/06/08,6,district0x,dnt
1248,,2021/06/09,4,district0x,dnt
1249,,2021/06/10,null,district0x,dnt
1250,,2021/06/11,2,district0x,dnt
1251,,2021/06/12,1,district0x,dnt
1252,,2021/06/13,3,district0x,dnt
1253,,2021/06/14,2,district0x,dnt
1254,,2021/06/15,22,district0x,dnt
1255,,2021/06/16,23,district0x,dnt
1256,,2021/06/17,20,district0x,dnt
1257,,2021/06/18,5,district0x,dnt
1258,,2021/06/19,4,district0x,dnt
1259,,2021/06/20,7,district0x,dnt
1260,,2021/06/21,28,district0x,dnt
1261,,2021/06/22,11,district0x,dnt
1262,,2021/06/23,3,district0x,dnt
1263,,2021/06/24,4,district0x,dnt
1264,,2021/06/25,3,district0x,dnt
1265,,2021/06/26,6,district0x,dnt
1266,,2021/06/27,3,district0x,dnt
1267,,2021/06/28,6,district0x,dnt
1268,,2021/06/29,3,district0x,dnt
1269,,2021/06/30,1,district0x,dnt
1270,,2021/07/01,null,district0x,dnt
1271,,2021/07/02,null,district0x,dnt
1272,,2021/07/03,2,district0x,dnt
1273,,2021/07/04,null,district0x,dnt
1274,,2021/07/05,1,district0x,dnt
1275,,2021/07/06,null,district0x,dnt
1276,,2021/07/07,1,district0x,dnt
1277,,2021/07/08,null,district0x,dnt
1278,,2021/07/09,3,district0x,dnt
1279,,2021/07/10,1,district0x,dnt
1280,,2021/07/11,1,district0x,dnt
1281,,2021/07/12,2,district0x,dnt
1282,,2021/07/13,5,district0x,dnt
1283,,2021/07/14,null,district0x,dnt
1284,,2021/07/15,1,district0x,dnt
1285,,2021/07/16,7,district0x,dnt
1286,,2021/07/17,8,district0x,dnt
1287,,2021/07/18,1,district0x,dnt
1288,,2021/07/19,null,district0x,dnt
1289,,2021/07/20,1,district0x,dnt
1290,,2021/07/21,1,district0x,dnt
1291,,2021/07/22,2,district0x,dnt
1292,,2021/07/23,2,district0x,dnt
1293,,2021/07/24,null,district0x,dnt
1294,,2021/07/25,3,district0x,dnt
1295,,2021/07/26,4,district0x,dnt
1296,,2021/07/27,6,district0x,dnt
1297,,2021/07/28,null,district0x,dnt
1298,,2021/07/29,null,district0x,dnt
1299,,2021/07/30,8,district0x,dnt
1300,,2021/07/31,2,district0x,dnt
1301,,2021/08/01,5,district0x,dnt
1302,,2021/08/02,1,district0x,dnt
1303,,2021/08/03,null,district0x,dnt
1304,,2021/08/04,null,district0x,dnt
1305,,2021/08/05,null,district0x,dnt
1306,,2021/08/06,6,district0x,dnt
1307,,2021/08/07,1,district0x,dnt
1308,,2021/08/08,7,district0x,dnt
1309,,2021/08/09,7,district0x,dnt
1310,,2021/08/10,8,district0x,dnt
1311,,2021/08/11,16,district0x,dnt
1312,,2021/08/12,9,district0x,dnt
1313,,2021/08/13,22,district0x,dnt
1314,,2021/08/14,18,district0x,dnt
1315,,2021/08/15,42,district0x,dnt
1316,,2021/08/16,12,district0x,dnt
1317,,2021/08/17,13,district0x,dnt
1318,,2021/08/18,1,district0x,dnt
1319,,2021/08/19,13,district0x,dnt
1320,,2021/08/20,8,district0x,dnt
1321,,2021/08/21,6,district0x,dnt
1322,,2021/08/22,3,district0x,dnt
1323,,2021/08/23,8,district0x,dnt
1324,,2021/08/24,null,district0x,dnt
1325,,2021/08/25,6,district0x,dnt
1326,,2021/08/26,1,district0x,dnt
1327,,2021/08/27,5,district0x,dnt
1328,,2021/08/28,8,district0x,dnt
1329,,2021/08/29,8,district0x,dnt
1330,,2021/08/30,2,district0x,dnt
1331,,2021/08/31,2,district0x,dnt
1332,,2021/09/01,9,district0x,dnt
1333,,2021/09/02,13,district0x,dnt
1334,,2021/09/03,6,district0x,dnt
1335,,2021/09/04,null,district0x,dnt
1336,,2021/09/05,42,district0x,dnt
1337,,2021/09/06,7,district0x,dnt
1338,,2021/09/07,4,district0x,dnt
1339,,2021/09/08,1,district0x,dnt
1340,,2021/09/09,2,district0x,dnt
1341,,2021/09/10,null,district0x,dnt
1342,,2021/09/11,2,district0x,dnt
1343,,2021/09/12,null,district0x,dnt
1344,,2021/09/13,null,district0x,dnt
1345,,2021/09/14,null,district0x,dnt
1346,,2021/09/15,5,district0x,dnt
1347,,2021/09/16,3,district0x,dnt
1348,,2021/09/17,1,district0x,dnt
1349,,2021/09/18,3,district0x,dnt
1350,,2021/09/19,5,district0x,dnt
1351,,2021/09/20,2,district0x,dnt
1352,,2021/09/21,null,district0x,dnt
1353,,2021/09/22,1,district0x,dnt
1354,,2021/09/23,null,district0x,dnt
1355,,2021/09/24,null,district0x,dnt
1356,,2021/09/25,1,district0x,dnt
1357,,2021/09/26,2,district0x,dnt
1358,,2021/09/27,1,district0x,dnt
1359,,2021/09/28,1,district0x,dnt
1360,,2021/09/29,null,district0x,dnt
1361,,2021/09/30,null,district0x,dnt
1362,,2021/10/01,null,district0x,dnt
1363,,2021/10/02,null,district0x,dnt
1364,,2021/10/03,null,district0x,dnt
1365,,2021/10/04,5,district0x,dnt
1366,,2021/10/05,1,district0x,dnt
1367,,2021/10/06,null,district0x,dnt
1368,,2021/10/07,2,district0x,dnt
1369,,2021/10/08,null,district0x,dnt
1370,,2021/10/09,1,district0x,dnt
1371,,2021/10/10,null,district0x,dnt
1372,,2021/10/11,4,district0x,dnt
1373,,2021/10/12,1,district0x,dnt
1374,,2021/10/13,1,district0x,dnt
1375,,2021/10/14,1,district0x,dnt
1376,,2021/10/15,3,district0x,dnt
1377,,2021/10/16,1,district0x,dnt
1378,,2021/10/17,5,district0x,dnt
1379,,2021/10/18,4,district0x,dnt
1380,,2021/10/19,4,district0x,dnt
1381,,2021/10/20,1,district0x,dnt
1382,,2021/10/21,3,district0x,dnt
1383,,2021/10/22,1,district0x,dnt
1384,,2021/10/23,1,district0x,dnt
1385,,2021/10/24,1,district0x,dnt
1386,,2021/10/25,1,district0x,dnt
1387,,2021/10/26,null,district0x,dnt
1388,,2021/10/27,2,district0x,dnt
1389,,2021/10/28,1,district0x,dnt
1390,,2021/10/29,2,district0x,dnt
1391,,2021/10/30,2,district0x,dnt
1392,,2021/10/31,1,district0x,dnt
1393,,2021/11/01,3,district0x,dnt
1394,,2021/11/02,2,district0x,dnt
1395,,2021/11/03,1,district0x,dnt
1396,,2021/11/04,1,district0x,dnt
1397,,2021/11/05,3,district0x,dnt
1398,,2021/11/06,17,district0x,dnt
1399,,2021/11/07,14,district0x,dnt
1400,,2021/11/08,4,district0x,dnt
1401,,2021/11/09,2,district0x,dnt
1402,,2021/11/10,4,district0x,dnt
1403,,2021/11/11,3,district0x,dnt
1404,,2021/11/12,null,district0x,dnt
1405,,2021/11/13,1,district0x,dnt
1406,,2021/11/14,1,district0x,dnt
1407,,2021/11/15,11,district0x,dnt
1408,,2021/11/16,2,district0x,dnt
