,google_trends,date,tweets,full_name,coin
0,,2019/01/09,36,dragon chain,drgn
1,,2019/01/10,41,dragon chain,drgn
2,,2019/01/11,23,dragon chain,drgn
3,,2019/01/12,36,dragon chain,drgn
4,,2019/01/13,28,dragon chain,drgn
5,,2019/01/14,14,dragon chain,drgn
6,,2019/01/15,21,dragon chain,drgn
7,,2019/01/16,36,dragon chain,drgn
8,,2019/01/17,null,dragon chain,drgn
9,,2019/01/18,27,dragon chain,drgn
10,,2019/01/19,21,dragon chain,drgn
11,,2019/01/20,null,dragon chain,drgn
12,,2019/01/21,null,dragon chain,drgn
13,,2019/01/22,13,dragon chain,drgn
14,,2019/01/23,52,dragon chain,drgn
15,,2019/01/24,null,dragon chain,drgn
16,,2019/01/25,null,dragon chain,drgn
17,,2019/01/26,null,dragon chain,drgn
18,,2019/01/27,null,dragon chain,drgn
19,,2019/01/28,null,dragon chain,drgn
20,,2019/01/29,null,dragon chain,drgn
21,,2019/01/30,null,dragon chain,drgn
22,,2019/01/31,null,dragon chain,drgn
23,,2019/02/01,null,dragon chain,drgn
24,,2019/02/02,null,dragon chain,drgn
25,,2019/02/03,null,dragon chain,drgn
26,,2019/02/04,null,dragon chain,drgn
27,,2019/02/05,null,dragon chain,drgn
28,,2019/02/06,null,dragon chain,drgn
29,,2019/02/07,null,dragon chain,drgn
30,,2019/02/08,null,dragon chain,drgn
31,,2019/02/09,null,dragon chain,drgn
32,,2019/02/10,null,dragon chain,drgn
33,,2019/02/11,null,dragon chain,drgn
34,,2019/02/12,null,dragon chain,drgn
35,,2019/02/13,null,dragon chain,drgn
36,,2019/02/14,null,dragon chain,drgn
37,,2019/02/15,null,dragon chain,drgn
38,,2019/02/16,null,dragon chain,drgn
39,,2019/02/17,null,dragon chain,drgn
40,,2019/02/18,null,dragon chain,drgn
41,,2019/02/19,null,dragon chain,drgn
42,,2019/02/20,null,dragon chain,drgn
43,,2019/02/21,null,dragon chain,drgn
44,,2019/02/22,null,dragon chain,drgn
45,,2019/02/23,null,dragon chain,drgn
46,,2019/02/24,null,dragon chain,drgn
47,,2019/02/25,null,dragon chain,drgn
48,,2019/02/26,null,dragon chain,drgn
49,,2019/02/27,null,dragon chain,drgn
50,,2019/02/28,null,dragon chain,drgn
51,,2019/03/01,null,dragon chain,drgn
52,,2019/03/02,null,dragon chain,drgn
53,,2019/03/03,null,dragon chain,drgn
54,,2019/03/04,null,dragon chain,drgn
55,,2019/03/05,null,dragon chain,drgn
56,,2019/03/06,null,dragon chain,drgn
57,,2019/03/07,null,dragon chain,drgn
58,,2019/03/08,null,dragon chain,drgn
59,,2019/03/09,null,dragon chain,drgn
60,,2019/03/10,null,dragon chain,drgn
61,,2019/03/11,null,dragon chain,drgn
62,,2019/03/12,null,dragon chain,drgn
63,,2019/03/13,null,dragon chain,drgn
64,,2019/03/14,null,dragon chain,drgn
65,,2019/03/15,null,dragon chain,drgn
66,,2019/03/16,null,dragon chain,drgn
67,,2019/03/17,null,dragon chain,drgn
68,,2019/03/18,null,dragon chain,drgn
69,,2019/03/19,null,dragon chain,drgn
70,,2019/03/20,null,dragon chain,drgn
71,,2019/03/21,null,dragon chain,drgn
72,,2019/03/22,null,dragon chain,drgn
73,,2019/03/23,null,dragon chain,drgn
74,,2019/03/24,null,dragon chain,drgn
75,,2019/03/25,null,dragon chain,drgn
76,,2019/03/26,null,dragon chain,drgn
77,,2019/03/27,null,dragon chain,drgn
78,,2019/03/28,null,dragon chain,drgn
79,,2019/03/29,null,dragon chain,drgn
80,,2019/03/30,null,dragon chain,drgn
81,,2019/03/31,null,dragon chain,drgn
82,,2019/04/01,null,dragon chain,drgn
83,,2019/04/02,null,dragon chain,drgn
84,,2019/04/03,null,dragon chain,drgn
85,,2019/04/04,null,dragon chain,drgn
86,,2019/04/05,null,dragon chain,drgn
87,,2019/04/06,null,dragon chain,drgn
88,,2019/04/07,null,dragon chain,drgn
89,,2019/04/08,null,dragon chain,drgn
90,,2019/04/09,null,dragon chain,drgn
91,,2019/04/10,null,dragon chain,drgn
92,,2019/04/11,null,dragon chain,drgn
93,,2019/04/12,null,dragon chain,drgn
94,,2019/04/13,null,dragon chain,drgn
95,,2019/04/14,null,dragon chain,drgn
96,,2019/04/15,null,dragon chain,drgn
97,,2019/04/16,null,dragon chain,drgn
98,,2019/04/17,null,dragon chain,drgn
99,,2019/04/18,null,dragon chain,drgn
100,,2019/04/19,null,dragon chain,drgn
101,,2019/04/20,null,dragon chain,drgn
102,,2019/04/21,null,dragon chain,drgn
103,,2019/04/22,null,dragon chain,drgn
104,,2019/04/23,null,dragon chain,drgn
105,,2019/04/24,null,dragon chain,drgn
106,,2019/04/25,null,dragon chain,drgn
107,,2019/04/26,null,dragon chain,drgn
108,,2019/04/27,null,dragon chain,drgn
109,,2019/04/28,null,dragon chain,drgn
110,,2019/04/29,null,dragon chain,drgn
111,,2019/04/30,null,dragon chain,drgn
112,,2019/05/01,null,dragon chain,drgn
113,,2019/05/02,null,dragon chain,drgn
114,,2019/05/03,null,dragon chain,drgn
115,,2019/05/04,null,dragon chain,drgn
116,,2019/05/05,null,dragon chain,drgn
117,,2019/05/06,null,dragon chain,drgn
118,,2019/05/07,null,dragon chain,drgn
119,,2019/05/08,null,dragon chain,drgn
120,,2019/05/09,null,dragon chain,drgn
121,,2019/05/10,null,dragon chain,drgn
122,,2019/05/11,null,dragon chain,drgn
123,,2019/05/12,null,dragon chain,drgn
124,,2019/05/13,null,dragon chain,drgn
125,,2019/05/14,null,dragon chain,drgn
126,,2019/05/15,null,dragon chain,drgn
127,,2019/05/16,null,dragon chain,drgn
128,,2019/05/17,null,dragon chain,drgn
129,,2019/05/18,null,dragon chain,drgn
130,,2019/05/19,null,dragon chain,drgn
131,,2019/05/20,null,dragon chain,drgn
132,,2019/05/21,null,dragon chain,drgn
133,,2019/05/22,null,dragon chain,drgn
134,,2019/05/23,null,dragon chain,drgn
135,,2019/05/24,null,dragon chain,drgn
136,,2019/05/25,null,dragon chain,drgn
137,,2019/05/26,null,dragon chain,drgn
138,,2019/05/27,null,dragon chain,drgn
139,,2019/05/28,null,dragon chain,drgn
140,,2019/05/29,null,dragon chain,drgn
141,,2019/05/30,null,dragon chain,drgn
142,,2019/05/31,null,dragon chain,drgn
143,,2019/06/01,null,dragon chain,drgn
144,,2019/06/02,null,dragon chain,drgn
145,,2019/06/03,null,dragon chain,drgn
146,,2019/06/04,null,dragon chain,drgn
147,,2019/06/05,null,dragon chain,drgn
148,,2019/06/06,null,dragon chain,drgn
149,,2019/06/07,null,dragon chain,drgn
150,,2019/06/08,null,dragon chain,drgn
151,,2019/06/09,null,dragon chain,drgn
152,,2019/06/10,null,dragon chain,drgn
153,,2019/06/11,null,dragon chain,drgn
154,,2019/06/12,null,dragon chain,drgn
155,,2019/06/13,null,dragon chain,drgn
156,,2019/06/14,null,dragon chain,drgn
157,,2019/06/15,null,dragon chain,drgn
158,,2019/06/16,null,dragon chain,drgn
159,,2019/06/17,null,dragon chain,drgn
160,,2019/06/18,null,dragon chain,drgn
161,,2019/06/19,null,dragon chain,drgn
162,,2019/06/20,null,dragon chain,drgn
163,,2019/06/21,null,dragon chain,drgn
164,,2019/06/22,null,dragon chain,drgn
165,,2019/06/23,null,dragon chain,drgn
166,,2019/06/24,null,dragon chain,drgn
167,,2019/06/25,null,dragon chain,drgn
168,,2019/06/26,null,dragon chain,drgn
169,,2019/06/27,null,dragon chain,drgn
170,,2019/06/28,null,dragon chain,drgn
171,,2019/06/29,null,dragon chain,drgn
172,,2019/06/30,null,dragon chain,drgn
173,,2019/07/01,null,dragon chain,drgn
174,,2019/07/02,null,dragon chain,drgn
175,,2019/07/03,null,dragon chain,drgn
176,,2019/07/04,null,dragon chain,drgn
177,,2019/07/05,null,dragon chain,drgn
178,,2019/07/06,null,dragon chain,drgn
179,,2019/07/07,null,dragon chain,drgn
180,,2019/07/08,null,dragon chain,drgn
181,,2019/07/09,null,dragon chain,drgn
182,,2019/07/10,null,dragon chain,drgn
183,,2019/07/11,null,dragon chain,drgn
184,,2019/07/12,null,dragon chain,drgn
185,,2019/07/13,null,dragon chain,drgn
186,,2019/07/14,null,dragon chain,drgn
187,,2019/07/15,null,dragon chain,drgn
188,,2019/07/16,null,dragon chain,drgn
189,,2019/07/17,null,dragon chain,drgn
190,,2019/07/18,null,dragon chain,drgn
191,,2019/07/19,null,dragon chain,drgn
192,,2019/07/20,null,dragon chain,drgn
193,,2019/07/21,null,dragon chain,drgn
194,,2019/07/22,null,dragon chain,drgn
195,,2019/07/23,null,dragon chain,drgn
196,,2019/07/24,null,dragon chain,drgn
197,,2019/07/25,null,dragon chain,drgn
198,,2019/07/26,null,dragon chain,drgn
199,,2019/07/27,null,dragon chain,drgn
200,,2019/07/28,null,dragon chain,drgn
201,,2019/07/29,null,dragon chain,drgn
202,,2019/07/30,null,dragon chain,drgn
203,,2019/07/31,null,dragon chain,drgn
204,,2019/08/01,null,dragon chain,drgn
205,,2019/08/02,27,dragon chain,drgn
206,,2019/08/03,21,dragon chain,drgn
207,,2019/08/04,null,dragon chain,drgn
208,,2019/08/05,null,dragon chain,drgn
209,,2019/08/06,null,dragon chain,drgn
210,,2019/08/07,null,dragon chain,drgn
211,,2019/08/08,null,dragon chain,drgn
212,,2019/08/09,null,dragon chain,drgn
213,,2019/08/10,null,dragon chain,drgn
214,,2019/08/11,null,dragon chain,drgn
215,,2019/08/12,null,dragon chain,drgn
216,,2019/08/13,null,dragon chain,drgn
217,,2019/08/14,null,dragon chain,drgn
218,,2019/08/15,null,dragon chain,drgn
219,,2019/08/16,null,dragon chain,drgn
220,,2019/08/17,null,dragon chain,drgn
221,,2019/08/18,null,dragon chain,drgn
222,,2019/08/19,null,dragon chain,drgn
223,,2019/08/20,null,dragon chain,drgn
224,,2019/08/21,null,dragon chain,drgn
225,,2019/08/22,null,dragon chain,drgn
226,,2019/08/23,null,dragon chain,drgn
227,,2019/08/24,null,dragon chain,drgn
228,,2019/08/25,null,dragon chain,drgn
229,,2019/08/26,null,dragon chain,drgn
230,,2019/08/27,null,dragon chain,drgn
231,,2019/08/28,null,dragon chain,drgn
232,,2019/08/29,null,dragon chain,drgn
233,,2019/08/30,null,dragon chain,drgn
234,,2019/08/31,null,dragon chain,drgn
235,,2019/09/01,null,dragon chain,drgn
236,,2019/09/02,null,dragon chain,drgn
237,,2019/09/03,null,dragon chain,drgn
238,,2019/09/04,null,dragon chain,drgn
239,,2019/09/05,null,dragon chain,drgn
240,,2019/09/06,null,dragon chain,drgn
241,,2019/09/07,null,dragon chain,drgn
242,,2019/09/08,null,dragon chain,drgn
243,,2019/09/09,null,dragon chain,drgn
244,,2019/09/10,null,dragon chain,drgn
245,,2019/09/11,null,dragon chain,drgn
246,,2019/09/12,null,dragon chain,drgn
247,,2019/09/13,null,dragon chain,drgn
248,,2019/09/14,null,dragon chain,drgn
249,,2019/09/15,null,dragon chain,drgn
250,,2019/09/16,null,dragon chain,drgn
251,,2019/09/17,null,dragon chain,drgn
252,,2019/09/18,null,dragon chain,drgn
253,,2019/09/19,null,dragon chain,drgn
254,,2019/09/20,null,dragon chain,drgn
255,,2019/09/21,null,dragon chain,drgn
256,,2019/09/22,null,dragon chain,drgn
257,,2019/09/23,null,dragon chain,drgn
258,,2019/09/24,null,dragon chain,drgn
259,,2019/09/25,null,dragon chain,drgn
260,,2019/09/26,null,dragon chain,drgn
261,,2019/09/27,null,dragon chain,drgn
262,,2019/09/28,null,dragon chain,drgn
263,,2019/09/29,null,dragon chain,drgn
264,,2019/09/30,null,dragon chain,drgn
265,,2019/10/01,null,dragon chain,drgn
266,,2019/10/02,null,dragon chain,drgn
267,,2019/10/03,null,dragon chain,drgn
268,,2019/10/04,null,dragon chain,drgn
269,,2019/10/05,null,dragon chain,drgn
270,,2019/10/06,null,dragon chain,drgn
271,,2019/10/07,null,dragon chain,drgn
272,,2019/10/08,null,dragon chain,drgn
273,,2019/10/09,null,dragon chain,drgn
274,,2019/10/10,null,dragon chain,drgn
275,,2019/10/11,null,dragon chain,drgn
276,,2019/10/12,null,dragon chain,drgn
277,,2019/10/13,null,dragon chain,drgn
278,,2019/10/14,null,dragon chain,drgn
279,,2019/10/15,37,dragon chain,drgn
280,,2019/10/16,13,dragon chain,drgn
281,,2019/10/17,19,dragon chain,drgn
282,,2019/10/18,null,dragon chain,drgn
283,,2019/10/19,null,dragon chain,drgn
284,,2019/10/20,null,dragon chain,drgn
285,,2019/10/21,null,dragon chain,drgn
286,,2019/10/22,null,dragon chain,drgn
287,,2019/10/23,null,dragon chain,drgn
288,,2019/10/24,null,dragon chain,drgn
289,,2019/10/25,null,dragon chain,drgn
290,,2019/10/26,null,dragon chain,drgn
291,,2019/10/27,null,dragon chain,drgn
292,,2019/10/28,null,dragon chain,drgn
293,,2019/10/29,null,dragon chain,drgn
294,,2019/10/30,null,dragon chain,drgn
295,,2019/10/31,null,dragon chain,drgn
296,,2019/11/01,null,dragon chain,drgn
297,,2019/11/02,null,dragon chain,drgn
298,,2019/11/03,null,dragon chain,drgn
299,,2019/11/04,null,dragon chain,drgn
300,,2019/11/05,null,dragon chain,drgn
301,,2019/11/06,null,dragon chain,drgn
302,,2019/11/07,null,dragon chain,drgn
303,,2019/11/08,null,dragon chain,drgn
304,,2019/11/09,null,dragon chain,drgn
305,,2019/11/10,null,dragon chain,drgn
306,,2019/11/11,null,dragon chain,drgn
307,,2019/11/12,null,dragon chain,drgn
308,,2019/11/13,null,dragon chain,drgn
309,,2019/11/14,null,dragon chain,drgn
310,,2019/11/15,null,dragon chain,drgn
311,,2019/11/16,null,dragon chain,drgn
312,,2019/11/17,null,dragon chain,drgn
313,,2019/11/18,null,dragon chain,drgn
314,,2019/11/19,null,dragon chain,drgn
315,,2019/11/20,null,dragon chain,drgn
316,,2019/11/21,null,dragon chain,drgn
317,,2019/11/22,null,dragon chain,drgn
318,,2019/11/23,null,dragon chain,drgn
319,,2019/11/24,null,dragon chain,drgn
320,,2019/11/25,null,dragon chain,drgn
321,,2019/11/26,null,dragon chain,drgn
322,,2019/11/27,null,dragon chain,drgn
323,,2019/11/28,null,dragon chain,drgn
324,,2019/11/29,null,dragon chain,drgn
325,,2019/11/30,null,dragon chain,drgn
326,,2019/12/01,null,dragon chain,drgn
327,,2019/12/02,null,dragon chain,drgn
328,,2019/12/03,null,dragon chain,drgn
329,,2019/12/04,null,dragon chain,drgn
330,,2019/12/05,null,dragon chain,drgn
331,,2019/12/06,null,dragon chain,drgn
332,,2019/12/07,null,dragon chain,drgn
333,,2019/12/08,null,dragon chain,drgn
334,,2019/12/09,null,dragon chain,drgn
335,,2019/12/10,null,dragon chain,drgn
336,,2019/12/11,null,dragon chain,drgn
337,,2019/12/12,null,dragon chain,drgn
338,,2019/12/13,null,dragon chain,drgn
339,,2019/12/14,null,dragon chain,drgn
340,,2019/12/15,null,dragon chain,drgn
341,,2019/12/16,null,dragon chain,drgn
342,,2019/12/17,null,dragon chain,drgn
343,,2019/12/18,null,dragon chain,drgn
344,,2019/12/19,null,dragon chain,drgn
345,,2019/12/20,null,dragon chain,drgn
346,,2019/12/21,null,dragon chain,drgn
347,,2019/12/22,null,dragon chain,drgn
348,,2019/12/23,null,dragon chain,drgn
349,,2019/12/24,null,dragon chain,drgn
350,,2019/12/25,null,dragon chain,drgn
351,,2019/12/26,null,dragon chain,drgn
352,,2019/12/27,null,dragon chain,drgn
353,,2019/12/28,null,dragon chain,drgn
354,,2019/12/29,null,dragon chain,drgn
355,,2019/12/30,null,dragon chain,drgn
356,,2019/12/31,null,dragon chain,drgn
357,,2020/01/01,null,dragon chain,drgn
358,,2020/01/02,null,dragon chain,drgn
359,,2020/01/03,null,dragon chain,drgn
360,,2020/01/04,null,dragon chain,drgn
361,,2020/01/05,null,dragon chain,drgn
362,,2020/01/06,null,dragon chain,drgn
363,,2020/01/07,null,dragon chain,drgn
364,,2020/01/08,null,dragon chain,drgn
365,,2020/01/09,null,dragon chain,drgn
366,,2020/01/10,null,dragon chain,drgn
367,,2020/01/11,null,dragon chain,drgn
368,,2020/01/12,null,dragon chain,drgn
369,,2020/01/13,null,dragon chain,drgn
370,,2020/01/14,null,dragon chain,drgn
371,,2020/01/15,null,dragon chain,drgn
372,,2020/01/16,null,dragon chain,drgn
373,,2020/01/17,null,dragon chain,drgn
374,,2020/01/18,null,dragon chain,drgn
375,,2020/01/19,null,dragon chain,drgn
376,,2020/01/20,null,dragon chain,drgn
377,,2020/01/21,null,dragon chain,drgn
378,,2020/01/22,null,dragon chain,drgn
379,,2020/01/23,null,dragon chain,drgn
380,,2020/01/24,null,dragon chain,drgn
381,,2020/01/25,null,dragon chain,drgn
382,,2020/01/26,null,dragon chain,drgn
383,,2020/01/27,null,dragon chain,drgn
384,,2020/01/28,null,dragon chain,drgn
385,,2020/01/29,null,dragon chain,drgn
386,,2020/01/30,null,dragon chain,drgn
387,,2020/01/31,null,dragon chain,drgn
388,,2020/02/01,null,dragon chain,drgn
389,,2020/02/02,null,dragon chain,drgn
390,,2020/02/03,null,dragon chain,drgn
391,,2020/02/04,null,dragon chain,drgn
392,,2020/02/05,null,dragon chain,drgn
393,,2020/02/06,null,dragon chain,drgn
394,,2020/02/07,null,dragon chain,drgn
395,,2020/02/08,null,dragon chain,drgn
396,,2020/02/09,null,dragon chain,drgn
397,,2020/02/10,null,dragon chain,drgn
398,,2020/02/11,null,dragon chain,drgn
399,,2020/02/12,null,dragon chain,drgn
400,,2020/02/13,null,dragon chain,drgn
401,,2020/02/14,null,dragon chain,drgn
402,,2020/02/15,null,dragon chain,drgn
403,,2020/02/16,null,dragon chain,drgn
404,,2020/02/17,null,dragon chain,drgn
405,,2020/02/18,null,dragon chain,drgn
406,,2020/02/19,null,dragon chain,drgn
407,,2020/02/20,null,dragon chain,drgn
408,,2020/02/21,null,dragon chain,drgn
409,,2020/02/22,null,dragon chain,drgn
410,,2020/02/23,null,dragon chain,drgn
411,,2020/02/24,null,dragon chain,drgn
412,,2020/02/25,null,dragon chain,drgn
413,,2020/02/26,null,dragon chain,drgn
414,,2020/02/27,null,dragon chain,drgn
415,,2020/02/28,null,dragon chain,drgn
416,,2020/02/29,null,dragon chain,drgn
417,,2020/03/01,null,dragon chain,drgn
418,,2020/03/02,null,dragon chain,drgn
419,,2020/03/03,null,dragon chain,drgn
420,,2020/03/04,null,dragon chain,drgn
421,,2020/03/05,null,dragon chain,drgn
422,,2020/03/06,null,dragon chain,drgn
423,,2020/03/07,null,dragon chain,drgn
424,,2020/03/08,null,dragon chain,drgn
425,,2020/03/09,null,dragon chain,drgn
426,,2020/03/10,null,dragon chain,drgn
427,,2020/03/11,null,dragon chain,drgn
428,,2020/03/12,null,dragon chain,drgn
429,,2020/03/13,null,dragon chain,drgn
430,,2020/03/14,null,dragon chain,drgn
431,,2020/03/15,null,dragon chain,drgn
432,,2020/03/16,null,dragon chain,drgn
433,,2020/03/17,null,dragon chain,drgn
434,,2020/03/18,null,dragon chain,drgn
435,,2020/03/19,null,dragon chain,drgn
436,,2020/03/20,null,dragon chain,drgn
437,,2020/03/21,null,dragon chain,drgn
438,,2020/03/22,null,dragon chain,drgn
439,,2020/03/23,null,dragon chain,drgn
440,,2020/03/24,null,dragon chain,drgn
441,,2020/03/25,null,dragon chain,drgn
442,,2020/03/26,null,dragon chain,drgn
443,,2020/03/27,null,dragon chain,drgn
444,,2020/03/28,null,dragon chain,drgn
445,,2020/03/29,null,dragon chain,drgn
446,,2020/03/30,null,dragon chain,drgn
447,,2020/03/31,null,dragon chain,drgn
448,,2020/04/01,null,dragon chain,drgn
449,,2020/04/02,null,dragon chain,drgn
450,,2020/04/03,null,dragon chain,drgn
451,,2020/04/04,null,dragon chain,drgn
452,,2020/04/05,null,dragon chain,drgn
453,,2020/04/06,null,dragon chain,drgn
454,,2020/04/07,null,dragon chain,drgn
455,,2020/04/08,null,dragon chain,drgn
456,,2020/04/09,null,dragon chain,drgn
457,,2020/04/10,null,dragon chain,drgn
458,,2020/04/11,null,dragon chain,drgn
459,,2020/04/12,null,dragon chain,drgn
460,,2020/04/13,null,dragon chain,drgn
461,,2020/04/14,null,dragon chain,drgn
462,,2020/04/15,null,dragon chain,drgn
463,,2020/04/16,null,dragon chain,drgn
464,,2020/04/17,null,dragon chain,drgn
465,,2020/04/18,null,dragon chain,drgn
466,,2020/04/19,null,dragon chain,drgn
467,,2020/04/20,null,dragon chain,drgn
468,,2020/04/21,null,dragon chain,drgn
469,,2020/04/22,null,dragon chain,drgn
470,,2020/04/23,null,dragon chain,drgn
471,,2020/04/24,null,dragon chain,drgn
472,,2020/04/25,null,dragon chain,drgn
473,,2020/04/26,null,dragon chain,drgn
474,,2020/04/27,null,dragon chain,drgn
475,,2020/04/28,null,dragon chain,drgn
476,,2020/04/29,null,dragon chain,drgn
477,,2020/04/30,null,dragon chain,drgn
478,,2020/05/01,null,dragon chain,drgn
479,,2020/05/02,null,dragon chain,drgn
480,,2020/05/03,null,dragon chain,drgn
481,,2020/05/04,null,dragon chain,drgn
482,,2020/05/05,null,dragon chain,drgn
483,,2020/05/06,null,dragon chain,drgn
484,,2020/05/07,null,dragon chain,drgn
485,,2020/05/08,null,dragon chain,drgn
486,,2020/05/09,null,dragon chain,drgn
487,,2020/05/10,null,dragon chain,drgn
488,,2020/05/11,null,dragon chain,drgn
489,,2020/05/12,null,dragon chain,drgn
490,,2020/05/13,null,dragon chain,drgn
491,,2020/05/14,null,dragon chain,drgn
492,,2020/05/15,null,dragon chain,drgn
493,,2020/05/16,17,dragon chain,drgn
494,,2020/05/17,5,dragon chain,drgn
