,google_trends,date,tweets,full_name,coin
0,,2021/05/01,102,easyfi,ez
1,,2021/05/02,14,easyfi,ez
2,,2021/05/03,64,easyfi,ez
3,,2021/05/04,19,easyfi,ez
4,,2021/05/05,35,easyfi,ez
5,,2021/05/06,27,easyfi,ez
6,,2021/05/07,116,easyfi,ez
7,,2021/05/08,49,easyfi,ez
8,,2021/05/09,85,easyfi,ez
9,,2021/05/10,85,easyfi,ez
10,,2021/05/11,null,easyfi,ez
11,,2021/05/12,50,easyfi,ez
12,,2021/05/13,50,easyfi,ez
13,,2021/05/14,null,easyfi,ez
14,,2021/05/15,14,easyfi,ez
15,,2021/05/16,11,easyfi,ez
16,,2021/05/17,null,easyfi,ez
17,,2021/05/18,null,easyfi,ez
18,,2021/05/19,69,easyfi,ez
19,,2021/05/20,65,easyfi,ez
20,,2021/05/21,null,easyfi,ez
21,,2021/05/22,147,easyfi,ez
22,,2021/05/23,47,easyfi,ez
23,,2021/05/24,null,easyfi,ez
24,,2021/05/25,null,easyfi,ez
25,,2021/05/26,null,easyfi,ez
26,,2021/05/27,null,easyfi,ez
27,,2021/05/28,124,easyfi,ez
28,,2021/05/29,96,easyfi,ez
29,,2021/05/30,null,easyfi,ez
30,,2021/05/31,null,easyfi,ez
31,,2021/06/01,null,easyfi,ez
32,,2021/06/02,null,easyfi,ez
33,,2021/06/03,29,easyfi,ez
34,,2021/06/04,null,easyfi,ez
35,,2021/06/05,null,easyfi,ez
36,,2021/06/06,null,easyfi,ez
37,,2021/06/07,19,easyfi,ez
38,,2021/06/08,null,easyfi,ez
39,,2021/06/09,null,easyfi,ez
40,,2021/06/10,null,easyfi,ez
41,,2021/06/11,null,easyfi,ez
42,,2021/06/12,null,easyfi,ez
43,,2021/06/13,null,easyfi,ez
44,,2021/06/14,null,easyfi,ez
45,,2021/06/15,null,easyfi,ez
46,,2021/06/16,63,easyfi,ez
47,,2021/06/17,42,easyfi,ez
48,,2021/06/18,40,easyfi,ez
49,,2021/06/19,21,easyfi,ez
50,,2021/06/20,null,easyfi,ez
51,,2021/06/21,null,easyfi,ez
52,,2021/06/22,null,easyfi,ez
53,,2021/06/23,null,easyfi,ez
54,,2021/06/24,null,easyfi,ez
55,,2021/06/25,null,easyfi,ez
56,,2021/06/26,null,easyfi,ez
57,,2021/06/27,null,easyfi,ez
58,,2021/06/28,null,easyfi,ez
59,,2021/06/29,null,easyfi,ez
60,,2021/06/30,null,easyfi,ez
61,,2021/07/01,null,easyfi,ez
62,,2021/07/02,null,easyfi,ez
63,,2021/07/03,3,easyfi,ez
64,,2021/07/04,null,easyfi,ez
65,,2021/07/05,null,easyfi,ez
66,,2021/07/06,null,easyfi,ez
67,,2021/07/07,null,easyfi,ez
68,,2021/07/08,null,easyfi,ez
69,,2021/07/09,null,easyfi,ez
70,,2021/07/10,null,easyfi,ez
71,,2021/07/11,null,easyfi,ez
72,,2021/07/12,62,easyfi,ez
73,,2021/07/13,54,easyfi,ez
74,,2021/07/14,21,easyfi,ez
75,,2021/07/15,null,easyfi,ez
76,,2021/07/16,null,easyfi,ez
77,,2021/07/17,null,easyfi,ez
78,,2021/07/18,null,easyfi,ez
79,,2021/07/19,96,easyfi,ez
80,,2021/07/20,185,easyfi,ez
81,,2021/07/21,null,easyfi,ez
82,,2021/07/22,133,easyfi,ez
83,,2021/07/23,null,easyfi,ez
84,,2021/07/24,null,easyfi,ez
85,,2021/07/25,null,easyfi,ez
86,,2021/07/26,null,easyfi,ez
87,,2021/07/27,null,easyfi,ez
88,,2021/07/28,null,easyfi,ez
89,,2021/07/29,null,easyfi,ez
90,,2021/07/30,null,easyfi,ez
91,,2021/07/31,null,easyfi,ez
92,,2021/08/01,null,easyfi,ez
93,,2021/08/02,null,easyfi,ez
94,,2021/08/03,null,easyfi,ez
95,,2021/08/04,null,easyfi,ez
96,,2021/08/05,null,easyfi,ez
97,,2021/08/06,null,easyfi,ez
98,,2021/08/07,null,easyfi,ez
99,,2021/08/08,null,easyfi,ez
100,,2021/08/09,89,easyfi,ez
101,,2021/08/10,44,easyfi,ez
102,,2021/08/11,92,easyfi,ez
103,,2021/08/12,86,easyfi,ez
104,,2021/08/13,27,easyfi,ez
105,,2021/08/14,37,easyfi,ez
106,,2021/08/15,null,easyfi,ez
107,,2021/08/16,null,easyfi,ez
108,,2021/08/17,null,easyfi,ez
109,,2021/08/18,null,easyfi,ez
110,,2021/08/19,null,easyfi,ez
111,,2021/08/20,null,easyfi,ez
112,,2021/08/21,46,easyfi,ez
113,,2021/08/22,34,easyfi,ez
114,,2021/08/23,28,easyfi,ez
115,,2021/08/24,109,easyfi,ez
116,,2021/08/25,null,easyfi,ez
117,,2021/08/26,null,easyfi,ez
118,,2021/08/27,null,easyfi,ez
119,,2021/08/28,null,easyfi,ez
120,,2021/08/29,null,easyfi,ez
121,,2021/08/30,null,easyfi,ez
122,,2021/08/31,null,easyfi,ez
123,,2021/09/01,49,easyfi,ez
124,,2021/09/02,80,easyfi,ez
125,,2021/09/03,null,easyfi,ez
126,,2021/09/04,null,easyfi,ez
127,,2021/09/05,null,easyfi,ez
128,,2021/09/06,null,easyfi,ez
129,,2021/09/07,49,easyfi,ez
130,,2021/09/08,18,easyfi,ez
131,,2021/09/09,null,easyfi,ez
132,,2021/09/10,null,easyfi,ez
133,,2021/09/11,null,easyfi,ez
134,,2021/09/12,null,easyfi,ez
135,,2021/09/13,null,easyfi,ez
136,,2021/09/14,null,easyfi,ez
137,,2021/09/15,null,easyfi,ez
138,,2021/09/16,null,easyfi,ez
139,,2021/09/17,null,easyfi,ez
140,,2021/09/18,null,easyfi,ez
141,,2021/09/19,null,easyfi,ez
142,,2021/09/20,null,easyfi,ez
143,,2021/09/21,null,easyfi,ez
144,,2021/09/22,null,easyfi,ez
145,,2021/09/23,null,easyfi,ez
146,,2021/09/24,null,easyfi,ez
147,,2021/09/25,null,easyfi,ez
148,,2021/09/26,null,easyfi,ez
149,,2021/09/27,null,easyfi,ez
150,,2021/09/28,null,easyfi,ez
151,,2021/09/29,null,easyfi,ez
152,,2021/09/30,null,easyfi,ez
153,,2021/10/01,null,easyfi,ez
154,,2021/10/02,null,easyfi,ez
155,,2021/10/03,null,easyfi,ez
156,,2021/10/04,14,easyfi,ez
157,,2021/10/05,207,easyfi,ez
158,,2021/10/06,null,easyfi,ez
159,,2021/10/07,null,easyfi,ez
160,,2021/10/08,null,easyfi,ez
161,,2021/10/09,null,easyfi,ez
162,,2021/10/10,null,easyfi,ez
163,,2021/10/11,null,easyfi,ez
164,,2021/10/12,null,easyfi,ez
165,,2021/10/13,null,easyfi,ez
166,,2021/10/14,null,easyfi,ez
167,,2021/10/15,null,easyfi,ez
168,,2021/10/16,null,easyfi,ez
169,,2021/10/17,null,easyfi,ez
170,,2021/10/18,null,easyfi,ez
171,,2021/10/19,null,easyfi,ez
172,,2021/10/20,null,easyfi,ez
173,,2021/10/21,null,easyfi,ez
174,,2021/10/22,null,easyfi,ez
175,,2021/10/23,null,easyfi,ez
176,,2021/10/24,null,easyfi,ez
177,,2021/10/25,null,easyfi,ez
178,,2021/10/26,null,easyfi,ez
179,,2021/10/27,null,easyfi,ez
180,,2021/10/28,null,easyfi,ez
181,,2021/10/29,null,easyfi,ez
182,,2021/10/30,null,easyfi,ez
183,,2021/10/31,null,easyfi,ez
184,,2021/11/01,20,easyfi,ez
185,,2021/11/02,49,easyfi,ez
