,google_trends,date,tweets,full_name,coin
0,,2019/07/11,29,egretia,egt
1,,2019/07/12,14,egretia,egt
2,,2019/07/13,30,egretia,egt
3,,2019/07/14,13,egretia,egt
4,,2019/07/15,13,egretia,egt
5,,2019/07/16,24,egretia,egt
6,,2019/07/17,41,egretia,egt
7,,2019/07/18,26,egretia,egt
8,,2019/07/19,21,egretia,egt
9,,2019/07/20,8,egretia,egt
10,,2019/07/21,11,egretia,egt
11,,2019/07/22,12,egretia,egt
12,,2019/07/23,12,egretia,egt
13,,2019/07/24,6,egretia,egt
14,,2019/07/25,13,egretia,egt
15,,2019/07/26,8,egretia,egt
16,,2019/07/27,12,egretia,egt
17,,2019/07/28,5,egretia,egt
18,,2019/07/29,13,egretia,egt
19,,2019/07/30,14,egretia,egt
20,,2019/07/31,10,egretia,egt
21,,2019/08/01,11,egretia,egt
22,,2019/08/02,21,egretia,egt
23,,2019/08/03,11,egretia,egt
24,,2019/08/04,9,egretia,egt
25,,2019/08/05,8,egretia,egt
26,,2019/08/06,13,egretia,egt
27,,2019/08/07,22,egretia,egt
28,,2019/08/08,29,egretia,egt
29,,2019/08/09,26,egretia,egt
30,,2019/08/10,41,egretia,egt
31,,2019/08/11,20,egretia,egt
32,,2019/08/12,14,egretia,egt
33,,2019/08/13,21,egretia,egt
34,,2019/08/14,2,egretia,egt
35,,2019/08/15,3,egretia,egt
36,,2019/08/16,3,egretia,egt
37,,2019/08/17,2,egretia,egt
38,,2019/08/18,6,egretia,egt
39,,2019/08/19,2,egretia,egt
40,,2019/08/20,5,egretia,egt
41,,2019/08/21,1,egretia,egt
42,,2019/08/22,1,egretia,egt
43,,2019/08/23,1,egretia,egt
44,,2019/08/24,1,egretia,egt
45,,2019/08/25,null,egretia,egt
46,,2019/08/26,null,egretia,egt
47,,2019/08/27,2,egretia,egt
48,,2019/08/28,1,egretia,egt
49,,2019/08/29,17,egretia,egt
50,,2019/08/30,52,egretia,egt
51,,2019/08/31,2,egretia,egt
52,,2019/09/01,null,egretia,egt
53,,2019/09/02,null,egretia,egt
54,,2019/09/03,1,egretia,egt
55,,2019/09/04,null,egretia,egt
56,,2019/09/05,14,egretia,egt
57,,2019/09/06,4,egretia,egt
58,,2019/09/07,null,egretia,egt
59,,2019/09/08,1,egretia,egt
60,,2019/09/09,2,egretia,egt
61,,2019/09/10,null,egretia,egt
62,,2019/09/11,1,egretia,egt
63,,2019/09/12,16,egretia,egt
64,,2019/09/13,14,egretia,egt
65,,2019/09/14,1,egretia,egt
66,,2019/09/15,2,egretia,egt
67,,2019/09/16,2,egretia,egt
68,,2019/09/17,null,egretia,egt
69,,2019/09/18,2,egretia,egt
70,,2019/09/19,13,egretia,egt
71,,2019/09/20,1,egretia,egt
72,,2019/09/21,2,egretia,egt
73,,2019/09/22,1,egretia,egt
74,,2019/09/23,null,egretia,egt
75,,2019/09/24,1,egretia,egt
76,,2019/09/25,null,egretia,egt
77,,2019/09/26,13,egretia,egt
78,,2019/09/27,1,egretia,egt
79,,2019/09/28,null,egretia,egt
80,,2019/09/29,null,egretia,egt
81,,2019/09/30,12,egretia,egt
82,,2019/10/01,2,egretia,egt
83,,2019/10/02,7,egretia,egt
84,,2019/10/03,1,egretia,egt
85,,2019/10/04,4,egretia,egt
86,,2019/10/05,null,egretia,egt
87,,2019/10/06,null,egretia,egt
88,,2019/10/07,null,egretia,egt
89,,2019/10/08,6,egretia,egt
90,,2019/10/09,1,egretia,egt
91,,2019/10/10,12,egretia,egt
92,,2019/10/11,4,egretia,egt
93,,2019/10/12,null,egretia,egt
94,,2019/10/13,1,egretia,egt
95,,2019/10/14,null,egretia,egt
96,,2019/10/15,null,egretia,egt
97,,2019/10/16,1,egretia,egt
98,,2019/10/17,1,egretia,egt
99,,2019/10/18,40,egretia,egt
100,,2019/10/19,5,egretia,egt
101,,2019/10/20,1,egretia,egt
102,,2019/10/21,3,egretia,egt
103,,2019/10/22,2,egretia,egt
104,,2019/10/23,2,egretia,egt
105,,2019/10/24,3,egretia,egt
106,,2019/10/25,null,egretia,egt
107,,2019/10/26,null,egretia,egt
108,,2019/10/27,null,egretia,egt
109,,2019/10/28,2,egretia,egt
110,,2019/10/29,1,egretia,egt
111,,2019/10/30,2,egretia,egt
112,,2019/10/31,3,egretia,egt
113,,2019/11/01,7,egretia,egt
114,,2019/11/02,5,egretia,egt
115,,2019/11/03,null,egretia,egt
116,,2019/11/04,5,egretia,egt
117,,2019/11/05,6,egretia,egt
118,,2019/11/06,7,egretia,egt
119,,2019/11/07,10,egretia,egt
120,,2019/11/08,3,egretia,egt
121,,2019/11/09,1,egretia,egt
122,,2019/11/10,3,egretia,egt
123,,2019/11/11,null,egretia,egt
124,,2019/11/12,null,egretia,egt
125,,2019/11/13,null,egretia,egt
126,,2019/11/14,11,egretia,egt
127,,2019/11/15,null,egretia,egt
128,,2019/11/16,1,egretia,egt
129,,2019/11/17,null,egretia,egt
130,,2019/11/18,1,egretia,egt
131,,2019/11/19,null,egretia,egt
132,,2019/11/20,null,egretia,egt
133,,2019/11/21,null,egretia,egt
134,,2019/11/22,null,egretia,egt
135,,2019/11/23,null,egretia,egt
136,,2019/11/24,1,egretia,egt
137,,2019/11/25,null,egretia,egt
138,,2019/11/26,2,egretia,egt
139,,2019/11/27,1,egretia,egt
140,,2019/11/28,null,egretia,egt
141,,2019/11/29,null,egretia,egt
142,,2019/11/30,null,egretia,egt
143,,2019/12/01,null,egretia,egt
144,,2019/12/02,null,egretia,egt
145,,2019/12/03,4,egretia,egt
146,,2019/12/04,1,egretia,egt
147,,2019/12/05,null,egretia,egt
148,,2019/12/06,null,egretia,egt
149,,2019/12/07,null,egretia,egt
150,,2019/12/08,2,egretia,egt
151,,2019/12/09,null,egretia,egt
152,,2019/12/10,null,egretia,egt
153,,2019/12/11,1,egretia,egt
154,,2019/12/12,null,egretia,egt
155,,2019/12/13,null,egretia,egt
156,,2019/12/14,null,egretia,egt
157,,2019/12/15,null,egretia,egt
158,,2019/12/16,null,egretia,egt
159,,2019/12/17,null,egretia,egt
160,,2019/12/18,null,egretia,egt
161,,2019/12/19,1,egretia,egt
162,,2019/12/20,null,egretia,egt
163,,2019/12/21,null,egretia,egt
164,,2019/12/22,null,egretia,egt
165,,2019/12/23,null,egretia,egt
166,,2019/12/24,null,egretia,egt
167,,2019/12/25,null,egretia,egt
168,,2019/12/26,null,egretia,egt
169,,2019/12/27,null,egretia,egt
170,,2019/12/28,1,egretia,egt
171,,2019/12/29,null,egretia,egt
172,,2019/12/30,null,egretia,egt
173,,2019/12/31,null,egretia,egt
174,,2020/01/01,null,egretia,egt
175,,2020/01/02,null,egretia,egt
176,,2020/01/03,null,egretia,egt
177,,2020/01/04,null,egretia,egt
178,,2020/01/05,1,egretia,egt
179,,2020/01/06,null,egretia,egt
180,,2020/01/07,null,egretia,egt
181,,2020/01/08,3,egretia,egt
182,,2020/01/09,null,egretia,egt
183,,2020/01/10,null,egretia,egt
184,,2020/01/11,null,egretia,egt
185,,2020/01/12,null,egretia,egt
186,,2020/01/13,null,egretia,egt
187,,2020/01/14,null,egretia,egt
188,,2020/01/15,null,egretia,egt
189,,2020/01/16,null,egretia,egt
190,,2020/01/17,null,egretia,egt
191,,2020/01/18,null,egretia,egt
192,,2020/01/19,null,egretia,egt
193,,2020/01/20,null,egretia,egt
194,,2020/01/21,null,egretia,egt
195,,2020/01/22,null,egretia,egt
196,,2020/01/23,null,egretia,egt
197,,2020/01/24,null,egretia,egt
198,,2020/01/25,null,egretia,egt
199,,2020/01/26,null,egretia,egt
200,,2020/01/27,null,egretia,egt
201,,2020/01/28,null,egretia,egt
202,,2020/01/29,null,egretia,egt
203,,2020/01/30,null,egretia,egt
204,,2020/01/31,null,egretia,egt
205,,2020/02/01,null,egretia,egt
206,,2020/02/02,null,egretia,egt
207,,2020/02/03,null,egretia,egt
208,,2020/02/04,null,egretia,egt
209,,2020/02/05,1,egretia,egt
210,,2020/02/06,null,egretia,egt
211,,2020/02/07,3,egretia,egt
212,,2020/02/08,1,egretia,egt
213,,2020/02/09,null,egretia,egt
214,,2020/02/10,1,egretia,egt
215,,2020/02/11,null,egretia,egt
216,,2020/02/12,null,egretia,egt
217,,2020/02/13,null,egretia,egt
218,,2020/02/14,null,egretia,egt
219,,2020/02/15,null,egretia,egt
220,,2020/02/16,null,egretia,egt
221,,2020/02/17,null,egretia,egt
222,,2020/02/18,null,egretia,egt
223,,2020/02/19,1,egretia,egt
224,,2020/02/20,null,egretia,egt
225,,2020/02/21,null,egretia,egt
226,,2020/02/22,null,egretia,egt
227,,2020/02/23,null,egretia,egt
228,,2020/02/24,null,egretia,egt
229,,2020/02/25,null,egretia,egt
230,,2020/02/26,null,egretia,egt
231,,2020/02/27,null,egretia,egt
232,,2020/02/28,null,egretia,egt
233,,2020/02/29,null,egretia,egt
234,,2020/03/01,null,egretia,egt
235,,2020/03/02,1,egretia,egt
236,,2020/03/03,null,egretia,egt
237,,2020/03/04,null,egretia,egt
238,,2020/03/05,null,egretia,egt
239,,2020/03/06,null,egretia,egt
240,,2020/03/07,null,egretia,egt
241,,2020/03/08,null,egretia,egt
242,,2020/03/09,null,egretia,egt
243,,2020/03/10,null,egretia,egt
244,,2020/03/11,1,egretia,egt
245,,2020/03/12,null,egretia,egt
246,,2020/03/13,null,egretia,egt
247,,2020/03/14,null,egretia,egt
248,,2020/03/15,null,egretia,egt
249,,2020/03/16,null,egretia,egt
250,,2020/03/17,null,egretia,egt
251,,2020/03/18,null,egretia,egt
252,,2020/03/19,null,egretia,egt
253,,2020/03/20,null,egretia,egt
254,,2020/03/21,null,egretia,egt
255,,2020/03/22,null,egretia,egt
256,,2020/03/23,2,egretia,egt
257,,2020/03/24,null,egretia,egt
258,,2020/03/25,null,egretia,egt
259,,2020/03/26,null,egretia,egt
260,,2020/03/27,null,egretia,egt
261,,2020/03/28,null,egretia,egt
262,,2020/03/29,null,egretia,egt
263,,2020/03/30,null,egretia,egt
264,,2020/03/31,null,egretia,egt
265,,2020/04/01,null,egretia,egt
266,,2020/04/02,null,egretia,egt
267,,2020/04/03,null,egretia,egt
268,,2020/04/04,null,egretia,egt
269,,2020/04/05,1,egretia,egt
270,,2020/04/06,1,egretia,egt
271,,2020/04/07,null,egretia,egt
272,,2020/04/08,null,egretia,egt
273,,2020/04/09,null,egretia,egt
274,,2020/04/10,null,egretia,egt
275,,2020/04/11,null,egretia,egt
276,,2020/04/12,null,egretia,egt
277,,2020/04/13,null,egretia,egt
278,,2020/04/14,null,egretia,egt
279,,2020/04/15,2,egretia,egt
280,,2020/04/16,null,egretia,egt
281,,2020/04/17,null,egretia,egt
282,,2020/04/18,null,egretia,egt
283,,2020/04/19,null,egretia,egt
284,,2020/04/20,null,egretia,egt
285,,2020/04/21,null,egretia,egt
286,,2020/04/22,null,egretia,egt
287,,2020/04/23,null,egretia,egt
288,,2020/04/24,null,egretia,egt
289,,2020/04/25,null,egretia,egt
290,,2020/04/26,null,egretia,egt
291,,2020/04/27,null,egretia,egt
292,,2020/04/28,null,egretia,egt
293,,2020/04/29,null,egretia,egt
294,,2020/04/30,1,egretia,egt
295,,2020/05/01,3,egretia,egt
296,,2020/05/02,null,egretia,egt
297,,2020/05/03,null,egretia,egt
298,,2020/05/04,null,egretia,egt
299,,2020/05/05,null,egretia,egt
300,,2020/05/06,3,egretia,egt
301,,2020/05/07,1,egretia,egt
302,,2020/05/08,null,egretia,egt
303,,2020/05/09,null,egretia,egt
304,,2020/05/10,null,egretia,egt
305,,2020/05/11,null,egretia,egt
306,,2020/05/12,null,egretia,egt
307,,2020/05/13,1,egretia,egt
308,,2020/05/14,null,egretia,egt
309,,2020/05/15,null,egretia,egt
310,,2020/05/16,null,egretia,egt
311,,2020/05/17,null,egretia,egt
312,,2020/05/18,null,egretia,egt
313,,2020/05/19,null,egretia,egt
314,,2020/05/20,null,egretia,egt
315,,2020/05/21,null,egretia,egt
316,,2020/05/22,1,egretia,egt
317,,2020/05/23,null,egretia,egt
318,,2020/05/24,null,egretia,egt
319,,2020/05/25,null,egretia,egt
320,,2020/05/26,null,egretia,egt
321,,2020/05/27,null,egretia,egt
322,,2020/05/28,null,egretia,egt
323,,2020/05/29,null,egretia,egt
324,,2020/05/30,null,egretia,egt
325,,2020/05/31,null,egretia,egt
326,,2020/06/01,null,egretia,egt
327,,2020/06/02,null,egretia,egt
328,,2020/06/03,null,egretia,egt
329,,2020/06/04,null,egretia,egt
330,,2020/06/05,null,egretia,egt
331,,2020/06/06,null,egretia,egt
332,,2020/06/07,null,egretia,egt
333,,2020/06/08,null,egretia,egt
334,,2020/06/09,2,egretia,egt
335,,2020/06/10,2,egretia,egt
336,,2020/06/11,null,egretia,egt
337,,2020/06/12,1,egretia,egt
338,,2020/06/13,null,egretia,egt
339,,2020/06/14,null,egretia,egt
340,,2020/06/15,null,egretia,egt
341,,2020/06/16,null,egretia,egt
342,,2020/06/17,null,egretia,egt
343,,2020/06/18,null,egretia,egt
344,,2020/06/19,null,egretia,egt
345,,2020/06/20,null,egretia,egt
346,,2020/06/21,null,egretia,egt
347,,2020/06/22,null,egretia,egt
348,,2020/06/23,null,egretia,egt
349,,2020/06/24,null,egretia,egt
350,,2020/06/25,null,egretia,egt
351,,2020/06/26,null,egretia,egt
352,,2020/06/27,null,egretia,egt
353,,2020/06/28,null,egretia,egt
354,,2020/06/29,null,egretia,egt
355,,2020/06/30,4,egretia,egt
356,,2020/07/01,2,egretia,egt
357,,2020/07/02,null,egretia,egt
358,,2020/07/03,null,egretia,egt
359,,2020/07/04,null,egretia,egt
360,,2020/07/05,64,egretia,egt
361,,2020/07/06,6,egretia,egt
362,,2020/07/07,2,egretia,egt
363,,2020/07/08,null,egretia,egt
364,,2020/07/09,null,egretia,egt
365,,2020/07/10,null,egretia,egt
366,,2020/07/11,null,egretia,egt
367,,2020/07/12,1,egretia,egt
368,,2020/07/13,null,egretia,egt
369,,2020/07/14,1,egretia,egt
370,,2020/07/15,null,egretia,egt
371,,2020/07/16,null,egretia,egt
372,,2020/07/17,null,egretia,egt
373,,2020/07/18,null,egretia,egt
374,,2020/07/19,null,egretia,egt
375,,2020/07/20,null,egretia,egt
376,,2020/07/21,null,egretia,egt
377,,2020/07/22,null,egretia,egt
378,,2020/07/23,null,egretia,egt
379,,2020/07/24,null,egretia,egt
380,,2020/07/25,null,egretia,egt
381,,2020/07/26,1,egretia,egt
382,,2020/07/27,2,egretia,egt
383,,2020/07/28,null,egretia,egt
384,,2020/07/29,null,egretia,egt
385,,2020/07/30,null,egretia,egt
386,,2020/07/31,null,egretia,egt
387,,2020/08/01,null,egretia,egt
388,,2020/08/02,null,egretia,egt
389,,2020/08/03,null,egretia,egt
390,,2020/08/04,null,egretia,egt
391,,2020/08/05,null,egretia,egt
392,,2020/08/06,1,egretia,egt
393,,2020/08/07,null,egretia,egt
394,,2020/08/08,null,egretia,egt
395,,2020/08/09,null,egretia,egt
396,,2020/08/10,1,egretia,egt
397,,2020/08/11,null,egretia,egt
398,,2020/08/12,null,egretia,egt
399,,2020/08/13,null,egretia,egt
400,,2020/08/14,null,egretia,egt
401,,2020/08/15,null,egretia,egt
402,,2020/08/16,null,egretia,egt
403,,2020/08/17,null,egretia,egt
404,,2020/08/18,1,egretia,egt
405,,2020/08/19,null,egretia,egt
406,,2020/08/20,null,egretia,egt
407,,2020/08/21,null,egretia,egt
408,,2020/08/22,null,egretia,egt
409,,2020/08/23,null,egretia,egt
410,,2020/08/24,null,egretia,egt
411,,2020/08/25,null,egretia,egt
412,,2020/08/26,1,egretia,egt
413,,2020/08/27,null,egretia,egt
414,,2020/08/28,null,egretia,egt
415,,2020/08/29,null,egretia,egt
416,,2020/08/30,null,egretia,egt
417,,2020/08/31,null,egretia,egt
418,,2020/09/01,null,egretia,egt
419,,2020/09/02,null,egretia,egt
420,,2020/09/03,null,egretia,egt
421,,2020/09/04,null,egretia,egt
422,,2020/09/05,null,egretia,egt
423,,2020/09/06,null,egretia,egt
424,,2020/09/07,null,egretia,egt
425,,2020/09/08,null,egretia,egt
426,,2020/09/09,null,egretia,egt
427,,2020/09/10,null,egretia,egt
428,,2020/09/11,1,egretia,egt
429,,2020/09/12,1,egretia,egt
430,,2020/09/13,null,egretia,egt
431,,2020/09/14,null,egretia,egt
432,,2020/09/15,null,egretia,egt
433,,2020/09/16,null,egretia,egt
434,,2020/09/17,null,egretia,egt
435,,2020/09/18,null,egretia,egt
436,,2020/09/19,null,egretia,egt
437,,2020/09/20,null,egretia,egt
438,,2020/09/21,null,egretia,egt
439,,2020/09/22,3,egretia,egt
440,,2020/09/23,null,egretia,egt
441,,2020/09/24,null,egretia,egt
442,,2020/09/25,null,egretia,egt
443,,2020/09/26,null,egretia,egt
444,,2020/09/27,null,egretia,egt
445,,2020/09/28,null,egretia,egt
446,,2020/09/29,null,egretia,egt
447,,2020/09/30,null,egretia,egt
448,,2020/10/01,null,egretia,egt
449,,2020/10/02,null,egretia,egt
450,,2020/10/03,null,egretia,egt
451,,2020/10/04,null,egretia,egt
452,,2020/10/05,null,egretia,egt
453,,2020/10/06,null,egretia,egt
454,,2020/10/07,null,egretia,egt
455,,2020/10/08,null,egretia,egt
456,,2020/10/09,null,egretia,egt
457,,2020/10/10,null,egretia,egt
458,,2020/10/11,1,egretia,egt
459,,2020/10/12,null,egretia,egt
460,,2020/10/13,null,egretia,egt
461,,2020/10/14,null,egretia,egt
462,,2020/10/15,1,egretia,egt
463,,2020/10/16,null,egretia,egt
464,,2020/10/17,null,egretia,egt
465,,2020/10/18,1,egretia,egt
466,,2020/10/19,null,egretia,egt
467,,2020/10/20,null,egretia,egt
468,,2020/10/21,null,egretia,egt
469,,2020/10/22,null,egretia,egt
470,,2020/10/23,null,egretia,egt
471,,2020/10/24,null,egretia,egt
472,,2020/10/25,null,egretia,egt
473,,2020/10/26,null,egretia,egt
474,,2020/10/27,null,egretia,egt
475,,2020/10/28,null,egretia,egt
476,,2020/10/29,null,egretia,egt
477,,2020/10/30,null,egretia,egt
478,,2020/10/31,null,egretia,egt
479,,2020/11/01,null,egretia,egt
480,,2020/11/02,null,egretia,egt
481,,2020/11/03,null,egretia,egt
482,,2020/11/04,null,egretia,egt
483,,2020/11/05,null,egretia,egt
484,,2020/11/06,null,egretia,egt
485,,2020/11/07,null,egretia,egt
486,,2020/11/08,null,egretia,egt
487,,2020/11/09,null,egretia,egt
488,,2020/11/10,null,egretia,egt
489,,2020/11/11,null,egretia,egt
490,,2020/11/12,null,egretia,egt
491,,2020/11/13,null,egretia,egt
492,,2020/11/14,null,egretia,egt
493,,2020/11/15,null,egretia,egt
494,,2020/11/16,null,egretia,egt
495,,2020/11/17,null,egretia,egt
496,,2020/11/18,null,egretia,egt
497,,2020/11/19,null,egretia,egt
498,,2020/11/20,null,egretia,egt
499,,2020/11/21,null,egretia,egt
500,,2020/11/22,null,egretia,egt
501,,2020/11/23,null,egretia,egt
502,,2020/11/24,null,egretia,egt
503,,2020/11/25,null,egretia,egt
504,,2020/11/26,null,egretia,egt
505,,2020/11/27,null,egretia,egt
506,,2020/11/28,1,egretia,egt
507,,2020/11/29,null,egretia,egt
508,,2020/11/30,1,egretia,egt
509,,2020/12/01,null,egretia,egt
510,,2020/12/02,1,egretia,egt
511,,2020/12/03,null,egretia,egt
512,,2020/12/04,null,egretia,egt
513,,2020/12/05,null,egretia,egt
514,,2020/12/06,null,egretia,egt
515,,2020/12/07,null,egretia,egt
516,,2020/12/08,null,egretia,egt
517,,2020/12/09,null,egretia,egt
518,,2020/12/10,null,egretia,egt
519,,2020/12/11,null,egretia,egt
520,,2020/12/12,null,egretia,egt
521,,2020/12/13,null,egretia,egt
522,,2020/12/14,null,egretia,egt
523,,2020/12/15,null,egretia,egt
524,,2020/12/16,null,egretia,egt
525,,2020/12/17,null,egretia,egt
526,,2020/12/18,null,egretia,egt
527,,2020/12/19,null,egretia,egt
528,,2020/12/20,null,egretia,egt
529,,2020/12/21,null,egretia,egt
530,,2020/12/22,null,egretia,egt
531,,2020/12/23,null,egretia,egt
532,,2020/12/24,null,egretia,egt
533,,2020/12/25,null,egretia,egt
534,,2020/12/26,null,egretia,egt
535,,2020/12/27,null,egretia,egt
536,,2020/12/28,null,egretia,egt
537,,2020/12/29,null,egretia,egt
538,,2020/12/30,null,egretia,egt
539,,2020/12/31,null,egretia,egt
540,,2021/01/01,null,egretia,egt
541,,2021/01/02,null,egretia,egt
542,,2021/01/03,null,egretia,egt
543,,2021/01/04,null,egretia,egt
544,,2021/01/05,null,egretia,egt
545,,2021/01/06,null,egretia,egt
546,,2021/01/07,null,egretia,egt
547,,2021/01/08,null,egretia,egt
548,,2021/01/09,null,egretia,egt
549,,2021/01/10,null,egretia,egt
550,,2021/01/11,null,egretia,egt
551,,2021/01/12,null,egretia,egt
552,,2021/01/13,null,egretia,egt
553,,2021/01/14,null,egretia,egt
554,,2021/01/15,null,egretia,egt
555,,2021/01/16,null,egretia,egt
556,,2021/01/17,null,egretia,egt
557,,2021/01/18,null,egretia,egt
558,,2021/01/19,null,egretia,egt
559,,2021/01/20,null,egretia,egt
560,,2021/01/21,1,egretia,egt
561,,2021/01/22,null,egretia,egt
562,,2021/01/23,null,egretia,egt
563,,2021/01/24,null,egretia,egt
564,,2021/01/25,null,egretia,egt
565,,2021/01/26,null,egretia,egt
566,,2021/01/27,null,egretia,egt
567,,2021/01/28,2,egretia,egt
568,,2021/01/29,null,egretia,egt
569,,2021/01/30,null,egretia,egt
570,,2021/01/31,null,egretia,egt
571,,2021/02/01,null,egretia,egt
572,,2021/02/02,null,egretia,egt
573,,2021/02/03,null,egretia,egt
574,,2021/02/04,null,egretia,egt
575,,2021/02/05,null,egretia,egt
576,,2021/02/06,null,egretia,egt
577,,2021/02/07,null,egretia,egt
578,,2021/02/08,null,egretia,egt
579,,2021/02/09,1,egretia,egt
580,,2021/02/10,null,egretia,egt
581,,2021/02/11,null,egretia,egt
582,,2021/02/12,null,egretia,egt
583,,2021/02/13,null,egretia,egt
584,,2021/02/14,10,egretia,egt
585,,2021/02/15,8,egretia,egt
586,,2021/02/16,null,egretia,egt
587,,2021/02/17,1,egretia,egt
588,,2021/02/18,2,egretia,egt
589,,2021/02/19,3,egretia,egt
590,,2021/02/20,1,egretia,egt
591,,2021/02/21,null,egretia,egt
592,,2021/02/22,1,egretia,egt
593,,2021/02/23,null,egretia,egt
594,,2021/02/24,null,egretia,egt
595,,2021/02/25,null,egretia,egt
596,,2021/02/26,null,egretia,egt
597,,2021/02/27,null,egretia,egt
598,,2021/02/28,null,egretia,egt
599,,2021/03/01,null,egretia,egt
600,,2021/03/02,null,egretia,egt
601,,2021/03/03,null,egretia,egt
602,,2021/03/04,null,egretia,egt
603,,2021/03/05,null,egretia,egt
604,,2021/03/06,17,egretia,egt
605,,2021/03/07,null,egretia,egt
606,,2021/03/08,null,egretia,egt
607,,2021/03/09,1,egretia,egt
608,,2021/03/10,3,egretia,egt
609,,2021/03/11,2,egretia,egt
610,,2021/03/12,null,egretia,egt
611,,2021/03/13,null,egretia,egt
612,,2021/03/14,null,egretia,egt
613,,2021/03/15,null,egretia,egt
614,,2021/03/16,null,egretia,egt
615,,2021/03/17,null,egretia,egt
616,,2021/03/18,null,egretia,egt
617,,2021/03/19,null,egretia,egt
618,,2021/03/20,null,egretia,egt
619,,2021/03/21,null,egretia,egt
620,,2021/03/22,null,egretia,egt
621,,2021/03/23,null,egretia,egt
622,,2021/03/24,null,egretia,egt
623,,2021/03/25,null,egretia,egt
624,,2021/03/26,2,egretia,egt
625,,2021/03/27,null,egretia,egt
626,,2021/03/28,null,egretia,egt
627,,2021/03/29,null,egretia,egt
628,,2021/03/30,null,egretia,egt
629,,2021/03/31,null,egretia,egt
630,,2021/04/01,null,egretia,egt
631,,2021/04/02,null,egretia,egt
632,,2021/04/03,null,egretia,egt
633,,2021/04/04,null,egretia,egt
634,,2021/04/05,null,egretia,egt
635,,2021/04/06,null,egretia,egt
636,,2021/04/07,null,egretia,egt
637,,2021/04/08,null,egretia,egt
638,,2021/04/09,2,egretia,egt
639,,2021/04/10,null,egretia,egt
640,,2021/04/11,null,egretia,egt
641,,2021/04/12,null,egretia,egt
642,,2021/04/13,1,egretia,egt
643,,2021/04/14,null,egretia,egt
644,,2021/04/15,1,egretia,egt
645,,2021/04/16,2,egretia,egt
646,,2021/04/17,3,egretia,egt
647,,2021/04/18,2,egretia,egt
648,,2021/04/19,2,egretia,egt
649,,2021/04/20,3,egretia,egt
650,,2021/04/21,null,egretia,egt
651,,2021/04/22,null,egretia,egt
652,,2021/04/23,null,egretia,egt
653,,2021/04/24,null,egretia,egt
654,,2021/04/25,null,egretia,egt
655,,2021/04/26,null,egretia,egt
656,,2021/04/27,null,egretia,egt
657,,2021/04/28,null,egretia,egt
658,,2021/04/29,2,egretia,egt
659,,2021/04/30,null,egretia,egt
660,,2021/05/01,null,egretia,egt
661,,2021/05/02,null,egretia,egt
662,,2021/05/03,null,egretia,egt
663,,2021/05/04,null,egretia,egt
664,,2021/05/05,null,egretia,egt
665,,2021/05/06,null,egretia,egt
666,,2021/05/07,1,egretia,egt
667,,2021/05/08,3,egretia,egt
668,,2021/05/09,1,egretia,egt
669,,2021/05/10,null,egretia,egt
670,,2021/05/11,null,egretia,egt
671,,2021/05/12,1,egretia,egt
672,,2021/05/13,1,egretia,egt
673,,2021/05/14,null,egretia,egt
674,,2021/05/15,null,egretia,egt
675,,2021/05/16,null,egretia,egt
676,,2021/05/17,null,egretia,egt
677,,2021/05/18,2,egretia,egt
678,,2021/05/19,1,egretia,egt
679,,2021/05/20,1,egretia,egt
680,,2021/05/21,null,egretia,egt
681,,2021/05/22,null,egretia,egt
682,,2021/05/23,null,egretia,egt
683,,2021/05/24,null,egretia,egt
684,,2021/05/25,null,egretia,egt
685,,2021/05/26,null,egretia,egt
686,,2021/05/27,null,egretia,egt
687,,2021/05/28,null,egretia,egt
688,,2021/05/29,null,egretia,egt
689,,2021/05/30,null,egretia,egt
690,,2021/05/31,null,egretia,egt
691,,2021/06/01,null,egretia,egt
692,,2021/06/02,null,egretia,egt
693,,2021/06/03,null,egretia,egt
694,,2021/06/04,null,egretia,egt
695,,2021/06/05,null,egretia,egt
696,,2021/06/06,null,egretia,egt
697,,2021/06/07,null,egretia,egt
698,,2021/06/08,null,egretia,egt
699,,2021/06/09,null,egretia,egt
700,,2021/06/10,null,egretia,egt
701,,2021/06/11,null,egretia,egt
702,,2021/06/12,null,egretia,egt
703,,2021/06/13,null,egretia,egt
704,,2021/06/14,null,egretia,egt
705,,2021/06/15,null,egretia,egt
706,,2021/06/16,null,egretia,egt
707,,2021/06/17,null,egretia,egt
708,,2021/06/18,null,egretia,egt
709,,2021/06/19,null,egretia,egt
710,,2021/06/20,null,egretia,egt
711,,2021/06/21,null,egretia,egt
712,,2021/06/22,null,egretia,egt
713,,2021/06/23,null,egretia,egt
714,,2021/06/24,null,egretia,egt
715,,2021/06/25,null,egretia,egt
716,,2021/06/26,null,egretia,egt
717,,2021/06/27,null,egretia,egt
718,,2021/06/28,null,egretia,egt
719,,2021/06/29,null,egretia,egt
720,,2021/06/30,null,egretia,egt
721,,2021/07/01,null,egretia,egt
722,,2021/07/02,null,egretia,egt
723,,2021/07/03,null,egretia,egt
724,,2021/07/04,null,egretia,egt
725,,2021/07/05,null,egretia,egt
726,,2021/07/06,null,egretia,egt
727,,2021/07/07,null,egretia,egt
728,,2021/07/08,null,egretia,egt
729,,2021/07/09,null,egretia,egt
730,,2021/07/10,null,egretia,egt
731,,2021/07/11,null,egretia,egt
732,,2021/07/12,null,egretia,egt
733,,2021/07/13,null,egretia,egt
734,,2021/07/14,null,egretia,egt
735,,2021/07/15,null,egretia,egt
736,,2021/07/16,null,egretia,egt
737,,2021/07/17,null,egretia,egt
738,,2021/07/18,null,egretia,egt
739,,2021/07/19,null,egretia,egt
740,,2021/07/20,null,egretia,egt
741,,2021/07/21,null,egretia,egt
742,,2021/07/22,null,egretia,egt
743,,2021/07/23,null,egretia,egt
744,,2021/07/24,null,egretia,egt
745,,2021/07/25,null,egretia,egt
746,,2021/07/26,null,egretia,egt
747,,2021/07/27,null,egretia,egt
748,,2021/07/28,null,egretia,egt
749,,2021/07/29,null,egretia,egt
750,,2021/07/30,null,egretia,egt
751,,2021/07/31,null,egretia,egt
752,,2021/08/01,null,egretia,egt
753,,2021/08/02,null,egretia,egt
754,,2021/08/03,null,egretia,egt
755,,2021/08/04,null,egretia,egt
756,,2021/08/05,null,egretia,egt
757,,2021/08/06,null,egretia,egt
758,,2021/08/07,null,egretia,egt
759,,2021/08/08,1,egretia,egt
