,google_trends,date,tweets,full_name,coin
0,,2018/12/07,27,elastos,ela
1,,2018/12/08,31,elastos,ela
2,,2018/12/09,61,elastos,ela
3,,2018/12/10,77,elastos,ela
4,,2018/12/11,31,elastos,ela
5,,2018/12/12,52,elastos,ela
6,,2018/12/13,40,elastos,ela
7,,2018/12/14,43,elastos,ela
8,,2018/12/15,32,elastos,ela
9,,2018/12/16,33,elastos,ela
10,,2018/12/17,58,elastos,ela
11,,2018/12/18,53,elastos,ela
12,,2018/12/19,31,elastos,ela
13,,2018/12/20,20,elastos,ela
14,,2018/12/21,19,elastos,ela
15,,2018/12/22,24,elastos,ela
16,,2018/12/23,30,elastos,ela
17,,2018/12/24,25,elastos,ela
18,,2018/12/25,21,elastos,ela
19,,2018/12/26,55,elastos,ela
20,,2018/12/27,23,elastos,ela
21,,2018/12/28,24,elastos,ela
22,,2018/12/29,34,elastos,ela
23,,2018/12/30,12,elastos,ela
24,,2018/12/31,10,elastos,ela
25,,2019/01/01,19,elastos,ela
26,,2019/01/02,26,elastos,ela
27,,2019/01/03,59,elastos,ela
28,,2019/01/04,76,elastos,ela
29,,2019/01/05,32,elastos,ela
30,,2019/01/06,30,elastos,ela
31,,2019/01/07,9,elastos,ela
32,,2019/01/08,34,elastos,ela
33,,2019/01/09,32,elastos,ela
34,,2019/01/10,13,elastos,ela
35,,2019/01/11,83,elastos,ela
36,,2019/01/12,33,elastos,ela
37,,2019/01/13,19,elastos,ela
38,,2019/01/14,20,elastos,ela
39,,2019/01/15,15,elastos,ela
40,,2019/01/16,21,elastos,ela
41,,2019/01/17,32,elastos,ela
42,,2019/01/18,57,elastos,ela
43,,2019/01/19,30,elastos,ela
44,,2019/01/20,4,elastos,ela
45,,2019/01/21,7,elastos,ela
46,,2019/01/22,23,elastos,ela
47,,2019/01/23,24,elastos,ela
48,,2019/01/24,6,elastos,ela
49,,2019/01/25,8,elastos,ela
50,,2019/01/26,26,elastos,ela
51,,2019/01/27,34,elastos,ela
52,,2019/01/28,23,elastos,ela
53,,2019/01/29,133,elastos,ela
54,,2019/01/30,27,elastos,ela
55,,2019/01/31,41,elastos,ela
56,,2019/02/01,35,elastos,ela
57,,2019/02/02,5,elastos,ela
58,,2019/02/03,5,elastos,ela
59,,2019/02/04,21,elastos,ela
60,,2019/02/05,17,elastos,ela
61,,2019/02/06,22,elastos,ela
62,,2019/02/07,4,elastos,ela
63,,2019/02/08,6,elastos,ela
64,,2019/02/09,9,elastos,ela
65,,2019/02/10,37,elastos,ela
66,,2019/02/11,40,elastos,ela
67,,2019/02/12,52,elastos,ela
68,,2019/02/13,39,elastos,ela
69,,2019/02/14,10,elastos,ela
70,,2019/02/15,13,elastos,ela
71,,2019/02/16,15,elastos,ela
72,,2019/02/17,7,elastos,ela
73,,2019/02/18,28,elastos,ela
74,,2019/02/19,21,elastos,ela
75,,2019/02/20,5,elastos,ela
76,,2019/02/21,11,elastos,ela
77,,2019/02/22,3,elastos,ela
78,,2019/02/23,43,elastos,ela
79,,2019/02/24,14,elastos,ela
80,,2019/02/25,15,elastos,ela
81,,2019/02/26,5,elastos,ela
82,,2019/02/27,13,elastos,ela
83,,2019/02/28,34,elastos,ela
84,,2019/03/01,12,elastos,ela
85,,2019/03/02,5,elastos,ela
86,,2019/03/03,11,elastos,ela
87,,2019/03/04,17,elastos,ela
88,,2019/03/05,49,elastos,ela
89,,2019/03/06,28,elastos,ela
90,,2019/03/07,23,elastos,ela
91,,2019/03/08,13,elastos,ela
92,,2019/03/09,22,elastos,ela
93,,2019/03/10,10,elastos,ela
94,,2019/03/11,10,elastos,ela
95,,2019/03/12,49,elastos,ela
96,,2019/03/13,25,elastos,ela
97,,2019/03/14,5,elastos,ela
98,,2019/03/15,4,elastos,ela
99,,2019/03/16,39,elastos,ela
100,,2019/03/17,15,elastos,ela
101,,2019/03/18,16,elastos,ela
102,,2019/03/19,85,elastos,ela
103,,2019/03/20,28,elastos,ela
104,,2019/03/21,11,elastos,ela
105,,2019/03/22,21,elastos,ela
106,,2019/03/23,9,elastos,ela
107,,2019/03/24,14,elastos,ela
108,,2019/03/25,46,elastos,ela
109,,2019/03/26,49,elastos,ela
110,,2019/03/27,18,elastos,ela
111,,2019/03/28,25,elastos,ela
112,,2019/03/29,41,elastos,ela
113,,2019/03/30,18,elastos,ela
114,,2019/03/31,64,elastos,ela
115,,2019/04/01,29,elastos,ela
116,,2019/04/02,44,elastos,ela
117,,2019/04/03,55,elastos,ela
118,,2019/04/04,52,elastos,ela
119,,2019/04/05,34,elastos,ela
120,,2019/04/06,17,elastos,ela
121,,2019/04/07,42,elastos,ela
122,,2019/04/08,137,elastos,ela
123,,2019/04/09,85,elastos,ela
124,,2019/04/10,26,elastos,ela
125,,2019/04/11,27,elastos,ela
126,,2019/04/12,37,elastos,ela
127,,2019/04/13,48,elastos,ela
128,,2019/04/14,34,elastos,ela
129,,2019/04/15,87,elastos,ela
130,,2019/04/16,62,elastos,ela
131,,2019/04/17,48,elastos,ela
132,,2019/04/18,71,elastos,ela
133,,2019/04/19,57,elastos,ela
134,,2019/04/20,105,elastos,ela
135,,2019/04/21,59,elastos,ela
136,,2019/04/22,72,elastos,ela
137,,2019/04/23,56,elastos,ela
138,,2019/04/24,42,elastos,ela
139,,2019/04/25,34,elastos,ela
140,,2019/04/26,9,elastos,ela
141,,2019/04/27,17,elastos,ela
142,,2019/04/28,44,elastos,ela
143,,2019/04/29,51,elastos,ela
144,,2019/04/30,90,elastos,ela
145,,2019/05/01,69,elastos,ela
146,,2019/05/02,51,elastos,ela
147,,2019/05/03,70,elastos,ela
148,,2019/05/04,36,elastos,ela
149,,2019/05/05,21,elastos,ela
150,,2019/05/06,35,elastos,ela
151,,2019/05/07,46,elastos,ela
152,,2019/05/08,13,elastos,ela
153,,2019/05/09,56,elastos,ela
154,,2019/05/10,31,elastos,ela
155,,2019/05/11,26,elastos,ela
156,,2019/05/12,6,elastos,ela
157,,2019/05/13,12,elastos,ela
158,,2019/05/14,89,elastos,ela
159,,2019/05/15,135,elastos,ela
160,,2019/05/16,86,elastos,ela
161,,2019/05/17,83,elastos,ela
162,,2019/05/18,61,elastos,ela
163,,2019/05/19,40,elastos,ela
164,,2019/05/20,102,elastos,ela
165,,2019/05/21,87,elastos,ela
166,,2019/05/22,76,elastos,ela
167,,2019/05/23,76,elastos,ela
168,,2019/05/24,52,elastos,ela
169,,2019/05/25,58,elastos,ela
170,,2019/05/26,23,elastos,ela
171,,2019/05/27,113,elastos,ela
172,,2019/05/28,64,elastos,ela
173,,2019/05/29,39,elastos,ela
174,,2019/05/30,30,elastos,ela
175,,2019/05/31,40,elastos,ela
176,,2019/06/01,22,elastos,ela
177,,2019/06/02,17,elastos,ela
178,,2019/06/03,50,elastos,ela
179,,2019/06/04,48,elastos,ela
180,,2019/06/05,48,elastos,ela
181,,2019/06/06,43,elastos,ela
182,,2019/06/07,34,elastos,ela
183,,2019/06/08,66,elastos,ela
184,,2019/06/09,30,elastos,ela
185,,2019/06/10,60,elastos,ela
186,,2019/06/11,43,elastos,ela
187,,2019/06/12,77,elastos,ela
188,,2019/06/13,125,elastos,ela
189,,2019/06/14,29,elastos,ela
190,,2019/06/15,54,elastos,ela
191,,2019/06/16,65,elastos,ela
192,,2019/06/17,108,elastos,ela
193,,2019/06/18,60,elastos,ela
194,,2019/06/19,85,elastos,ela
195,,2019/06/20,34,elastos,ela
196,,2019/06/21,46,elastos,ela
197,,2019/06/22,37,elastos,ela
198,,2019/06/23,80,elastos,ela
199,,2019/06/24,65,elastos,ela
200,,2019/06/25,111,elastos,ela
201,,2019/06/26,163,elastos,ela
202,,2019/06/27,61,elastos,ela
203,,2019/06/28,102,elastos,ela
204,,2019/06/29,102,elastos,ela
205,,2019/06/30,59,elastos,ela
206,,2019/07/01,58,elastos,ela
207,,2019/07/02,79,elastos,ela
208,,2019/07/03,32,elastos,ela
209,,2019/07/04,25,elastos,ela
210,,2019/07/05,50,elastos,ela
211,,2019/07/06,31,elastos,ela
212,,2019/07/07,64,elastos,ela
213,,2019/07/08,84,elastos,ela
214,,2019/07/09,34,elastos,ela
215,,2019/07/10,27,elastos,ela
216,,2019/07/11,25,elastos,ela
217,,2019/07/12,21,elastos,ela
218,,2019/07/13,39,elastos,ela
219,,2019/07/14,19,elastos,ela
220,,2019/07/15,29,elastos,ela
221,,2019/07/16,125,elastos,ela
222,,2019/07/17,107,elastos,ela
223,,2019/07/18,90,elastos,ela
224,,2019/07/19,83,elastos,ela
225,,2019/07/20,209,elastos,ela
226,,2019/07/21,124,elastos,ela
227,,2019/07/22,59,elastos,ela
228,,2019/07/23,59,elastos,ela
229,,2019/07/24,127,elastos,ela
230,,2019/07/25,127,elastos,ela
231,,2019/07/26,115,elastos,ela
232,,2019/07/27,87,elastos,ela
233,,2019/07/28,163,elastos,ela
234,,2019/07/29,173,elastos,ela
235,,2019/07/30,92,elastos,ela
236,,2019/07/31,302,elastos,ela
237,,2019/08/01,130,elastos,ela
238,,2019/08/02,20,elastos,ela
239,,2019/08/03,131,elastos,ela
240,,2019/08/04,95,elastos,ela
241,,2019/08/05,144,elastos,ela
242,,2019/08/06,101,elastos,ela
243,,2019/08/07,103,elastos,ela
244,,2019/08/08,46,elastos,ela
245,,2019/08/09,42,elastos,ela
246,,2019/08/10,26,elastos,ela
247,,2019/08/11,26,elastos,ela
248,,2019/08/12,48,elastos,ela
249,,2019/08/13,36,elastos,ela
250,,2019/08/14,59,elastos,ela
251,,2019/08/15,87,elastos,ela
252,,2019/08/16,62,elastos,ela
253,,2019/08/17,42,elastos,ela
254,,2019/08/18,12,elastos,ela
255,,2019/08/19,84,elastos,ela
256,,2019/08/20,98,elastos,ela
257,,2019/08/21,55,elastos,ela
258,,2019/08/22,37,elastos,ela
259,,2019/08/23,51,elastos,ela
260,,2019/08/24,16,elastos,ela
261,,2019/08/25,47,elastos,ela
262,,2019/08/26,99,elastos,ela
263,,2019/08/27,66,elastos,ela
264,,2019/08/28,48,elastos,ela
265,,2019/08/29,19,elastos,ela
266,,2019/08/30,36,elastos,ela
267,,2019/08/31,26,elastos,ela
268,,2019/09/01,32,elastos,ela
269,,2019/09/02,34,elastos,ela
270,,2019/09/03,20,elastos,ela
271,,2019/09/04,46,elastos,ela
272,,2019/09/05,23,elastos,ela
273,,2019/09/06,15,elastos,ela
274,,2019/09/07,16,elastos,ela
275,,2019/09/08,15,elastos,ela
276,,2019/09/09,47,elastos,ela
277,,2019/09/10,64,elastos,ela
278,,2019/09/11,58,elastos,ela
279,,2019/09/12,27,elastos,ela
280,,2019/09/13,27,elastos,ela
281,,2019/09/14,41,elastos,ela
282,,2019/09/15,9,elastos,ela
283,,2019/09/16,25,elastos,ela
284,,2019/09/17,31,elastos,ela
285,,2019/09/18,53,elastos,ela
286,,2019/09/19,66,elastos,ela
287,,2019/09/20,47,elastos,ela
288,,2019/09/21,18,elastos,ela
289,,2019/09/22,16,elastos,ela
290,,2019/09/23,49,elastos,ela
291,,2019/09/24,14,elastos,ela
292,,2019/09/25,12,elastos,ela
293,,2019/09/26,11,elastos,ela
294,,2019/09/27,56,elastos,ela
295,,2019/09/28,40,elastos,ela
296,,2019/09/29,9,elastos,ela
297,,2019/09/30,60,elastos,ela
298,,2019/10/01,29,elastos,ela
299,,2019/10/02,19,elastos,ela
300,,2019/10/03,27,elastos,ela
301,,2019/10/04,36,elastos,ela
302,,2019/10/05,39,elastos,ela
303,,2019/10/06,17,elastos,ela
304,,2019/10/07,22,elastos,ela
305,,2019/10/08,28,elastos,ela
306,,2019/10/09,54,elastos,ela
307,,2019/10/10,28,elastos,ela
308,,2019/10/11,9,elastos,ela
309,,2019/10/12,16,elastos,ela
310,,2019/10/13,27,elastos,ela
311,,2019/10/14,30,elastos,ela
312,,2019/10/15,9,elastos,ela
313,,2019/10/16,23,elastos,ela
314,,2019/10/17,46,elastos,ela
315,,2019/10/18,13,elastos,ela
316,,2019/10/19,12,elastos,ela
317,,2019/10/20,13,elastos,ela
318,,2019/10/21,13,elastos,ela
319,,2019/10/22,45,elastos,ela
320,,2019/10/23,31,elastos,ela
321,,2019/10/24,42,elastos,ela
322,,2019/10/25,42,elastos,ela
323,,2019/10/26,22,elastos,ela
324,,2019/10/27,24,elastos,ela
325,,2019/10/28,72,elastos,ela
326,,2019/10/29,30,elastos,ela
327,,2019/10/30,15,elastos,ela
328,,2019/10/31,33,elastos,ela
329,,2019/11/01,20,elastos,ela
330,,2019/11/02,27,elastos,ela
331,,2019/11/03,19,elastos,ela
332,,2019/11/04,17,elastos,ela
333,,2019/11/05,25,elastos,ela
334,,2019/11/06,21,elastos,ela
335,,2019/11/07,12,elastos,ela
336,,2019/11/08,38,elastos,ela
337,,2019/11/09,28,elastos,ela
338,,2019/11/10,61,elastos,ela
339,,2019/11/11,40,elastos,ela
340,,2019/11/12,77,elastos,ela
341,,2019/11/13,63,elastos,ela
342,,2019/11/14,17,elastos,ela
343,,2019/11/15,39,elastos,ela
344,,2019/11/16,58,elastos,ela
345,,2019/11/17,5,elastos,ela
346,,2019/11/18,20,elastos,ela
347,,2019/11/19,32,elastos,ela
348,,2019/11/20,24,elastos,ela
349,,2019/11/21,17,elastos,ela
350,,2019/11/22,8,elastos,ela
351,,2019/11/23,40,elastos,ela
352,,2019/11/24,32,elastos,ela
353,,2019/11/25,47,elastos,ela
354,,2019/11/26,48,elastos,ela
355,,2019/11/27,51,elastos,ela
356,,2019/11/28,35,elastos,ela
357,,2019/11/29,40,elastos,ela
358,,2019/11/30,5,elastos,ela
359,,2019/12/01,4,elastos,ela
360,,2019/12/02,5,elastos,ela
361,,2019/12/03,4,elastos,ela
362,,2019/12/04,36,elastos,ela
363,,2019/12/05,14,elastos,ela
364,,2019/12/06,6,elastos,ela
365,,2019/12/07,5,elastos,ela
366,,2019/12/08,null,elastos,ela
367,,2019/12/09,null,elastos,ela
368,,2019/12/10,4,elastos,ela
369,,2019/12/11,14,elastos,ela
370,,2019/12/12,9,elastos,ela
371,,2019/12/13,15,elastos,ela
372,,2019/12/14,2,elastos,ela
373,,2019/12/15,null,elastos,ela
374,,2019/12/16,null,elastos,ela
375,,2019/12/17,1,elastos,ela
376,,2019/12/18,7,elastos,ela
377,,2019/12/19,12,elastos,ela
378,,2019/12/20,8,elastos,ela
379,,2019/12/21,2,elastos,ela
380,,2019/12/22,21,elastos,ela
381,,2019/12/23,25,elastos,ela
382,,2019/12/24,13,elastos,ela
383,,2019/12/25,12,elastos,ela
384,,2019/12/26,23,elastos,ela
385,,2019/12/27,8,elastos,ela
386,,2019/12/28,15,elastos,ela
387,,2019/12/29,17,elastos,ela
388,,2019/12/30,22,elastos,ela
389,,2019/12/31,32,elastos,ela
390,,2020/01/01,36,elastos,ela
391,,2020/01/02,35,elastos,ela
392,,2020/01/03,188,elastos,ela
393,,2020/01/04,133,elastos,ela
394,,2020/01/05,79,elastos,ela
395,,2020/01/06,28,elastos,ela
396,,2020/01/07,33,elastos,ela
397,,2020/01/08,53,elastos,ela
398,,2020/01/09,64,elastos,ela
399,,2020/01/10,41,elastos,ela
400,,2020/01/11,26,elastos,ela
401,,2020/01/12,20,elastos,ela
402,,2020/01/13,10,elastos,ela
403,,2020/01/14,31,elastos,ela
404,,2020/01/15,46,elastos,ela
405,,2020/01/16,9,elastos,ela
406,,2020/01/17,20,elastos,ela
407,,2020/01/18,20,elastos,ela
408,,2020/01/19,18,elastos,ela
409,,2020/01/20,8,elastos,ela
410,,2020/01/21,36,elastos,ela
411,,2020/01/22,25,elastos,ela
412,,2020/01/23,61,elastos,ela
413,,2020/01/24,30,elastos,ela
414,,2020/01/25,43,elastos,ela
415,,2020/01/26,36,elastos,ela
416,,2020/01/27,30,elastos,ela
417,,2020/01/28,27,elastos,ela
418,,2020/01/29,27,elastos,ela
419,,2020/01/30,9,elastos,ela
420,,2020/01/31,32,elastos,ela
421,,2020/02/01,28,elastos,ela
422,,2020/02/02,18,elastos,ela
423,,2020/02/03,47,elastos,ela
424,,2020/02/04,66,elastos,ela
425,,2020/02/05,80,elastos,ela
426,,2020/02/06,35,elastos,ela
427,,2020/02/07,67,elastos,ela
428,,2020/02/08,50,elastos,ela
429,,2020/02/09,74,elastos,ela
430,,2020/02/10,32,elastos,ela
431,,2020/02/11,38,elastos,ela
432,,2020/02/12,57,elastos,ela
433,,2020/02/13,99,elastos,ela
434,,2020/02/14,58,elastos,ela
435,,2020/02/15,38,elastos,ela
436,,2020/02/16,13,elastos,ela
437,,2020/02/17,32,elastos,ela
438,,2020/02/18,44,elastos,ela
439,,2020/02/19,37,elastos,ela
440,,2020/02/20,34,elastos,ela
441,,2020/02/21,34,elastos,ela
442,,2020/02/22,36,elastos,ela
443,,2020/02/23,39,elastos,ela
444,,2020/02/24,32,elastos,ela
445,,2020/02/25,19,elastos,ela
446,,2020/02/26,16,elastos,ela
447,,2020/02/27,9,elastos,ela
448,,2020/02/28,13,elastos,ela
449,,2020/02/29,16,elastos,ela
450,,2020/03/01,15,elastos,ela
451,,2020/03/02,24,elastos,ela
452,,2020/03/03,35,elastos,ela
453,,2020/03/04,52,elastos,ela
454,,2020/03/05,16,elastos,ela
455,,2020/03/06,20,elastos,ela
456,,2020/03/07,28,elastos,ela
457,,2020/03/08,9,elastos,ela
458,,2020/03/09,11,elastos,ela
459,,2020/03/10,3,elastos,ela
460,,2020/03/11,11,elastos,ela
461,,2020/03/12,2,elastos,ela
462,,2020/03/13,14,elastos,ela
463,,2020/03/14,4,elastos,ela
464,,2020/03/15,9,elastos,ela
465,,2020/03/16,10,elastos,ela
466,,2020/03/17,18,elastos,ela
467,,2020/03/18,25,elastos,ela
468,,2020/03/19,27,elastos,ela
469,,2020/03/20,12,elastos,ela
470,,2020/03/21,5,elastos,ela
471,,2020/03/22,22,elastos,ela
472,,2020/03/23,11,elastos,ela
473,,2020/03/24,6,elastos,ela
474,,2020/03/25,15,elastos,ela
475,,2020/03/26,28,elastos,ela
476,,2020/03/27,18,elastos,ela
477,,2020/03/28,19,elastos,ela
478,,2020/03/29,15,elastos,ela
479,,2020/03/30,10,elastos,ela
480,,2020/03/31,18,elastos,ela
481,,2020/04/01,16,elastos,ela
482,,2020/04/02,19,elastos,ela
483,,2020/04/03,22,elastos,ela
484,,2020/04/04,13,elastos,ela
485,,2020/04/05,7,elastos,ela
486,,2020/04/06,11,elastos,ela
487,,2020/04/07,15,elastos,ela
488,,2020/04/08,4,elastos,ela
489,,2020/04/09,18,elastos,ela
490,,2020/04/10,7,elastos,ela
491,,2020/04/11,10,elastos,ela
492,,2020/04/12,7,elastos,ela
493,,2020/04/13,3,elastos,ela
494,,2020/04/14,19,elastos,ela
495,,2020/04/15,12,elastos,ela
496,,2020/04/16,17,elastos,ela
497,,2020/04/17,5,elastos,ela
498,,2020/04/18,9,elastos,ela
499,,2020/04/19,9,elastos,ela
500,,2020/04/20,38,elastos,ela
501,,2020/04/21,70,elastos,ela
502,,2020/04/22,40,elastos,ela
503,,2020/04/23,21,elastos,ela
504,,2020/04/24,56,elastos,ela
505,,2020/04/25,68,elastos,ela
506,,2020/04/26,48,elastos,ela
507,,2020/04/27,33,elastos,ela
508,,2020/04/28,34,elastos,ela
509,,2020/04/29,47,elastos,ela
510,,2020/04/30,32,elastos,ela
511,,2020/05/01,5,elastos,ela
512,,2020/05/02,11,elastos,ela
513,,2020/05/03,24,elastos,ela
514,,2020/05/04,38,elastos,ela
515,,2020/05/05,38,elastos,ela
516,,2020/05/06,79,elastos,ela
517,,2020/05/07,46,elastos,ela
518,,2020/05/08,83,elastos,ela
519,,2020/05/09,25,elastos,ela
520,,2020/05/10,7,elastos,ela
521,,2020/05/11,13,elastos,ela
522,,2020/05/12,43,elastos,ela
523,,2020/05/13,34,elastos,ela
524,,2020/05/14,43,elastos,ela
525,,2020/05/15,47,elastos,ela
526,,2020/05/16,14,elastos,ela
527,,2020/05/17,7,elastos,ela
528,,2020/05/18,16,elastos,ela
529,,2020/05/19,18,elastos,ela
530,,2020/05/20,28,elastos,ela
531,,2020/05/21,41,elastos,ela
532,,2020/05/22,28,elastos,ela
533,,2020/05/23,20,elastos,ela
534,,2020/05/24,29,elastos,ela
535,,2020/05/25,35,elastos,ela
536,,2020/05/26,67,elastos,ela
537,,2020/05/27,53,elastos,ela
538,,2020/05/28,19,elastos,ela
539,,2020/05/29,19,elastos,ela
540,,2020/05/30,11,elastos,ela
541,,2020/05/31,1,elastos,ela
542,,2020/06/01,17,elastos,ela
543,,2020/06/02,43,elastos,ela
544,,2020/06/03,22,elastos,ela
545,,2020/06/04,56,elastos,ela
546,,2020/06/05,77,elastos,ela
547,,2020/06/06,24,elastos,ela
548,,2020/06/07,41,elastos,ela
549,,2020/06/08,24,elastos,ela
550,,2020/06/09,76,elastos,ela
551,,2020/06/10,64,elastos,ela
552,,2020/06/11,111,elastos,ela
553,,2020/06/12,89,elastos,ela
554,,2020/06/13,55,elastos,ela
555,,2020/06/14,66,elastos,ela
556,,2020/06/15,53,elastos,ela
557,,2020/06/16,68,elastos,ela
558,,2020/06/17,32,elastos,ela
559,,2020/06/18,34,elastos,ela
560,,2020/06/19,86,elastos,ela
561,,2020/06/20,24,elastos,ela
562,,2020/06/21,13,elastos,ela
563,,2020/06/22,26,elastos,ela
564,,2020/06/23,26,elastos,ela
565,,2020/06/24,33,elastos,ela
566,,2020/06/25,43,elastos,ela
567,,2020/06/26,29,elastos,ela
568,,2020/06/27,8,elastos,ela
569,,2020/06/28,22,elastos,ela
570,,2020/06/29,32,elastos,ela
571,,2020/06/30,6,elastos,ela
572,,2020/07/01,14,elastos,ela
573,,2020/07/02,10,elastos,ela
574,,2020/07/03,54,elastos,ela
575,,2020/07/04,30,elastos,ela
576,,2020/07/05,21,elastos,ela
577,,2020/07/06,29,elastos,ela
578,,2020/07/07,35,elastos,ela
579,,2020/07/08,47,elastos,ela
580,,2020/07/09,26,elastos,ela
581,,2020/07/10,142,elastos,ela
582,,2020/07/11,110,elastos,ela
583,,2020/07/12,65,elastos,ela
584,,2020/07/13,65,elastos,ela
585,,2020/07/14,62,elastos,ela
586,,2020/07/15,30,elastos,ela
587,,2020/07/16,79,elastos,ela
588,,2020/07/17,107,elastos,ela
589,,2020/07/18,null,elastos,ela
590,,2020/07/19,59,elastos,ela
591,,2020/07/20,52,elastos,ela
592,,2020/07/21,60,elastos,ela
593,,2020/07/22,132,elastos,ela
594,,2020/07/23,109,elastos,ela
595,,2020/07/24,329,elastos,ela
596,,2020/07/25,377,elastos,ela
597,,2020/07/26,193,elastos,ela
598,,2020/07/27,99,elastos,ela
599,,2020/07/28,105,elastos,ela
600,,2020/07/29,139,elastos,ela
601,,2020/07/30,116,elastos,ela
602,,2020/07/31,78,elastos,ela
603,,2020/08/01,28,elastos,ela
604,,2020/08/02,15,elastos,ela
605,,2020/08/03,53,elastos,ela
606,,2020/08/04,40,elastos,ela
607,,2020/08/05,44,elastos,ela
608,,2020/08/06,21,elastos,ela
609,,2020/08/07,29,elastos,ela
610,,2020/08/08,43,elastos,ela
611,,2020/08/09,12,elastos,ela
612,,2020/08/10,129,elastos,ela
613,,2020/08/11,65,elastos,ela
614,,2020/08/12,78,elastos,ela
615,,2020/08/13,136,elastos,ela
616,,2020/08/14,76,elastos,ela
617,,2020/08/15,83,elastos,ela
618,,2020/08/16,38,elastos,ela
619,,2020/08/17,72,elastos,ela
620,,2020/08/18,97,elastos,ela
621,,2020/08/19,70,elastos,ela
622,,2020/08/20,39,elastos,ela
623,,2020/08/21,50,elastos,ela
624,,2020/08/22,25,elastos,ela
625,,2020/08/23,48,elastos,ela
626,,2020/08/24,48,elastos,ela
627,,2020/08/25,60,elastos,ela
628,,2020/08/26,174,elastos,ela
629,,2020/08/27,71,elastos,ela
630,,2020/08/28,54,elastos,ela
631,,2020/08/29,247,elastos,ela
632,,2020/08/30,null,elastos,ela
633,,2020/08/31,458,elastos,ela
634,,2020/09/01,182,elastos,ela
635,,2020/09/02,93,elastos,ela
636,,2020/09/03,79,elastos,ela
637,,2020/09/04,228,elastos,ela
638,,2020/09/05,168,elastos,ela
639,,2020/09/06,189,elastos,ela
640,,2020/09/07,285,elastos,ela
641,,2020/09/08,336,elastos,ela
642,,2020/09/09,463,elastos,ela
643,,2020/09/10,356,elastos,ela
644,,2020/09/11,121,elastos,ela
645,,2020/09/12,76,elastos,ela
646,,2020/09/13,36,elastos,ela
647,,2020/09/14,43,elastos,ela
648,,2020/09/15,146,elastos,ela
649,,2020/09/16,153,elastos,ela
650,,2020/09/17,101,elastos,ela
651,,2020/09/18,45,elastos,ela
652,,2020/09/19,116,elastos,ela
653,,2020/09/20,40,elastos,ela
654,,2020/09/21,74,elastos,ela
655,,2020/09/22,237,elastos,ela
656,,2020/09/23,131,elastos,ela
657,,2020/09/24,75,elastos,ela
658,,2020/09/25,67,elastos,ela
659,,2020/09/26,31,elastos,ela
660,,2020/09/27,17,elastos,ela
661,,2020/09/28,216,elastos,ela
662,,2020/09/29,45,elastos,ela
663,,2020/09/30,90,elastos,ela
664,,2020/10/01,30,elastos,ela
665,,2020/10/02,51,elastos,ela
666,,2020/10/03,55,elastos,ela
667,,2020/10/04,34,elastos,ela
668,,2020/10/05,24,elastos,ela
669,,2020/10/06,49,elastos,ela
670,,2020/10/07,77,elastos,ela
671,,2020/10/08,56,elastos,ela
672,,2020/10/09,27,elastos,ela
673,,2020/10/10,16,elastos,ela
674,,2020/10/11,10,elastos,ela
675,,2020/10/12,24,elastos,ela
676,,2020/10/13,91,elastos,ela
677,,2020/10/14,41,elastos,ela
678,,2020/10/15,44,elastos,ela
679,,2020/10/16,28,elastos,ela
680,,2020/10/17,31,elastos,ela
681,,2020/10/18,6,elastos,ela
682,,2020/10/19,45,elastos,ela
683,,2020/10/20,79,elastos,ela
684,,2020/10/21,42,elastos,ela
685,,2020/10/22,53,elastos,ela
686,,2020/10/23,127,elastos,ela
687,,2020/10/24,39,elastos,ela
688,,2020/10/25,27,elastos,ela
689,,2020/10/26,30,elastos,ela
690,,2020/10/27,161,elastos,ela
691,,2020/10/28,50,elastos,ela
692,,2020/10/29,21,elastos,ela
693,,2020/10/30,20,elastos,ela
694,,2020/10/31,45,elastos,ela
695,,2020/11/01,19,elastos,ela
696,,2020/11/02,13,elastos,ela
697,,2020/11/03,41,elastos,ela
698,,2020/11/04,39,elastos,ela
699,,2020/11/05,43,elastos,ela
700,,2020/11/06,56,elastos,ela
701,,2020/11/07,39,elastos,ela
702,,2020/11/08,13,elastos,ela
703,,2020/11/09,28,elastos,ela
704,,2020/11/10,46,elastos,ela
705,,2020/11/11,20,elastos,ela
706,,2020/11/12,16,elastos,ela
707,,2020/11/13,7,elastos,ela
708,,2020/11/14,51,elastos,ela
709,,2020/11/15,33,elastos,ela
710,,2020/11/16,24,elastos,ela
711,,2020/11/17,95,elastos,ela
712,,2020/11/18,28,elastos,ela
713,,2020/11/19,113,elastos,ela
714,,2020/11/20,44,elastos,ela
715,,2020/11/21,35,elastos,ela
716,,2020/11/22,39,elastos,ela
717,,2020/11/23,43,elastos,ela
718,,2020/11/24,28,elastos,ela
719,,2020/11/25,62,elastos,ela
720,,2020/11/26,17,elastos,ela
721,,2020/11/27,14,elastos,ela
722,,2020/11/28,15,elastos,ela
723,,2020/11/29,26,elastos,ela
724,,2020/11/30,30,elastos,ela
725,,2020/12/01,61,elastos,ela
726,,2020/12/02,null,elastos,ela
727,,2020/12/03,28,elastos,ela
728,,2020/12/04,null,elastos,ela
729,,2020/12/05,null,elastos,ela
730,,2020/12/06,17,elastos,ela
731,,2020/12/07,11,elastos,ela
732,,2020/12/08,null,elastos,ela
733,,2020/12/09,39,elastos,ela
734,,2020/12/10,57,elastos,ela
735,,2020/12/11,null,elastos,ela
736,,2020/12/12,37,elastos,ela
737,,2020/12/13,null,elastos,ela
738,,2020/12/14,null,elastos,ela
739,,2020/12/15,null,elastos,ela
740,,2020/12/16,null,elastos,ela
741,,2020/12/17,29,elastos,ela
742,,2020/12/18,54,elastos,ela
743,,2020/12/19,45,elastos,ela
744,,2020/12/20,40,elastos,ela
745,,2020/12/21,47,elastos,ela
746,,2020/12/22,27,elastos,ela
747,,2020/12/23,136,elastos,ela
748,,2020/12/24,45,elastos,ela
749,,2020/12/25,27,elastos,ela
750,,2020/12/26,18,elastos,ela
751,,2020/12/27,29,elastos,ela
752,,2020/12/28,11,elastos,ela
753,,2020/12/29,40,elastos,ela
754,,2020/12/30,10,elastos,ela
755,,2020/12/31,65,elastos,ela
756,,2021/01/01,53,elastos,ela
757,,2021/01/02,64,elastos,ela
758,,2021/01/03,110,elastos,ela
759,,2021/01/04,148,elastos,ela
760,,2021/01/05,158,elastos,ela
761,,2021/01/06,149,elastos,ela
762,,2021/01/07,157,elastos,ela
763,,2021/01/08,82,elastos,ela
764,,2021/01/09,98,elastos,ela
765,,2021/01/10,238,elastos,ela
766,,2021/01/11,212,elastos,ela
767,,2021/01/12,178,elastos,ela
768,,2021/01/13,94,elastos,ela
769,,2021/01/14,217,elastos,ela
770,,2021/01/15,133,elastos,ela
771,,2021/01/16,101,elastos,ela
772,,2021/01/17,57,elastos,ela
773,,2021/01/18,78,elastos,ela
774,,2021/01/19,147,elastos,ela
775,,2021/01/20,86,elastos,ela
776,,2021/01/21,43,elastos,ela
777,,2021/01/22,50,elastos,ela
778,,2021/01/23,64,elastos,ela
779,,2021/01/24,98,elastos,ela
780,,2021/01/25,61,elastos,ela
781,,2021/01/26,55,elastos,ela
782,,2021/01/27,43,elastos,ela
783,,2021/01/28,120,elastos,ela
784,,2021/01/29,75,elastos,ela
785,,2021/01/30,95,elastos,ela
786,,2021/01/31,null,elastos,ela
787,,2021/02/01,74,elastos,ela
788,,2021/02/02,39,elastos,ela
789,,2021/02/03,36,elastos,ela
790,,2021/02/04,65,elastos,ela
791,,2021/02/05,82,elastos,ela
792,,2021/02/06,152,elastos,ela
793,,2021/02/07,null,elastos,ela
794,,2021/02/08,180,elastos,ela
795,,2021/02/09,222,elastos,ela
796,,2021/02/10,213,elastos,ela
797,,2021/02/11,345,elastos,ela
798,,2021/02/12,217,elastos,ela
799,,2021/02/13,62,elastos,ela
800,,2021/02/14,64,elastos,ela
801,,2021/02/15,61,elastos,ela
802,,2021/02/16,143,elastos,ela
803,,2021/02/17,161,elastos,ela
804,,2021/02/18,null,elastos,ela
805,,2021/02/19,132,elastos,ela
806,,2021/02/20,null,elastos,ela
807,,2021/02/21,54,elastos,ela
808,,2021/02/22,29,elastos,ela
809,,2021/02/23,44,elastos,ela
810,,2021/02/24,null,elastos,ela
811,,2021/02/25,null,elastos,ela
812,,2021/02/26,101,elastos,ela
813,,2021/02/27,78,elastos,ela
814,,2021/02/28,30,elastos,ela
815,,2021/03/01,null,elastos,ela
816,,2021/03/02,null,elastos,ela
817,,2021/03/03,null,elastos,ela
818,,2021/03/04,80,elastos,ela
819,,2021/03/05,42,elastos,ela
820,,2021/03/06,12,elastos,ela
821,,2021/03/07,127,elastos,ela
822,,2021/03/08,85,elastos,ela
823,,2021/03/09,66,elastos,ela
824,,2021/03/10,83,elastos,ela
825,,2021/03/11,87,elastos,ela
826,,2021/03/12,null,elastos,ela
827,,2021/03/13,59,elastos,ela
828,,2021/03/14,null,elastos,ela
829,,2021/03/15,null,elastos,ela
830,,2021/03/16,null,elastos,ela
831,,2021/03/17,null,elastos,ela
832,,2021/03/18,90,elastos,ela
833,,2021/03/19,51,elastos,ela
834,,2021/03/20,null,elastos,ela
835,,2021/03/21,161,elastos,ela
836,,2021/03/22,239,elastos,ela
837,,2021/03/23,239,elastos,ela
838,,2021/03/24,125,elastos,ela
839,,2021/03/25,103,elastos,ela
840,,2021/03/26,116,elastos,ela
841,,2021/03/27,42,elastos,ela
842,,2021/03/28,46,elastos,ela
843,,2021/03/29,24,elastos,ela
844,,2021/03/30,31,elastos,ela
845,,2021/03/31,17,elastos,ela
846,,2021/04/01,null,elastos,ela
847,,2021/04/02,null,elastos,ela
848,,2021/04/03,null,elastos,ela
849,,2021/04/04,null,elastos,ela
850,,2021/04/05,null,elastos,ela
851,,2021/04/06,null,elastos,ela
852,,2021/04/07,190,elastos,ela
853,,2021/04/08,216,elastos,ela
854,,2021/04/09,239,elastos,ela
855,,2021/04/10,310,elastos,ela
856,,2021/04/11,322,elastos,ela
857,,2021/04/12,393,elastos,ela
858,,2021/04/13,250,elastos,ela
859,,2021/04/14,159,elastos,ela
860,,2021/04/15,197,elastos,ela
861,,2021/04/16,101,elastos,ela
862,,2021/04/17,80,elastos,ela
863,,2021/04/18,48,elastos,ela
864,,2021/04/19,148,elastos,ela
865,,2021/04/20,108,elastos,ela
866,,2021/04/21,116,elastos,ela
867,,2021/04/22,75,elastos,ela
868,,2021/04/23,62,elastos,ela
869,,2021/04/24,null,elastos,ela
870,,2021/04/25,null,elastos,ela
871,,2021/04/26,null,elastos,ela
872,,2021/04/27,null,elastos,ela
873,,2021/04/28,null,elastos,ela
874,,2021/04/29,null,elastos,ela
875,,2021/04/30,null,elastos,ela
876,,2021/05/01,142,elastos,ela
877,,2021/05/02,107,elastos,ela
878,,2021/05/03,67,elastos,ela
879,,2021/05/04,86,elastos,ela
880,,2021/05/05,94,elastos,ela
881,,2021/05/06,117,elastos,ela
882,,2021/05/07,265,elastos,ela
883,,2021/05/08,86,elastos,ela
884,,2021/05/09,46,elastos,ela
885,,2021/05/10,null,elastos,ela
886,,2021/05/11,null,elastos,ela
887,,2021/05/12,null,elastos,ela
888,,2021/05/13,null,elastos,ela
889,,2021/05/14,null,elastos,ela
890,,2021/05/15,null,elastos,ela
891,,2021/05/16,null,elastos,ela
892,,2021/05/17,null,elastos,ela
893,,2021/05/18,null,elastos,ela
894,,2021/05/19,null,elastos,ela
895,,2021/05/20,null,elastos,ela
896,,2021/05/21,null,elastos,ela
897,,2021/05/22,null,elastos,ela
898,,2021/05/23,null,elastos,ela
899,,2021/05/24,null,elastos,ela
900,,2021/05/25,null,elastos,ela
901,,2021/05/26,149,elastos,ela
902,,2021/05/27,null,elastos,ela
903,,2021/05/28,null,elastos,ela
904,,2021/05/29,null,elastos,ela
905,,2021/05/30,null,elastos,ela
906,,2021/05/31,null,elastos,ela
907,,2021/06/01,null,elastos,ela
908,,2021/06/02,null,elastos,ela
909,,2021/06/03,null,elastos,ela
910,,2021/06/04,null,elastos,ela
911,,2021/06/05,null,elastos,ela
912,,2021/06/06,53,elastos,ela
913,,2021/06/07,43,elastos,ela
914,,2021/06/08,null,elastos,ela
915,,2021/06/09,null,elastos,ela
916,,2021/06/10,null,elastos,ela
917,,2021/06/11,null,elastos,ela
918,,2021/06/12,null,elastos,ela
919,,2021/06/13,null,elastos,ela
920,,2021/06/14,null,elastos,ela
921,,2021/06/15,null,elastos,ela
922,,2021/06/16,null,elastos,ela
923,,2021/06/17,null,elastos,ela
924,,2021/06/18,null,elastos,ela
925,,2021/06/19,null,elastos,ela
926,,2021/06/20,null,elastos,ela
927,,2021/06/21,null,elastos,ela
928,,2021/06/22,null,elastos,ela
929,,2021/06/23,null,elastos,ela
930,,2021/06/24,null,elastos,ela
931,,2021/06/25,null,elastos,ela
932,,2021/06/26,null,elastos,ela
933,,2021/06/27,null,elastos,ela
934,,2021/06/28,null,elastos,ela
935,,2021/06/29,null,elastos,ela
936,,2021/06/30,null,elastos,ela
937,,2021/07/01,null,elastos,ela
938,,2021/07/02,null,elastos,ela
939,,2021/07/03,53,elastos,ela
940,,2021/07/04,80,elastos,ela
941,,2021/07/05,25,elastos,ela
942,,2021/07/06,44,elastos,ela
943,,2021/07/07,54,elastos,ela
944,,2021/07/08,null,elastos,ela
945,,2021/07/09,null,elastos,ela
946,,2021/07/10,null,elastos,ela
947,,2021/07/11,null,elastos,ela
948,,2021/07/12,null,elastos,ela
949,,2021/07/13,null,elastos,ela
950,,2021/07/14,null,elastos,ela
951,,2021/07/15,null,elastos,ela
952,,2021/07/16,null,elastos,ela
953,,2021/07/17,null,elastos,ela
954,,2021/07/18,null,elastos,ela
955,,2021/07/19,null,elastos,ela
956,,2021/07/20,null,elastos,ela
957,,2021/07/21,null,elastos,ela
958,,2021/07/22,null,elastos,ela
959,,2021/07/23,null,elastos,ela
960,,2021/07/24,null,elastos,ela
961,,2021/07/25,null,elastos,ela
962,,2021/07/26,null,elastos,ela
963,,2021/07/27,null,elastos,ela
964,,2021/07/28,null,elastos,ela
965,,2021/07/29,null,elastos,ela
966,,2021/07/30,null,elastos,ela
967,,2021/07/31,null,elastos,ela
968,,2021/08/01,null,elastos,ela
969,,2021/08/02,null,elastos,ela
970,,2021/08/03,null,elastos,ela
971,,2021/08/04,null,elastos,ela
972,,2021/08/05,null,elastos,ela
973,,2021/08/06,null,elastos,ela
974,,2021/08/07,null,elastos,ela
975,,2021/08/08,null,elastos,ela
976,,2021/08/09,null,elastos,ela
977,,2021/08/10,null,elastos,ela
978,,2021/08/11,null,elastos,ela
979,,2021/08/12,null,elastos,ela
980,,2021/08/13,null,elastos,ela
981,,2021/08/14,null,elastos,ela
982,,2021/08/15,null,elastos,ela
983,,2021/08/16,null,elastos,ela
984,,2021/08/17,null,elastos,ela
985,,2021/08/18,null,elastos,ela
986,,2021/08/19,null,elastos,ela
987,,2021/08/20,null,elastos,ela
988,,2021/08/21,null,elastos,ela
989,,2021/08/22,null,elastos,ela
990,,2021/08/23,null,elastos,ela
991,,2021/08/24,null,elastos,ela
992,,2021/08/25,null,elastos,ela
993,,2021/08/26,null,elastos,ela
994,,2021/08/27,null,elastos,ela
995,,2021/08/28,null,elastos,ela
996,,2021/08/29,null,elastos,ela
997,,2021/08/30,null,elastos,ela
998,,2021/08/31,null,elastos,ela
999,,2021/09/01,null,elastos,ela
1000,,2021/09/02,null,elastos,ela
1001,,2021/09/03,null,elastos,ela
1002,,2021/09/04,null,elastos,ela
1003,,2021/09/05,62,elastos,ela
1004,,2021/09/06,null,elastos,ela
1005,,2021/09/07,null,elastos,ela
1006,,2021/09/08,null,elastos,ela
1007,,2021/09/09,null,elastos,ela
1008,,2021/09/10,null,elastos,ela
1009,,2021/09/11,null,elastos,ela
1010,,2021/09/12,null,elastos,ela
1011,,2021/09/13,null,elastos,ela
1012,,2021/09/14,null,elastos,ela
1013,,2021/09/15,null,elastos,ela
1014,,2021/09/16,162,elastos,ela
1015,,2021/09/17,66,elastos,ela
1016,,2021/09/18,null,elastos,ela
1017,,2021/09/19,128,elastos,ela
1018,,2021/09/20,90,elastos,ela
1019,,2021/09/21,101,elastos,ela
1020,,2021/09/22,null,elastos,ela
1021,,2021/09/23,71,elastos,ela
1022,,2021/09/24,54,elastos,ela
1023,,2021/09/25,null,elastos,ela
1024,,2021/09/26,null,elastos,ela
1025,,2021/09/27,null,elastos,ela
1026,,2021/09/28,null,elastos,ela
1027,,2021/09/29,null,elastos,ela
1028,,2021/09/30,null,elastos,ela
1029,,2021/10/01,null,elastos,ela
1030,,2021/10/02,null,elastos,ela
1031,,2021/10/03,null,elastos,ela
1032,,2021/10/04,null,elastos,ela
1033,,2021/10/05,null,elastos,ela
1034,,2021/10/06,null,elastos,ela
1035,,2021/10/07,null,elastos,ela
1036,,2021/10/08,null,elastos,ela
1037,,2021/10/09,null,elastos,ela
1038,,2021/10/10,null,elastos,ela
1039,,2021/10/11,null,elastos,ela
1040,,2021/10/12,null,elastos,ela
1041,,2021/10/13,null,elastos,ela
1042,,2021/10/14,null,elastos,ela
1043,,2021/10/15,null,elastos,ela
1044,,2021/10/16,null,elastos,ela
1045,,2021/10/17,null,elastos,ela
1046,,2021/10/18,null,elastos,ela
1047,,2021/10/19,null,elastos,ela
1048,,2021/10/20,null,elastos,ela
1049,,2021/10/21,null,elastos,ela
1050,,2021/10/22,null,elastos,ela
1051,,2021/10/23,null,elastos,ela
1052,,2021/10/24,null,elastos,ela
1053,,2021/10/25,null,elastos,ela
1054,,2021/10/26,null,elastos,ela
1055,,2021/10/27,57,elastos,ela
1056,,2021/10/28,110,elastos,ela
