,google_trends,date,tweets,full_name,coin
0,,2018/12/07,288,engine,egcc
1,,2018/12/08,131,engine,egcc
2,,2018/12/09,111,engine,egcc
3,,2018/12/10,111,engine,egcc
4,,2018/12/11,165,engine,egcc
5,,2018/12/12,216,engine,egcc
6,,2018/12/13,286,engine,egcc
7,,2018/12/14,252,engine,egcc
8,,2018/12/15,126,engine,egcc
9,,2018/12/16,114,engine,egcc
10,,2018/12/17,142,engine,egcc
11,,2018/12/18,174,engine,egcc
12,,2018/12/19,null,engine,egcc
13,,2018/12/20,158,engine,egcc
14,,2018/12/21,131,engine,egcc
15,,2018/12/22,101,engine,egcc
16,,2018/12/23,93,engine,egcc
17,,2018/12/24,null,engine,egcc
18,,2018/12/25,null,engine,egcc
19,,2018/12/26,110,engine,egcc
20,,2018/12/27,147,engine,egcc
21,,2018/12/28,182,engine,egcc
22,,2018/12/29,128,engine,egcc
23,,2018/12/30,87,engine,egcc
24,,2018/12/31,111,engine,egcc
25,,2019/01/01,83,engine,egcc
26,,2019/01/02,179,engine,egcc
27,,2019/01/03,127,engine,egcc
28,,2019/01/04,136,engine,egcc
29,,2019/01/05,98,engine,egcc
30,,2019/01/06,96,engine,egcc
31,,2019/01/07,null,engine,egcc
32,,2019/01/08,205,engine,egcc
33,,2019/01/09,172,engine,egcc
34,,2019/01/10,164,engine,egcc
35,,2019/01/11,170,engine,egcc
36,,2019/01/12,134,engine,egcc
37,,2019/01/13,73,engine,egcc
38,,2019/01/14,129,engine,egcc
39,,2019/01/15,125,engine,egcc
40,,2019/01/16,157,engine,egcc
41,,2019/01/17,162,engine,egcc
42,,2019/01/18,164,engine,egcc
43,,2019/01/19,137,engine,egcc
44,,2019/01/20,116,engine,egcc
45,,2019/01/21,310,engine,egcc
46,,2019/01/22,358,engine,egcc
47,,2019/01/23,191,engine,egcc
48,,2019/01/24,217,engine,egcc
49,,2019/01/25,164,engine,egcc
50,,2019/01/26,124,engine,egcc
51,,2019/01/27,77,engine,egcc
52,,2019/01/28,126,engine,egcc
53,,2019/01/29,192,engine,egcc
54,,2019/01/30,165,engine,egcc
55,,2019/01/31,null,engine,egcc
56,,2019/02/01,143,engine,egcc
57,,2019/02/02,173,engine,egcc
58,,2019/02/03,null,engine,egcc
59,,2019/02/04,179,engine,egcc
60,,2019/02/05,157,engine,egcc
61,,2019/02/06,null,engine,egcc
62,,2019/02/07,null,engine,egcc
63,,2019/02/08,null,engine,egcc
64,,2019/02/09,null,engine,egcc
65,,2019/02/10,null,engine,egcc
66,,2019/02/11,146,engine,egcc
67,,2019/02/12,192,engine,egcc
68,,2019/02/13,184,engine,egcc
69,,2019/02/14,139,engine,egcc
70,,2019/02/15,null,engine,egcc
71,,2019/02/16,121,engine,egcc
72,,2019/02/17,122,engine,egcc
73,,2019/02/18,169,engine,egcc
74,,2019/02/19,150,engine,egcc
75,,2019/02/20,null,engine,egcc
76,,2019/02/21,null,engine,egcc
77,,2019/02/22,null,engine,egcc
78,,2019/02/23,null,engine,egcc
79,,2019/02/24,null,engine,egcc
80,,2019/02/25,null,engine,egcc
81,,2019/02/26,null,engine,egcc
82,,2019/02/27,null,engine,egcc
83,,2019/02/28,null,engine,egcc
84,,2019/03/01,null,engine,egcc
85,,2019/03/02,null,engine,egcc
86,,2019/03/03,null,engine,egcc
87,,2019/03/04,null,engine,egcc
88,,2019/03/05,null,engine,egcc
89,,2019/03/06,null,engine,egcc
90,,2019/03/07,null,engine,egcc
91,,2019/03/08,null,engine,egcc
92,,2019/03/09,null,engine,egcc
93,,2019/03/10,null,engine,egcc
94,,2019/03/11,null,engine,egcc
95,,2019/03/12,null,engine,egcc
96,,2019/03/13,null,engine,egcc
97,,2019/03/14,null,engine,egcc
98,,2019/03/15,null,engine,egcc
99,,2019/03/16,null,engine,egcc
100,,2019/03/17,null,engine,egcc
101,,2019/03/18,null,engine,egcc
102,,2019/03/19,null,engine,egcc
103,,2019/03/20,159,engine,egcc
104,,2019/03/21,153,engine,egcc
105,,2019/03/22,134,engine,egcc
106,,2019/03/23,null,engine,egcc
107,,2019/03/24,null,engine,egcc
108,,2019/03/25,null,engine,egcc
109,,2019/03/26,null,engine,egcc
110,,2019/03/27,null,engine,egcc
111,,2019/03/28,null,engine,egcc
112,,2019/03/29,null,engine,egcc
113,,2019/03/30,null,engine,egcc
114,,2019/03/31,82,engine,egcc
115,,2019/04/01,null,engine,egcc
116,,2019/04/02,null,engine,egcc
117,,2019/04/03,154,engine,egcc
118,,2019/04/04,135,engine,egcc
119,,2019/04/05,144,engine,egcc
120,,2019/04/06,142,engine,egcc
121,,2019/04/07,101,engine,egcc
122,,2019/04/08,128,engine,egcc
123,,2019/04/09,177,engine,egcc
124,,2019/04/10,155,engine,egcc
125,,2019/04/11,157,engine,egcc
126,,2019/04/12,136,engine,egcc
127,,2019/04/13,100,engine,egcc
128,,2019/04/14,123,engine,egcc
129,,2019/04/15,120,engine,egcc
130,,2019/04/16,149,engine,egcc
131,,2019/04/17,237,engine,egcc
132,,2019/04/18,190,engine,egcc
133,,2019/04/19,108,engine,egcc
134,,2019/04/20,169,engine,egcc
135,,2019/04/21,138,engine,egcc
136,,2019/04/22,140,engine,egcc
137,,2019/04/23,120,engine,egcc
138,,2019/04/24,147,engine,egcc
139,,2019/04/25,116,engine,egcc
140,,2019/04/26,138,engine,egcc
141,,2019/04/27,111,engine,egcc
142,,2019/04/28,124,engine,egcc
143,,2019/04/29,118,engine,egcc
144,,2019/04/30,127,engine,egcc
145,,2019/05/01,175,engine,egcc
146,,2019/05/02,121,engine,egcc
147,,2019/05/03,115,engine,egcc
148,,2019/05/04,115,engine,egcc
149,,2019/05/05,62,engine,egcc
150,,2019/05/06,152,engine,egcc
151,,2019/05/07,167,engine,egcc
152,,2019/05/08,150,engine,egcc
153,,2019/05/09,172,engine,egcc
154,,2019/05/10,128,engine,egcc
155,,2019/05/11,105,engine,egcc
156,,2019/05/12,85,engine,egcc
157,,2019/05/13,117,engine,egcc
158,,2019/05/14,172,engine,egcc
159,,2019/05/15,134,engine,egcc
160,,2019/05/16,130,engine,egcc
161,,2019/05/17,127,engine,egcc
162,,2019/05/18,115,engine,egcc
163,,2019/05/19,81,engine,egcc
164,,2019/05/20,101,engine,egcc
165,,2019/05/21,169,engine,egcc
166,,2019/05/22,null,engine,egcc
167,,2019/05/23,162,engine,egcc
168,,2019/05/24,null,engine,egcc
169,,2019/05/25,null,engine,egcc
170,,2019/05/26,102,engine,egcc
171,,2019/05/27,147,engine,egcc
172,,2019/05/28,128,engine,egcc
173,,2019/05/29,null,engine,egcc
174,,2019/05/30,null,engine,egcc
175,,2019/05/31,null,engine,egcc
176,,2019/06/01,null,engine,egcc
177,,2019/06/02,null,engine,egcc
178,,2019/06/03,null,engine,egcc
179,,2019/06/04,null,engine,egcc
180,,2019/06/05,null,engine,egcc
181,,2019/06/06,null,engine,egcc
182,,2019/06/07,116,engine,egcc
183,,2019/06/08,99,engine,egcc
184,,2019/06/09,217,engine,egcc
185,,2019/06/10,153,engine,egcc
186,,2019/06/11,97,engine,egcc
187,,2019/06/12,151,engine,egcc
188,,2019/06/13,176,engine,egcc
189,,2019/06/14,171,engine,egcc
190,,2019/06/15,80,engine,egcc
191,,2019/06/16,62,engine,egcc
192,,2019/06/17,139,engine,egcc
193,,2019/06/18,167,engine,egcc
194,,2019/06/19,162,engine,egcc
195,,2019/06/20,null,engine,egcc
196,,2019/06/21,125,engine,egcc
197,,2019/06/22,85,engine,egcc
198,,2019/06/23,73,engine,egcc
199,,2019/06/24,159,engine,egcc
200,,2019/06/25,153,engine,egcc
201,,2019/06/26,138,engine,egcc
202,,2019/06/27,121,engine,egcc
203,,2019/06/28,121,engine,egcc
204,,2019/06/29,null,engine,egcc
205,,2019/06/30,null,engine,egcc
206,,2019/07/01,null,engine,egcc
207,,2019/07/02,null,engine,egcc
208,,2019/07/03,null,engine,egcc
209,,2019/07/04,null,engine,egcc
210,,2019/07/05,null,engine,egcc
211,,2019/07/06,null,engine,egcc
212,,2019/07/07,null,engine,egcc
213,,2019/07/08,190,engine,egcc
214,,2019/07/09,174,engine,egcc
215,,2019/07/10,186,engine,egcc
216,,2019/07/11,157,engine,egcc
217,,2019/07/12,169,engine,egcc
218,,2019/07/13,null,engine,egcc
219,,2019/07/14,null,engine,egcc
220,,2019/07/15,185,engine,egcc
221,,2019/07/16,null,engine,egcc
222,,2019/07/17,null,engine,egcc
223,,2019/07/18,null,engine,egcc
224,,2019/07/19,null,engine,egcc
225,,2019/07/20,null,engine,egcc
226,,2019/07/21,146,engine,egcc
227,,2019/07/22,null,engine,egcc
228,,2019/07/23,null,engine,egcc
229,,2019/07/24,null,engine,egcc
230,,2019/07/25,null,engine,egcc
231,,2019/07/26,null,engine,egcc
232,,2019/07/27,null,engine,egcc
233,,2019/07/28,null,engine,egcc
234,,2019/07/29,null,engine,egcc
235,,2019/07/30,null,engine,egcc
236,,2019/07/31,null,engine,egcc
237,,2019/08/01,102,engine,egcc
238,,2019/08/02,86,engine,egcc
239,,2019/08/03,94,engine,egcc
240,,2019/08/04,89,engine,egcc
241,,2019/08/05,127,engine,egcc
242,,2019/08/06,173,engine,egcc
243,,2019/08/07,141,engine,egcc
244,,2019/08/08,null,engine,egcc
245,,2019/08/09,null,engine,egcc
246,,2019/08/10,null,engine,egcc
247,,2019/08/11,null,engine,egcc
248,,2019/08/12,139,engine,egcc
249,,2019/08/13,218,engine,egcc
250,,2019/08/14,null,engine,egcc
251,,2019/08/15,null,engine,egcc
252,,2019/08/16,102,engine,egcc
253,,2019/08/17,88,engine,egcc
254,,2019/08/18,95,engine,egcc
255,,2019/08/19,158,engine,egcc
256,,2019/08/20,169,engine,egcc
257,,2019/08/21,142,engine,egcc
258,,2019/08/22,123,engine,egcc
259,,2019/08/23,145,engine,egcc
260,,2019/08/24,65,engine,egcc
261,,2019/08/25,85,engine,egcc
262,,2019/08/26,105,engine,egcc
263,,2019/08/27,112,engine,egcc
264,,2019/08/28,136,engine,egcc
265,,2019/08/29,102,engine,egcc
266,,2019/08/30,85,engine,egcc
267,,2019/08/31,63,engine,egcc
268,,2019/09/01,74,engine,egcc
269,,2019/09/02,83,engine,egcc
270,,2019/09/03,77,engine,egcc
271,,2019/09/04,123,engine,egcc
272,,2019/09/05,114,engine,egcc
273,,2019/09/06,90,engine,egcc
274,,2019/09/07,178,engine,egcc
275,,2019/09/08,108,engine,egcc
276,,2019/09/09,80,engine,egcc
277,,2019/09/10,106,engine,egcc
278,,2019/09/11,110,engine,egcc
279,,2019/09/12,102,engine,egcc
280,,2019/09/13,102,engine,egcc
281,,2019/09/14,62,engine,egcc
282,,2019/09/15,84,engine,egcc
283,,2019/09/16,72,engine,egcc
284,,2019/09/17,101,engine,egcc
285,,2019/09/18,94,engine,egcc
286,,2019/09/19,133,engine,egcc
287,,2019/09/20,80,engine,egcc
288,,2019/09/21,81,engine,egcc
289,,2019/09/22,94,engine,egcc
290,,2019/09/23,94,engine,egcc
291,,2019/09/24,114,engine,egcc
292,,2019/09/25,81,engine,egcc
293,,2019/09/26,79,engine,egcc
294,,2019/09/27,191,engine,egcc
295,,2019/09/28,132,engine,egcc
296,,2019/09/29,89,engine,egcc
297,,2019/09/30,104,engine,egcc
298,,2019/10/01,128,engine,egcc
299,,2019/10/02,80,engine,egcc
300,,2019/10/03,85,engine,egcc
301,,2019/10/04,104,engine,egcc
302,,2019/10/05,94,engine,egcc
303,,2019/10/06,127,engine,egcc
304,,2019/10/07,169,engine,egcc
305,,2019/10/08,85,engine,egcc
306,,2019/10/09,114,engine,egcc
307,,2019/10/10,114,engine,egcc
308,,2019/10/11,98,engine,egcc
309,,2019/10/12,71,engine,egcc
310,,2019/10/13,175,engine,egcc
311,,2019/10/14,121,engine,egcc
312,,2019/10/15,101,engine,egcc
313,,2019/10/16,116,engine,egcc
314,,2019/10/17,100,engine,egcc
315,,2019/10/18,108,engine,egcc
316,,2019/10/19,83,engine,egcc
317,,2019/10/20,71,engine,egcc
318,,2019/10/21,90,engine,egcc
319,,2019/10/22,109,engine,egcc
320,,2019/10/23,145,engine,egcc
321,,2019/10/24,137,engine,egcc
322,,2019/10/25,115,engine,egcc
323,,2019/10/26,107,engine,egcc
324,,2019/10/27,95,engine,egcc
325,,2019/10/28,102,engine,egcc
326,,2019/10/29,null,engine,egcc
327,,2019/10/30,230,engine,egcc
328,,2019/10/31,null,engine,egcc
329,,2019/11/01,null,engine,egcc
330,,2019/11/02,89,engine,egcc
331,,2019/11/03,66,engine,egcc
332,,2019/11/04,87,engine,egcc
333,,2019/11/05,75,engine,egcc
334,,2019/11/06,null,engine,egcc
335,,2019/11/07,null,engine,egcc
336,,2019/11/08,125,engine,egcc
337,,2019/11/09,86,engine,egcc
338,,2019/11/10,85,engine,egcc
339,,2019/11/11,75,engine,egcc
340,,2019/11/12,111,engine,egcc
341,,2019/11/13,128,engine,egcc
342,,2019/11/14,101,engine,egcc
343,,2019/11/15,null,engine,egcc
344,,2019/11/16,null,engine,egcc
345,,2019/11/17,null,engine,egcc
346,,2019/11/18,null,engine,egcc
347,,2019/11/19,null,engine,egcc
348,,2019/11/20,null,engine,egcc
349,,2019/11/21,null,engine,egcc
350,,2019/11/22,null,engine,egcc
351,,2019/11/23,null,engine,egcc
352,,2019/11/24,null,engine,egcc
353,,2019/11/25,null,engine,egcc
354,,2019/11/26,null,engine,egcc
355,,2019/11/27,null,engine,egcc
356,,2019/11/28,null,engine,egcc
357,,2019/11/29,null,engine,egcc
358,,2019/11/30,115,engine,egcc
359,,2019/12/01,45,engine,egcc
360,,2019/12/02,91,engine,egcc
361,,2019/12/03,null,engine,egcc
362,,2019/12/04,null,engine,egcc
363,,2019/12/05,null,engine,egcc
364,,2019/12/06,null,engine,egcc
365,,2019/12/07,null,engine,egcc
366,,2019/12/08,83,engine,egcc
367,,2019/12/09,114,engine,egcc
368,,2019/12/10,98,engine,egcc
369,,2019/12/11,null,engine,egcc
370,,2019/12/12,null,engine,egcc
371,,2019/12/13,null,engine,egcc
372,,2019/12/14,null,engine,egcc
373,,2019/12/15,null,engine,egcc
374,,2019/12/16,null,engine,egcc
375,,2019/12/17,null,engine,egcc
376,,2019/12/18,null,engine,egcc
377,,2019/12/19,null,engine,egcc
378,,2019/12/20,null,engine,egcc
379,,2019/12/21,null,engine,egcc
380,,2019/12/22,null,engine,egcc
381,,2019/12/23,null,engine,egcc
382,,2019/12/24,null,engine,egcc
383,,2019/12/25,null,engine,egcc
384,,2019/12/26,null,engine,egcc
385,,2019/12/27,null,engine,egcc
386,,2019/12/28,null,engine,egcc
387,,2019/12/29,null,engine,egcc
388,,2019/12/30,null,engine,egcc
389,,2019/12/31,null,engine,egcc
390,,2020/01/01,null,engine,egcc
391,,2020/01/02,null,engine,egcc
392,,2020/01/03,null,engine,egcc
393,,2020/01/04,null,engine,egcc
394,,2020/01/05,null,engine,egcc
395,,2020/01/06,65,engine,egcc
396,,2020/01/07,68,engine,egcc
397,,2020/01/08,102,engine,egcc
398,,2020/01/09,96,engine,egcc
399,,2020/01/10,87,engine,egcc
400,,2020/01/11,79,engine,egcc
401,,2020/01/12,54,engine,egcc
402,,2020/01/13,null,engine,egcc
403,,2020/01/14,null,engine,egcc
404,,2020/01/15,null,engine,egcc
405,,2020/01/16,null,engine,egcc
406,,2020/01/17,null,engine,egcc
407,,2020/01/18,null,engine,egcc
408,,2020/01/19,null,engine,egcc
409,,2020/01/20,null,engine,egcc
410,,2020/01/21,null,engine,egcc
411,,2020/01/22,null,engine,egcc
412,,2020/01/23,null,engine,egcc
413,,2020/01/24,null,engine,egcc
414,,2020/01/25,null,engine,egcc
415,,2020/01/26,null,engine,egcc
416,,2020/01/27,155,engine,egcc
417,,2020/01/28,147,engine,egcc
418,,2020/01/29,null,engine,egcc
419,,2020/01/30,null,engine,egcc
420,,2020/01/31,null,engine,egcc
421,,2020/02/01,null,engine,egcc
422,,2020/02/02,106,engine,egcc
423,,2020/02/03,161,engine,egcc
424,,2020/02/04,null,engine,egcc
425,,2020/02/05,null,engine,egcc
426,,2020/02/06,null,engine,egcc
427,,2020/02/07,null,engine,egcc
428,,2020/02/08,null,engine,egcc
429,,2020/02/09,68,engine,egcc
430,,2020/02/10,160,engine,egcc
431,,2020/02/11,156,engine,egcc
432,,2020/02/12,127,engine,egcc
433,,2020/02/13,null,engine,egcc
434,,2020/02/14,null,engine,egcc
435,,2020/02/15,null,engine,egcc
436,,2020/02/16,null,engine,egcc
437,,2020/02/17,null,engine,egcc
438,,2020/02/18,null,engine,egcc
439,,2020/02/19,null,engine,egcc
440,,2020/02/20,null,engine,egcc
441,,2020/02/21,99,engine,egcc
442,,2020/02/22,null,engine,egcc
443,,2020/02/23,null,engine,egcc
444,,2020/02/24,null,engine,egcc
445,,2020/02/25,null,engine,egcc
446,,2020/02/26,null,engine,egcc
447,,2020/02/27,null,engine,egcc
448,,2020/02/28,null,engine,egcc
449,,2020/02/29,null,engine,egcc
450,,2020/03/01,null,engine,egcc
451,,2020/03/02,null,engine,egcc
452,,2020/03/03,null,engine,egcc
453,,2020/03/04,null,engine,egcc
454,,2020/03/05,null,engine,egcc
455,,2020/03/06,null,engine,egcc
456,,2020/03/07,null,engine,egcc
457,,2020/03/08,null,engine,egcc
458,,2020/03/09,null,engine,egcc
459,,2020/03/10,null,engine,egcc
460,,2020/03/11,118,engine,egcc
461,,2020/03/12,115,engine,egcc
462,,2020/03/13,124,engine,egcc
463,,2020/03/14,null,engine,egcc
464,,2020/03/15,null,engine,egcc
465,,2020/03/16,null,engine,egcc
466,,2020/03/17,null,engine,egcc
467,,2020/03/18,null,engine,egcc
468,,2020/03/19,null,engine,egcc
469,,2020/03/20,null,engine,egcc
470,,2020/03/21,null,engine,egcc
471,,2020/03/22,null,engine,egcc
472,,2020/03/23,null,engine,egcc
473,,2020/03/24,null,engine,egcc
474,,2020/03/25,null,engine,egcc
475,,2020/03/26,null,engine,egcc
476,,2020/03/27,null,engine,egcc
477,,2020/03/28,null,engine,egcc
478,,2020/03/29,null,engine,egcc
479,,2020/03/30,null,engine,egcc
480,,2020/03/31,null,engine,egcc
481,,2020/04/01,null,engine,egcc
482,,2020/04/02,null,engine,egcc
483,,2020/04/03,null,engine,egcc
484,,2020/04/04,null,engine,egcc
485,,2020/04/05,null,engine,egcc
486,,2020/04/06,null,engine,egcc
487,,2020/04/07,null,engine,egcc
488,,2020/04/08,null,engine,egcc
489,,2020/04/09,null,engine,egcc
490,,2020/04/10,null,engine,egcc
491,,2020/04/11,81,engine,egcc
492,,2020/04/12,97,engine,egcc
493,,2020/04/13,null,engine,egcc
494,,2020/04/14,null,engine,egcc
495,,2020/04/15,null,engine,egcc
496,,2020/04/16,null,engine,egcc
497,,2020/04/17,null,engine,egcc
498,,2020/04/18,null,engine,egcc
499,,2020/04/19,null,engine,egcc
500,,2020/04/20,null,engine,egcc
501,,2020/04/21,null,engine,egcc
502,,2020/04/22,null,engine,egcc
503,,2020/04/23,null,engine,egcc
504,,2020/04/24,null,engine,egcc
505,,2020/04/25,null,engine,egcc
506,,2020/04/26,null,engine,egcc
507,,2020/04/27,null,engine,egcc
508,,2020/04/28,274,engine,egcc
509,,2020/04/29,152,engine,egcc
510,,2020/04/30,null,engine,egcc
511,,2020/05/01,null,engine,egcc
512,,2020/05/02,null,engine,egcc
513,,2020/05/03,null,engine,egcc
514,,2020/05/04,null,engine,egcc
515,,2020/05/05,null,engine,egcc
516,,2020/05/06,null,engine,egcc
517,,2020/05/07,null,engine,egcc
518,,2020/05/08,null,engine,egcc
519,,2020/05/09,null,engine,egcc
520,,2020/05/10,null,engine,egcc
521,,2020/05/11,null,engine,egcc
522,,2020/05/12,null,engine,egcc
523,,2020/05/13,null,engine,egcc
524,,2020/05/14,null,engine,egcc
525,,2020/05/15,null,engine,egcc
526,,2020/05/16,null,engine,egcc
527,,2020/05/17,null,engine,egcc
528,,2020/05/18,null,engine,egcc
529,,2020/05/19,null,engine,egcc
530,,2020/05/20,null,engine,egcc
531,,2020/05/21,null,engine,egcc
532,,2020/05/22,null,engine,egcc
533,,2020/05/23,null,engine,egcc
534,,2020/05/24,null,engine,egcc
535,,2020/05/25,null,engine,egcc
536,,2020/05/26,null,engine,egcc
537,,2020/05/27,null,engine,egcc
538,,2020/05/28,null,engine,egcc
539,,2020/05/29,null,engine,egcc
540,,2020/05/30,null,engine,egcc
541,,2020/05/31,null,engine,egcc
542,,2020/06/01,null,engine,egcc
543,,2020/06/02,null,engine,egcc
544,,2020/06/03,null,engine,egcc
545,,2020/06/04,null,engine,egcc
546,,2020/06/05,null,engine,egcc
547,,2020/06/06,null,engine,egcc
548,,2020/06/07,null,engine,egcc
549,,2020/06/08,null,engine,egcc
550,,2020/06/09,null,engine,egcc
551,,2020/06/10,null,engine,egcc
552,,2020/06/11,null,engine,egcc
553,,2020/06/12,null,engine,egcc
554,,2020/06/13,null,engine,egcc
555,,2020/06/14,null,engine,egcc
556,,2020/06/15,null,engine,egcc
557,,2020/06/16,null,engine,egcc
558,,2020/06/17,null,engine,egcc
559,,2020/06/18,null,engine,egcc
560,,2020/06/19,null,engine,egcc
561,,2020/06/20,196,engine,egcc
562,,2020/06/21,96,engine,egcc
563,,2020/06/22,389,engine,egcc
564,,2020/06/23,182,engine,egcc
565,,2020/06/24,null,engine,egcc
566,,2020/06/25,null,engine,egcc
567,,2020/06/26,null,engine,egcc
568,,2020/06/27,null,engine,egcc
569,,2020/06/28,null,engine,egcc
570,,2020/06/29,null,engine,egcc
571,,2020/06/30,null,engine,egcc
572,,2020/07/01,null,engine,egcc
573,,2020/07/02,null,engine,egcc
574,,2020/07/03,null,engine,egcc
575,,2020/07/04,null,engine,egcc
576,,2020/07/05,null,engine,egcc
577,,2020/07/06,null,engine,egcc
578,,2020/07/07,null,engine,egcc
579,,2020/07/08,null,engine,egcc
580,,2020/07/09,null,engine,egcc
581,,2020/07/10,null,engine,egcc
582,,2020/07/11,null,engine,egcc
583,,2020/07/12,null,engine,egcc
584,,2020/07/13,null,engine,egcc
585,,2020/07/14,null,engine,egcc
586,,2020/07/15,null,engine,egcc
587,,2020/07/16,null,engine,egcc
588,,2020/07/17,null,engine,egcc
589,,2020/07/18,null,engine,egcc
590,,2020/07/19,null,engine,egcc
591,,2020/07/20,null,engine,egcc
592,,2020/07/21,null,engine,egcc
593,,2020/07/22,null,engine,egcc
594,,2020/07/23,null,engine,egcc
595,,2020/07/24,null,engine,egcc
596,,2020/07/25,null,engine,egcc
597,,2020/07/26,null,engine,egcc
598,,2020/07/27,null,engine,egcc
599,,2020/07/28,null,engine,egcc
600,,2020/07/29,null,engine,egcc
601,,2020/07/30,null,engine,egcc
602,,2020/07/31,null,engine,egcc
603,,2020/08/01,null,engine,egcc
604,,2020/08/02,null,engine,egcc
605,,2020/08/03,null,engine,egcc
606,,2020/08/04,null,engine,egcc
607,,2020/08/05,null,engine,egcc
608,,2020/08/06,null,engine,egcc
609,,2020/08/07,null,engine,egcc
610,,2020/08/08,null,engine,egcc
611,,2020/08/09,null,engine,egcc
612,,2020/08/10,null,engine,egcc
613,,2020/08/11,null,engine,egcc
614,,2020/08/12,null,engine,egcc
615,,2020/08/13,null,engine,egcc
616,,2020/08/14,null,engine,egcc
617,,2020/08/15,null,engine,egcc
618,,2020/08/16,null,engine,egcc
619,,2020/08/17,null,engine,egcc
620,,2020/08/18,null,engine,egcc
621,,2020/08/19,null,engine,egcc
622,,2020/08/20,null,engine,egcc
623,,2020/08/21,null,engine,egcc
624,,2020/08/22,null,engine,egcc
625,,2020/08/23,null,engine,egcc
626,,2020/08/24,null,engine,egcc
627,,2020/08/25,null,engine,egcc
628,,2020/08/26,null,engine,egcc
629,,2020/08/27,null,engine,egcc
630,,2020/08/28,null,engine,egcc
631,,2020/08/29,null,engine,egcc
632,,2020/08/30,null,engine,egcc
633,,2020/08/31,null,engine,egcc
634,,2020/09/01,null,engine,egcc
635,,2020/09/02,null,engine,egcc
636,,2020/09/03,null,engine,egcc
637,,2020/09/04,null,engine,egcc
638,,2020/09/05,null,engine,egcc
639,,2020/09/06,null,engine,egcc
640,,2020/09/07,null,engine,egcc
641,,2020/09/08,null,engine,egcc
642,,2020/09/09,null,engine,egcc
643,,2020/09/10,null,engine,egcc
644,,2020/09/11,null,engine,egcc
645,,2020/09/12,null,engine,egcc
646,,2020/09/13,null,engine,egcc
647,,2020/09/14,null,engine,egcc
648,,2020/09/15,null,engine,egcc
649,,2020/09/16,null,engine,egcc
650,,2020/09/17,null,engine,egcc
651,,2020/09/18,null,engine,egcc
652,,2020/09/19,null,engine,egcc
653,,2020/09/20,null,engine,egcc
654,,2020/09/21,null,engine,egcc
655,,2020/09/22,null,engine,egcc
656,,2020/09/23,null,engine,egcc
657,,2020/09/24,null,engine,egcc
658,,2020/09/25,null,engine,egcc
659,,2020/09/26,null,engine,egcc
660,,2020/09/27,null,engine,egcc
661,,2020/09/28,null,engine,egcc
662,,2020/09/29,null,engine,egcc
663,,2020/09/30,null,engine,egcc
664,,2020/10/01,null,engine,egcc
665,,2020/10/02,null,engine,egcc
666,,2020/10/03,null,engine,egcc
667,,2020/10/04,null,engine,egcc
668,,2020/10/05,null,engine,egcc
669,,2020/10/06,null,engine,egcc
670,,2020/10/07,null,engine,egcc
671,,2020/10/08,null,engine,egcc
672,,2020/10/09,null,engine,egcc
673,,2020/10/10,null,engine,egcc
674,,2020/10/11,null,engine,egcc
675,,2020/10/12,null,engine,egcc
676,,2020/10/13,null,engine,egcc
677,,2020/10/14,null,engine,egcc
678,,2020/10/15,null,engine,egcc
679,,2020/10/16,null,engine,egcc
680,,2020/10/17,null,engine,egcc
681,,2020/10/18,null,engine,egcc
682,,2020/10/19,null,engine,egcc
683,,2020/10/20,null,engine,egcc
684,,2020/10/21,null,engine,egcc
685,,2020/10/22,null,engine,egcc
686,,2020/10/23,null,engine,egcc
687,,2020/10/24,null,engine,egcc
688,,2020/10/25,null,engine,egcc
689,,2020/10/26,null,engine,egcc
690,,2020/10/27,null,engine,egcc
691,,2020/10/28,null,engine,egcc
692,,2020/10/29,null,engine,egcc
693,,2020/10/30,null,engine,egcc
694,,2020/10/31,null,engine,egcc
695,,2020/11/01,null,engine,egcc
696,,2020/11/02,null,engine,egcc
697,,2020/11/03,null,engine,egcc
698,,2020/11/04,null,engine,egcc
699,,2020/11/05,null,engine,egcc
700,,2020/11/06,null,engine,egcc
701,,2020/11/07,null,engine,egcc
702,,2020/11/08,null,engine,egcc
703,,2020/11/09,null,engine,egcc
704,,2020/11/10,null,engine,egcc
705,,2020/11/11,null,engine,egcc
706,,2020/11/12,null,engine,egcc
707,,2020/11/13,null,engine,egcc
708,,2020/11/14,null,engine,egcc
709,,2020/11/15,null,engine,egcc
710,,2020/11/16,null,engine,egcc
711,,2020/11/17,null,engine,egcc
712,,2020/11/18,null,engine,egcc
713,,2020/11/19,null,engine,egcc
714,,2020/11/20,null,engine,egcc
715,,2020/11/21,null,engine,egcc
716,,2020/11/22,null,engine,egcc
717,,2020/11/23,null,engine,egcc
718,,2020/11/24,null,engine,egcc
719,,2020/11/25,null,engine,egcc
720,,2020/11/26,null,engine,egcc
721,,2020/11/27,null,engine,egcc
722,,2020/11/28,null,engine,egcc
723,,2020/11/29,null,engine,egcc
724,,2020/11/30,null,engine,egcc
725,,2020/12/01,null,engine,egcc
726,,2020/12/02,null,engine,egcc
727,,2020/12/03,null,engine,egcc
728,,2020/12/04,null,engine,egcc
729,,2020/12/05,null,engine,egcc
730,,2020/12/06,null,engine,egcc
731,,2020/12/07,null,engine,egcc
732,,2020/12/08,null,engine,egcc
733,,2020/12/09,null,engine,egcc
734,,2020/12/10,null,engine,egcc
735,,2020/12/11,null,engine,egcc
736,,2020/12/12,null,engine,egcc
737,,2020/12/13,null,engine,egcc
738,,2020/12/14,null,engine,egcc
739,,2020/12/15,null,engine,egcc
740,,2020/12/16,null,engine,egcc
741,,2020/12/17,null,engine,egcc
742,,2020/12/18,null,engine,egcc
743,,2020/12/19,null,engine,egcc
744,,2020/12/20,null,engine,egcc
745,,2020/12/21,null,engine,egcc
746,,2020/12/22,null,engine,egcc
747,,2020/12/23,null,engine,egcc
748,,2020/12/24,null,engine,egcc
749,,2020/12/25,null,engine,egcc
750,,2020/12/26,null,engine,egcc
751,,2020/12/27,null,engine,egcc
752,,2020/12/28,null,engine,egcc
753,,2020/12/29,null,engine,egcc
754,,2020/12/30,null,engine,egcc
755,,2020/12/31,null,engine,egcc
756,,2021/01/01,null,engine,egcc
757,,2021/01/02,null,engine,egcc
758,,2021/01/03,null,engine,egcc
759,,2021/01/04,null,engine,egcc
760,,2021/01/05,null,engine,egcc
761,,2021/01/06,null,engine,egcc
762,,2021/01/07,null,engine,egcc
763,,2021/01/08,null,engine,egcc
764,,2021/01/09,null,engine,egcc
765,,2021/01/10,null,engine,egcc
766,,2021/01/11,null,engine,egcc
767,,2021/01/12,null,engine,egcc
768,,2021/01/13,null,engine,egcc
769,,2021/01/14,null,engine,egcc
770,,2021/01/15,null,engine,egcc
771,,2021/01/16,null,engine,egcc
772,,2021/01/17,null,engine,egcc
773,,2021/01/18,null,engine,egcc
774,,2021/01/19,null,engine,egcc
775,,2021/01/20,null,engine,egcc
776,,2021/01/21,null,engine,egcc
777,,2021/01/22,null,engine,egcc
778,,2021/01/23,null,engine,egcc
779,,2021/01/24,null,engine,egcc
780,,2021/01/25,null,engine,egcc
781,,2021/01/26,null,engine,egcc
782,,2021/01/27,null,engine,egcc
783,,2021/01/28,null,engine,egcc
784,,2021/01/29,null,engine,egcc
785,,2021/01/30,null,engine,egcc
786,,2021/01/31,null,engine,egcc
787,,2021/02/01,null,engine,egcc
788,,2021/02/02,null,engine,egcc
789,,2021/02/03,null,engine,egcc
790,,2021/02/04,null,engine,egcc
791,,2021/02/05,null,engine,egcc
792,,2021/02/06,null,engine,egcc
793,,2021/02/07,null,engine,egcc
794,,2021/02/08,null,engine,egcc
795,,2021/02/09,null,engine,egcc
796,,2021/02/10,null,engine,egcc
797,,2021/02/11,null,engine,egcc
798,,2021/02/12,null,engine,egcc
799,,2021/02/13,null,engine,egcc
800,,2021/02/14,null,engine,egcc
801,,2021/02/15,null,engine,egcc
802,,2021/02/16,null,engine,egcc
803,,2021/02/17,null,engine,egcc
804,,2021/02/18,null,engine,egcc
805,,2021/02/19,null,engine,egcc
806,,2021/02/20,null,engine,egcc
807,,2021/02/21,null,engine,egcc
808,,2021/02/22,null,engine,egcc
809,,2021/02/23,null,engine,egcc
810,,2021/02/24,null,engine,egcc
811,,2021/02/25,null,engine,egcc
812,,2021/02/26,null,engine,egcc
813,,2021/02/27,null,engine,egcc
814,,2021/02/28,null,engine,egcc
815,,2021/03/01,null,engine,egcc
816,,2021/03/02,null,engine,egcc
817,,2021/03/03,null,engine,egcc
818,,2021/03/04,null,engine,egcc
819,,2021/03/05,null,engine,egcc
820,,2021/03/06,null,engine,egcc
821,,2021/03/07,null,engine,egcc
822,,2021/03/08,null,engine,egcc
823,,2021/03/09,null,engine,egcc
824,,2021/03/10,null,engine,egcc
825,,2021/03/11,null,engine,egcc
826,,2021/03/12,null,engine,egcc
827,,2021/03/13,null,engine,egcc
828,,2021/03/14,null,engine,egcc
829,,2021/03/15,null,engine,egcc
830,,2021/03/16,null,engine,egcc
831,,2021/03/17,null,engine,egcc
832,,2021/03/18,null,engine,egcc
833,,2021/03/19,null,engine,egcc
834,,2021/03/20,null,engine,egcc
835,,2021/03/21,null,engine,egcc
836,,2021/03/22,null,engine,egcc
837,,2021/03/23,null,engine,egcc
838,,2021/03/24,null,engine,egcc
839,,2021/03/25,null,engine,egcc
840,,2021/03/26,null,engine,egcc
841,,2021/03/27,null,engine,egcc
842,,2021/03/28,null,engine,egcc
843,,2021/03/29,null,engine,egcc
844,,2021/03/30,null,engine,egcc
845,,2021/03/31,null,engine,egcc
846,,2021/04/01,null,engine,egcc
847,,2021/04/02,null,engine,egcc
848,,2021/04/03,null,engine,egcc
849,,2021/04/04,null,engine,egcc
850,,2021/04/05,null,engine,egcc
851,,2021/04/06,null,engine,egcc
852,,2021/04/07,null,engine,egcc
853,,2021/04/08,null,engine,egcc
854,,2021/04/09,null,engine,egcc
855,,2021/04/10,null,engine,egcc
856,,2021/04/11,null,engine,egcc
857,,2021/04/12,null,engine,egcc
858,,2021/04/13,null,engine,egcc
859,,2021/04/14,null,engine,egcc
860,,2021/04/15,null,engine,egcc
861,,2021/04/16,null,engine,egcc
862,,2021/04/17,null,engine,egcc
863,,2021/04/18,null,engine,egcc
864,,2021/04/19,null,engine,egcc
865,,2021/04/20,null,engine,egcc
866,,2021/04/21,null,engine,egcc
867,,2021/04/22,null,engine,egcc
868,,2021/04/23,null,engine,egcc
869,,2021/04/24,null,engine,egcc
870,,2021/04/25,null,engine,egcc
871,,2021/04/26,null,engine,egcc
872,,2021/04/27,null,engine,egcc
873,,2021/04/28,null,engine,egcc
874,,2021/04/29,null,engine,egcc
875,,2021/04/30,null,engine,egcc
876,,2021/05/01,null,engine,egcc
877,,2021/05/02,null,engine,egcc
878,,2021/05/03,null,engine,egcc
879,,2021/05/04,null,engine,egcc
880,,2021/05/05,null,engine,egcc
881,,2021/05/06,null,engine,egcc
882,,2021/05/07,null,engine,egcc
883,,2021/05/08,null,engine,egcc
884,,2021/05/09,null,engine,egcc
885,,2021/05/10,null,engine,egcc
886,,2021/05/11,null,engine,egcc
887,,2021/05/12,null,engine,egcc
888,,2021/05/13,null,engine,egcc
889,,2021/05/14,null,engine,egcc
890,,2021/05/15,null,engine,egcc
891,,2021/05/16,null,engine,egcc
892,,2021/05/17,null,engine,egcc
893,,2021/05/18,null,engine,egcc
894,,2021/05/19,null,engine,egcc
895,,2021/05/20,null,engine,egcc
896,,2021/05/21,null,engine,egcc
897,,2021/05/22,null,engine,egcc
898,,2021/05/23,null,engine,egcc
899,,2021/05/24,null,engine,egcc
900,,2021/05/25,null,engine,egcc
901,,2021/05/26,null,engine,egcc
902,,2021/05/27,null,engine,egcc
903,,2021/05/28,null,engine,egcc
904,,2021/05/29,null,engine,egcc
905,,2021/05/30,null,engine,egcc
906,,2021/05/31,null,engine,egcc
907,,2021/06/01,null,engine,egcc
908,,2021/06/02,null,engine,egcc
909,,2021/06/03,null,engine,egcc
910,,2021/06/04,null,engine,egcc
911,,2021/06/05,null,engine,egcc
912,,2021/06/06,null,engine,egcc
913,,2021/06/07,null,engine,egcc
914,,2021/06/08,null,engine,egcc
915,,2021/06/09,null,engine,egcc
916,,2021/06/10,null,engine,egcc
917,,2021/06/11,null,engine,egcc
918,,2021/06/12,null,engine,egcc
919,,2021/06/13,null,engine,egcc
920,,2021/06/14,null,engine,egcc
921,,2021/06/15,null,engine,egcc
922,,2021/06/16,null,engine,egcc
923,,2021/06/17,null,engine,egcc
924,,2021/06/18,null,engine,egcc
925,,2021/06/19,null,engine,egcc
926,,2021/06/20,null,engine,egcc
927,,2021/06/21,null,engine,egcc
928,,2021/06/22,null,engine,egcc
929,,2021/06/23,null,engine,egcc
930,,2021/06/24,null,engine,egcc
931,,2021/06/25,null,engine,egcc
932,,2021/06/26,null,engine,egcc
933,,2021/06/27,null,engine,egcc
934,,2021/06/28,173,engine,egcc
935,,2021/06/29,104,engine,egcc
936,,2021/06/30,null,engine,egcc
937,,2021/07/01,null,engine,egcc
938,,2021/07/02,null,engine,egcc
939,,2021/07/03,null,engine,egcc
940,,2021/07/04,null,engine,egcc
941,,2021/07/05,null,engine,egcc
942,,2021/07/06,202,engine,egcc
943,,2021/07/07,156,engine,egcc
944,,2021/07/08,123,engine,egcc
945,,2021/07/09,null,engine,egcc
946,,2021/07/10,null,engine,egcc
947,,2021/07/11,null,engine,egcc
948,,2021/07/12,134,engine,egcc
949,,2021/07/13,141,engine,egcc
