,google_trends,date,tweets,full_name,coin
0,,2018/01/08,94,enigma,eng
1,,2018/01/09,330,enigma,eng
2,,2018/01/10,228,enigma,eng
3,,2018/01/11,154,enigma,eng
4,,2018/01/12,110,enigma,eng
5,,2018/01/13,184,enigma,eng
6,,2018/01/14,117,enigma,eng
7,,2018/01/15,139,enigma,eng
8,,2018/01/16,165,enigma,eng
9,,2018/01/17,184,enigma,eng
10,,2018/01/18,149,enigma,eng
11,,2018/01/19,88,enigma,eng
12,,2018/01/20,116,enigma,eng
13,,2018/01/21,133,enigma,eng
14,,2018/01/22,118,enigma,eng
15,,2018/01/23,92,enigma,eng
16,,2018/01/24,123,enigma,eng
17,,2018/01/25,154,enigma,eng
18,,2018/01/26,98,enigma,eng
19,,2018/01/27,104,enigma,eng
20,,2018/01/28,89,enigma,eng
21,,2018/01/29,136,enigma,eng
22,,2018/01/30,95,enigma,eng
23,,2018/01/31,62,enigma,eng
24,,2018/02/01,76,enigma,eng
25,,2018/02/02,62,enigma,eng
26,,2018/02/03,132,enigma,eng
27,,2018/02/04,59,enigma,eng
28,,2018/02/05,65,enigma,eng
29,,2018/02/06,143,enigma,eng
30,,2018/02/07,92,enigma,eng
31,,2018/02/08,105,enigma,eng
32,,2018/02/09,285,enigma,eng
33,,2018/02/10,110,enigma,eng
34,,2018/02/11,117,enigma,eng
35,,2018/02/12,254,enigma,eng
36,,2018/02/13,110,enigma,eng
37,,2018/02/14,71,enigma,eng
38,,2018/02/15,78,enigma,eng
39,,2018/02/16,136,enigma,eng
40,,2018/02/17,167,enigma,eng
41,,2018/02/18,77,enigma,eng
42,,2018/02/19,55,enigma,eng
43,,2018/02/20,61,enigma,eng
44,,2018/02/21,57,enigma,eng
45,,2018/02/22,116,enigma,eng
46,,2018/02/23,78,enigma,eng
47,,2018/02/24,44,enigma,eng
48,,2018/02/25,71,enigma,eng
49,,2018/02/26,145,enigma,eng
50,,2018/02/27,174,enigma,eng
51,,2018/02/28,100,enigma,eng
52,,2018/03/01,92,enigma,eng
53,,2018/03/02,92,enigma,eng
54,,2018/03/03,null,enigma,eng
55,,2018/03/04,null,enigma,eng
56,,2018/03/05,null,enigma,eng
57,,2018/03/06,null,enigma,eng
58,,2018/03/07,null,enigma,eng
59,,2018/03/08,null,enigma,eng
60,,2018/03/09,null,enigma,eng
61,,2018/03/10,null,enigma,eng
62,,2018/03/11,null,enigma,eng
63,,2018/03/12,null,enigma,eng
64,,2018/03/13,null,enigma,eng
65,,2018/03/14,null,enigma,eng
66,,2018/03/15,null,enigma,eng
67,,2018/03/16,null,enigma,eng
68,,2018/03/17,null,enigma,eng
69,,2018/03/18,null,enigma,eng
70,,2018/03/19,null,enigma,eng
71,,2018/03/20,null,enigma,eng
72,,2018/03/21,null,enigma,eng
73,,2018/03/22,null,enigma,eng
74,,2018/03/23,null,enigma,eng
75,,2018/03/24,null,enigma,eng
76,,2018/03/25,null,enigma,eng
77,,2018/03/26,null,enigma,eng
78,,2018/03/27,null,enigma,eng
79,,2018/03/28,null,enigma,eng
80,,2018/03/29,null,enigma,eng
81,,2018/03/30,null,enigma,eng
82,,2018/03/31,null,enigma,eng
83,,2018/04/01,null,enigma,eng
84,,2018/04/02,null,enigma,eng
85,,2018/04/03,null,enigma,eng
86,,2018/04/04,null,enigma,eng
87,,2018/04/05,null,enigma,eng
88,,2018/04/06,null,enigma,eng
89,,2018/04/07,40,enigma,eng
90,,2018/04/08,62,enigma,eng
91,,2018/04/09,123,enigma,eng
92,,2018/04/10,118,enigma,eng
93,,2018/04/11,64,enigma,eng
94,,2018/04/12,110,enigma,eng
95,,2018/04/13,60,enigma,eng
96,,2018/04/14,67,enigma,eng
97,,2018/04/15,68,enigma,eng
98,,2018/04/16,82,enigma,eng
99,,2018/04/17,82,enigma,eng
100,,2018/04/18,103,enigma,eng
101,,2018/04/19,99,enigma,eng
102,,2018/04/20,116,enigma,eng
103,,2018/04/21,78,enigma,eng
104,,2018/04/22,47,enigma,eng
105,,2018/04/23,63,enigma,eng
106,,2018/04/24,78,enigma,eng
107,,2018/04/25,66,enigma,eng
108,,2018/04/26,61,enigma,eng
109,,2018/04/27,90,enigma,eng
110,,2018/04/28,86,enigma,eng
111,,2018/04/29,147,enigma,eng
112,,2018/04/30,160,enigma,eng
113,,2018/05/01,79,enigma,eng
114,,2018/05/02,73,enigma,eng
115,,2018/05/03,79,enigma,eng
116,,2018/05/04,82,enigma,eng
117,,2018/05/05,51,enigma,eng
118,,2018/05/06,84,enigma,eng
119,,2018/05/07,108,enigma,eng
120,,2018/05/08,66,enigma,eng
121,,2018/05/09,91,enigma,eng
122,,2018/05/10,62,enigma,eng
123,,2018/05/11,36,enigma,eng
124,,2018/05/12,53,enigma,eng
125,,2018/05/13,188,enigma,eng
126,,2018/05/14,106,enigma,eng
127,,2018/05/15,119,enigma,eng
128,,2018/05/16,151,enigma,eng
129,,2018/05/17,93,enigma,eng
130,,2018/05/18,63,enigma,eng
131,,2018/05/19,30,enigma,eng
132,,2018/05/20,56,enigma,eng
133,,2018/05/21,69,enigma,eng
134,,2018/05/22,42,enigma,eng
135,,2018/05/23,61,enigma,eng
136,,2018/05/24,240,enigma,eng
137,,2018/05/25,94,enigma,eng
138,,2018/05/26,97,enigma,eng
139,,2018/05/27,31,enigma,eng
140,,2018/05/28,41,enigma,eng
141,,2018/05/29,185,enigma,eng
142,,2018/05/30,54,enigma,eng
143,,2018/05/31,56,enigma,eng
144,,2018/06/01,68,enigma,eng
145,,2018/06/02,109,enigma,eng
146,,2018/06/03,78,enigma,eng
147,,2018/06/04,51,enigma,eng
148,,2018/06/05,141,enigma,eng
149,,2018/06/06,67,enigma,eng
150,,2018/06/07,189,enigma,eng
151,,2018/06/08,108,enigma,eng
152,,2018/06/09,71,enigma,eng
153,,2018/06/10,35,enigma,eng
154,,2018/06/11,234,enigma,eng
155,,2018/06/12,108,enigma,eng
156,,2018/06/13,136,enigma,eng
157,,2018/06/14,57,enigma,eng
158,,2018/06/15,45,enigma,eng
159,,2018/06/16,33,enigma,eng
160,,2018/06/17,64,enigma,eng
161,,2018/06/18,57,enigma,eng
162,,2018/06/19,32,enigma,eng
163,,2018/06/20,181,enigma,eng
164,,2018/06/21,259,enigma,eng
165,,2018/06/22,75,enigma,eng
166,,2018/06/23,121,enigma,eng
167,,2018/06/24,54,enigma,eng
168,,2018/06/25,57,enigma,eng
169,,2018/06/26,68,enigma,eng
170,,2018/06/27,102,enigma,eng
171,,2018/06/28,60,enigma,eng
172,,2018/06/29,53,enigma,eng
173,,2018/06/30,61,enigma,eng
174,,2018/07/01,67,enigma,eng
175,,2018/07/02,142,enigma,eng
176,,2018/07/03,184,enigma,eng
177,,2018/07/04,58,enigma,eng
178,,2018/07/05,50,enigma,eng
179,,2018/07/06,36,enigma,eng
180,,2018/07/07,53,enigma,eng
181,,2018/07/08,50,enigma,eng
182,,2018/07/09,215,enigma,eng
183,,2018/07/10,145,enigma,eng
184,,2018/07/11,73,enigma,eng
185,,2018/07/12,44,enigma,eng
186,,2018/07/13,73,enigma,eng
187,,2018/07/14,82,enigma,eng
188,,2018/07/15,163,enigma,eng
189,,2018/07/16,146,enigma,eng
190,,2018/07/17,84,enigma,eng
191,,2018/07/18,64,enigma,eng
192,,2018/07/19,714,enigma,eng
193,,2018/07/20,311,enigma,eng
194,,2018/07/21,160,enigma,eng
195,,2018/07/22,78,enigma,eng
196,,2018/07/23,72,enigma,eng
197,,2018/07/24,87,enigma,eng
198,,2018/07/25,152,enigma,eng
199,,2018/07/26,138,enigma,eng
200,,2018/07/27,101,enigma,eng
201,,2018/07/28,93,enigma,eng
202,,2018/07/29,147,enigma,eng
203,,2018/07/30,76,enigma,eng
204,,2018/07/31,95,enigma,eng
205,,2018/08/01,116,enigma,eng
206,,2018/08/02,97,enigma,eng
207,,2018/08/03,52,enigma,eng
208,,2018/08/04,87,enigma,eng
209,,2018/08/05,71,enigma,eng
210,,2018/08/06,57,enigma,eng
211,,2018/08/07,40199,enigma,eng
212,,2018/08/08,6886,enigma,eng
213,,2018/08/09,3514,enigma,eng
214,,2018/08/10,960,enigma,eng
215,,2018/08/11,684,enigma,eng
216,,2018/08/12,596,enigma,eng
217,,2018/08/13,1838,enigma,eng
218,,2018/08/14,1286,enigma,eng
219,,2018/08/15,849,enigma,eng
220,,2018/08/16,750,enigma,eng
221,,2018/08/17,738,enigma,eng
222,,2018/08/18,320,enigma,eng
223,,2018/08/19,222,enigma,eng
224,,2018/08/20,370,enigma,eng
225,,2018/08/21,447,enigma,eng
226,,2018/08/22,303,enigma,eng
227,,2018/08/23,277,enigma,eng
228,,2018/08/24,542,enigma,eng
229,,2018/08/25,267,enigma,eng
230,,2018/08/26,300,enigma,eng
231,,2018/08/27,223,enigma,eng
232,,2018/08/28,132,enigma,eng
233,,2018/08/29,160,enigma,eng
234,,2018/08/30,213,enigma,eng
235,,2018/08/31,178,enigma,eng
236,,2018/09/01,593,enigma,eng
237,,2018/09/02,776,enigma,eng
238,,2018/09/03,370,enigma,eng
239,,2018/09/04,195,enigma,eng
240,,2018/09/05,162,enigma,eng
241,,2018/09/06,149,enigma,eng
242,,2018/09/07,108,enigma,eng
243,,2018/09/08,106,enigma,eng
244,,2018/09/09,119,enigma,eng
245,,2018/09/10,177,enigma,eng
246,,2018/09/11,139,enigma,eng
247,,2018/09/12,107,enigma,eng
248,,2018/09/13,140,enigma,eng
249,,2018/09/14,119,enigma,eng
250,,2018/09/15,209,enigma,eng
251,,2018/09/16,165,enigma,eng
252,,2018/09/17,103,enigma,eng
253,,2018/09/18,133,enigma,eng
254,,2018/09/19,161,enigma,eng
255,,2018/09/20,329,enigma,eng
256,,2018/09/21,162,enigma,eng
257,,2018/09/22,115,enigma,eng
258,,2018/09/23,93,enigma,eng
259,,2018/09/24,309,enigma,eng
260,,2018/09/25,95,enigma,eng
261,,2018/09/26,84,enigma,eng
262,,2018/09/27,104,enigma,eng
263,,2018/09/28,101,enigma,eng
264,,2018/09/29,84,enigma,eng
265,,2018/09/30,130,enigma,eng
266,,2018/10/01,112,enigma,eng
267,,2018/10/02,97,enigma,eng
268,,2018/10/03,84,enigma,eng
269,,2018/10/04,102,enigma,eng
270,,2018/10/05,195,enigma,eng
271,,2018/10/06,153,enigma,eng
272,,2018/10/07,87,enigma,eng
273,,2018/10/08,102,enigma,eng
274,,2018/10/09,165,enigma,eng
275,,2018/10/10,102,enigma,eng
276,,2018/10/11,123,enigma,eng
277,,2018/10/12,145,enigma,eng
278,,2018/10/13,1970,enigma,eng
279,,2018/10/14,291,enigma,eng
280,,2018/10/15,157,enigma,eng
281,,2018/10/16,97,enigma,eng
282,,2018/10/17,101,enigma,eng
283,,2018/10/18,101,enigma,eng
284,,2018/10/19,126,enigma,eng
285,,2018/10/20,209,enigma,eng
286,,2018/10/21,174,enigma,eng
287,,2018/10/22,62,enigma,eng
288,,2018/10/23,123,enigma,eng
289,,2018/10/24,133,enigma,eng
290,,2018/10/25,110,enigma,eng
291,,2018/10/26,90,enigma,eng
292,,2018/10/27,138,enigma,eng
293,,2018/10/28,110,enigma,eng
294,,2018/10/29,101,enigma,eng
295,,2018/10/30,152,enigma,eng
296,,2018/10/31,115,enigma,eng
297,,2018/11/01,74,enigma,eng
298,,2018/11/02,322,enigma,eng
299,,2018/11/03,111,enigma,eng
300,,2018/11/04,101,enigma,eng
301,,2018/11/05,87,enigma,eng
302,,2018/11/06,58,enigma,eng
303,,2018/11/07,79,enigma,eng
304,,2018/11/08,289,enigma,eng
305,,2018/11/09,396,enigma,eng
306,,2018/11/10,104,enigma,eng
307,,2018/11/11,82,enigma,eng
308,,2018/11/12,101,enigma,eng
309,,2018/11/13,123,enigma,eng
310,,2018/11/14,112,enigma,eng
311,,2018/11/15,200,enigma,eng
312,,2018/11/16,96,enigma,eng
313,,2018/11/17,144,enigma,eng
314,,2018/11/18,95,enigma,eng
315,,2018/11/19,158,enigma,eng
316,,2018/11/20,113,enigma,eng
317,,2018/11/21,142,enigma,eng
318,,2018/11/22,85,enigma,eng
319,,2018/11/23,141,enigma,eng
320,,2018/11/24,162,enigma,eng
321,,2018/11/25,131,enigma,eng
322,,2018/11/26,139,enigma,eng
323,,2018/11/27,259,enigma,eng
324,,2018/11/28,470,enigma,eng
325,,2018/11/29,333,enigma,eng
326,,2018/11/30,112,enigma,eng
327,,2018/12/01,170,enigma,eng
328,,2018/12/02,130,enigma,eng
329,,2018/12/03,2421,enigma,eng
330,,2018/12/04,1613,enigma,eng
331,,2018/12/05,13314,enigma,eng
332,,2018/12/06,null,enigma,eng
333,,2018/12/07,560,enigma,eng
334,,2018/12/08,545,enigma,eng
335,,2018/12/09,410,enigma,eng
336,,2018/12/10,8751,enigma,eng
337,,2018/12/11,1300,enigma,eng
338,,2018/12/12,560,enigma,eng
339,,2018/12/13,1351,enigma,eng
340,,2018/12/14,5291,enigma,eng
341,,2018/12/15,5503,enigma,eng
342,,2018/12/16,4790,enigma,eng
343,,2018/12/17,3054,enigma,eng
344,,2018/12/18,1134,enigma,eng
345,,2018/12/19,3107,enigma,eng
346,,2018/12/20,1047,enigma,eng
347,,2018/12/21,3513,enigma,eng
348,,2018/12/22,5530,enigma,eng
349,,2018/12/23,8370,enigma,eng
350,,2018/12/24,2470,enigma,eng
351,,2018/12/25,3698,enigma,eng
352,,2018/12/26,4479,enigma,eng
353,,2018/12/27,7088,enigma,eng
354,,2018/12/28,27241,enigma,eng
355,,2018/12/29,206990,enigma,eng
356,,2018/12/30,21987,enigma,eng
357,,2018/12/31,25263,enigma,eng
358,,2019/01/01,8743,enigma,eng
359,,2019/01/02,4262,enigma,eng
360,,2019/01/03,2049,enigma,eng
361,,2019/01/04,1407,enigma,eng
362,,2019/01/05,1481,enigma,eng
363,,2019/01/06,599,enigma,eng
364,,2019/01/07,836,enigma,eng
365,,2019/01/08,504,enigma,eng
366,,2019/01/09,406,enigma,eng
367,,2019/01/10,347,enigma,eng
368,,2019/01/11,256,enigma,eng
369,,2019/01/12,213,enigma,eng
370,,2019/01/13,260,enigma,eng
371,,2019/01/14,433,enigma,eng
372,,2019/01/15,441,enigma,eng
373,,2019/01/16,1338,enigma,eng
374,,2019/01/17,1566,enigma,eng
375,,2019/01/18,3693,enigma,eng
376,,2019/01/19,1431,enigma,eng
377,,2019/01/20,4688,enigma,eng
378,,2019/01/21,2152,enigma,eng
379,,2019/01/22,1126,enigma,eng
380,,2019/01/23,484,enigma,eng
381,,2019/01/24,436,enigma,eng
382,,2019/01/25,1881,enigma,eng
383,,2019/01/26,1092,enigma,eng
384,,2019/01/27,15374,enigma,eng
385,,2019/01/28,2151,enigma,eng
386,,2019/01/29,739,enigma,eng
387,,2019/01/30,519,enigma,eng
388,,2019/01/31,458,enigma,eng
389,,2019/02/01,1851,enigma,eng
390,,2019/02/02,809,enigma,eng
391,,2019/02/03,6046,enigma,eng
392,,2019/02/04,1324,enigma,eng
393,,2019/02/05,539,enigma,eng
394,,2019/02/06,855,enigma,eng
395,,2019/02/07,255,enigma,eng
396,,2019/02/08,275,enigma,eng
397,,2019/02/09,249,enigma,eng
398,,2019/02/10,288,enigma,eng
399,,2019/02/11,210,enigma,eng
400,,2019/02/12,200,enigma,eng
401,,2019/02/13,216,enigma,eng
402,,2019/02/14,125,enigma,eng
403,,2019/02/15,143,enigma,eng
404,,2019/02/16,147,enigma,eng
405,,2019/02/17,249,enigma,eng
406,,2019/02/18,260,enigma,eng
407,,2019/02/19,167,enigma,eng
408,,2019/02/20,209,enigma,eng
409,,2019/02/21,160,enigma,eng
410,,2019/02/22,167,enigma,eng
411,,2019/02/23,139,enigma,eng
412,,2019/02/24,106,enigma,eng
413,,2019/02/25,177,enigma,eng
414,,2019/02/26,185,enigma,eng
415,,2019/02/27,748,enigma,eng
416,,2019/02/28,243,enigma,eng
417,,2019/03/01,253,enigma,eng
418,,2019/03/02,93,enigma,eng
419,,2019/03/03,99,enigma,eng
420,,2019/03/04,150,enigma,eng
421,,2019/03/05,158,enigma,eng
422,,2019/03/06,135,enigma,eng
423,,2019/03/07,143,enigma,eng
424,,2019/03/08,156,enigma,eng
425,,2019/03/09,126,enigma,eng
426,,2019/03/10,288,enigma,eng
427,,2019/03/11,225,enigma,eng
428,,2019/03/12,545,enigma,eng
429,,2019/03/13,603,enigma,eng
430,,2019/03/14,146,enigma,eng
431,,2019/03/15,191,enigma,eng
432,,2019/03/16,141,enigma,eng
433,,2019/03/17,114,enigma,eng
434,,2019/03/18,136,enigma,eng
435,,2019/03/19,146,enigma,eng
436,,2019/03/20,240,enigma,eng
437,,2019/03/21,125,enigma,eng
438,,2019/03/22,115,enigma,eng
439,,2019/03/23,111,enigma,eng
440,,2019/03/24,146,enigma,eng
441,,2019/03/25,99,enigma,eng
442,,2019/03/26,151,enigma,eng
443,,2019/03/27,152,enigma,eng
444,,2019/03/28,164,enigma,eng
445,,2019/03/29,124,enigma,eng
446,,2019/03/30,133,enigma,eng
447,,2019/03/31,111,enigma,eng
448,,2019/04/01,124,enigma,eng
449,,2019/04/02,80,enigma,eng
450,,2019/04/03,119,enigma,eng
451,,2019/04/04,144,enigma,eng
452,,2019/04/05,139,enigma,eng
453,,2019/04/06,183,enigma,eng
454,,2019/04/07,124,enigma,eng
455,,2019/04/08,85,enigma,eng
456,,2019/04/09,176,enigma,eng
457,,2019/04/10,122,enigma,eng
458,,2019/04/11,155,enigma,eng
459,,2019/04/12,184,enigma,eng
460,,2019/04/13,99,enigma,eng
461,,2019/04/14,495,enigma,eng
462,,2019/04/15,225,enigma,eng
463,,2019/04/16,215,enigma,eng
464,,2019/04/17,119,enigma,eng
465,,2019/04/18,139,enigma,eng
466,,2019/04/19,130,enigma,eng
467,,2019/04/20,99,enigma,eng
468,,2019/04/21,103,enigma,eng
469,,2019/04/22,99,enigma,eng
470,,2019/04/23,165,enigma,eng
471,,2019/04/24,99,enigma,eng
472,,2019/04/25,93,enigma,eng
473,,2019/04/26,92,enigma,eng
474,,2019/04/27,96,enigma,eng
475,,2019/04/28,91,enigma,eng
476,,2019/04/29,129,enigma,eng
477,,2019/04/30,198,enigma,eng
478,,2019/05/01,245,enigma,eng
479,,2019/05/02,99,enigma,eng
480,,2019/05/03,125,enigma,eng
481,,2019/05/04,181,enigma,eng
482,,2019/05/05,290,enigma,eng
483,,2019/05/06,225,enigma,eng
484,,2019/05/07,141,enigma,eng
485,,2019/05/08,93,enigma,eng
486,,2019/05/09,197,enigma,eng
487,,2019/05/10,397,enigma,eng
488,,2019/05/11,270,enigma,eng
489,,2019/05/12,154,enigma,eng
490,,2019/05/13,133,enigma,eng
491,,2019/05/14,120,enigma,eng
492,,2019/05/15,93,enigma,eng
493,,2019/05/16,262,enigma,eng
494,,2019/05/17,230,enigma,eng
495,,2019/05/18,531,enigma,eng
496,,2019/05/19,149,enigma,eng
497,,2019/05/20,154,enigma,eng
498,,2019/05/21,208,enigma,eng
499,,2019/05/22,196,enigma,eng
500,,2019/05/23,273,enigma,eng
501,,2019/05/24,226,enigma,eng
502,,2019/05/25,188,enigma,eng
503,,2019/05/26,219,enigma,eng
504,,2019/05/27,276,enigma,eng
505,,2019/05/28,383,enigma,eng
506,,2019/05/29,530,enigma,eng
507,,2019/05/30,1268,enigma,eng
508,,2019/05/31,3643,enigma,eng
509,,2019/06/01,665,enigma,eng
510,,2019/06/02,2709,enigma,eng
511,,2019/06/03,931,enigma,eng
512,,2019/06/04,547,enigma,eng
513,,2019/06/05,324,enigma,eng
514,,2019/06/06,628,enigma,eng
515,,2019/06/07,2394,enigma,eng
516,,2019/06/08,1005,enigma,eng
517,,2019/06/09,995,enigma,eng
518,,2019/06/10,608,enigma,eng
519,,2019/06/11,464,enigma,eng
520,,2019/06/12,450,enigma,eng
521,,2019/06/13,885,enigma,eng
522,,2019/06/14,512,enigma,eng
523,,2019/06/15,1518,enigma,eng
524,,2019/06/16,774,enigma,eng
525,,2019/06/17,337,enigma,eng
526,,2019/06/18,154,enigma,eng
527,,2019/06/19,148,enigma,eng
528,,2019/06/20,275,enigma,eng
529,,2019/06/21,451,enigma,eng
530,,2019/06/22,499,enigma,eng
531,,2019/06/23,285,enigma,eng
532,,2019/06/24,302,enigma,eng
533,,2019/06/25,291,enigma,eng
534,,2019/06/26,870,enigma,eng
535,,2019/06/27,399,enigma,eng
536,,2019/06/28,412,enigma,eng
537,,2019/06/29,1449,enigma,eng
538,,2019/06/30,252,enigma,eng
539,,2019/07/01,203,enigma,eng
540,,2019/07/02,206,enigma,eng
541,,2019/07/03,175,enigma,eng
542,,2019/07/04,128,enigma,eng
543,,2019/07/05,107,enigma,eng
544,,2019/07/06,136,enigma,eng
545,,2019/07/07,277,enigma,eng
546,,2019/07/08,416,enigma,eng
547,,2019/07/09,579,enigma,eng
548,,2019/07/10,310,enigma,eng
549,,2019/07/11,235,enigma,eng
550,,2019/07/12,224,enigma,eng
551,,2019/07/13,300,enigma,eng
552,,2019/07/14,219,enigma,eng
553,,2019/07/15,562,enigma,eng
554,,2019/07/16,266,enigma,eng
555,,2019/07/17,186,enigma,eng
556,,2019/07/18,169,enigma,eng
557,,2019/07/19,285,enigma,eng
558,,2019/07/20,224,enigma,eng
559,,2019/07/21,181,enigma,eng
560,,2019/07/22,402,enigma,eng
561,,2019/07/23,928,enigma,eng
562,,2019/07/24,454,enigma,eng
563,,2019/07/25,634,enigma,eng
564,,2019/07/26,621,enigma,eng
565,,2019/07/27,350,enigma,eng
566,,2019/07/28,303,enigma,eng
567,,2019/07/29,733,enigma,eng
568,,2019/07/30,557,enigma,eng
569,,2019/07/31,423,enigma,eng
570,,2019/08/01,825,enigma,eng
571,,2019/08/02,724,enigma,eng
572,,2019/08/03,419,enigma,eng
573,,2019/08/04,391,enigma,eng
574,,2019/08/05,719,enigma,eng
575,,2019/08/06,450,enigma,eng
576,,2019/08/07,368,enigma,eng
577,,2019/08/08,339,enigma,eng
578,,2019/08/09,269,enigma,eng
579,,2019/08/10,171,enigma,eng
580,,2019/08/11,170,enigma,eng
581,,2019/08/12,238,enigma,eng
582,,2019/08/13,330,enigma,eng
583,,2019/08/14,142,enigma,eng
584,,2019/08/15,791,enigma,eng
585,,2019/08/16,728,enigma,eng
586,,2019/08/17,567,enigma,eng
587,,2019/08/18,256,enigma,eng
588,,2019/08/19,236,enigma,eng
589,,2019/08/20,499,enigma,eng
590,,2019/08/21,317,enigma,eng
591,,2019/08/22,479,enigma,eng
592,,2019/08/23,351,enigma,eng
593,,2019/08/24,267,enigma,eng
594,,2019/08/25,398,enigma,eng
595,,2019/08/26,361,enigma,eng
596,,2019/08/27,263,enigma,eng
597,,2019/08/28,290,enigma,eng
598,,2019/08/29,1508,enigma,eng
599,,2019/08/30,666,enigma,eng
600,,2019/08/31,179,enigma,eng
601,,2019/09/01,86,enigma,eng
602,,2019/09/02,86,enigma,eng
603,,2019/09/03,107,enigma,eng
604,,2019/09/04,1183,enigma,eng
605,,2019/09/05,1253,enigma,eng
606,,2019/09/06,1888,enigma,eng
607,,2019/09/07,1334,enigma,eng
608,,2019/09/08,1023,enigma,eng
609,,2019/09/09,651,enigma,eng
610,,2019/09/10,265,enigma,eng
611,,2019/09/11,729,enigma,eng
612,,2019/09/12,698,enigma,eng
613,,2019/09/13,419,enigma,eng
614,,2019/09/14,623,enigma,eng
615,,2019/09/15,531,enigma,eng
616,,2019/09/16,246,enigma,eng
617,,2019/09/17,286,enigma,eng
618,,2019/09/18,435,enigma,eng
619,,2019/09/19,512,enigma,eng
620,,2019/09/20,391,enigma,eng
621,,2019/09/21,461,enigma,eng
622,,2019/09/22,266,enigma,eng
623,,2019/09/23,502,enigma,eng
624,,2019/09/24,310,enigma,eng
625,,2019/09/25,113,enigma,eng
626,,2019/09/26,198,enigma,eng
627,,2019/09/27,189,enigma,eng
628,,2019/09/28,228,enigma,eng
629,,2019/09/29,110,enigma,eng
630,,2019/09/30,203,enigma,eng
631,,2019/10/01,450,enigma,eng
632,,2019/10/02,138,enigma,eng
633,,2019/10/03,305,enigma,eng
634,,2019/10/04,433,enigma,eng
635,,2019/10/05,226,enigma,eng
636,,2019/10/06,393,enigma,eng
637,,2019/10/07,656,enigma,eng
638,,2019/10/08,1621,enigma,eng
639,,2019/10/09,528,enigma,eng
640,,2019/10/10,500,enigma,eng
641,,2019/10/11,613,enigma,eng
642,,2019/10/12,569,enigma,eng
643,,2019/10/13,496,enigma,eng
644,,2019/10/14,737,enigma,eng
645,,2019/10/15,252,enigma,eng
646,,2019/10/16,691,enigma,eng
647,,2019/10/17,928,enigma,eng
648,,2019/10/18,8383,enigma,eng
649,,2019/10/19,880,enigma,eng
650,,2019/10/20,1684,enigma,eng
651,,2019/10/21,407,enigma,eng
652,,2019/10/22,181,enigma,eng
653,,2019/10/23,195,enigma,eng
654,,2019/10/24,1320,enigma,eng
655,,2019/10/25,661,enigma,eng
656,,2019/10/26,1301,enigma,eng
657,,2019/10/27,431,enigma,eng
658,,2019/10/28,353,enigma,eng
659,,2019/10/29,625,enigma,eng
660,,2019/10/30,479,enigma,eng
661,,2019/10/31,588,enigma,eng
662,,2019/11/01,1905,enigma,eng
663,,2019/11/02,380,enigma,eng
664,,2019/11/03,993,enigma,eng
665,,2019/11/04,289,enigma,eng
666,,2019/11/05,256,enigma,eng
667,,2019/11/06,220,enigma,eng
668,,2019/11/07,437,enigma,eng
669,,2019/11/08,276,enigma,eng
670,,2019/11/09,869,enigma,eng
671,,2019/11/10,605,enigma,eng
672,,2019/11/11,257,enigma,eng
673,,2019/11/12,135,enigma,eng
674,,2019/11/13,93,enigma,eng
675,,2019/11/14,120,enigma,eng
676,,2019/11/15,138,enigma,eng
677,,2019/11/16,199,enigma,eng
678,,2019/11/17,169,enigma,eng
679,,2019/11/18,162,enigma,eng
680,,2019/11/19,197,enigma,eng
681,,2019/11/20,111,enigma,eng
682,,2019/11/21,93,enigma,eng
683,,2019/11/22,84,enigma,eng
684,,2019/11/23,441,enigma,eng
685,,2019/11/24,273,enigma,eng
686,,2019/11/25,162,enigma,eng
687,,2019/11/26,134,enigma,eng
688,,2019/11/27,143,enigma,eng
689,,2019/11/28,70,enigma,eng
690,,2019/11/29,100,enigma,eng
691,,2019/11/30,140,enigma,eng
692,,2019/12/01,158,enigma,eng
693,,2019/12/02,123,enigma,eng
694,,2019/12/03,118,enigma,eng
695,,2019/12/04,126,enigma,eng
696,,2019/12/05,133,enigma,eng
697,,2019/12/06,131,enigma,eng
698,,2019/12/07,103,enigma,eng
699,,2019/12/08,88,enigma,eng
700,,2019/12/09,93,enigma,eng
701,,2019/12/10,106,enigma,eng
702,,2019/12/11,82,enigma,eng
703,,2019/12/12,94,enigma,eng
704,,2019/12/13,114,enigma,eng
705,,2019/12/14,104,enigma,eng
706,,2019/12/15,176,enigma,eng
707,,2019/12/16,217,enigma,eng
708,,2019/12/17,98,enigma,eng
709,,2019/12/18,91,enigma,eng
710,,2019/12/19,111,enigma,eng
711,,2019/12/20,86,enigma,eng
712,,2019/12/21,154,enigma,eng
713,,2019/12/22,111,enigma,eng
714,,2019/12/23,130,enigma,eng
715,,2019/12/24,101,enigma,eng
716,,2019/12/25,54,enigma,eng
717,,2019/12/26,58,enigma,eng
718,,2019/12/27,172,enigma,eng
719,,2019/12/28,438,enigma,eng
720,,2019/12/29,985,enigma,eng
721,,2019/12/30,465,enigma,eng
722,,2019/12/31,595,enigma,eng
723,,2020/01/01,194,enigma,eng
724,,2020/01/02,98,enigma,eng
725,,2020/01/03,78,enigma,eng
726,,2020/01/04,123,enigma,eng
727,,2020/01/05,116,enigma,eng
728,,2020/01/06,163,enigma,eng
729,,2020/01/07,126,enigma,eng
730,,2020/01/08,64,enigma,eng
731,,2020/01/09,71,enigma,eng
732,,2020/01/10,84,enigma,eng
733,,2020/01/11,93,enigma,eng
734,,2020/01/12,106,enigma,eng
735,,2020/01/13,96,enigma,eng
736,,2020/01/14,102,enigma,eng
737,,2020/01/15,73,enigma,eng
738,,2020/01/16,75,enigma,eng
739,,2020/01/17,116,enigma,eng
740,,2020/01/18,122,enigma,eng
741,,2020/01/19,144,enigma,eng
742,,2020/01/20,98,enigma,eng
743,,2020/01/21,123,enigma,eng
744,,2020/01/22,66,enigma,eng
745,,2020/01/23,45,enigma,eng
746,,2020/01/24,140,enigma,eng
747,,2020/01/25,123,enigma,eng
748,,2020/01/26,86,enigma,eng
749,,2020/01/27,75,enigma,eng
750,,2020/01/28,276,enigma,eng
751,,2020/01/29,302,enigma,eng
752,,2020/01/30,228,enigma,eng
753,,2020/01/31,98,enigma,eng
754,,2020/02/01,203,enigma,eng
755,,2020/02/02,1382,enigma,eng
756,,2020/02/03,182,enigma,eng
757,,2020/02/04,149,enigma,eng
758,,2020/02/05,189,enigma,eng
759,,2020/02/06,137,enigma,eng
760,,2020/02/07,153,enigma,eng
761,,2020/02/08,172,enigma,eng
762,,2020/02/09,171,enigma,eng
763,,2020/02/10,141,enigma,eng
764,,2020/02/11,192,enigma,eng
765,,2020/02/12,163,enigma,eng
766,,2020/02/13,182,enigma,eng
767,,2020/02/14,166,enigma,eng
768,,2020/02/15,149,enigma,eng
769,,2020/02/16,165,enigma,eng
770,,2020/02/17,94,enigma,eng
771,,2020/02/18,125,enigma,eng
772,,2020/02/19,110,enigma,eng
773,,2020/02/20,123,enigma,eng
774,,2020/02/21,95,enigma,eng
775,,2020/02/22,137,enigma,eng
776,,2020/02/23,118,enigma,eng
777,,2020/02/24,96,enigma,eng
778,,2020/02/25,140,enigma,eng
779,,2020/02/26,187,enigma,eng
780,,2020/02/27,179,enigma,eng
781,,2020/02/28,203,enigma,eng
782,,2020/02/29,133,enigma,eng
783,,2020/03/01,128,enigma,eng
784,,2020/03/02,141,enigma,eng
785,,2020/03/03,145,enigma,eng
786,,2020/03/04,83,enigma,eng
787,,2020/03/05,153,enigma,eng
788,,2020/03/06,109,enigma,eng
789,,2020/03/07,138,enigma,eng
790,,2020/03/08,105,enigma,eng
791,,2020/03/09,135,enigma,eng
792,,2020/03/10,101,enigma,eng
793,,2020/03/11,122,enigma,eng
794,,2020/03/12,258,enigma,eng
795,,2020/03/13,107,enigma,eng
796,,2020/03/14,110,enigma,eng
797,,2020/03/15,65,enigma,eng
798,,2020/03/16,235,enigma,eng
799,,2020/03/17,172,enigma,eng
800,,2020/03/18,66,enigma,eng
801,,2020/03/19,41,enigma,eng
802,,2020/03/20,114,enigma,eng
803,,2020/03/21,80,enigma,eng
804,,2020/03/22,60,enigma,eng
805,,2020/03/23,83,enigma,eng
806,,2020/03/24,215,enigma,eng
807,,2020/03/25,84,enigma,eng
808,,2020/03/26,85,enigma,eng
809,,2020/03/27,65,enigma,eng
810,,2020/03/28,70,enigma,eng
811,,2020/03/29,63,enigma,eng
812,,2020/03/30,47,enigma,eng
813,,2020/03/31,46,enigma,eng
814,,2020/04/01,61,enigma,eng
815,,2020/04/02,47,enigma,eng
816,,2020/04/03,78,enigma,eng
817,,2020/04/04,71,enigma,eng
818,,2020/04/05,97,enigma,eng
819,,2020/04/06,83,enigma,eng
820,,2020/04/07,160,enigma,eng
821,,2020/04/08,77,enigma,eng
822,,2020/04/09,114,enigma,eng
823,,2020/04/10,82,enigma,eng
824,,2020/04/11,55,enigma,eng
825,,2020/04/12,38,enigma,eng
826,,2020/04/13,44,enigma,eng
827,,2020/04/14,49,enigma,eng
828,,2020/04/15,46,enigma,eng
829,,2020/04/16,108,enigma,eng
830,,2020/04/17,56,enigma,eng
831,,2020/04/18,52,enigma,eng
832,,2020/04/19,64,enigma,eng
833,,2020/04/20,65,enigma,eng
834,,2020/04/21,52,enigma,eng
835,,2020/04/22,111,enigma,eng
836,,2020/04/23,57,enigma,eng
837,,2020/04/24,66,enigma,eng
838,,2020/04/25,94,enigma,eng
839,,2020/04/26,45,enigma,eng
840,,2020/04/27,81,enigma,eng
841,,2020/04/28,69,enigma,eng
842,,2020/04/29,84,enigma,eng
843,,2020/04/30,120,enigma,eng
844,,2020/05/01,146,enigma,eng
845,,2020/05/02,112,enigma,eng
846,,2020/05/03,95,enigma,eng
847,,2020/05/04,135,enigma,eng
848,,2020/05/05,99,enigma,eng
849,,2020/05/06,80,enigma,eng
850,,2020/05/07,79,enigma,eng
851,,2020/05/08,108,enigma,eng
852,,2020/05/09,718,enigma,eng
853,,2020/05/10,168,enigma,eng
854,,2020/05/11,127,enigma,eng
855,,2020/05/12,206,enigma,eng
856,,2020/05/13,176,enigma,eng
857,,2020/05/14,268,enigma,eng
858,,2020/05/15,363,enigma,eng
859,,2020/05/16,176,enigma,eng
860,,2020/05/17,141,enigma,eng
861,,2020/05/18,139,enigma,eng
862,,2020/05/19,99,enigma,eng
863,,2020/05/20,66,enigma,eng
864,,2020/05/21,123,enigma,eng
865,,2020/05/22,355,enigma,eng
866,,2020/05/23,145,enigma,eng
867,,2020/05/24,124,enigma,eng
868,,2020/05/25,119,enigma,eng
869,,2020/05/26,88,enigma,eng
870,,2020/05/27,103,enigma,eng
871,,2020/05/28,437,enigma,eng
872,,2020/05/29,1710,enigma,eng
873,,2020/05/30,432,enigma,eng
874,,2020/05/31,328,enigma,eng
875,,2020/06/01,266,enigma,eng
876,,2020/06/02,158,enigma,eng
877,,2020/06/03,268,enigma,eng
878,,2020/06/04,122,enigma,eng
879,,2020/06/05,221,enigma,eng
880,,2020/06/06,150,enigma,eng
881,,2020/06/07,98,enigma,eng
882,,2020/06/08,102,enigma,eng
883,,2020/06/09,121,enigma,eng
884,,2020/06/10,62,enigma,eng
885,,2020/06/11,167,enigma,eng
886,,2020/06/12,104,enigma,eng
887,,2020/06/13,78,enigma,eng
888,,2020/06/14,92,enigma,eng
889,,2020/06/15,104,enigma,eng
890,,2020/06/16,91,enigma,eng
891,,2020/06/17,57,enigma,eng
892,,2020/06/18,70,enigma,eng
893,,2020/06/19,100,enigma,eng
894,,2020/06/20,184,enigma,eng
895,,2020/06/21,81,enigma,eng
896,,2020/06/22,92,enigma,eng
897,,2020/06/23,81,enigma,eng
898,,2020/06/24,67,enigma,eng
899,,2020/06/25,98,enigma,eng
900,,2020/06/26,70,enigma,eng
901,,2020/06/27,77,enigma,eng
902,,2020/06/28,87,enigma,eng
903,,2020/06/29,50,enigma,eng
904,,2020/06/30,60,enigma,eng
905,,2020/07/01,102,enigma,eng
906,,2020/07/02,66,enigma,eng
907,,2020/07/03,89,enigma,eng
908,,2020/07/04,35,enigma,eng
909,,2020/07/05,82,enigma,eng
910,,2020/07/06,149,enigma,eng
911,,2020/07/07,46,enigma,eng
912,,2020/07/08,null,enigma,eng
913,,2020/07/09,82,enigma,eng
914,,2020/07/10,45,enigma,eng
915,,2020/07/11,85,enigma,eng
916,,2020/07/12,78,enigma,eng
917,,2020/07/13,51,enigma,eng
918,,2020/07/14,59,enigma,eng
919,,2020/07/15,null,enigma,eng
920,,2020/07/16,50,enigma,eng
921,,2020/07/17,55,enigma,eng
922,,2020/07/18,null,enigma,eng
923,,2020/07/19,63,enigma,eng
924,,2020/07/20,61,enigma,eng
925,,2020/07/21,72,enigma,eng
926,,2020/07/22,52,enigma,eng
927,,2020/07/23,108,enigma,eng
928,,2020/07/24,144,enigma,eng
929,,2020/07/25,191,enigma,eng
930,,2020/07/26,125,enigma,eng
931,,2020/07/27,133,enigma,eng
932,,2020/07/28,45,enigma,eng
933,,2020/07/29,51,enigma,eng
934,,2020/07/30,36,enigma,eng
935,,2020/07/31,56,enigma,eng
936,,2020/08/01,47,enigma,eng
937,,2020/08/02,137,enigma,eng
938,,2020/08/03,89,enigma,eng
939,,2020/08/04,53,enigma,eng
940,,2020/08/05,55,enigma,eng
941,,2020/08/06,61,enigma,eng
942,,2020/08/07,173,enigma,eng
943,,2020/08/08,167,enigma,eng
944,,2020/08/09,237,enigma,eng
945,,2020/08/10,318,enigma,eng
946,,2020/08/11,326,enigma,eng
947,,2020/08/12,251,enigma,eng
948,,2020/08/13,452,enigma,eng
949,,2020/08/14,334,enigma,eng
950,,2020/08/15,328,enigma,eng
951,,2020/08/16,483,enigma,eng
952,,2020/08/17,207,enigma,eng
953,,2020/08/18,120,enigma,eng
954,,2020/08/19,88,enigma,eng
955,,2020/08/20,55,enigma,eng
956,,2020/08/21,77,enigma,eng
957,,2020/08/22,72,enigma,eng
958,,2020/08/23,156,enigma,eng
959,,2020/08/24,60,enigma,eng
960,,2020/08/25,38,enigma,eng
961,,2020/08/26,52,enigma,eng
962,,2020/08/27,75,enigma,eng
963,,2020/08/28,64,enigma,eng
964,,2020/08/29,142,enigma,eng
965,,2020/08/30,61,enigma,eng
966,,2020/08/31,99,enigma,eng
967,,2020/09/01,63,enigma,eng
968,,2020/09/02,48,enigma,eng
969,,2020/09/03,97,enigma,eng
970,,2020/09/04,73,enigma,eng
971,,2020/09/05,232,enigma,eng
972,,2020/09/06,125,enigma,eng
973,,2020/09/07,90,enigma,eng
974,,2020/09/08,83,enigma,eng
975,,2020/09/09,68,enigma,eng
976,,2020/09/10,52,enigma,eng
977,,2020/09/11,41,enigma,eng
978,,2020/09/12,141,enigma,eng
979,,2020/09/13,66,enigma,eng
980,,2020/09/14,48,enigma,eng
981,,2020/09/15,61,enigma,eng
982,,2020/09/16,55,enigma,eng
983,,2020/09/17,45,enigma,eng
984,,2020/09/18,288,enigma,eng
985,,2020/09/19,86,enigma,eng
986,,2020/09/20,67,enigma,eng
987,,2020/09/21,36,enigma,eng
988,,2020/09/22,49,enigma,eng
989,,2020/09/23,55,enigma,eng
990,,2020/09/24,48,enigma,eng
991,,2020/09/25,74,enigma,eng
992,,2020/09/26,81,enigma,eng
993,,2020/09/27,69,enigma,eng
994,,2020/09/28,49,enigma,eng
995,,2020/09/29,43,enigma,eng
