,google_trends,date,tweets,full_name,coin
0,,2018/04/07,1,exclusivecoin,excl
1,,2018/04/08,null,exclusivecoin,excl
2,,2018/04/09,null,exclusivecoin,excl
3,,2018/04/10,2,exclusivecoin,excl
4,,2018/04/11,1,exclusivecoin,excl
5,,2018/04/12,null,exclusivecoin,excl
6,,2018/04/13,1,exclusivecoin,excl
7,,2018/04/14,null,exclusivecoin,excl
8,,2018/04/15,null,exclusivecoin,excl
9,,2018/04/16,null,exclusivecoin,excl
10,,2018/04/17,null,exclusivecoin,excl
11,,2018/04/18,null,exclusivecoin,excl
12,,2018/04/19,null,exclusivecoin,excl
13,,2018/04/20,null,exclusivecoin,excl
14,,2018/04/21,1,exclusivecoin,excl
15,,2018/04/22,null,exclusivecoin,excl
16,,2018/04/23,1,exclusivecoin,excl
17,,2018/04/24,1,exclusivecoin,excl
18,,2018/04/25,1,exclusivecoin,excl
19,,2018/04/26,1,exclusivecoin,excl
20,,2018/04/27,1,exclusivecoin,excl
21,,2018/04/28,1,exclusivecoin,excl
22,,2018/04/29,null,exclusivecoin,excl
23,,2018/04/30,null,exclusivecoin,excl
24,,2018/05/01,null,exclusivecoin,excl
25,,2018/05/02,1,exclusivecoin,excl
26,,2018/05/03,null,exclusivecoin,excl
27,,2018/05/04,null,exclusivecoin,excl
28,,2018/05/05,null,exclusivecoin,excl
29,,2018/05/06,null,exclusivecoin,excl
30,,2018/05/07,null,exclusivecoin,excl
31,,2018/05/08,null,exclusivecoin,excl
32,,2018/05/09,null,exclusivecoin,excl
33,,2018/05/10,null,exclusivecoin,excl
34,,2018/05/11,null,exclusivecoin,excl
35,,2018/05/12,null,exclusivecoin,excl
36,,2018/05/13,null,exclusivecoin,excl
37,,2018/05/14,null,exclusivecoin,excl
38,,2018/05/15,null,exclusivecoin,excl
39,,2018/05/16,1,exclusivecoin,excl
40,,2018/05/17,null,exclusivecoin,excl
41,,2018/05/18,null,exclusivecoin,excl
42,,2018/05/19,null,exclusivecoin,excl
43,,2018/05/20,null,exclusivecoin,excl
44,,2018/05/21,null,exclusivecoin,excl
45,,2018/05/22,1,exclusivecoin,excl
46,,2018/05/23,null,exclusivecoin,excl
47,,2018/05/24,null,exclusivecoin,excl
48,,2018/05/25,null,exclusivecoin,excl
49,,2018/05/26,null,exclusivecoin,excl
50,,2018/05/27,null,exclusivecoin,excl
51,,2018/05/28,null,exclusivecoin,excl
52,,2018/05/29,null,exclusivecoin,excl
53,,2018/05/30,null,exclusivecoin,excl
54,,2018/05/31,null,exclusivecoin,excl
55,,2018/06/01,null,exclusivecoin,excl
56,,2018/06/02,null,exclusivecoin,excl
57,,2018/06/03,1,exclusivecoin,excl
58,,2018/06/04,null,exclusivecoin,excl
59,,2018/06/05,null,exclusivecoin,excl
60,,2018/06/06,1,exclusivecoin,excl
61,,2018/06/07,null,exclusivecoin,excl
62,,2018/06/08,null,exclusivecoin,excl
63,,2018/06/09,null,exclusivecoin,excl
64,,2018/06/10,null,exclusivecoin,excl
65,,2018/06/11,null,exclusivecoin,excl
66,,2018/06/12,null,exclusivecoin,excl
67,,2018/06/13,null,exclusivecoin,excl
68,,2018/06/14,null,exclusivecoin,excl
69,,2018/06/15,1,exclusivecoin,excl
70,,2018/06/16,null,exclusivecoin,excl
71,,2018/06/17,null,exclusivecoin,excl
72,,2018/06/18,4,exclusivecoin,excl
73,,2018/06/19,null,exclusivecoin,excl
74,,2018/06/20,null,exclusivecoin,excl
75,,2018/06/21,null,exclusivecoin,excl
76,,2018/06/22,null,exclusivecoin,excl
77,,2018/06/23,null,exclusivecoin,excl
78,,2018/06/24,null,exclusivecoin,excl
79,,2018/06/25,null,exclusivecoin,excl
80,,2018/06/26,null,exclusivecoin,excl
81,,2018/06/27,null,exclusivecoin,excl
82,,2018/06/28,null,exclusivecoin,excl
83,,2018/06/29,null,exclusivecoin,excl
84,,2018/06/30,null,exclusivecoin,excl
85,,2018/07/01,null,exclusivecoin,excl
86,,2018/07/02,null,exclusivecoin,excl
87,,2018/07/03,4,exclusivecoin,excl
88,,2018/07/04,1,exclusivecoin,excl
89,,2018/07/05,1,exclusivecoin,excl
90,,2018/07/06,null,exclusivecoin,excl
91,,2018/07/07,null,exclusivecoin,excl
92,,2018/07/08,null,exclusivecoin,excl
93,,2018/07/09,1,exclusivecoin,excl
94,,2018/07/10,null,exclusivecoin,excl
95,,2018/07/11,null,exclusivecoin,excl
96,,2018/07/12,null,exclusivecoin,excl
97,,2018/07/13,null,exclusivecoin,excl
98,,2018/07/14,2,exclusivecoin,excl
99,,2018/07/15,null,exclusivecoin,excl
100,,2018/07/16,null,exclusivecoin,excl
101,,2018/07/17,null,exclusivecoin,excl
102,,2018/07/18,1,exclusivecoin,excl
103,,2018/07/19,3,exclusivecoin,excl
104,,2018/07/20,null,exclusivecoin,excl
105,,2018/07/21,null,exclusivecoin,excl
106,,2018/07/22,null,exclusivecoin,excl
107,,2018/07/23,null,exclusivecoin,excl
108,,2018/07/24,1,exclusivecoin,excl
109,,2018/07/25,null,exclusivecoin,excl
110,,2018/07/26,1,exclusivecoin,excl
111,,2018/07/27,null,exclusivecoin,excl
112,,2018/07/28,null,exclusivecoin,excl
113,,2018/07/29,null,exclusivecoin,excl
114,,2018/07/30,null,exclusivecoin,excl
115,,2018/07/31,null,exclusivecoin,excl
116,,2018/08/01,null,exclusivecoin,excl
117,,2018/08/02,null,exclusivecoin,excl
118,,2018/08/03,null,exclusivecoin,excl
119,,2018/08/04,null,exclusivecoin,excl
120,,2018/08/05,null,exclusivecoin,excl
121,,2018/08/06,2,exclusivecoin,excl
122,,2018/08/07,null,exclusivecoin,excl
123,,2018/08/08,6,exclusivecoin,excl
124,,2018/08/09,3,exclusivecoin,excl
125,,2018/08/10,1,exclusivecoin,excl
126,,2018/08/11,null,exclusivecoin,excl
127,,2018/08/12,null,exclusivecoin,excl
128,,2018/08/13,null,exclusivecoin,excl
129,,2018/08/14,1,exclusivecoin,excl
130,,2018/08/15,null,exclusivecoin,excl
131,,2018/08/16,null,exclusivecoin,excl
132,,2018/08/17,null,exclusivecoin,excl
133,,2018/08/18,null,exclusivecoin,excl
134,,2018/08/19,null,exclusivecoin,excl
135,,2018/08/20,null,exclusivecoin,excl
136,,2018/08/21,null,exclusivecoin,excl
137,,2018/08/22,null,exclusivecoin,excl
138,,2018/08/23,1,exclusivecoin,excl
139,,2018/08/24,null,exclusivecoin,excl
140,,2018/08/25,null,exclusivecoin,excl
141,,2018/08/26,null,exclusivecoin,excl
142,,2018/08/27,null,exclusivecoin,excl
143,,2018/08/28,null,exclusivecoin,excl
144,,2018/08/29,null,exclusivecoin,excl
145,,2018/08/30,2,exclusivecoin,excl
146,,2018/08/31,null,exclusivecoin,excl
147,,2018/09/01,null,exclusivecoin,excl
148,,2018/09/02,null,exclusivecoin,excl
149,,2018/09/03,1,exclusivecoin,excl
150,,2018/09/04,null,exclusivecoin,excl
151,,2018/09/05,null,exclusivecoin,excl
152,,2018/09/06,null,exclusivecoin,excl
153,,2018/09/07,null,exclusivecoin,excl
154,,2018/09/08,null,exclusivecoin,excl
155,,2018/09/09,null,exclusivecoin,excl
156,,2018/09/10,null,exclusivecoin,excl
157,,2018/09/11,null,exclusivecoin,excl
158,,2018/09/12,null,exclusivecoin,excl
159,,2018/09/13,null,exclusivecoin,excl
160,,2018/09/14,null,exclusivecoin,excl
161,,2018/09/15,null,exclusivecoin,excl
162,,2018/09/16,null,exclusivecoin,excl
163,,2018/09/17,null,exclusivecoin,excl
164,,2018/09/18,8,exclusivecoin,excl
165,,2018/09/19,1,exclusivecoin,excl
166,,2018/09/20,null,exclusivecoin,excl
167,,2018/09/21,null,exclusivecoin,excl
168,,2018/09/22,null,exclusivecoin,excl
169,,2018/09/23,null,exclusivecoin,excl
170,,2018/09/24,null,exclusivecoin,excl
171,,2018/09/25,null,exclusivecoin,excl
172,,2018/09/26,null,exclusivecoin,excl
173,,2018/09/27,null,exclusivecoin,excl
174,,2018/09/28,null,exclusivecoin,excl
175,,2018/09/29,null,exclusivecoin,excl
176,,2018/09/30,null,exclusivecoin,excl
177,,2018/10/01,null,exclusivecoin,excl
178,,2018/10/02,1,exclusivecoin,excl
179,,2018/10/03,1,exclusivecoin,excl
180,,2018/10/04,null,exclusivecoin,excl
181,,2018/10/05,null,exclusivecoin,excl
182,,2018/10/06,null,exclusivecoin,excl
183,,2018/10/07,null,exclusivecoin,excl
184,,2018/10/08,null,exclusivecoin,excl
185,,2018/10/09,null,exclusivecoin,excl
186,,2018/10/10,null,exclusivecoin,excl
187,,2018/10/11,null,exclusivecoin,excl
188,,2018/10/12,1,exclusivecoin,excl
189,,2018/10/13,null,exclusivecoin,excl
190,,2018/10/14,null,exclusivecoin,excl
191,,2018/10/15,null,exclusivecoin,excl
192,,2018/10/16,null,exclusivecoin,excl
193,,2018/10/17,null,exclusivecoin,excl
194,,2018/10/18,null,exclusivecoin,excl
195,,2018/10/19,null,exclusivecoin,excl
196,,2018/10/20,null,exclusivecoin,excl
197,,2018/10/21,null,exclusivecoin,excl
198,,2018/10/22,null,exclusivecoin,excl
199,,2018/10/23,null,exclusivecoin,excl
200,,2018/10/24,null,exclusivecoin,excl
201,,2018/10/25,1,exclusivecoin,excl
202,,2018/10/26,6,exclusivecoin,excl
203,,2018/10/27,null,exclusivecoin,excl
204,,2018/10/28,null,exclusivecoin,excl
205,,2018/10/29,1,exclusivecoin,excl
206,,2018/10/30,10,exclusivecoin,excl
207,,2018/10/31,1,exclusivecoin,excl
208,,2018/11/01,null,exclusivecoin,excl
209,,2018/11/02,null,exclusivecoin,excl
210,,2018/11/03,null,exclusivecoin,excl
211,,2018/11/04,1,exclusivecoin,excl
212,,2018/11/05,null,exclusivecoin,excl
213,,2018/11/06,null,exclusivecoin,excl
214,,2018/11/07,2,exclusivecoin,excl
215,,2018/11/08,null,exclusivecoin,excl
216,,2018/11/09,null,exclusivecoin,excl
217,,2018/11/10,null,exclusivecoin,excl
218,,2018/11/11,null,exclusivecoin,excl
219,,2018/11/12,null,exclusivecoin,excl
220,,2018/11/13,1,exclusivecoin,excl
221,,2018/11/14,null,exclusivecoin,excl
222,,2018/11/15,1,exclusivecoin,excl
223,,2018/11/16,null,exclusivecoin,excl
224,,2018/11/17,null,exclusivecoin,excl
225,,2018/11/18,null,exclusivecoin,excl
226,,2018/11/19,3,exclusivecoin,excl
227,,2018/11/20,null,exclusivecoin,excl
228,,2018/11/21,null,exclusivecoin,excl
229,,2018/11/22,null,exclusivecoin,excl
230,,2018/11/23,null,exclusivecoin,excl
231,,2018/11/24,null,exclusivecoin,excl
232,,2018/11/25,null,exclusivecoin,excl
233,,2018/11/26,null,exclusivecoin,excl
234,,2018/11/27,null,exclusivecoin,excl
235,,2018/11/28,null,exclusivecoin,excl
236,,2018/11/29,null,exclusivecoin,excl
237,,2018/11/30,null,exclusivecoin,excl
238,,2018/12/01,null,exclusivecoin,excl
239,,2018/12/02,1,exclusivecoin,excl
240,,2018/12/03,null,exclusivecoin,excl
241,,2018/12/04,4,exclusivecoin,excl
242,,2018/12/05,null,exclusivecoin,excl
243,,2018/12/06,null,exclusivecoin,excl
244,,2018/12/07,null,exclusivecoin,excl
245,,2018/12/08,null,exclusivecoin,excl
246,,2018/12/09,null,exclusivecoin,excl
247,,2018/12/10,2,exclusivecoin,excl
248,,2018/12/11,1,exclusivecoin,excl
249,,2018/12/12,1,exclusivecoin,excl
250,,2018/12/13,null,exclusivecoin,excl
251,,2018/12/14,1,exclusivecoin,excl
252,,2018/12/15,null,exclusivecoin,excl
253,,2018/12/16,null,exclusivecoin,excl
254,,2018/12/17,null,exclusivecoin,excl
255,,2018/12/18,null,exclusivecoin,excl
256,,2018/12/19,null,exclusivecoin,excl
257,,2018/12/20,null,exclusivecoin,excl
258,,2018/12/21,null,exclusivecoin,excl
259,,2018/12/22,null,exclusivecoin,excl
260,,2018/12/23,1,exclusivecoin,excl
261,,2018/12/24,null,exclusivecoin,excl
262,,2018/12/25,null,exclusivecoin,excl
263,,2018/12/26,null,exclusivecoin,excl
264,,2018/12/27,null,exclusivecoin,excl
265,,2018/12/28,null,exclusivecoin,excl
266,,2018/12/29,null,exclusivecoin,excl
267,,2018/12/30,null,exclusivecoin,excl
268,,2018/12/31,null,exclusivecoin,excl
269,,2019/01/01,null,exclusivecoin,excl
270,,2019/01/02,null,exclusivecoin,excl
271,,2019/01/03,null,exclusivecoin,excl
272,,2019/01/04,null,exclusivecoin,excl
273,,2019/01/05,null,exclusivecoin,excl
274,,2019/01/06,null,exclusivecoin,excl
275,,2019/01/07,null,exclusivecoin,excl
276,,2019/01/08,null,exclusivecoin,excl
277,,2019/01/09,null,exclusivecoin,excl
278,,2019/01/10,null,exclusivecoin,excl
279,,2019/01/11,null,exclusivecoin,excl
280,,2019/01/12,null,exclusivecoin,excl
281,,2019/01/13,null,exclusivecoin,excl
282,,2019/01/14,null,exclusivecoin,excl
283,,2019/01/15,null,exclusivecoin,excl
284,,2019/01/16,null,exclusivecoin,excl
285,,2019/01/17,null,exclusivecoin,excl
286,,2019/01/18,null,exclusivecoin,excl
287,,2019/01/19,null,exclusivecoin,excl
288,,2019/01/20,null,exclusivecoin,excl
289,,2019/01/21,null,exclusivecoin,excl
290,,2019/01/22,null,exclusivecoin,excl
291,,2019/01/23,null,exclusivecoin,excl
292,,2019/01/24,null,exclusivecoin,excl
293,,2019/01/25,null,exclusivecoin,excl
294,,2019/01/26,null,exclusivecoin,excl
295,,2019/01/27,null,exclusivecoin,excl
296,,2019/01/28,null,exclusivecoin,excl
297,,2019/01/29,null,exclusivecoin,excl
298,,2019/01/30,null,exclusivecoin,excl
299,,2019/01/31,null,exclusivecoin,excl
300,,2019/02/01,null,exclusivecoin,excl
301,,2019/02/02,null,exclusivecoin,excl
302,,2019/02/03,null,exclusivecoin,excl
303,,2019/02/04,null,exclusivecoin,excl
304,,2019/02/05,null,exclusivecoin,excl
305,,2019/02/06,null,exclusivecoin,excl
306,,2019/02/07,null,exclusivecoin,excl
307,,2019/02/08,null,exclusivecoin,excl
308,,2019/02/09,null,exclusivecoin,excl
309,,2019/02/10,null,exclusivecoin,excl
310,,2019/02/11,null,exclusivecoin,excl
311,,2019/02/12,null,exclusivecoin,excl
312,,2019/02/13,null,exclusivecoin,excl
313,,2019/02/14,null,exclusivecoin,excl
314,,2019/02/15,null,exclusivecoin,excl
315,,2019/02/16,null,exclusivecoin,excl
316,,2019/02/17,null,exclusivecoin,excl
317,,2019/02/18,null,exclusivecoin,excl
318,,2019/02/19,null,exclusivecoin,excl
319,,2019/02/20,null,exclusivecoin,excl
320,,2019/02/21,null,exclusivecoin,excl
321,,2019/02/22,null,exclusivecoin,excl
322,,2019/02/23,null,exclusivecoin,excl
323,,2019/02/24,null,exclusivecoin,excl
324,,2019/02/25,null,exclusivecoin,excl
325,,2019/02/26,null,exclusivecoin,excl
326,,2019/02/27,null,exclusivecoin,excl
327,,2019/02/28,null,exclusivecoin,excl
328,,2019/03/01,null,exclusivecoin,excl
329,,2019/03/02,null,exclusivecoin,excl
330,,2019/03/03,null,exclusivecoin,excl
331,,2019/03/04,null,exclusivecoin,excl
332,,2019/03/05,null,exclusivecoin,excl
333,,2019/03/06,2,exclusivecoin,excl
334,,2019/03/07,2,exclusivecoin,excl
335,,2019/03/08,1,exclusivecoin,excl
336,,2019/03/09,1,exclusivecoin,excl
337,,2019/03/10,null,exclusivecoin,excl
338,,2019/03/11,null,exclusivecoin,excl
339,,2019/03/12,1,exclusivecoin,excl
340,,2019/03/13,null,exclusivecoin,excl
341,,2019/03/14,2,exclusivecoin,excl
342,,2019/03/15,null,exclusivecoin,excl
343,,2019/03/16,null,exclusivecoin,excl
344,,2019/03/17,null,exclusivecoin,excl
345,,2019/03/18,null,exclusivecoin,excl
346,,2019/03/19,null,exclusivecoin,excl
347,,2019/03/20,null,exclusivecoin,excl
348,,2019/03/21,null,exclusivecoin,excl
349,,2019/03/22,null,exclusivecoin,excl
350,,2019/03/23,null,exclusivecoin,excl
351,,2019/03/24,null,exclusivecoin,excl
352,,2019/03/25,null,exclusivecoin,excl
353,,2019/03/26,null,exclusivecoin,excl
354,,2019/03/27,null,exclusivecoin,excl
355,,2019/03/28,null,exclusivecoin,excl
356,,2019/03/29,null,exclusivecoin,excl
357,,2019/03/30,null,exclusivecoin,excl
358,,2019/03/31,null,exclusivecoin,excl
359,,2019/04/01,null,exclusivecoin,excl
360,,2019/04/02,null,exclusivecoin,excl
361,,2019/04/03,null,exclusivecoin,excl
362,,2019/04/04,null,exclusivecoin,excl
363,,2019/04/05,null,exclusivecoin,excl
364,,2019/04/06,null,exclusivecoin,excl
365,,2019/04/07,null,exclusivecoin,excl
366,,2019/04/08,null,exclusivecoin,excl
367,,2019/04/09,null,exclusivecoin,excl
368,,2019/04/10,null,exclusivecoin,excl
369,,2019/04/11,null,exclusivecoin,excl
370,,2019/04/12,null,exclusivecoin,excl
371,,2019/04/13,null,exclusivecoin,excl
372,,2019/04/14,null,exclusivecoin,excl
373,,2019/04/15,null,exclusivecoin,excl
374,,2019/04/16,null,exclusivecoin,excl
375,,2019/04/17,null,exclusivecoin,excl
376,,2019/04/18,null,exclusivecoin,excl
377,,2019/04/19,null,exclusivecoin,excl
378,,2019/04/20,null,exclusivecoin,excl
379,,2019/04/21,null,exclusivecoin,excl
380,,2019/04/22,null,exclusivecoin,excl
381,,2019/04/23,null,exclusivecoin,excl
382,,2019/04/24,null,exclusivecoin,excl
383,,2019/04/25,null,exclusivecoin,excl
384,,2019/04/26,null,exclusivecoin,excl
385,,2019/04/27,null,exclusivecoin,excl
386,,2019/04/28,null,exclusivecoin,excl
387,,2019/04/29,null,exclusivecoin,excl
388,,2019/04/30,null,exclusivecoin,excl
389,,2019/05/01,null,exclusivecoin,excl
390,,2019/05/02,null,exclusivecoin,excl
391,,2019/05/03,null,exclusivecoin,excl
392,,2019/05/04,null,exclusivecoin,excl
393,,2019/05/05,null,exclusivecoin,excl
394,,2019/05/06,null,exclusivecoin,excl
395,,2019/05/07,null,exclusivecoin,excl
396,,2019/05/08,null,exclusivecoin,excl
397,,2019/05/09,null,exclusivecoin,excl
398,,2019/05/10,null,exclusivecoin,excl
399,,2019/05/11,null,exclusivecoin,excl
400,,2019/05/12,null,exclusivecoin,excl
401,,2019/05/13,null,exclusivecoin,excl
402,,2019/05/14,null,exclusivecoin,excl
403,,2019/05/15,null,exclusivecoin,excl
404,,2019/05/16,null,exclusivecoin,excl
405,,2019/05/17,null,exclusivecoin,excl
406,,2019/05/18,null,exclusivecoin,excl
407,,2019/05/19,null,exclusivecoin,excl
408,,2019/05/20,null,exclusivecoin,excl
409,,2019/05/21,null,exclusivecoin,excl
410,,2019/05/22,null,exclusivecoin,excl
411,,2019/05/23,null,exclusivecoin,excl
412,,2019/05/24,null,exclusivecoin,excl
413,,2019/05/25,null,exclusivecoin,excl
414,,2019/05/26,null,exclusivecoin,excl
415,,2019/05/27,null,exclusivecoin,excl
416,,2019/05/28,null,exclusivecoin,excl
417,,2019/05/29,null,exclusivecoin,excl
418,,2019/05/30,null,exclusivecoin,excl
419,,2019/05/31,null,exclusivecoin,excl
420,,2019/06/01,null,exclusivecoin,excl
421,,2019/06/02,null,exclusivecoin,excl
422,,2019/06/03,null,exclusivecoin,excl
423,,2019/06/04,null,exclusivecoin,excl
424,,2019/06/05,null,exclusivecoin,excl
425,,2019/06/06,null,exclusivecoin,excl
426,,2019/06/07,null,exclusivecoin,excl
427,,2019/06/08,null,exclusivecoin,excl
428,,2019/06/09,null,exclusivecoin,excl
429,,2019/06/10,null,exclusivecoin,excl
430,,2019/06/11,null,exclusivecoin,excl
431,,2019/06/12,null,exclusivecoin,excl
432,,2019/06/13,null,exclusivecoin,excl
433,,2019/06/14,null,exclusivecoin,excl
434,,2019/06/15,null,exclusivecoin,excl
435,,2019/06/16,null,exclusivecoin,excl
436,,2019/06/17,3,exclusivecoin,excl
437,,2019/06/18,14,exclusivecoin,excl
438,,2019/06/19,4,exclusivecoin,excl
439,,2019/06/20,2,exclusivecoin,excl
440,,2019/06/21,5,exclusivecoin,excl
441,,2019/06/22,null,exclusivecoin,excl
442,,2019/06/23,null,exclusivecoin,excl
443,,2019/06/24,null,exclusivecoin,excl
444,,2019/06/25,null,exclusivecoin,excl
445,,2019/06/26,null,exclusivecoin,excl
446,,2019/06/27,null,exclusivecoin,excl
447,,2019/06/28,1,exclusivecoin,excl
448,,2019/06/29,null,exclusivecoin,excl
449,,2019/06/30,null,exclusivecoin,excl
450,,2019/07/01,null,exclusivecoin,excl
451,,2019/07/02,null,exclusivecoin,excl
452,,2019/07/03,null,exclusivecoin,excl
453,,2019/07/04,null,exclusivecoin,excl
454,,2019/07/05,null,exclusivecoin,excl
455,,2019/07/06,null,exclusivecoin,excl
456,,2019/07/07,null,exclusivecoin,excl
457,,2019/07/08,null,exclusivecoin,excl
458,,2019/07/09,null,exclusivecoin,excl
459,,2019/07/10,null,exclusivecoin,excl
460,,2019/07/11,null,exclusivecoin,excl
461,,2019/07/12,null,exclusivecoin,excl
462,,2019/07/13,null,exclusivecoin,excl
463,,2019/07/14,null,exclusivecoin,excl
464,,2019/07/15,null,exclusivecoin,excl
465,,2019/07/16,null,exclusivecoin,excl
466,,2019/07/17,null,exclusivecoin,excl
467,,2019/07/18,null,exclusivecoin,excl
468,,2019/07/19,null,exclusivecoin,excl
469,,2019/07/20,null,exclusivecoin,excl
470,,2019/07/21,null,exclusivecoin,excl
471,,2019/07/22,null,exclusivecoin,excl
472,,2019/07/23,null,exclusivecoin,excl
473,,2019/07/24,null,exclusivecoin,excl
474,,2019/07/25,null,exclusivecoin,excl
475,,2019/07/26,null,exclusivecoin,excl
476,,2019/07/27,null,exclusivecoin,excl
477,,2019/07/28,null,exclusivecoin,excl
478,,2019/07/29,null,exclusivecoin,excl
479,,2019/07/30,null,exclusivecoin,excl
480,,2019/07/31,null,exclusivecoin,excl
481,,2019/08/01,null,exclusivecoin,excl
482,,2019/08/02,null,exclusivecoin,excl
483,,2019/08/03,null,exclusivecoin,excl
484,,2019/08/04,null,exclusivecoin,excl
485,,2019/08/05,null,exclusivecoin,excl
486,,2019/08/06,null,exclusivecoin,excl
487,,2019/08/07,null,exclusivecoin,excl
488,,2019/08/08,null,exclusivecoin,excl
489,,2019/08/09,null,exclusivecoin,excl
490,,2019/08/10,null,exclusivecoin,excl
491,,2019/08/11,null,exclusivecoin,excl
492,,2019/08/12,null,exclusivecoin,excl
493,,2019/08/13,null,exclusivecoin,excl
494,,2019/08/14,null,exclusivecoin,excl
495,,2019/08/15,null,exclusivecoin,excl
496,,2019/08/16,null,exclusivecoin,excl
497,,2019/08/17,null,exclusivecoin,excl
498,,2019/08/18,null,exclusivecoin,excl
499,,2019/08/19,null,exclusivecoin,excl
500,,2019/08/20,null,exclusivecoin,excl
501,,2019/08/21,null,exclusivecoin,excl
502,,2019/08/22,null,exclusivecoin,excl
503,,2019/08/23,null,exclusivecoin,excl
504,,2019/08/24,null,exclusivecoin,excl
505,,2019/08/25,null,exclusivecoin,excl
506,,2019/08/26,null,exclusivecoin,excl
507,,2019/08/27,null,exclusivecoin,excl
508,,2019/08/28,null,exclusivecoin,excl
509,,2019/08/29,null,exclusivecoin,excl
510,,2019/08/30,null,exclusivecoin,excl
511,,2019/08/31,null,exclusivecoin,excl
512,,2019/09/01,null,exclusivecoin,excl
513,,2019/09/02,null,exclusivecoin,excl
514,,2019/09/03,null,exclusivecoin,excl
515,,2019/09/04,null,exclusivecoin,excl
516,,2019/09/05,null,exclusivecoin,excl
517,,2019/09/06,null,exclusivecoin,excl
518,,2019/09/07,null,exclusivecoin,excl
519,,2019/09/08,null,exclusivecoin,excl
520,,2019/09/09,null,exclusivecoin,excl
521,,2019/09/10,null,exclusivecoin,excl
522,,2019/09/11,null,exclusivecoin,excl
523,,2019/09/12,null,exclusivecoin,excl
524,,2019/09/13,null,exclusivecoin,excl
525,,2019/09/14,null,exclusivecoin,excl
526,,2019/09/15,null,exclusivecoin,excl
527,,2019/09/16,null,exclusivecoin,excl
528,,2019/09/17,null,exclusivecoin,excl
529,,2019/09/18,null,exclusivecoin,excl
530,,2019/09/19,null,exclusivecoin,excl
531,,2019/09/20,null,exclusivecoin,excl
532,,2019/09/21,null,exclusivecoin,excl
533,,2019/09/22,null,exclusivecoin,excl
534,,2019/09/23,null,exclusivecoin,excl
535,,2019/09/24,null,exclusivecoin,excl
536,,2019/09/25,null,exclusivecoin,excl
537,,2019/09/26,null,exclusivecoin,excl
538,,2019/09/27,null,exclusivecoin,excl
539,,2019/09/28,null,exclusivecoin,excl
540,,2019/09/29,null,exclusivecoin,excl
541,,2019/09/30,null,exclusivecoin,excl
542,,2019/10/01,null,exclusivecoin,excl
543,,2019/10/02,null,exclusivecoin,excl
544,,2019/10/03,null,exclusivecoin,excl
545,,2019/10/04,null,exclusivecoin,excl
546,,2019/10/05,null,exclusivecoin,excl
547,,2019/10/06,null,exclusivecoin,excl
548,,2019/10/07,null,exclusivecoin,excl
549,,2019/10/08,null,exclusivecoin,excl
550,,2019/10/09,null,exclusivecoin,excl
551,,2019/10/10,null,exclusivecoin,excl
552,,2019/10/11,null,exclusivecoin,excl
553,,2019/10/12,null,exclusivecoin,excl
554,,2019/10/13,null,exclusivecoin,excl
555,,2019/10/14,null,exclusivecoin,excl
556,,2019/10/15,null,exclusivecoin,excl
557,,2019/10/16,null,exclusivecoin,excl
558,,2019/10/17,null,exclusivecoin,excl
559,,2019/10/18,null,exclusivecoin,excl
560,,2019/10/19,null,exclusivecoin,excl
561,,2019/10/20,null,exclusivecoin,excl
562,,2019/10/21,null,exclusivecoin,excl
563,,2019/10/22,null,exclusivecoin,excl
564,,2019/10/23,null,exclusivecoin,excl
565,,2019/10/24,null,exclusivecoin,excl
566,,2019/10/25,null,exclusivecoin,excl
567,,2019/10/26,null,exclusivecoin,excl
568,,2019/10/27,null,exclusivecoin,excl
569,,2019/10/28,null,exclusivecoin,excl
570,,2019/10/29,null,exclusivecoin,excl
571,,2019/10/30,null,exclusivecoin,excl
572,,2019/10/31,null,exclusivecoin,excl
573,,2019/11/01,null,exclusivecoin,excl
574,,2019/11/02,null,exclusivecoin,excl
575,,2019/11/03,null,exclusivecoin,excl
576,,2019/11/04,null,exclusivecoin,excl
577,,2019/11/05,null,exclusivecoin,excl
578,,2019/11/06,null,exclusivecoin,excl
579,,2019/11/07,null,exclusivecoin,excl
580,,2019/11/08,null,exclusivecoin,excl
581,,2019/11/09,null,exclusivecoin,excl
582,,2019/11/10,null,exclusivecoin,excl
583,,2019/11/11,null,exclusivecoin,excl
584,,2019/11/12,null,exclusivecoin,excl
585,,2019/11/13,null,exclusivecoin,excl
586,,2019/11/14,null,exclusivecoin,excl
587,,2019/11/15,null,exclusivecoin,excl
588,,2019/11/16,null,exclusivecoin,excl
589,,2019/11/17,null,exclusivecoin,excl
590,,2019/11/18,null,exclusivecoin,excl
591,,2019/11/19,null,exclusivecoin,excl
592,,2019/11/20,null,exclusivecoin,excl
593,,2019/11/21,null,exclusivecoin,excl
594,,2019/11/22,null,exclusivecoin,excl
595,,2019/11/23,null,exclusivecoin,excl
596,,2019/11/24,null,exclusivecoin,excl
597,,2019/11/25,null,exclusivecoin,excl
598,,2019/11/26,null,exclusivecoin,excl
599,,2019/11/27,null,exclusivecoin,excl
600,,2019/11/28,null,exclusivecoin,excl
601,,2019/11/29,null,exclusivecoin,excl
602,,2019/11/30,null,exclusivecoin,excl
603,,2019/12/01,null,exclusivecoin,excl
604,,2019/12/02,null,exclusivecoin,excl
605,,2019/12/03,null,exclusivecoin,excl
606,,2019/12/04,null,exclusivecoin,excl
607,,2019/12/05,null,exclusivecoin,excl
608,,2019/12/06,null,exclusivecoin,excl
609,,2019/12/07,null,exclusivecoin,excl
610,,2019/12/08,null,exclusivecoin,excl
611,,2019/12/09,null,exclusivecoin,excl
612,,2019/12/10,null,exclusivecoin,excl
613,,2019/12/11,null,exclusivecoin,excl
614,,2019/12/12,null,exclusivecoin,excl
615,,2019/12/13,null,exclusivecoin,excl
616,,2019/12/14,null,exclusivecoin,excl
617,,2019/12/15,null,exclusivecoin,excl
618,,2019/12/16,null,exclusivecoin,excl
619,,2019/12/17,null,exclusivecoin,excl
620,,2019/12/18,null,exclusivecoin,excl
621,,2019/12/19,null,exclusivecoin,excl
622,,2019/12/20,null,exclusivecoin,excl
623,,2019/12/21,null,exclusivecoin,excl
624,,2019/12/22,null,exclusivecoin,excl
625,,2019/12/23,null,exclusivecoin,excl
626,,2019/12/24,null,exclusivecoin,excl
627,,2019/12/25,null,exclusivecoin,excl
628,,2019/12/26,null,exclusivecoin,excl
629,,2019/12/27,null,exclusivecoin,excl
630,,2019/12/28,null,exclusivecoin,excl
631,,2019/12/29,null,exclusivecoin,excl
632,,2019/12/30,null,exclusivecoin,excl
633,,2019/12/31,null,exclusivecoin,excl
634,,2020/01/01,null,exclusivecoin,excl
635,,2020/01/02,null,exclusivecoin,excl
636,,2020/01/03,null,exclusivecoin,excl
637,,2020/01/04,null,exclusivecoin,excl
638,,2020/01/05,null,exclusivecoin,excl
639,,2020/01/06,null,exclusivecoin,excl
640,,2020/01/07,null,exclusivecoin,excl
641,,2020/01/08,null,exclusivecoin,excl
642,,2020/01/09,null,exclusivecoin,excl
643,,2020/01/10,null,exclusivecoin,excl
644,,2020/01/11,null,exclusivecoin,excl
645,,2020/01/12,null,exclusivecoin,excl
646,,2020/01/13,null,exclusivecoin,excl
647,,2020/01/14,null,exclusivecoin,excl
648,,2020/01/15,null,exclusivecoin,excl
649,,2020/01/16,null,exclusivecoin,excl
650,,2020/01/17,null,exclusivecoin,excl
651,,2020/01/18,null,exclusivecoin,excl
652,,2020/01/19,null,exclusivecoin,excl
653,,2020/01/20,null,exclusivecoin,excl
654,,2020/01/21,null,exclusivecoin,excl
655,,2020/01/22,null,exclusivecoin,excl
656,,2020/01/23,null,exclusivecoin,excl
657,,2020/01/24,null,exclusivecoin,excl
658,,2020/01/25,null,exclusivecoin,excl
659,,2020/01/26,null,exclusivecoin,excl
660,,2020/01/27,null,exclusivecoin,excl
661,,2020/01/28,null,exclusivecoin,excl
662,,2020/01/29,null,exclusivecoin,excl
663,,2020/01/30,null,exclusivecoin,excl
664,,2020/01/31,null,exclusivecoin,excl
665,,2020/02/01,null,exclusivecoin,excl
666,,2020/02/02,null,exclusivecoin,excl
667,,2020/02/03,null,exclusivecoin,excl
668,,2020/02/04,null,exclusivecoin,excl
669,,2020/02/05,null,exclusivecoin,excl
670,,2020/02/06,null,exclusivecoin,excl
671,,2020/02/07,null,exclusivecoin,excl
672,,2020/02/08,null,exclusivecoin,excl
673,,2020/02/09,null,exclusivecoin,excl
674,,2020/02/10,null,exclusivecoin,excl
675,,2020/02/11,null,exclusivecoin,excl
676,,2020/02/12,null,exclusivecoin,excl
677,,2020/02/13,null,exclusivecoin,excl
678,,2020/02/14,null,exclusivecoin,excl
679,,2020/02/15,null,exclusivecoin,excl
680,,2020/02/16,null,exclusivecoin,excl
681,,2020/02/17,null,exclusivecoin,excl
682,,2020/02/18,null,exclusivecoin,excl
683,,2020/02/19,null,exclusivecoin,excl
684,,2020/02/20,null,exclusivecoin,excl
685,,2020/02/21,null,exclusivecoin,excl
686,,2020/02/22,null,exclusivecoin,excl
687,,2020/02/23,null,exclusivecoin,excl
688,,2020/02/24,null,exclusivecoin,excl
689,,2020/02/25,null,exclusivecoin,excl
690,,2020/02/26,null,exclusivecoin,excl
691,,2020/02/27,null,exclusivecoin,excl
692,,2020/02/28,null,exclusivecoin,excl
693,,2020/02/29,null,exclusivecoin,excl
694,,2020/03/01,null,exclusivecoin,excl
695,,2020/03/02,null,exclusivecoin,excl
696,,2020/03/03,null,exclusivecoin,excl
697,,2020/03/04,null,exclusivecoin,excl
698,,2020/03/05,null,exclusivecoin,excl
699,,2020/03/06,null,exclusivecoin,excl
700,,2020/03/07,null,exclusivecoin,excl
701,,2020/03/08,null,exclusivecoin,excl
702,,2020/03/09,null,exclusivecoin,excl
703,,2020/03/10,null,exclusivecoin,excl
704,,2020/03/11,null,exclusivecoin,excl
705,,2020/03/12,null,exclusivecoin,excl
706,,2020/03/13,null,exclusivecoin,excl
707,,2020/03/14,null,exclusivecoin,excl
708,,2020/03/15,null,exclusivecoin,excl
709,,2020/03/16,null,exclusivecoin,excl
710,,2020/03/17,null,exclusivecoin,excl
711,,2020/03/18,null,exclusivecoin,excl
712,,2020/03/19,null,exclusivecoin,excl
713,,2020/03/20,null,exclusivecoin,excl
714,,2020/03/21,null,exclusivecoin,excl
715,,2020/03/22,null,exclusivecoin,excl
716,,2020/03/23,null,exclusivecoin,excl
717,,2020/03/24,null,exclusivecoin,excl
718,,2020/03/25,null,exclusivecoin,excl
719,,2020/03/26,null,exclusivecoin,excl
720,,2020/03/27,null,exclusivecoin,excl
721,,2020/03/28,null,exclusivecoin,excl
722,,2020/03/29,null,exclusivecoin,excl
723,,2020/03/30,null,exclusivecoin,excl
724,,2020/03/31,null,exclusivecoin,excl
725,,2020/04/01,null,exclusivecoin,excl
726,,2020/04/02,null,exclusivecoin,excl
727,,2020/04/03,null,exclusivecoin,excl
728,,2020/04/04,null,exclusivecoin,excl
729,,2020/04/05,null,exclusivecoin,excl
730,,2020/04/06,null,exclusivecoin,excl
731,,2020/04/07,null,exclusivecoin,excl
732,,2020/04/08,null,exclusivecoin,excl
733,,2020/04/09,null,exclusivecoin,excl
734,,2020/04/10,null,exclusivecoin,excl
735,,2020/04/11,null,exclusivecoin,excl
736,,2020/04/12,null,exclusivecoin,excl
737,,2020/04/13,null,exclusivecoin,excl
738,,2020/04/14,null,exclusivecoin,excl
739,,2020/04/15,null,exclusivecoin,excl
740,,2020/04/16,null,exclusivecoin,excl
741,,2020/04/17,null,exclusivecoin,excl
742,,2020/04/18,null,exclusivecoin,excl
743,,2020/04/19,null,exclusivecoin,excl
744,,2020/04/20,null,exclusivecoin,excl
745,,2020/04/21,null,exclusivecoin,excl
746,,2020/04/22,null,exclusivecoin,excl
747,,2020/04/23,null,exclusivecoin,excl
748,,2020/04/24,null,exclusivecoin,excl
749,,2020/04/25,null,exclusivecoin,excl
750,,2020/04/26,null,exclusivecoin,excl
751,,2020/04/27,null,exclusivecoin,excl
752,,2020/04/28,null,exclusivecoin,excl
753,,2020/04/29,null,exclusivecoin,excl
754,,2020/04/30,null,exclusivecoin,excl
755,,2020/05/01,null,exclusivecoin,excl
756,,2020/05/02,null,exclusivecoin,excl
757,,2020/05/03,null,exclusivecoin,excl
758,,2020/05/04,null,exclusivecoin,excl
759,,2020/05/05,null,exclusivecoin,excl
760,,2020/05/06,null,exclusivecoin,excl
761,,2020/05/07,null,exclusivecoin,excl
762,,2020/05/08,null,exclusivecoin,excl
763,,2020/05/09,null,exclusivecoin,excl
764,,2020/05/10,null,exclusivecoin,excl
765,,2020/05/11,null,exclusivecoin,excl
766,,2020/05/12,null,exclusivecoin,excl
767,,2020/05/13,null,exclusivecoin,excl
768,,2020/05/14,null,exclusivecoin,excl
769,,2020/05/15,null,exclusivecoin,excl
770,,2020/05/16,null,exclusivecoin,excl
771,,2020/05/17,null,exclusivecoin,excl
772,,2020/05/18,null,exclusivecoin,excl
773,,2020/05/19,null,exclusivecoin,excl
774,,2020/05/20,null,exclusivecoin,excl
775,,2020/05/21,null,exclusivecoin,excl
776,,2020/05/22,null,exclusivecoin,excl
777,,2020/05/23,null,exclusivecoin,excl
778,,2020/05/24,null,exclusivecoin,excl
779,,2020/05/25,null,exclusivecoin,excl
780,,2020/05/26,null,exclusivecoin,excl
781,,2020/05/27,null,exclusivecoin,excl
782,,2020/05/28,null,exclusivecoin,excl
783,,2020/05/29,null,exclusivecoin,excl
784,,2020/05/30,null,exclusivecoin,excl
785,,2020/05/31,null,exclusivecoin,excl
786,,2020/06/01,null,exclusivecoin,excl
787,,2020/06/02,null,exclusivecoin,excl
788,,2020/06/03,null,exclusivecoin,excl
789,,2020/06/04,null,exclusivecoin,excl
790,,2020/06/05,null,exclusivecoin,excl
791,,2020/06/06,null,exclusivecoin,excl
792,,2020/06/07,null,exclusivecoin,excl
793,,2020/06/08,null,exclusivecoin,excl
794,,2020/06/09,null,exclusivecoin,excl
795,,2020/06/10,null,exclusivecoin,excl
796,,2020/06/11,null,exclusivecoin,excl
797,,2020/06/12,null,exclusivecoin,excl
798,,2020/06/13,null,exclusivecoin,excl
799,,2020/06/14,null,exclusivecoin,excl
800,,2020/06/15,null,exclusivecoin,excl
801,,2020/06/16,null,exclusivecoin,excl
802,,2020/06/17,null,exclusivecoin,excl
803,,2020/06/18,null,exclusivecoin,excl
804,,2020/06/19,null,exclusivecoin,excl
805,,2020/06/20,null,exclusivecoin,excl
806,,2020/06/21,null,exclusivecoin,excl
807,,2020/06/22,null,exclusivecoin,excl
808,,2020/06/23,null,exclusivecoin,excl
809,,2020/06/24,null,exclusivecoin,excl
810,,2020/06/25,null,exclusivecoin,excl
811,,2020/06/26,null,exclusivecoin,excl
812,,2020/06/27,null,exclusivecoin,excl
813,,2020/06/28,null,exclusivecoin,excl
814,,2020/06/29,null,exclusivecoin,excl
815,,2020/06/30,null,exclusivecoin,excl
816,,2020/07/01,null,exclusivecoin,excl
817,,2020/07/02,null,exclusivecoin,excl
818,,2020/07/03,null,exclusivecoin,excl
819,,2020/07/04,null,exclusivecoin,excl
820,,2020/07/05,null,exclusivecoin,excl
821,,2020/07/06,null,exclusivecoin,excl
822,,2020/07/07,null,exclusivecoin,excl
823,,2020/07/08,null,exclusivecoin,excl
824,,2020/07/09,null,exclusivecoin,excl
825,,2020/07/10,null,exclusivecoin,excl
826,,2020/07/11,null,exclusivecoin,excl
827,,2020/07/12,null,exclusivecoin,excl
828,,2020/07/13,null,exclusivecoin,excl
829,,2020/07/14,null,exclusivecoin,excl
830,,2020/07/15,null,exclusivecoin,excl
831,,2020/07/16,null,exclusivecoin,excl
832,,2020/07/17,null,exclusivecoin,excl
833,,2020/07/18,null,exclusivecoin,excl
834,,2020/07/19,null,exclusivecoin,excl
835,,2020/07/20,null,exclusivecoin,excl
836,,2020/07/21,null,exclusivecoin,excl
837,,2020/07/22,null,exclusivecoin,excl
838,,2020/07/23,null,exclusivecoin,excl
839,,2020/07/24,null,exclusivecoin,excl
840,,2020/07/25,null,exclusivecoin,excl
841,,2020/07/26,null,exclusivecoin,excl
842,,2020/07/27,null,exclusivecoin,excl
843,,2020/07/28,null,exclusivecoin,excl
844,,2020/07/29,null,exclusivecoin,excl
845,,2020/07/30,null,exclusivecoin,excl
846,,2020/07/31,null,exclusivecoin,excl
847,,2020/08/01,null,exclusivecoin,excl
848,,2020/08/02,null,exclusivecoin,excl
849,,2020/08/03,null,exclusivecoin,excl
850,,2020/08/04,1,exclusivecoin,excl
851,,2020/08/05,1,exclusivecoin,excl
