,google_trends,date,tweets,full_name,coin
0,,2018/01/08,20,expanse,exp
1,,2018/01/09,31,expanse,exp
2,,2018/01/10,33,expanse,exp
3,,2018/01/11,42,expanse,exp
4,,2018/01/12,42,expanse,exp
5,,2018/01/13,26,expanse,exp
6,,2018/01/14,43,expanse,exp
7,,2018/01/15,51,expanse,exp
8,,2018/01/16,36,expanse,exp
9,,2018/01/17,null,expanse,exp
10,,2018/01/18,null,expanse,exp
11,,2018/01/19,null,expanse,exp
12,,2018/01/20,null,expanse,exp
13,,2018/01/21,null,expanse,exp
14,,2018/01/22,null,expanse,exp
15,,2018/01/23,null,expanse,exp
16,,2018/01/24,null,expanse,exp
17,,2018/01/25,null,expanse,exp
18,,2018/01/26,null,expanse,exp
19,,2018/01/27,null,expanse,exp
20,,2018/01/28,null,expanse,exp
21,,2018/01/29,null,expanse,exp
22,,2018/01/30,null,expanse,exp
23,,2018/01/31,null,expanse,exp
24,,2018/02/01,null,expanse,exp
25,,2018/02/02,null,expanse,exp
26,,2018/02/03,null,expanse,exp
27,,2018/02/04,null,expanse,exp
28,,2018/02/05,null,expanse,exp
29,,2018/02/06,null,expanse,exp
30,,2018/02/07,null,expanse,exp
31,,2018/02/08,null,expanse,exp
32,,2018/02/09,null,expanse,exp
33,,2018/02/10,null,expanse,exp
34,,2018/02/11,null,expanse,exp
35,,2018/02/12,null,expanse,exp
36,,2018/02/13,null,expanse,exp
37,,2018/02/14,null,expanse,exp
38,,2018/02/15,null,expanse,exp
39,,2018/02/16,null,expanse,exp
40,,2018/02/17,null,expanse,exp
41,,2018/02/18,null,expanse,exp
42,,2018/02/19,null,expanse,exp
43,,2018/02/20,null,expanse,exp
44,,2018/02/21,null,expanse,exp
45,,2018/02/22,null,expanse,exp
46,,2018/02/23,null,expanse,exp
47,,2018/02/24,null,expanse,exp
48,,2018/02/25,null,expanse,exp
49,,2018/02/26,null,expanse,exp
50,,2018/02/27,null,expanse,exp
51,,2018/02/28,null,expanse,exp
52,,2018/03/01,null,expanse,exp
53,,2018/03/02,null,expanse,exp
54,,2018/03/03,null,expanse,exp
55,,2018/03/04,null,expanse,exp
56,,2018/03/05,null,expanse,exp
57,,2018/03/06,null,expanse,exp
58,,2018/03/07,null,expanse,exp
59,,2018/03/08,null,expanse,exp
60,,2018/03/09,null,expanse,exp
61,,2018/03/10,null,expanse,exp
62,,2018/03/11,null,expanse,exp
63,,2018/03/12,null,expanse,exp
64,,2018/03/13,null,expanse,exp
65,,2018/03/14,null,expanse,exp
66,,2018/03/15,null,expanse,exp
67,,2018/03/16,null,expanse,exp
68,,2018/03/17,null,expanse,exp
69,,2018/03/18,null,expanse,exp
70,,2018/03/19,null,expanse,exp
71,,2018/03/20,null,expanse,exp
72,,2018/03/21,null,expanse,exp
73,,2018/03/22,null,expanse,exp
74,,2018/03/23,null,expanse,exp
75,,2018/03/24,null,expanse,exp
76,,2018/03/25,null,expanse,exp
77,,2018/03/26,null,expanse,exp
78,,2018/03/27,null,expanse,exp
79,,2018/03/28,null,expanse,exp
80,,2018/03/29,null,expanse,exp
81,,2018/03/30,null,expanse,exp
82,,2018/03/31,null,expanse,exp
83,,2018/04/01,null,expanse,exp
84,,2018/04/02,null,expanse,exp
85,,2018/04/03,null,expanse,exp
86,,2018/04/04,null,expanse,exp
87,,2018/04/05,null,expanse,exp
88,,2018/04/06,null,expanse,exp
89,,2018/04/07,25,expanse,exp
90,,2018/04/08,29,expanse,exp
91,,2018/04/09,38,expanse,exp
92,,2018/04/10,40,expanse,exp
93,,2018/04/11,27,expanse,exp
94,,2018/04/12,86,expanse,exp
95,,2018/04/13,54,expanse,exp
96,,2018/04/14,39,expanse,exp
97,,2018/04/15,56,expanse,exp
98,,2018/04/16,51,expanse,exp
99,,2018/04/17,53,expanse,exp
100,,2018/04/18,38,expanse,exp
101,,2018/04/19,143,expanse,exp
102,,2018/04/20,50,expanse,exp
103,,2018/04/21,29,expanse,exp
104,,2018/04/22,38,expanse,exp
105,,2018/04/23,35,expanse,exp
106,,2018/04/24,31,expanse,exp
107,,2018/04/25,23,expanse,exp
108,,2018/04/26,59,expanse,exp
109,,2018/04/27,46,expanse,exp
110,,2018/04/28,35,expanse,exp
111,,2018/04/29,50,expanse,exp
112,,2018/04/30,40,expanse,exp
113,,2018/05/01,37,expanse,exp
114,,2018/05/02,46,expanse,exp
115,,2018/05/03,108,expanse,exp
116,,2018/05/04,76,expanse,exp
117,,2018/05/05,82,expanse,exp
118,,2018/05/06,48,expanse,exp
119,,2018/05/07,58,expanse,exp
120,,2018/05/08,48,expanse,exp
121,,2018/05/09,54,expanse,exp
122,,2018/05/10,70,expanse,exp
123,,2018/05/11,191,expanse,exp
124,,2018/05/12,163,expanse,exp
125,,2018/05/13,96,expanse,exp
126,,2018/05/14,99,expanse,exp
127,,2018/05/15,126,expanse,exp
128,,2018/05/16,55,expanse,exp
129,,2018/05/17,122,expanse,exp
130,,2018/05/18,52,expanse,exp
131,,2018/05/19,66,expanse,exp
132,,2018/05/20,54,expanse,exp
133,,2018/05/21,59,expanse,exp
134,,2018/05/22,103,expanse,exp
135,,2018/05/23,47,expanse,exp
136,,2018/05/24,124,expanse,exp
137,,2018/05/25,54,expanse,exp
138,,2018/05/26,149,expanse,exp
139,,2018/05/27,69,expanse,exp
140,,2018/05/28,35,expanse,exp
141,,2018/05/29,39,expanse,exp
142,,2018/05/30,84,expanse,exp
143,,2018/05/31,115,expanse,exp
144,,2018/06/01,65,expanse,exp
145,,2018/06/02,55,expanse,exp
146,,2018/06/03,41,expanse,exp
147,,2018/06/04,45,expanse,exp
148,,2018/06/05,35,expanse,exp
149,,2018/06/06,20,expanse,exp
150,,2018/06/07,51,expanse,exp
151,,2018/06/08,94,expanse,exp
152,,2018/06/09,48,expanse,exp
153,,2018/06/10,46,expanse,exp
154,,2018/06/11,40,expanse,exp
155,,2018/06/12,45,expanse,exp
156,,2018/06/13,33,expanse,exp
157,,2018/06/14,87,expanse,exp
158,,2018/06/15,75,expanse,exp
159,,2018/06/16,52,expanse,exp
160,,2018/06/17,59,expanse,exp
161,,2018/06/18,36,expanse,exp
162,,2018/06/19,27,expanse,exp
163,,2018/06/20,25,expanse,exp
164,,2018/06/21,65,expanse,exp
165,,2018/06/22,52,expanse,exp
166,,2018/06/23,49,expanse,exp
167,,2018/06/24,47,expanse,exp
168,,2018/06/25,36,expanse,exp
169,,2018/06/26,32,expanse,exp
170,,2018/06/27,33,expanse,exp
171,,2018/06/28,129,expanse,exp
172,,2018/06/29,54,expanse,exp
173,,2018/06/30,55,expanse,exp
174,,2018/07/01,43,expanse,exp
175,,2018/07/02,37,expanse,exp
176,,2018/07/03,35,expanse,exp
177,,2018/07/04,23,expanse,exp
178,,2018/07/05,18,expanse,exp
179,,2018/07/06,17,expanse,exp
180,,2018/07/07,16,expanse,exp
181,,2018/07/08,34,expanse,exp
182,,2018/07/09,16,expanse,exp
183,,2018/07/10,16,expanse,exp
184,,2018/07/11,19,expanse,exp
185,,2018/07/12,9,expanse,exp
186,,2018/07/13,26,expanse,exp
187,,2018/07/14,42,expanse,exp
188,,2018/07/15,53,expanse,exp
189,,2018/07/16,24,expanse,exp
190,,2018/07/17,33,expanse,exp
191,,2018/07/18,26,expanse,exp
192,,2018/07/19,19,expanse,exp
193,,2018/07/20,14,expanse,exp
194,,2018/07/21,18,expanse,exp
195,,2018/07/22,27,expanse,exp
196,,2018/07/23,24,expanse,exp
197,,2018/07/24,41,expanse,exp
198,,2018/07/25,26,expanse,exp
199,,2018/07/26,21,expanse,exp
200,,2018/07/27,23,expanse,exp
201,,2018/07/28,23,expanse,exp
202,,2018/07/29,18,expanse,exp
203,,2018/07/30,26,expanse,exp
204,,2018/07/31,30,expanse,exp
205,,2018/08/01,31,expanse,exp
206,,2018/08/02,25,expanse,exp
207,,2018/08/03,40,expanse,exp
208,,2018/08/04,18,expanse,exp
209,,2018/08/05,21,expanse,exp
210,,2018/08/06,26,expanse,exp
211,,2018/08/07,19,expanse,exp
212,,2018/08/08,30,expanse,exp
213,,2018/08/09,37,expanse,exp
214,,2018/08/10,49,expanse,exp
215,,2018/08/11,16,expanse,exp
216,,2018/08/12,20,expanse,exp
217,,2018/08/13,21,expanse,exp
218,,2018/08/14,23,expanse,exp
219,,2018/08/15,19,expanse,exp
220,,2018/08/16,21,expanse,exp
221,,2018/08/17,22,expanse,exp
222,,2018/08/18,25,expanse,exp
223,,2018/08/19,12,expanse,exp
224,,2018/08/20,15,expanse,exp
225,,2018/08/21,18,expanse,exp
226,,2018/08/22,13,expanse,exp
227,,2018/08/23,52,expanse,exp
228,,2018/08/24,31,expanse,exp
229,,2018/08/25,7,expanse,exp
230,,2018/08/26,19,expanse,exp
231,,2018/08/27,9,expanse,exp
232,,2018/08/28,20,expanse,exp
233,,2018/08/29,12,expanse,exp
234,,2018/08/30,23,expanse,exp
235,,2018/08/31,15,expanse,exp
236,,2018/09/01,12,expanse,exp
237,,2018/09/02,24,expanse,exp
238,,2018/09/03,13,expanse,exp
239,,2018/09/04,20,expanse,exp
240,,2018/09/05,30,expanse,exp
241,,2018/09/06,24,expanse,exp
242,,2018/09/07,28,expanse,exp
243,,2018/09/08,8,expanse,exp
244,,2018/09/09,14,expanse,exp
245,,2018/09/10,14,expanse,exp
246,,2018/09/11,15,expanse,exp
247,,2018/09/12,12,expanse,exp
248,,2018/09/13,14,expanse,exp
249,,2018/09/14,17,expanse,exp
250,,2018/09/15,12,expanse,exp
251,,2018/09/16,14,expanse,exp
252,,2018/09/17,17,expanse,exp
253,,2018/09/18,12,expanse,exp
254,,2018/09/19,16,expanse,exp
255,,2018/09/20,15,expanse,exp
256,,2018/09/21,18,expanse,exp
257,,2018/09/22,13,expanse,exp
258,,2018/09/23,18,expanse,exp
259,,2018/09/24,19,expanse,exp
260,,2018/09/25,23,expanse,exp
261,,2018/09/26,67,expanse,exp
262,,2018/09/27,36,expanse,exp
263,,2018/09/28,18,expanse,exp
264,,2018/09/29,33,expanse,exp
265,,2018/09/30,17,expanse,exp
266,,2018/10/01,10,expanse,exp
267,,2018/10/02,36,expanse,exp
268,,2018/10/03,59,expanse,exp
269,,2018/10/04,43,expanse,exp
270,,2018/10/05,12,expanse,exp
271,,2018/10/06,10,expanse,exp
272,,2018/10/07,14,expanse,exp
273,,2018/10/08,7,expanse,exp
274,,2018/10/09,22,expanse,exp
275,,2018/10/10,16,expanse,exp
276,,2018/10/11,16,expanse,exp
277,,2018/10/12,23,expanse,exp
278,,2018/10/13,5,expanse,exp
279,,2018/10/14,6,expanse,exp
280,,2018/10/15,20,expanse,exp
281,,2018/10/16,9,expanse,exp
282,,2018/10/17,56,expanse,exp
283,,2018/10/18,24,expanse,exp
284,,2018/10/19,5,expanse,exp
285,,2018/10/20,7,expanse,exp
286,,2018/10/21,17,expanse,exp
287,,2018/10/22,11,expanse,exp
288,,2018/10/23,6,expanse,exp
289,,2018/10/24,14,expanse,exp
290,,2018/10/25,5,expanse,exp
291,,2018/10/26,8,expanse,exp
292,,2018/10/27,14,expanse,exp
293,,2018/10/28,17,expanse,exp
294,,2018/10/29,8,expanse,exp
295,,2018/10/30,8,expanse,exp
296,,2018/10/31,10,expanse,exp
297,,2018/11/01,8,expanse,exp
298,,2018/11/02,12,expanse,exp
299,,2018/11/03,11,expanse,exp
300,,2018/11/04,8,expanse,exp
301,,2018/11/05,10,expanse,exp
302,,2018/11/06,22,expanse,exp
303,,2018/11/07,21,expanse,exp
304,,2018/11/08,10,expanse,exp
305,,2018/11/09,14,expanse,exp
306,,2018/11/10,14,expanse,exp
307,,2018/11/11,11,expanse,exp
308,,2018/11/12,14,expanse,exp
309,,2018/11/13,10,expanse,exp
310,,2018/11/14,17,expanse,exp
311,,2018/11/15,21,expanse,exp
312,,2018/11/16,13,expanse,exp
313,,2018/11/17,6,expanse,exp
314,,2018/11/18,11,expanse,exp
315,,2018/11/19,10,expanse,exp
316,,2018/11/20,13,expanse,exp
317,,2018/11/21,17,expanse,exp
318,,2018/11/22,4,expanse,exp
319,,2018/11/23,11,expanse,exp
320,,2018/11/24,8,expanse,exp
321,,2018/11/25,11,expanse,exp
322,,2018/11/26,7,expanse,exp
323,,2018/11/27,15,expanse,exp
324,,2018/11/28,13,expanse,exp
325,,2018/11/29,7,expanse,exp
326,,2018/11/30,8,expanse,exp
327,,2018/12/01,9,expanse,exp
328,,2018/12/02,7,expanse,exp
329,,2018/12/03,12,expanse,exp
330,,2018/12/04,19,expanse,exp
331,,2018/12/05,11,expanse,exp
332,,2018/12/06,null,expanse,exp
333,,2018/12/07,null,expanse,exp
334,,2018/12/08,null,expanse,exp
335,,2018/12/09,4,expanse,exp
336,,2018/12/10,33,expanse,exp
337,,2018/12/11,null,expanse,exp
338,,2018/12/12,17,expanse,exp
339,,2018/12/13,8,expanse,exp
340,,2018/12/14,18,expanse,exp
341,,2018/12/15,12,expanse,exp
342,,2018/12/16,7,expanse,exp
343,,2018/12/17,12,expanse,exp
344,,2018/12/18,null,expanse,exp
345,,2018/12/19,null,expanse,exp
346,,2018/12/20,null,expanse,exp
347,,2018/12/21,null,expanse,exp
348,,2018/12/22,null,expanse,exp
349,,2018/12/23,null,expanse,exp
350,,2018/12/24,null,expanse,exp
351,,2018/12/25,null,expanse,exp
352,,2018/12/26,null,expanse,exp
353,,2018/12/27,null,expanse,exp
354,,2018/12/28,null,expanse,exp
355,,2018/12/29,null,expanse,exp
356,,2018/12/30,null,expanse,exp
357,,2018/12/31,null,expanse,exp
358,,2019/01/01,null,expanse,exp
359,,2019/01/02,12,expanse,exp
360,,2019/01/03,null,expanse,exp
361,,2019/01/04,null,expanse,exp
362,,2019/01/05,null,expanse,exp
363,,2019/01/06,null,expanse,exp
364,,2019/01/07,null,expanse,exp
365,,2019/01/08,null,expanse,exp
366,,2019/01/09,null,expanse,exp
367,,2019/01/10,null,expanse,exp
368,,2019/01/11,null,expanse,exp
369,,2019/01/12,null,expanse,exp
370,,2019/01/13,null,expanse,exp
371,,2019/01/14,null,expanse,exp
372,,2019/01/15,null,expanse,exp
373,,2019/01/16,null,expanse,exp
374,,2019/01/17,null,expanse,exp
375,,2019/01/18,null,expanse,exp
376,,2019/01/19,11,expanse,exp
377,,2019/01/20,25,expanse,exp
378,,2019/01/21,null,expanse,exp
379,,2019/01/22,null,expanse,exp
380,,2019/01/23,null,expanse,exp
381,,2019/01/24,null,expanse,exp
382,,2019/01/25,null,expanse,exp
383,,2019/01/26,null,expanse,exp
384,,2019/01/27,null,expanse,exp
385,,2019/01/28,null,expanse,exp
386,,2019/01/29,null,expanse,exp
387,,2019/01/30,null,expanse,exp
388,,2019/01/31,null,expanse,exp
389,,2019/02/01,null,expanse,exp
390,,2019/02/02,null,expanse,exp
391,,2019/02/03,null,expanse,exp
392,,2019/02/04,null,expanse,exp
393,,2019/02/05,null,expanse,exp
394,,2019/02/06,null,expanse,exp
395,,2019/02/07,null,expanse,exp
396,,2019/02/08,null,expanse,exp
397,,2019/02/09,null,expanse,exp
398,,2019/02/10,null,expanse,exp
399,,2019/02/11,null,expanse,exp
400,,2019/02/12,null,expanse,exp
401,,2019/02/13,null,expanse,exp
402,,2019/02/14,null,expanse,exp
403,,2019/02/15,null,expanse,exp
404,,2019/02/16,null,expanse,exp
405,,2019/02/17,null,expanse,exp
406,,2019/02/18,null,expanse,exp
407,,2019/02/19,null,expanse,exp
408,,2019/02/20,null,expanse,exp
409,,2019/02/21,null,expanse,exp
410,,2019/02/22,null,expanse,exp
411,,2019/02/23,null,expanse,exp
412,,2019/02/24,24,expanse,exp
413,,2019/02/25,28,expanse,exp
414,,2019/02/26,null,expanse,exp
415,,2019/02/27,null,expanse,exp
416,,2019/02/28,null,expanse,exp
417,,2019/03/01,null,expanse,exp
418,,2019/03/02,null,expanse,exp
419,,2019/03/03,null,expanse,exp
420,,2019/03/04,null,expanse,exp
421,,2019/03/05,null,expanse,exp
422,,2019/03/06,null,expanse,exp
423,,2019/03/07,9,expanse,exp
424,,2019/03/08,null,expanse,exp
425,,2019/03/09,null,expanse,exp
426,,2019/03/10,null,expanse,exp
427,,2019/03/11,null,expanse,exp
428,,2019/03/12,null,expanse,exp
429,,2019/03/13,9,expanse,exp
430,,2019/03/14,31,expanse,exp
431,,2019/03/15,null,expanse,exp
432,,2019/03/16,null,expanse,exp
433,,2019/03/17,null,expanse,exp
434,,2019/03/18,null,expanse,exp
435,,2019/03/19,20,expanse,exp
436,,2019/03/20,8,expanse,exp
437,,2019/03/21,null,expanse,exp
438,,2019/03/22,6,expanse,exp
439,,2019/03/23,8,expanse,exp
440,,2019/03/24,null,expanse,exp
441,,2019/03/25,null,expanse,exp
442,,2019/03/26,21,expanse,exp
443,,2019/03/27,21,expanse,exp
444,,2019/03/28,null,expanse,exp
445,,2019/03/29,null,expanse,exp
446,,2019/03/30,null,expanse,exp
447,,2019/03/31,null,expanse,exp
448,,2019/04/01,null,expanse,exp
449,,2019/04/02,null,expanse,exp
450,,2019/04/03,null,expanse,exp
451,,2019/04/04,null,expanse,exp
452,,2019/04/05,null,expanse,exp
453,,2019/04/06,51,expanse,exp
454,,2019/04/07,14,expanse,exp
455,,2019/04/08,7,expanse,exp
456,,2019/04/09,null,expanse,exp
457,,2019/04/10,null,expanse,exp
458,,2019/04/11,null,expanse,exp
459,,2019/04/12,null,expanse,exp
460,,2019/04/13,null,expanse,exp
461,,2019/04/14,null,expanse,exp
462,,2019/04/15,null,expanse,exp
463,,2019/04/16,null,expanse,exp
464,,2019/04/17,null,expanse,exp
465,,2019/04/18,9,expanse,exp
466,,2019/04/19,8,expanse,exp
467,,2019/04/20,7,expanse,exp
468,,2019/04/21,null,expanse,exp
469,,2019/04/22,null,expanse,exp
470,,2019/04/23,null,expanse,exp
471,,2019/04/24,null,expanse,exp
472,,2019/04/25,16,expanse,exp
473,,2019/04/26,21,expanse,exp
474,,2019/04/27,null,expanse,exp
475,,2019/04/28,null,expanse,exp
476,,2019/04/29,null,expanse,exp
477,,2019/04/30,null,expanse,exp
478,,2019/05/01,null,expanse,exp
479,,2019/05/02,null,expanse,exp
480,,2019/05/03,null,expanse,exp
481,,2019/05/04,null,expanse,exp
482,,2019/05/05,null,expanse,exp
483,,2019/05/06,null,expanse,exp
484,,2019/05/07,null,expanse,exp
485,,2019/05/08,null,expanse,exp
486,,2019/05/09,null,expanse,exp
487,,2019/05/10,null,expanse,exp
488,,2019/05/11,null,expanse,exp
489,,2019/05/12,null,expanse,exp
490,,2019/05/13,null,expanse,exp
491,,2019/05/14,null,expanse,exp
492,,2019/05/15,null,expanse,exp
493,,2019/05/16,2,expanse,exp
494,,2019/05/17,12,expanse,exp
495,,2019/05/18,null,expanse,exp
496,,2019/05/19,8,expanse,exp
497,,2019/05/20,10,expanse,exp
498,,2019/05/21,null,expanse,exp
499,,2019/05/22,null,expanse,exp
500,,2019/05/23,null,expanse,exp
501,,2019/05/24,null,expanse,exp
502,,2019/05/25,null,expanse,exp
503,,2019/05/26,null,expanse,exp
504,,2019/05/27,null,expanse,exp
505,,2019/05/28,null,expanse,exp
506,,2019/05/29,null,expanse,exp
507,,2019/05/30,null,expanse,exp
508,,2019/05/31,null,expanse,exp
509,,2019/06/01,null,expanse,exp
510,,2019/06/02,null,expanse,exp
511,,2019/06/03,null,expanse,exp
512,,2019/06/04,null,expanse,exp
513,,2019/06/05,null,expanse,exp
514,,2019/06/06,null,expanse,exp
515,,2019/06/07,null,expanse,exp
516,,2019/06/08,null,expanse,exp
517,,2019/06/09,null,expanse,exp
518,,2019/06/10,null,expanse,exp
519,,2019/06/11,null,expanse,exp
520,,2019/06/12,null,expanse,exp
521,,2019/06/13,null,expanse,exp
522,,2019/06/14,null,expanse,exp
523,,2019/06/15,null,expanse,exp
524,,2019/06/16,null,expanse,exp
525,,2019/06/17,null,expanse,exp
526,,2019/06/18,null,expanse,exp
527,,2019/06/19,null,expanse,exp
528,,2019/06/20,null,expanse,exp
529,,2019/06/21,null,expanse,exp
530,,2019/06/22,null,expanse,exp
531,,2019/06/23,null,expanse,exp
532,,2019/06/24,null,expanse,exp
533,,2019/06/25,null,expanse,exp
534,,2019/06/26,null,expanse,exp
535,,2019/06/27,null,expanse,exp
536,,2019/06/28,null,expanse,exp
537,,2019/06/29,null,expanse,exp
538,,2019/06/30,null,expanse,exp
539,,2019/07/01,null,expanse,exp
540,,2019/07/02,null,expanse,exp
541,,2019/07/03,null,expanse,exp
542,,2019/07/04,null,expanse,exp
543,,2019/07/05,null,expanse,exp
544,,2019/07/06,null,expanse,exp
545,,2019/07/07,null,expanse,exp
546,,2019/07/08,null,expanse,exp
547,,2019/07/09,null,expanse,exp
548,,2019/07/10,null,expanse,exp
549,,2019/07/11,null,expanse,exp
550,,2019/07/12,null,expanse,exp
551,,2019/07/13,null,expanse,exp
552,,2019/07/14,null,expanse,exp
553,,2019/07/15,null,expanse,exp
554,,2019/07/16,null,expanse,exp
555,,2019/07/17,null,expanse,exp
556,,2019/07/18,null,expanse,exp
557,,2019/07/19,null,expanse,exp
558,,2019/07/20,null,expanse,exp
559,,2019/07/21,null,expanse,exp
560,,2019/07/22,null,expanse,exp
561,,2019/07/23,null,expanse,exp
562,,2019/07/24,null,expanse,exp
563,,2019/07/25,null,expanse,exp
564,,2019/07/26,null,expanse,exp
565,,2019/07/27,null,expanse,exp
566,,2019/07/28,null,expanse,exp
567,,2019/07/29,null,expanse,exp
568,,2019/07/30,null,expanse,exp
569,,2019/07/31,null,expanse,exp
570,,2019/08/01,null,expanse,exp
571,,2019/08/02,null,expanse,exp
572,,2019/08/03,null,expanse,exp
573,,2019/08/04,null,expanse,exp
574,,2019/08/05,null,expanse,exp
575,,2019/08/06,null,expanse,exp
576,,2019/08/07,null,expanse,exp
577,,2019/08/08,null,expanse,exp
578,,2019/08/09,null,expanse,exp
579,,2019/08/10,null,expanse,exp
580,,2019/08/11,null,expanse,exp
581,,2019/08/12,null,expanse,exp
582,,2019/08/13,null,expanse,exp
583,,2019/08/14,null,expanse,exp
584,,2019/08/15,null,expanse,exp
585,,2019/08/16,null,expanse,exp
586,,2019/08/17,null,expanse,exp
587,,2019/08/18,null,expanse,exp
588,,2019/08/19,null,expanse,exp
589,,2019/08/20,null,expanse,exp
590,,2019/08/21,null,expanse,exp
591,,2019/08/22,null,expanse,exp
592,,2019/08/23,null,expanse,exp
593,,2019/08/24,null,expanse,exp
594,,2019/08/25,null,expanse,exp
595,,2019/08/26,null,expanse,exp
596,,2019/08/27,null,expanse,exp
597,,2019/08/28,null,expanse,exp
598,,2019/08/29,null,expanse,exp
599,,2019/08/30,null,expanse,exp
600,,2019/08/31,null,expanse,exp
601,,2019/09/01,null,expanse,exp
602,,2019/09/02,null,expanse,exp
603,,2019/09/03,null,expanse,exp
604,,2019/09/04,null,expanse,exp
605,,2019/09/05,null,expanse,exp
606,,2019/09/06,null,expanse,exp
607,,2019/09/07,null,expanse,exp
608,,2019/09/08,null,expanse,exp
609,,2019/09/09,null,expanse,exp
610,,2019/09/10,null,expanse,exp
611,,2019/09/11,null,expanse,exp
612,,2019/09/12,null,expanse,exp
613,,2019/09/13,null,expanse,exp
614,,2019/09/14,3,expanse,exp
615,,2019/09/15,null,expanse,exp
616,,2019/09/16,null,expanse,exp
617,,2019/09/17,13,expanse,exp
618,,2019/09/18,52,expanse,exp
619,,2019/09/19,31,expanse,exp
620,,2019/09/20,19,expanse,exp
621,,2019/09/21,22,expanse,exp
622,,2019/09/22,20,expanse,exp
623,,2019/09/23,null,expanse,exp
624,,2019/09/24,null,expanse,exp
625,,2019/09/25,null,expanse,exp
626,,2019/09/26,null,expanse,exp
627,,2019/09/27,18,expanse,exp
628,,2019/09/28,17,expanse,exp
629,,2019/09/29,7,expanse,exp
630,,2019/09/30,17,expanse,exp
631,,2019/10/01,12,expanse,exp
632,,2019/10/02,32,expanse,exp
633,,2019/10/03,32,expanse,exp
634,,2019/10/04,10,expanse,exp
635,,2019/10/05,13,expanse,exp
636,,2019/10/06,15,expanse,exp
637,,2019/10/07,7,expanse,exp
638,,2019/10/08,14,expanse,exp
639,,2019/10/09,21,expanse,exp
640,,2019/10/10,31,expanse,exp
641,,2019/10/11,17,expanse,exp
642,,2019/10/12,14,expanse,exp
643,,2019/10/13,null,expanse,exp
644,,2019/10/14,null,expanse,exp
645,,2019/10/15,25,expanse,exp
646,,2019/10/16,11,expanse,exp
647,,2019/10/17,null,expanse,exp
648,,2019/10/18,null,expanse,exp
649,,2019/10/19,null,expanse,exp
650,,2019/10/20,null,expanse,exp
651,,2019/10/21,null,expanse,exp
652,,2019/10/22,null,expanse,exp
653,,2019/10/23,null,expanse,exp
654,,2019/10/24,null,expanse,exp
655,,2019/10/25,null,expanse,exp
656,,2019/10/26,null,expanse,exp
657,,2019/10/27,null,expanse,exp
658,,2019/10/28,null,expanse,exp
659,,2019/10/29,null,expanse,exp
660,,2019/10/30,null,expanse,exp
661,,2019/10/31,null,expanse,exp
662,,2019/11/01,null,expanse,exp
663,,2019/11/02,null,expanse,exp
664,,2019/11/03,null,expanse,exp
665,,2019/11/04,null,expanse,exp
666,,2019/11/05,null,expanse,exp
667,,2019/11/06,null,expanse,exp
668,,2019/11/07,null,expanse,exp
669,,2019/11/08,null,expanse,exp
670,,2019/11/09,null,expanse,exp
671,,2019/11/10,null,expanse,exp
672,,2019/11/11,null,expanse,exp
673,,2019/11/12,null,expanse,exp
674,,2019/11/13,null,expanse,exp
675,,2019/11/14,null,expanse,exp
676,,2019/11/15,null,expanse,exp
677,,2019/11/16,null,expanse,exp
678,,2019/11/17,null,expanse,exp
679,,2019/11/18,null,expanse,exp
680,,2019/11/19,null,expanse,exp
681,,2019/11/20,null,expanse,exp
682,,2019/11/21,null,expanse,exp
683,,2019/11/22,null,expanse,exp
684,,2019/11/23,null,expanse,exp
685,,2019/11/24,null,expanse,exp
686,,2019/11/25,null,expanse,exp
687,,2019/11/26,null,expanse,exp
688,,2019/11/27,null,expanse,exp
689,,2019/11/28,null,expanse,exp
690,,2019/11/29,null,expanse,exp
691,,2019/11/30,null,expanse,exp
692,,2019/12/01,null,expanse,exp
693,,2019/12/02,9,expanse,exp
694,,2019/12/03,18,expanse,exp
