,google_trends,date,tweets,full_name,coin
0,,2019/03/01,13,fetch.ai,fet
1,,2019/03/02,7,fetch.ai,fet
2,,2019/03/03,1,fetch.ai,fet
3,,2019/03/04,null,fetch.ai,fet
4,,2019/03/05,1,fetch.ai,fet
5,,2019/03/06,3,fetch.ai,fet
6,,2019/03/07,null,fetch.ai,fet
7,,2019/03/08,15,fetch.ai,fet
8,,2019/03/09,1,fetch.ai,fet
9,,2019/03/10,5,fetch.ai,fet
10,,2019/03/11,null,fetch.ai,fet
11,,2019/03/12,1,fetch.ai,fet
12,,2019/03/13,null,fetch.ai,fet
13,,2019/03/14,2,fetch.ai,fet
14,,2019/03/15,2,fetch.ai,fet
15,,2019/03/16,null,fetch.ai,fet
16,,2019/03/17,3,fetch.ai,fet
17,,2019/03/18,null,fetch.ai,fet
18,,2019/03/19,1,fetch.ai,fet
19,,2019/03/20,null,fetch.ai,fet
20,,2019/03/21,2,fetch.ai,fet
21,,2019/03/22,1,fetch.ai,fet
22,,2019/03/23,5,fetch.ai,fet
23,,2019/03/24,null,fetch.ai,fet
24,,2019/03/25,1,fetch.ai,fet
25,,2019/03/26,1,fetch.ai,fet
26,,2019/03/27,null,fetch.ai,fet
27,,2019/03/28,null,fetch.ai,fet
28,,2019/03/29,null,fetch.ai,fet
29,,2019/03/30,null,fetch.ai,fet
30,,2019/03/31,1,fetch.ai,fet
31,,2019/04/01,null,fetch.ai,fet
32,,2019/04/02,1,fetch.ai,fet
33,,2019/04/03,null,fetch.ai,fet
34,,2019/04/04,1,fetch.ai,fet
35,,2019/04/05,1,fetch.ai,fet
36,,2019/04/06,1,fetch.ai,fet
37,,2019/04/07,1,fetch.ai,fet
38,,2019/04/08,2,fetch.ai,fet
39,,2019/04/09,1,fetch.ai,fet
40,,2019/04/10,null,fetch.ai,fet
41,,2019/04/11,null,fetch.ai,fet
42,,2019/04/12,null,fetch.ai,fet
43,,2019/04/13,null,fetch.ai,fet
44,,2019/04/14,null,fetch.ai,fet
45,,2019/04/15,null,fetch.ai,fet
46,,2019/04/16,null,fetch.ai,fet
47,,2019/04/17,null,fetch.ai,fet
48,,2019/04/18,null,fetch.ai,fet
49,,2019/04/19,null,fetch.ai,fet
50,,2019/04/20,1,fetch.ai,fet
51,,2019/04/21,null,fetch.ai,fet
52,,2019/04/22,null,fetch.ai,fet
53,,2019/04/23,null,fetch.ai,fet
54,,2019/04/24,null,fetch.ai,fet
55,,2019/04/25,null,fetch.ai,fet
56,,2019/04/26,null,fetch.ai,fet
57,,2019/04/27,null,fetch.ai,fet
58,,2019/04/28,null,fetch.ai,fet
59,,2019/04/29,null,fetch.ai,fet
60,,2019/04/30,1,fetch.ai,fet
61,,2019/05/01,null,fetch.ai,fet
62,,2019/05/02,1,fetch.ai,fet
63,,2019/05/03,6,fetch.ai,fet
64,,2019/05/04,6,fetch.ai,fet
65,,2019/05/05,3,fetch.ai,fet
66,,2019/05/06,5,fetch.ai,fet
67,,2019/05/07,4,fetch.ai,fet
68,,2019/05/08,2,fetch.ai,fet
69,,2019/05/09,5,fetch.ai,fet
70,,2019/05/10,7,fetch.ai,fet
71,,2019/05/11,3,fetch.ai,fet
72,,2019/05/12,4,fetch.ai,fet
73,,2019/05/13,3,fetch.ai,fet
74,,2019/05/14,3,fetch.ai,fet
75,,2019/05/15,1,fetch.ai,fet
76,,2019/05/16,1,fetch.ai,fet
77,,2019/05/17,10,fetch.ai,fet
78,,2019/05/18,null,fetch.ai,fet
79,,2019/05/19,null,fetch.ai,fet
80,,2019/05/20,3,fetch.ai,fet
81,,2019/05/21,7,fetch.ai,fet
82,,2019/05/22,null,fetch.ai,fet
83,,2019/05/23,2,fetch.ai,fet
84,,2019/05/24,null,fetch.ai,fet
85,,2019/05/25,null,fetch.ai,fet
86,,2019/05/26,1,fetch.ai,fet
87,,2019/05/27,null,fetch.ai,fet
88,,2019/05/28,3,fetch.ai,fet
89,,2019/05/29,null,fetch.ai,fet
90,,2019/05/30,null,fetch.ai,fet
91,,2019/05/31,1,fetch.ai,fet
92,,2019/06/01,1,fetch.ai,fet
93,,2019/06/02,null,fetch.ai,fet
94,,2019/06/03,null,fetch.ai,fet
95,,2019/06/04,1,fetch.ai,fet
96,,2019/06/05,6,fetch.ai,fet
97,,2019/06/06,null,fetch.ai,fet
98,,2019/06/07,null,fetch.ai,fet
99,,2019/06/08,1,fetch.ai,fet
100,,2019/06/09,3,fetch.ai,fet
101,,2019/06/10,1,fetch.ai,fet
102,,2019/06/11,2,fetch.ai,fet
103,,2019/06/12,null,fetch.ai,fet
104,,2019/06/13,1,fetch.ai,fet
105,,2019/06/14,null,fetch.ai,fet
106,,2019/06/15,null,fetch.ai,fet
107,,2019/06/16,null,fetch.ai,fet
108,,2019/06/17,3,fetch.ai,fet
109,,2019/06/18,1,fetch.ai,fet
110,,2019/06/19,null,fetch.ai,fet
111,,2019/06/20,1,fetch.ai,fet
112,,2019/06/21,null,fetch.ai,fet
113,,2019/06/22,null,fetch.ai,fet
114,,2019/06/23,4,fetch.ai,fet
115,,2019/06/24,1,fetch.ai,fet
116,,2019/06/25,null,fetch.ai,fet
117,,2019/06/26,3,fetch.ai,fet
118,,2019/06/27,null,fetch.ai,fet
119,,2019/06/28,null,fetch.ai,fet
120,,2019/06/29,3,fetch.ai,fet
121,,2019/06/30,null,fetch.ai,fet
122,,2019/07/01,1,fetch.ai,fet
123,,2019/07/02,null,fetch.ai,fet
124,,2019/07/03,1,fetch.ai,fet
125,,2019/07/04,null,fetch.ai,fet
126,,2019/07/05,1,fetch.ai,fet
127,,2019/07/06,1,fetch.ai,fet
128,,2019/07/07,1,fetch.ai,fet
129,,2019/07/08,3,fetch.ai,fet
130,,2019/07/09,1,fetch.ai,fet
131,,2019/07/10,4,fetch.ai,fet
132,,2019/07/11,null,fetch.ai,fet
133,,2019/07/12,2,fetch.ai,fet
134,,2019/07/13,5,fetch.ai,fet
135,,2019/07/14,1,fetch.ai,fet
136,,2019/07/15,null,fetch.ai,fet
137,,2019/07/16,1,fetch.ai,fet
138,,2019/07/17,3,fetch.ai,fet
139,,2019/07/18,4,fetch.ai,fet
140,,2019/07/19,null,fetch.ai,fet
141,,2019/07/20,null,fetch.ai,fet
142,,2019/07/21,null,fetch.ai,fet
143,,2019/07/22,null,fetch.ai,fet
144,,2019/07/23,null,fetch.ai,fet
145,,2019/07/24,1,fetch.ai,fet
146,,2019/07/25,14,fetch.ai,fet
147,,2019/07/26,null,fetch.ai,fet
148,,2019/07/27,1,fetch.ai,fet
149,,2019/07/28,null,fetch.ai,fet
150,,2019/07/29,1,fetch.ai,fet
151,,2019/07/30,2,fetch.ai,fet
152,,2019/07/31,1,fetch.ai,fet
153,,2019/08/01,1,fetch.ai,fet
154,,2019/08/02,null,fetch.ai,fet
155,,2019/08/03,null,fetch.ai,fet
156,,2019/08/04,null,fetch.ai,fet
157,,2019/08/05,null,fetch.ai,fet
158,,2019/08/06,null,fetch.ai,fet
159,,2019/08/07,null,fetch.ai,fet
160,,2019/08/08,null,fetch.ai,fet
161,,2019/08/09,null,fetch.ai,fet
162,,2019/08/10,null,fetch.ai,fet
163,,2019/08/11,null,fetch.ai,fet
164,,2019/08/12,null,fetch.ai,fet
165,,2019/08/13,2,fetch.ai,fet
166,,2019/08/14,1,fetch.ai,fet
167,,2019/08/15,null,fetch.ai,fet
168,,2019/08/16,null,fetch.ai,fet
169,,2019/08/17,null,fetch.ai,fet
170,,2019/08/18,1,fetch.ai,fet
171,,2019/08/19,null,fetch.ai,fet
172,,2019/08/20,null,fetch.ai,fet
173,,2019/08/21,null,fetch.ai,fet
174,,2019/08/22,null,fetch.ai,fet
175,,2019/08/23,null,fetch.ai,fet
176,,2019/08/24,null,fetch.ai,fet
177,,2019/08/25,null,fetch.ai,fet
178,,2019/08/26,null,fetch.ai,fet
179,,2019/08/27,null,fetch.ai,fet
180,,2019/08/28,null,fetch.ai,fet
181,,2019/08/29,null,fetch.ai,fet
182,,2019/08/30,null,fetch.ai,fet
183,,2019/08/31,1,fetch.ai,fet
184,,2019/09/01,null,fetch.ai,fet
185,,2019/09/02,null,fetch.ai,fet
186,,2019/09/03,null,fetch.ai,fet
187,,2019/09/04,null,fetch.ai,fet
188,,2019/09/05,null,fetch.ai,fet
189,,2019/09/06,null,fetch.ai,fet
190,,2019/09/07,null,fetch.ai,fet
191,,2019/09/08,null,fetch.ai,fet
192,,2019/09/09,null,fetch.ai,fet
193,,2019/09/10,null,fetch.ai,fet
194,,2019/09/11,null,fetch.ai,fet
195,,2019/09/12,null,fetch.ai,fet
196,,2019/09/13,null,fetch.ai,fet
197,,2019/09/14,null,fetch.ai,fet
198,,2019/09/15,null,fetch.ai,fet
199,,2019/09/16,null,fetch.ai,fet
200,,2019/09/17,null,fetch.ai,fet
201,,2019/09/18,null,fetch.ai,fet
202,,2019/09/19,null,fetch.ai,fet
203,,2019/09/20,null,fetch.ai,fet
204,,2019/09/21,null,fetch.ai,fet
205,,2019/09/22,null,fetch.ai,fet
206,,2019/09/23,null,fetch.ai,fet
207,,2019/09/24,null,fetch.ai,fet
208,,2019/09/25,null,fetch.ai,fet
209,,2019/09/26,null,fetch.ai,fet
210,,2019/09/27,1,fetch.ai,fet
211,,2019/09/28,null,fetch.ai,fet
212,,2019/09/29,null,fetch.ai,fet
213,,2019/09/30,null,fetch.ai,fet
214,,2019/10/01,null,fetch.ai,fet
215,,2019/10/02,null,fetch.ai,fet
216,,2019/10/03,null,fetch.ai,fet
217,,2019/10/04,null,fetch.ai,fet
218,,2019/10/05,null,fetch.ai,fet
219,,2019/10/06,null,fetch.ai,fet
220,,2019/10/07,null,fetch.ai,fet
221,,2019/10/08,null,fetch.ai,fet
222,,2019/10/09,null,fetch.ai,fet
223,,2019/10/10,null,fetch.ai,fet
224,,2019/10/11,null,fetch.ai,fet
225,,2019/10/12,null,fetch.ai,fet
226,,2019/10/13,null,fetch.ai,fet
227,,2019/10/14,null,fetch.ai,fet
228,,2019/10/15,null,fetch.ai,fet
229,,2019/10/16,null,fetch.ai,fet
230,,2019/10/17,null,fetch.ai,fet
231,,2019/10/18,null,fetch.ai,fet
232,,2019/10/19,null,fetch.ai,fet
233,,2019/10/20,null,fetch.ai,fet
234,,2019/10/21,null,fetch.ai,fet
235,,2019/10/22,null,fetch.ai,fet
236,,2019/10/23,null,fetch.ai,fet
237,,2019/10/24,null,fetch.ai,fet
238,,2019/10/25,2,fetch.ai,fet
239,,2019/10/26,null,fetch.ai,fet
240,,2019/10/27,1,fetch.ai,fet
241,,2019/10/28,null,fetch.ai,fet
242,,2019/10/29,1,fetch.ai,fet
243,,2019/10/30,null,fetch.ai,fet
244,,2019/10/31,1,fetch.ai,fet
245,,2019/11/01,2,fetch.ai,fet
246,,2019/11/02,null,fetch.ai,fet
247,,2019/11/03,null,fetch.ai,fet
248,,2019/11/04,null,fetch.ai,fet
249,,2019/11/05,null,fetch.ai,fet
250,,2019/11/06,1,fetch.ai,fet
251,,2019/11/07,null,fetch.ai,fet
252,,2019/11/08,null,fetch.ai,fet
253,,2019/11/09,null,fetch.ai,fet
254,,2019/11/10,1,fetch.ai,fet
255,,2019/11/11,null,fetch.ai,fet
256,,2019/11/12,1,fetch.ai,fet
257,,2019/11/13,null,fetch.ai,fet
258,,2019/11/14,null,fetch.ai,fet
259,,2019/11/15,2,fetch.ai,fet
260,,2019/11/16,1,fetch.ai,fet
261,,2019/11/17,null,fetch.ai,fet
262,,2019/11/18,2,fetch.ai,fet
263,,2019/11/19,null,fetch.ai,fet
264,,2019/11/20,null,fetch.ai,fet
265,,2019/11/21,null,fetch.ai,fet
266,,2019/11/22,1,fetch.ai,fet
267,,2019/11/23,1,fetch.ai,fet
268,,2019/11/24,null,fetch.ai,fet
269,,2019/11/25,5,fetch.ai,fet
270,,2019/11/26,null,fetch.ai,fet
271,,2019/11/27,1,fetch.ai,fet
272,,2019/11/28,3,fetch.ai,fet
273,,2019/11/29,1,fetch.ai,fet
274,,2019/11/30,null,fetch.ai,fet
275,,2019/12/01,null,fetch.ai,fet
276,,2019/12/02,1,fetch.ai,fet
277,,2019/12/03,1,fetch.ai,fet
278,,2019/12/04,3,fetch.ai,fet
279,,2019/12/05,null,fetch.ai,fet
280,,2019/12/06,2,fetch.ai,fet
281,,2019/12/07,3,fetch.ai,fet
282,,2019/12/08,2,fetch.ai,fet
283,,2019/12/09,null,fetch.ai,fet
284,,2019/12/10,3,fetch.ai,fet
285,,2019/12/11,null,fetch.ai,fet
286,,2019/12/12,null,fetch.ai,fet
287,,2019/12/13,1,fetch.ai,fet
288,,2019/12/14,null,fetch.ai,fet
289,,2019/12/15,1,fetch.ai,fet
290,,2019/12/16,1,fetch.ai,fet
291,,2019/12/17,1,fetch.ai,fet
292,,2019/12/18,1,fetch.ai,fet
293,,2019/12/19,1,fetch.ai,fet
294,,2019/12/20,2,fetch.ai,fet
295,,2019/12/21,null,fetch.ai,fet
296,,2019/12/22,null,fetch.ai,fet
297,,2019/12/23,null,fetch.ai,fet
298,,2019/12/24,null,fetch.ai,fet
299,,2019/12/25,null,fetch.ai,fet
300,,2019/12/26,null,fetch.ai,fet
301,,2019/12/27,null,fetch.ai,fet
302,,2019/12/28,1,fetch.ai,fet
303,,2019/12/29,null,fetch.ai,fet
304,,2019/12/30,null,fetch.ai,fet
305,,2019/12/31,null,fetch.ai,fet
306,,2020/01/01,null,fetch.ai,fet
307,,2020/01/02,null,fetch.ai,fet
308,,2020/01/03,null,fetch.ai,fet
309,,2020/01/04,1,fetch.ai,fet
310,,2020/01/05,null,fetch.ai,fet
311,,2020/01/06,null,fetch.ai,fet
312,,2020/01/07,null,fetch.ai,fet
313,,2020/01/08,null,fetch.ai,fet
314,,2020/01/09,null,fetch.ai,fet
315,,2020/01/10,null,fetch.ai,fet
316,,2020/01/11,1,fetch.ai,fet
317,,2020/01/12,null,fetch.ai,fet
318,,2020/01/13,null,fetch.ai,fet
319,,2020/01/14,1,fetch.ai,fet
320,,2020/01/15,null,fetch.ai,fet
321,,2020/01/16,null,fetch.ai,fet
322,,2020/01/17,2,fetch.ai,fet
323,,2020/01/18,null,fetch.ai,fet
324,,2020/01/19,null,fetch.ai,fet
325,,2020/01/20,1,fetch.ai,fet
326,,2020/01/21,null,fetch.ai,fet
327,,2020/01/22,null,fetch.ai,fet
328,,2020/01/23,null,fetch.ai,fet
329,,2020/01/24,1,fetch.ai,fet
330,,2020/01/25,null,fetch.ai,fet
331,,2020/01/26,null,fetch.ai,fet
332,,2020/01/27,null,fetch.ai,fet
333,,2020/01/28,null,fetch.ai,fet
334,,2020/01/29,null,fetch.ai,fet
335,,2020/01/30,2,fetch.ai,fet
336,,2020/01/31,1,fetch.ai,fet
337,,2020/02/01,null,fetch.ai,fet
338,,2020/02/02,null,fetch.ai,fet
339,,2020/02/03,1,fetch.ai,fet
340,,2020/02/04,null,fetch.ai,fet
341,,2020/02/05,null,fetch.ai,fet
342,,2020/02/06,null,fetch.ai,fet
343,,2020/02/07,1,fetch.ai,fet
344,,2020/02/08,null,fetch.ai,fet
345,,2020/02/09,null,fetch.ai,fet
346,,2020/02/10,null,fetch.ai,fet
347,,2020/02/11,1,fetch.ai,fet
348,,2020/02/12,null,fetch.ai,fet
349,,2020/02/13,1,fetch.ai,fet
350,,2020/02/14,1,fetch.ai,fet
351,,2020/02/15,null,fetch.ai,fet
352,,2020/02/16,null,fetch.ai,fet
353,,2020/02/17,null,fetch.ai,fet
354,,2020/02/18,null,fetch.ai,fet
355,,2020/02/19,null,fetch.ai,fet
356,,2020/02/20,null,fetch.ai,fet
357,,2020/02/21,1,fetch.ai,fet
358,,2020/02/22,null,fetch.ai,fet
359,,2020/02/23,null,fetch.ai,fet
360,,2020/02/24,null,fetch.ai,fet
361,,2020/02/25,null,fetch.ai,fet
362,,2020/02/26,null,fetch.ai,fet
363,,2020/02/27,null,fetch.ai,fet
364,,2020/02/28,1,fetch.ai,fet
365,,2020/02/29,null,fetch.ai,fet
366,,2020/03/01,null,fetch.ai,fet
367,,2020/03/02,null,fetch.ai,fet
368,,2020/03/03,null,fetch.ai,fet
369,,2020/03/04,null,fetch.ai,fet
370,,2020/03/05,1,fetch.ai,fet
371,,2020/03/06,1,fetch.ai,fet
372,,2020/03/07,null,fetch.ai,fet
373,,2020/03/08,null,fetch.ai,fet
374,,2020/03/09,null,fetch.ai,fet
375,,2020/03/10,null,fetch.ai,fet
376,,2020/03/11,null,fetch.ai,fet
377,,2020/03/12,1,fetch.ai,fet
378,,2020/03/13,1,fetch.ai,fet
379,,2020/03/14,null,fetch.ai,fet
380,,2020/03/15,1,fetch.ai,fet
381,,2020/03/16,null,fetch.ai,fet
382,,2020/03/17,1,fetch.ai,fet
383,,2020/03/18,null,fetch.ai,fet
384,,2020/03/19,null,fetch.ai,fet
385,,2020/03/20,3,fetch.ai,fet
386,,2020/03/21,null,fetch.ai,fet
387,,2020/03/22,null,fetch.ai,fet
388,,2020/03/23,null,fetch.ai,fet
389,,2020/03/24,null,fetch.ai,fet
390,,2020/03/25,null,fetch.ai,fet
391,,2020/03/26,null,fetch.ai,fet
392,,2020/03/27,1,fetch.ai,fet
393,,2020/03/28,null,fetch.ai,fet
394,,2020/03/29,null,fetch.ai,fet
395,,2020/03/30,null,fetch.ai,fet
396,,2020/03/31,1,fetch.ai,fet
397,,2020/04/01,null,fetch.ai,fet
398,,2020/04/02,null,fetch.ai,fet
399,,2020/04/03,null,fetch.ai,fet
400,,2020/04/04,null,fetch.ai,fet
401,,2020/04/05,null,fetch.ai,fet
402,,2020/04/06,null,fetch.ai,fet
403,,2020/04/07,null,fetch.ai,fet
404,,2020/04/08,null,fetch.ai,fet
405,,2020/04/09,null,fetch.ai,fet
406,,2020/04/10,null,fetch.ai,fet
407,,2020/04/11,null,fetch.ai,fet
408,,2020/04/12,null,fetch.ai,fet
409,,2020/04/13,null,fetch.ai,fet
410,,2020/04/14,null,fetch.ai,fet
411,,2020/04/15,null,fetch.ai,fet
412,,2020/04/16,null,fetch.ai,fet
413,,2020/04/17,2,fetch.ai,fet
414,,2020/04/18,null,fetch.ai,fet
415,,2020/04/19,null,fetch.ai,fet
416,,2020/04/20,null,fetch.ai,fet
417,,2020/04/21,null,fetch.ai,fet
418,,2020/04/22,null,fetch.ai,fet
419,,2020/04/23,null,fetch.ai,fet
420,,2020/04/24,null,fetch.ai,fet
421,,2020/04/25,2,fetch.ai,fet
422,,2020/04/26,null,fetch.ai,fet
423,,2020/04/27,null,fetch.ai,fet
424,,2020/04/28,1,fetch.ai,fet
425,,2020/04/29,null,fetch.ai,fet
426,,2020/04/30,null,fetch.ai,fet
427,,2020/05/01,null,fetch.ai,fet
428,,2020/05/02,null,fetch.ai,fet
429,,2020/05/03,null,fetch.ai,fet
430,,2020/05/04,null,fetch.ai,fet
431,,2020/05/05,null,fetch.ai,fet
432,,2020/05/06,null,fetch.ai,fet
433,,2020/05/07,null,fetch.ai,fet
434,,2020/05/08,null,fetch.ai,fet
435,,2020/05/09,1,fetch.ai,fet
436,,2020/05/10,null,fetch.ai,fet
437,,2020/05/11,null,fetch.ai,fet
438,,2020/05/12,null,fetch.ai,fet
439,,2020/05/13,null,fetch.ai,fet
440,,2020/05/14,null,fetch.ai,fet
441,,2020/05/15,2,fetch.ai,fet
442,,2020/05/16,1,fetch.ai,fet
443,,2020/05/17,null,fetch.ai,fet
444,,2020/05/18,null,fetch.ai,fet
445,,2020/05/19,null,fetch.ai,fet
446,,2020/05/20,null,fetch.ai,fet
447,,2020/05/21,null,fetch.ai,fet
448,,2020/05/22,1,fetch.ai,fet
449,,2020/05/23,null,fetch.ai,fet
450,,2020/05/24,null,fetch.ai,fet
451,,2020/05/25,null,fetch.ai,fet
452,,2020/05/26,1,fetch.ai,fet
453,,2020/05/27,null,fetch.ai,fet
454,,2020/05/28,null,fetch.ai,fet
455,,2020/05/29,1,fetch.ai,fet
456,,2020/05/30,null,fetch.ai,fet
457,,2020/05/31,null,fetch.ai,fet
458,,2020/06/01,null,fetch.ai,fet
459,,2020/06/02,null,fetch.ai,fet
460,,2020/06/03,null,fetch.ai,fet
461,,2020/06/04,null,fetch.ai,fet
462,,2020/06/05,null,fetch.ai,fet
463,,2020/06/06,1,fetch.ai,fet
464,,2020/06/07,3,fetch.ai,fet
465,,2020/06/08,1,fetch.ai,fet
466,,2020/06/09,null,fetch.ai,fet
467,,2020/06/10,2,fetch.ai,fet
468,,2020/06/11,1,fetch.ai,fet
469,,2020/06/12,1,fetch.ai,fet
470,,2020/06/13,null,fetch.ai,fet
471,,2020/06/14,null,fetch.ai,fet
472,,2020/06/15,null,fetch.ai,fet
473,,2020/06/16,5,fetch.ai,fet
474,,2020/06/17,2,fetch.ai,fet
475,,2020/06/18,3,fetch.ai,fet
476,,2020/06/19,3,fetch.ai,fet
477,,2020/06/20,null,fetch.ai,fet
478,,2020/06/21,3,fetch.ai,fet
479,,2020/06/22,1,fetch.ai,fet
480,,2020/06/23,1,fetch.ai,fet
481,,2020/06/24,null,fetch.ai,fet
482,,2020/06/25,null,fetch.ai,fet
483,,2020/06/26,1,fetch.ai,fet
484,,2020/06/27,null,fetch.ai,fet
485,,2020/06/28,null,fetch.ai,fet
486,,2020/06/29,2,fetch.ai,fet
487,,2020/06/30,null,fetch.ai,fet
488,,2020/07/01,null,fetch.ai,fet
489,,2020/07/02,1,fetch.ai,fet
490,,2020/07/03,1,fetch.ai,fet
491,,2020/07/04,2,fetch.ai,fet
492,,2020/07/05,2,fetch.ai,fet
493,,2020/07/06,1,fetch.ai,fet
494,,2020/07/07,null,fetch.ai,fet
495,,2020/07/08,3,fetch.ai,fet
496,,2020/07/09,1,fetch.ai,fet
497,,2020/07/10,1,fetch.ai,fet
498,,2020/07/11,2,fetch.ai,fet
499,,2020/07/12,4,fetch.ai,fet
500,,2020/07/13,5,fetch.ai,fet
501,,2020/07/14,1,fetch.ai,fet
502,,2020/07/15,null,fetch.ai,fet
503,,2020/07/16,2,fetch.ai,fet
504,,2020/07/17,2,fetch.ai,fet
505,,2020/07/18,null,fetch.ai,fet
506,,2020/07/19,null,fetch.ai,fet
507,,2020/07/20,null,fetch.ai,fet
508,,2020/07/21,1,fetch.ai,fet
509,,2020/07/22,1,fetch.ai,fet
510,,2020/07/23,2,fetch.ai,fet
511,,2020/07/24,null,fetch.ai,fet
512,,2020/07/25,null,fetch.ai,fet
513,,2020/07/26,null,fetch.ai,fet
514,,2020/07/27,3,fetch.ai,fet
515,,2020/07/28,3,fetch.ai,fet
516,,2020/07/29,2,fetch.ai,fet
517,,2020/07/30,3,fetch.ai,fet
518,,2020/07/31,1,fetch.ai,fet
519,,2020/08/01,null,fetch.ai,fet
520,,2020/08/02,null,fetch.ai,fet
521,,2020/08/03,1,fetch.ai,fet
522,,2020/08/04,null,fetch.ai,fet
523,,2020/08/05,null,fetch.ai,fet
524,,2020/08/06,3,fetch.ai,fet
525,,2020/08/07,2,fetch.ai,fet
526,,2020/08/08,null,fetch.ai,fet
527,,2020/08/09,2,fetch.ai,fet
528,,2020/08/10,null,fetch.ai,fet
529,,2020/08/11,2,fetch.ai,fet
530,,2020/08/12,5,fetch.ai,fet
531,,2020/08/13,null,fetch.ai,fet
532,,2020/08/14,4,fetch.ai,fet
533,,2020/08/15,null,fetch.ai,fet
534,,2020/08/16,1,fetch.ai,fet
535,,2020/08/17,3,fetch.ai,fet
536,,2020/08/18,2,fetch.ai,fet
537,,2020/08/19,1,fetch.ai,fet
538,,2020/08/20,1,fetch.ai,fet
539,,2020/08/21,2,fetch.ai,fet
540,,2020/08/22,null,fetch.ai,fet
541,,2020/08/23,null,fetch.ai,fet
542,,2020/08/24,null,fetch.ai,fet
543,,2020/08/25,1,fetch.ai,fet
544,,2020/08/26,2,fetch.ai,fet
545,,2020/08/27,null,fetch.ai,fet
546,,2020/08/28,null,fetch.ai,fet
547,,2020/08/29,4,fetch.ai,fet
548,,2020/08/30,1,fetch.ai,fet
549,,2020/08/31,1,fetch.ai,fet
550,,2020/09/01,null,fetch.ai,fet
551,,2020/09/02,2,fetch.ai,fet
552,,2020/09/03,1,fetch.ai,fet
553,,2020/09/04,2,fetch.ai,fet
554,,2020/09/05,2,fetch.ai,fet
555,,2020/09/06,null,fetch.ai,fet
556,,2020/09/07,1,fetch.ai,fet
557,,2020/09/08,null,fetch.ai,fet
558,,2020/09/09,null,fetch.ai,fet
559,,2020/09/10,2,fetch.ai,fet
560,,2020/09/11,null,fetch.ai,fet
561,,2020/09/12,2,fetch.ai,fet
562,,2020/09/13,1,fetch.ai,fet
563,,2020/09/14,null,fetch.ai,fet
564,,2020/09/15,null,fetch.ai,fet
565,,2020/09/16,null,fetch.ai,fet
566,,2020/09/17,null,fetch.ai,fet
567,,2020/09/18,null,fetch.ai,fet
568,,2020/09/19,1,fetch.ai,fet
569,,2020/09/20,null,fetch.ai,fet
570,,2020/09/21,3,fetch.ai,fet
571,,2020/09/22,null,fetch.ai,fet
572,,2020/09/23,1,fetch.ai,fet
573,,2020/09/24,null,fetch.ai,fet
574,,2020/09/25,1,fetch.ai,fet
575,,2020/09/26,null,fetch.ai,fet
576,,2020/09/27,null,fetch.ai,fet
577,,2020/09/28,null,fetch.ai,fet
578,,2020/09/29,null,fetch.ai,fet
579,,2020/09/30,1,fetch.ai,fet
580,,2020/10/01,6,fetch.ai,fet
581,,2020/10/02,null,fetch.ai,fet
582,,2020/10/03,1,fetch.ai,fet
583,,2020/10/04,1,fetch.ai,fet
584,,2020/10/05,1,fetch.ai,fet
585,,2020/10/06,null,fetch.ai,fet
586,,2020/10/07,3,fetch.ai,fet
587,,2020/10/08,5,fetch.ai,fet
588,,2020/10/09,1,fetch.ai,fet
589,,2020/10/10,1,fetch.ai,fet
590,,2020/10/11,null,fetch.ai,fet
591,,2020/10/12,6,fetch.ai,fet
592,,2020/10/13,null,fetch.ai,fet
593,,2020/10/14,7,fetch.ai,fet
594,,2020/10/15,6,fetch.ai,fet
595,,2020/10/16,2,fetch.ai,fet
596,,2020/10/17,4,fetch.ai,fet
597,,2020/10/18,2,fetch.ai,fet
598,,2020/10/19,2,fetch.ai,fet
599,,2020/10/20,3,fetch.ai,fet
600,,2020/10/21,1,fetch.ai,fet
601,,2020/10/22,3,fetch.ai,fet
602,,2020/10/23,6,fetch.ai,fet
603,,2020/10/24,4,fetch.ai,fet
604,,2020/10/25,2,fetch.ai,fet
605,,2020/10/26,null,fetch.ai,fet
606,,2020/10/27,3,fetch.ai,fet
607,,2020/10/28,1,fetch.ai,fet
608,,2020/10/29,2,fetch.ai,fet
609,,2020/10/30,1,fetch.ai,fet
610,,2020/10/31,1,fetch.ai,fet
611,,2020/11/01,1,fetch.ai,fet
612,,2020/11/02,2,fetch.ai,fet
613,,2020/11/03,4,fetch.ai,fet
614,,2020/11/04,null,fetch.ai,fet
615,,2020/11/05,4,fetch.ai,fet
616,,2020/11/06,7,fetch.ai,fet
617,,2020/11/07,1,fetch.ai,fet
618,,2020/11/08,1,fetch.ai,fet
619,,2020/11/09,2,fetch.ai,fet
620,,2020/11/10,4,fetch.ai,fet
621,,2020/11/11,3,fetch.ai,fet
622,,2020/11/12,3,fetch.ai,fet
623,,2020/11/13,7,fetch.ai,fet
624,,2020/11/14,2,fetch.ai,fet
625,,2020/11/15,null,fetch.ai,fet
626,,2020/11/16,12,fetch.ai,fet
627,,2020/11/17,13,fetch.ai,fet
628,,2020/11/18,10,fetch.ai,fet
629,,2020/11/19,4,fetch.ai,fet
630,,2020/11/20,2,fetch.ai,fet
631,,2020/11/21,1,fetch.ai,fet
632,,2020/11/22,9,fetch.ai,fet
633,,2020/11/23,2,fetch.ai,fet
634,,2020/11/24,3,fetch.ai,fet
635,,2020/11/25,5,fetch.ai,fet
636,,2020/11/26,10,fetch.ai,fet
637,,2020/11/27,3,fetch.ai,fet
638,,2020/11/28,2,fetch.ai,fet
639,,2020/11/29,null,fetch.ai,fet
640,,2020/11/30,2,fetch.ai,fet
641,,2020/12/01,8,fetch.ai,fet
642,,2020/12/02,1,fetch.ai,fet
643,,2020/12/03,1,fetch.ai,fet
644,,2020/12/04,2,fetch.ai,fet
645,,2020/12/05,1,fetch.ai,fet
646,,2020/12/06,1,fetch.ai,fet
647,,2020/12/07,3,fetch.ai,fet
648,,2020/12/08,3,fetch.ai,fet
649,,2020/12/09,3,fetch.ai,fet
650,,2020/12/10,2,fetch.ai,fet
651,,2020/12/11,null,fetch.ai,fet
652,,2020/12/12,null,fetch.ai,fet
653,,2020/12/13,2,fetch.ai,fet
654,,2020/12/14,3,fetch.ai,fet
655,,2020/12/15,1,fetch.ai,fet
656,,2020/12/16,2,fetch.ai,fet
657,,2020/12/17,3,fetch.ai,fet
658,,2020/12/18,3,fetch.ai,fet
659,,2020/12/19,1,fetch.ai,fet
660,,2020/12/20,null,fetch.ai,fet
661,,2020/12/21,5,fetch.ai,fet
662,,2020/12/22,null,fetch.ai,fet
663,,2020/12/23,2,fetch.ai,fet
664,,2020/12/24,null,fetch.ai,fet
665,,2020/12/25,2,fetch.ai,fet
666,,2020/12/26,null,fetch.ai,fet
667,,2020/12/27,2,fetch.ai,fet
668,,2020/12/28,null,fetch.ai,fet
669,,2020/12/29,2,fetch.ai,fet
670,,2020/12/30,1,fetch.ai,fet
671,,2020/12/31,null,fetch.ai,fet
672,,2021/01/01,3,fetch.ai,fet
673,,2021/01/02,2,fetch.ai,fet
674,,2021/01/03,null,fetch.ai,fet
675,,2021/01/04,null,fetch.ai,fet
676,,2021/01/05,2,fetch.ai,fet
677,,2021/01/06,1,fetch.ai,fet
678,,2021/01/07,1,fetch.ai,fet
679,,2021/01/08,2,fetch.ai,fet
680,,2021/01/09,1,fetch.ai,fet
681,,2021/01/10,null,fetch.ai,fet
682,,2021/01/11,3,fetch.ai,fet
683,,2021/01/12,4,fetch.ai,fet
684,,2021/01/13,1,fetch.ai,fet
685,,2021/01/14,3,fetch.ai,fet
686,,2021/01/15,1,fetch.ai,fet
687,,2021/01/16,1,fetch.ai,fet
688,,2021/01/17,null,fetch.ai,fet
689,,2021/01/18,1,fetch.ai,fet
690,,2021/01/19,16,fetch.ai,fet
691,,2021/01/20,1,fetch.ai,fet
692,,2021/01/21,2,fetch.ai,fet
693,,2021/01/22,null,fetch.ai,fet
694,,2021/01/23,2,fetch.ai,fet
695,,2021/01/24,null,fetch.ai,fet
696,,2021/01/25,3,fetch.ai,fet
697,,2021/01/26,2,fetch.ai,fet
698,,2021/01/27,1,fetch.ai,fet
699,,2021/01/28,1,fetch.ai,fet
700,,2021/01/29,3,fetch.ai,fet
701,,2021/01/30,1,fetch.ai,fet
702,,2021/01/31,1,fetch.ai,fet
703,,2021/02/01,3,fetch.ai,fet
704,,2021/02/02,3,fetch.ai,fet
705,,2021/02/03,1,fetch.ai,fet
706,,2021/02/04,1,fetch.ai,fet
707,,2021/02/05,null,fetch.ai,fet
708,,2021/02/06,1,fetch.ai,fet
709,,2021/02/07,1,fetch.ai,fet
710,,2021/02/08,4,fetch.ai,fet
711,,2021/02/09,4,fetch.ai,fet
712,,2021/02/10,2,fetch.ai,fet
713,,2021/02/11,4,fetch.ai,fet
714,,2021/02/12,5,fetch.ai,fet
715,,2021/02/13,1,fetch.ai,fet
716,,2021/02/14,58,fetch.ai,fet
717,,2021/02/15,16,fetch.ai,fet
718,,2021/02/16,2,fetch.ai,fet
719,,2021/02/17,46,fetch.ai,fet
720,,2021/02/18,14,fetch.ai,fet
721,,2021/02/19,16,fetch.ai,fet
722,,2021/02/20,1,fetch.ai,fet
723,,2021/02/21,1,fetch.ai,fet
724,,2021/02/22,11,fetch.ai,fet
725,,2021/02/23,2,fetch.ai,fet
726,,2021/02/24,6,fetch.ai,fet
727,,2021/02/25,3,fetch.ai,fet
728,,2021/02/26,6,fetch.ai,fet
729,,2021/02/27,6,fetch.ai,fet
730,,2021/02/28,1,fetch.ai,fet
731,,2021/03/01,null,fetch.ai,fet
732,,2021/03/02,null,fetch.ai,fet
733,,2021/03/03,7,fetch.ai,fet
734,,2021/03/04,2,fetch.ai,fet
735,,2021/03/05,6,fetch.ai,fet
736,,2021/03/06,null,fetch.ai,fet
737,,2021/03/07,2,fetch.ai,fet
738,,2021/03/08,7,fetch.ai,fet
739,,2021/03/09,16,fetch.ai,fet
740,,2021/03/10,7,fetch.ai,fet
741,,2021/03/11,9,fetch.ai,fet
742,,2021/03/12,6,fetch.ai,fet
743,,2021/03/13,4,fetch.ai,fet
744,,2021/03/14,4,fetch.ai,fet
745,,2021/03/15,null,fetch.ai,fet
746,,2021/03/16,2,fetch.ai,fet
747,,2021/03/17,2,fetch.ai,fet
748,,2021/03/18,1,fetch.ai,fet
749,,2021/03/19,1,fetch.ai,fet
750,,2021/03/20,2,fetch.ai,fet
751,,2021/03/21,null,fetch.ai,fet
752,,2021/03/22,3,fetch.ai,fet
753,,2021/03/23,1,fetch.ai,fet
754,,2021/03/24,3,fetch.ai,fet
755,,2021/03/25,3,fetch.ai,fet
756,,2021/03/26,4,fetch.ai,fet
757,,2021/03/27,1,fetch.ai,fet
758,,2021/03/28,1,fetch.ai,fet
759,,2021/03/29,4,fetch.ai,fet
760,,2021/03/30,8,fetch.ai,fet
761,,2021/03/31,4,fetch.ai,fet
762,,2021/04/01,null,fetch.ai,fet
763,,2021/04/02,1,fetch.ai,fet
764,,2021/04/03,null,fetch.ai,fet
765,,2021/04/04,null,fetch.ai,fet
766,,2021/04/05,null,fetch.ai,fet
767,,2021/04/06,2,fetch.ai,fet
768,,2021/04/07,1,fetch.ai,fet
769,,2021/04/08,7,fetch.ai,fet
770,,2021/04/09,4,fetch.ai,fet
771,,2021/04/10,20,fetch.ai,fet
772,,2021/04/11,6,fetch.ai,fet
773,,2021/04/12,6,fetch.ai,fet
774,,2021/04/13,7,fetch.ai,fet
775,,2021/04/14,7,fetch.ai,fet
776,,2021/04/15,4,fetch.ai,fet
777,,2021/04/16,10,fetch.ai,fet
778,,2021/04/17,2,fetch.ai,fet
779,,2021/04/18,1,fetch.ai,fet
780,,2021/04/19,2,fetch.ai,fet
781,,2021/04/20,3,fetch.ai,fet
782,,2021/04/21,2,fetch.ai,fet
783,,2021/04/22,13,fetch.ai,fet
784,,2021/04/23,13,fetch.ai,fet
785,,2021/04/24,1,fetch.ai,fet
786,,2021/04/25,4,fetch.ai,fet
787,,2021/04/26,4,fetch.ai,fet
788,,2021/04/27,13,fetch.ai,fet
789,,2021/04/28,2,fetch.ai,fet
790,,2021/04/29,null,fetch.ai,fet
791,,2021/04/30,15,fetch.ai,fet
792,,2021/05/01,1,fetch.ai,fet
793,,2021/05/02,1,fetch.ai,fet
794,,2021/05/03,2,fetch.ai,fet
795,,2021/05/04,4,fetch.ai,fet
796,,2021/05/05,3,fetch.ai,fet
797,,2021/05/06,4,fetch.ai,fet
798,,2021/05/07,5,fetch.ai,fet
799,,2021/05/08,1,fetch.ai,fet
800,,2021/05/09,null,fetch.ai,fet
801,,2021/05/10,2,fetch.ai,fet
802,,2021/05/11,4,fetch.ai,fet
803,,2021/05/12,5,fetch.ai,fet
804,,2021/05/13,1,fetch.ai,fet
805,,2021/05/14,7,fetch.ai,fet
806,,2021/05/15,1,fetch.ai,fet
807,,2021/05/16,5,fetch.ai,fet
808,,2021/05/17,1,fetch.ai,fet
809,,2021/05/18,6,fetch.ai,fet
810,,2021/05/19,2,fetch.ai,fet
811,,2021/05/20,7,fetch.ai,fet
812,,2021/05/21,1,fetch.ai,fet
813,,2021/05/22,2,fetch.ai,fet
814,,2021/05/23,1,fetch.ai,fet
815,,2021/05/24,6,fetch.ai,fet
816,,2021/05/25,1,fetch.ai,fet
817,,2021/05/26,3,fetch.ai,fet
818,,2021/05/27,6,fetch.ai,fet
819,,2021/05/28,5,fetch.ai,fet
820,,2021/05/29,5,fetch.ai,fet
821,,2021/05/30,null,fetch.ai,fet
822,,2021/05/31,3,fetch.ai,fet
823,,2021/06/01,1,fetch.ai,fet
824,,2021/06/02,2,fetch.ai,fet
825,,2021/06/03,3,fetch.ai,fet
826,,2021/06/04,1,fetch.ai,fet
827,,2021/06/05,7,fetch.ai,fet
828,,2021/06/06,3,fetch.ai,fet
829,,2021/06/07,2,fetch.ai,fet
830,,2021/06/08,null,fetch.ai,fet
831,,2021/06/09,31,fetch.ai,fet
832,,2021/06/10,12,fetch.ai,fet
833,,2021/06/11,3,fetch.ai,fet
834,,2021/06/12,1,fetch.ai,fet
835,,2021/06/13,null,fetch.ai,fet
836,,2021/06/14,1,fetch.ai,fet
837,,2021/06/15,1,fetch.ai,fet
838,,2021/06/16,12,fetch.ai,fet
839,,2021/06/17,1,fetch.ai,fet
840,,2021/06/18,2,fetch.ai,fet
841,,2021/06/19,2,fetch.ai,fet
842,,2021/06/20,2,fetch.ai,fet
843,,2021/06/21,3,fetch.ai,fet
844,,2021/06/22,null,fetch.ai,fet
845,,2021/06/23,6,fetch.ai,fet
846,,2021/06/24,7,fetch.ai,fet
847,,2021/06/25,1,fetch.ai,fet
848,,2021/06/26,null,fetch.ai,fet
849,,2021/06/27,3,fetch.ai,fet
850,,2021/06/28,null,fetch.ai,fet
851,,2021/06/29,2,fetch.ai,fet
852,,2021/06/30,null,fetch.ai,fet
853,,2021/07/01,3,fetch.ai,fet
854,,2021/07/02,1,fetch.ai,fet
855,,2021/07/03,1,fetch.ai,fet
856,,2021/07/04,1,fetch.ai,fet
857,,2021/07/05,4,fetch.ai,fet
858,,2021/07/06,4,fetch.ai,fet
859,,2021/07/07,1,fetch.ai,fet
860,,2021/07/08,1,fetch.ai,fet
861,,2021/07/09,4,fetch.ai,fet
862,,2021/07/10,2,fetch.ai,fet
863,,2021/07/11,null,fetch.ai,fet
864,,2021/07/12,1,fetch.ai,fet
865,,2021/07/13,5,fetch.ai,fet
866,,2021/07/14,1,fetch.ai,fet
867,,2021/07/15,5,fetch.ai,fet
868,,2021/07/16,4,fetch.ai,fet
869,,2021/07/17,null,fetch.ai,fet
870,,2021/07/18,null,fetch.ai,fet
871,,2021/07/19,7,fetch.ai,fet
872,,2021/07/20,1,fetch.ai,fet
873,,2021/07/21,1,fetch.ai,fet
874,,2021/07/22,7,fetch.ai,fet
875,,2021/07/23,2,fetch.ai,fet
876,,2021/07/24,null,fetch.ai,fet
877,,2021/07/25,2,fetch.ai,fet
878,,2021/07/26,3,fetch.ai,fet
879,,2021/07/27,4,fetch.ai,fet
880,,2021/07/28,2,fetch.ai,fet
881,,2021/07/29,2,fetch.ai,fet
882,,2021/07/30,6,fetch.ai,fet
883,,2021/07/31,2,fetch.ai,fet
884,,2021/08/01,1,fetch.ai,fet
885,,2021/08/02,2,fetch.ai,fet
886,,2021/08/03,3,fetch.ai,fet
887,,2021/08/04,2,fetch.ai,fet
888,,2021/08/05,22,fetch.ai,fet
889,,2021/08/06,11,fetch.ai,fet
890,,2021/08/07,1,fetch.ai,fet
891,,2021/08/08,7,fetch.ai,fet
892,,2021/08/09,5,fetch.ai,fet
893,,2021/08/10,15,fetch.ai,fet
894,,2021/08/11,4,fetch.ai,fet
895,,2021/08/12,3,fetch.ai,fet
896,,2021/08/13,null,fetch.ai,fet
897,,2021/08/14,4,fetch.ai,fet
898,,2021/08/15,1,fetch.ai,fet
899,,2021/08/16,6,fetch.ai,fet
900,,2021/08/17,2,fetch.ai,fet
901,,2021/08/18,3,fetch.ai,fet
902,,2021/08/19,8,fetch.ai,fet
903,,2021/08/20,2,fetch.ai,fet
904,,2021/08/21,1,fetch.ai,fet
905,,2021/08/22,null,fetch.ai,fet
906,,2021/08/23,1,fetch.ai,fet
907,,2021/08/24,10,fetch.ai,fet
908,,2021/08/25,6,fetch.ai,fet
909,,2021/08/26,8,fetch.ai,fet
910,,2021/08/27,11,fetch.ai,fet
911,,2021/08/28,30,fetch.ai,fet
912,,2021/08/29,2,fetch.ai,fet
913,,2021/08/30,5,fetch.ai,fet
914,,2021/08/31,5,fetch.ai,fet
915,,2021/09/01,9,fetch.ai,fet
916,,2021/09/02,8,fetch.ai,fet
917,,2021/09/03,8,fetch.ai,fet
918,,2021/09/04,1,fetch.ai,fet
919,,2021/09/05,3,fetch.ai,fet
920,,2021/09/06,6,fetch.ai,fet
921,,2021/09/07,12,fetch.ai,fet
922,,2021/09/08,7,fetch.ai,fet
923,,2021/09/09,56,fetch.ai,fet
924,,2021/09/10,25,fetch.ai,fet
925,,2021/09/11,5,fetch.ai,fet
926,,2021/09/12,1,fetch.ai,fet
927,,2021/09/13,null,fetch.ai,fet
928,,2021/09/14,4,fetch.ai,fet
929,,2021/09/15,14,fetch.ai,fet
930,,2021/09/16,14,fetch.ai,fet
931,,2021/09/17,19,fetch.ai,fet
932,,2021/09/18,3,fetch.ai,fet
933,,2021/09/19,10,fetch.ai,fet
934,,2021/09/20,3,fetch.ai,fet
935,,2021/09/21,4,fetch.ai,fet
936,,2021/09/22,4,fetch.ai,fet
937,,2021/09/23,5,fetch.ai,fet
938,,2021/09/24,6,fetch.ai,fet
939,,2021/09/25,null,fetch.ai,fet
940,,2021/09/26,null,fetch.ai,fet
941,,2021/09/27,6,fetch.ai,fet
942,,2021/09/28,7,fetch.ai,fet
943,,2021/09/29,2,fetch.ai,fet
944,,2021/09/30,null,fetch.ai,fet
945,,2021/10/01,2,fetch.ai,fet
946,,2021/10/02,2,fetch.ai,fet
947,,2021/10/03,null,fetch.ai,fet
948,,2021/10/04,1,fetch.ai,fet
949,,2021/10/05,1,fetch.ai,fet
950,,2021/10/06,1,fetch.ai,fet
951,,2021/10/07,null,fetch.ai,fet
952,,2021/10/08,null,fetch.ai,fet
953,,2021/10/09,null,fetch.ai,fet
954,,2021/10/10,5,fetch.ai,fet
955,,2021/10/11,null,fetch.ai,fet
956,,2021/10/12,1,fetch.ai,fet
957,,2021/10/13,2,fetch.ai,fet
958,,2021/10/14,null,fetch.ai,fet
959,,2021/10/15,null,fetch.ai,fet
960,,2021/10/16,17,fetch.ai,fet
961,,2021/10/17,1,fetch.ai,fet
962,,2021/10/18,null,fetch.ai,fet
963,,2021/10/19,null,fetch.ai,fet
964,,2021/10/20,1,fetch.ai,fet
965,,2021/10/21,null,fetch.ai,fet
966,,2021/10/22,null,fetch.ai,fet
967,,2021/10/23,null,fetch.ai,fet
968,,2021/10/24,null,fetch.ai,fet
969,,2021/10/25,1,fetch.ai,fet
970,,2021/10/26,1,fetch.ai,fet
971,,2021/10/27,1,fetch.ai,fet
972,,2021/10/28,null,fetch.ai,fet
973,,2021/10/29,2,fetch.ai,fet
974,,2021/10/30,1,fetch.ai,fet
975,,2021/10/31,null,fetch.ai,fet
976,,2021/11/01,null,fetch.ai,fet
977,,2021/11/02,null,fetch.ai,fet
978,,2021/11/03,3,fetch.ai,fet
979,,2021/11/04,1,fetch.ai,fet
980,,2021/11/05,1,fetch.ai,fet
981,,2021/11/06,1,fetch.ai,fet
982,,2021/11/07,1,fetch.ai,fet
983,,2021/11/08,null,fetch.ai,fet
984,,2021/11/09,null,fetch.ai,fet
985,,2021/11/10,2,fetch.ai,fet
986,,2021/11/11,null,fetch.ai,fet
987,,2021/11/12,1,fetch.ai,fet
988,,2021/11/13,1,fetch.ai,fet
989,,2021/11/14,1,fetch.ai,fet
990,,2021/11/15,null,fetch.ai,fet
991,,2021/11/16,3,fetch.ai,fet
