,google_trends,date,tweets,full_name,coin
0,,2019/02/27,2,footballcoin,xfc
1,,2019/02/28,null,footballcoin,xfc
2,,2019/03/01,null,footballcoin,xfc
3,,2019/03/02,null,footballcoin,xfc
4,,2019/03/03,null,footballcoin,xfc
5,,2019/03/04,null,footballcoin,xfc
6,,2019/03/05,null,footballcoin,xfc
7,,2019/03/06,null,footballcoin,xfc
8,,2019/03/07,null,footballcoin,xfc
9,,2019/03/08,null,footballcoin,xfc
10,,2019/03/09,null,footballcoin,xfc
11,,2019/03/10,null,footballcoin,xfc
12,,2019/03/11,null,footballcoin,xfc
13,,2019/03/12,null,footballcoin,xfc
14,,2019/03/13,null,footballcoin,xfc
15,,2019/03/14,null,footballcoin,xfc
16,,2019/03/15,null,footballcoin,xfc
17,,2019/03/16,null,footballcoin,xfc
18,,2019/03/17,null,footballcoin,xfc
19,,2019/03/18,null,footballcoin,xfc
20,,2019/03/19,null,footballcoin,xfc
21,,2019/03/20,null,footballcoin,xfc
22,,2019/03/21,null,footballcoin,xfc
23,,2019/03/22,null,footballcoin,xfc
24,,2019/03/23,null,footballcoin,xfc
25,,2019/03/24,null,footballcoin,xfc
26,,2019/03/25,null,footballcoin,xfc
27,,2019/03/26,null,footballcoin,xfc
28,,2019/03/27,null,footballcoin,xfc
29,,2019/03/28,null,footballcoin,xfc
30,,2019/03/29,null,footballcoin,xfc
31,,2019/03/30,null,footballcoin,xfc
32,,2019/03/31,null,footballcoin,xfc
33,,2019/04/01,null,footballcoin,xfc
34,,2019/04/02,null,footballcoin,xfc
35,,2019/04/03,null,footballcoin,xfc
36,,2019/04/04,null,footballcoin,xfc
37,,2019/04/05,null,footballcoin,xfc
38,,2019/04/06,null,footballcoin,xfc
39,,2019/04/07,null,footballcoin,xfc
40,,2019/04/08,null,footballcoin,xfc
41,,2019/04/09,null,footballcoin,xfc
42,,2019/04/10,null,footballcoin,xfc
43,,2019/04/11,null,footballcoin,xfc
44,,2019/04/12,null,footballcoin,xfc
45,,2019/04/13,null,footballcoin,xfc
46,,2019/04/14,null,footballcoin,xfc
47,,2019/04/15,null,footballcoin,xfc
48,,2019/04/16,null,footballcoin,xfc
49,,2019/04/17,null,footballcoin,xfc
50,,2019/04/18,null,footballcoin,xfc
51,,2019/04/19,null,footballcoin,xfc
52,,2019/04/20,null,footballcoin,xfc
53,,2019/04/21,null,footballcoin,xfc
54,,2019/04/22,null,footballcoin,xfc
55,,2019/04/23,null,footballcoin,xfc
56,,2019/04/24,null,footballcoin,xfc
57,,2019/04/25,null,footballcoin,xfc
58,,2019/04/26,null,footballcoin,xfc
59,,2019/04/27,null,footballcoin,xfc
60,,2019/04/28,null,footballcoin,xfc
61,,2019/04/29,null,footballcoin,xfc
62,,2019/04/30,null,footballcoin,xfc
63,,2019/05/01,null,footballcoin,xfc
64,,2019/05/02,null,footballcoin,xfc
65,,2019/05/03,null,footballcoin,xfc
66,,2019/05/04,null,footballcoin,xfc
67,,2019/05/05,null,footballcoin,xfc
68,,2019/05/06,null,footballcoin,xfc
69,,2019/05/07,null,footballcoin,xfc
70,,2019/05/08,null,footballcoin,xfc
71,,2019/05/09,null,footballcoin,xfc
72,,2019/05/10,null,footballcoin,xfc
73,,2019/05/11,null,footballcoin,xfc
74,,2019/05/12,null,footballcoin,xfc
75,,2019/05/13,null,footballcoin,xfc
76,,2019/05/14,null,footballcoin,xfc
77,,2019/05/15,null,footballcoin,xfc
78,,2019/05/16,null,footballcoin,xfc
79,,2019/05/17,null,footballcoin,xfc
80,,2019/05/18,null,footballcoin,xfc
81,,2019/05/19,null,footballcoin,xfc
82,,2019/05/20,null,footballcoin,xfc
83,,2019/05/21,null,footballcoin,xfc
84,,2019/05/22,null,footballcoin,xfc
85,,2019/05/23,null,footballcoin,xfc
86,,2019/05/24,null,footballcoin,xfc
87,,2019/05/25,null,footballcoin,xfc
88,,2019/05/26,null,footballcoin,xfc
89,,2019/05/27,null,footballcoin,xfc
90,,2019/05/28,null,footballcoin,xfc
91,,2019/05/29,null,footballcoin,xfc
92,,2019/05/30,null,footballcoin,xfc
93,,2019/05/31,null,footballcoin,xfc
94,,2019/06/01,null,footballcoin,xfc
95,,2019/06/02,null,footballcoin,xfc
96,,2019/06/03,null,footballcoin,xfc
97,,2019/06/04,null,footballcoin,xfc
98,,2019/06/05,null,footballcoin,xfc
99,,2019/06/06,null,footballcoin,xfc
100,,2019/06/07,null,footballcoin,xfc
101,,2019/06/08,null,footballcoin,xfc
102,,2019/06/09,null,footballcoin,xfc
103,,2019/06/10,null,footballcoin,xfc
104,,2019/06/11,null,footballcoin,xfc
105,,2019/06/12,null,footballcoin,xfc
106,,2019/06/13,null,footballcoin,xfc
107,,2019/06/14,null,footballcoin,xfc
108,,2019/06/15,null,footballcoin,xfc
109,,2019/06/16,null,footballcoin,xfc
110,,2019/06/17,null,footballcoin,xfc
111,,2019/06/18,null,footballcoin,xfc
112,,2019/06/19,null,footballcoin,xfc
113,,2019/06/20,null,footballcoin,xfc
114,,2019/06/21,null,footballcoin,xfc
115,,2019/06/22,null,footballcoin,xfc
116,,2019/06/23,null,footballcoin,xfc
117,,2019/06/24,null,footballcoin,xfc
118,,2019/06/25,null,footballcoin,xfc
119,,2019/06/26,null,footballcoin,xfc
120,,2019/06/27,null,footballcoin,xfc
121,,2019/06/28,null,footballcoin,xfc
122,,2019/06/29,null,footballcoin,xfc
123,,2019/06/30,null,footballcoin,xfc
124,,2019/07/01,null,footballcoin,xfc
125,,2019/07/02,null,footballcoin,xfc
126,,2019/07/03,null,footballcoin,xfc
127,,2019/07/04,null,footballcoin,xfc
128,,2019/07/05,null,footballcoin,xfc
129,,2019/07/06,null,footballcoin,xfc
130,,2019/07/07,null,footballcoin,xfc
131,,2019/07/08,null,footballcoin,xfc
132,,2019/07/09,null,footballcoin,xfc
133,,2019/07/10,null,footballcoin,xfc
134,,2019/07/11,null,footballcoin,xfc
135,,2019/07/12,null,footballcoin,xfc
136,,2019/07/13,null,footballcoin,xfc
137,,2019/07/14,null,footballcoin,xfc
138,,2019/07/15,null,footballcoin,xfc
139,,2019/07/16,null,footballcoin,xfc
140,,2019/07/17,null,footballcoin,xfc
141,,2019/07/18,null,footballcoin,xfc
142,,2019/07/19,null,footballcoin,xfc
143,,2019/07/20,null,footballcoin,xfc
144,,2019/07/21,null,footballcoin,xfc
145,,2019/07/22,null,footballcoin,xfc
146,,2019/07/23,null,footballcoin,xfc
147,,2019/07/24,null,footballcoin,xfc
148,,2019/07/25,null,footballcoin,xfc
149,,2019/07/26,null,footballcoin,xfc
150,,2019/07/27,null,footballcoin,xfc
151,,2019/07/28,null,footballcoin,xfc
152,,2019/07/29,null,footballcoin,xfc
153,,2019/07/30,null,footballcoin,xfc
154,,2019/07/31,null,footballcoin,xfc
155,,2019/08/01,null,footballcoin,xfc
156,,2019/08/02,null,footballcoin,xfc
157,,2019/08/03,null,footballcoin,xfc
158,,2019/08/04,null,footballcoin,xfc
159,,2019/08/05,null,footballcoin,xfc
160,,2019/08/06,null,footballcoin,xfc
161,,2019/08/07,null,footballcoin,xfc
162,,2019/08/08,null,footballcoin,xfc
163,,2019/08/09,null,footballcoin,xfc
164,,2019/08/10,null,footballcoin,xfc
165,,2019/08/11,null,footballcoin,xfc
166,,2019/08/12,null,footballcoin,xfc
167,,2019/08/13,null,footballcoin,xfc
168,,2019/08/14,null,footballcoin,xfc
169,,2019/08/15,null,footballcoin,xfc
170,,2019/08/16,null,footballcoin,xfc
171,,2019/08/17,null,footballcoin,xfc
172,,2019/08/18,null,footballcoin,xfc
173,,2019/08/19,null,footballcoin,xfc
174,,2019/08/20,null,footballcoin,xfc
175,,2019/08/21,null,footballcoin,xfc
176,,2019/08/22,null,footballcoin,xfc
177,,2019/08/23,null,footballcoin,xfc
178,,2019/08/24,null,footballcoin,xfc
179,,2019/08/25,null,footballcoin,xfc
180,,2019/08/26,null,footballcoin,xfc
181,,2019/08/27,null,footballcoin,xfc
182,,2019/08/28,null,footballcoin,xfc
183,,2019/08/29,null,footballcoin,xfc
184,,2019/08/30,null,footballcoin,xfc
185,,2019/08/31,null,footballcoin,xfc
186,,2019/09/01,null,footballcoin,xfc
187,,2019/09/02,null,footballcoin,xfc
188,,2019/09/03,null,footballcoin,xfc
189,,2019/09/04,null,footballcoin,xfc
190,,2019/09/05,null,footballcoin,xfc
191,,2019/09/06,null,footballcoin,xfc
192,,2019/09/07,null,footballcoin,xfc
193,,2019/09/08,null,footballcoin,xfc
194,,2019/09/09,null,footballcoin,xfc
195,,2019/09/10,null,footballcoin,xfc
196,,2019/09/11,null,footballcoin,xfc
197,,2019/09/12,null,footballcoin,xfc
198,,2019/09/13,null,footballcoin,xfc
199,,2019/09/14,null,footballcoin,xfc
200,,2019/09/15,null,footballcoin,xfc
201,,2019/09/16,null,footballcoin,xfc
202,,2019/09/17,null,footballcoin,xfc
203,,2019/09/18,null,footballcoin,xfc
204,,2019/09/19,null,footballcoin,xfc
205,,2019/09/20,null,footballcoin,xfc
206,,2019/09/21,null,footballcoin,xfc
207,,2019/09/22,null,footballcoin,xfc
208,,2019/09/23,null,footballcoin,xfc
209,,2019/09/24,null,footballcoin,xfc
210,,2019/09/25,null,footballcoin,xfc
211,,2019/09/26,null,footballcoin,xfc
212,,2019/09/27,null,footballcoin,xfc
213,,2019/09/28,null,footballcoin,xfc
214,,2019/09/29,null,footballcoin,xfc
215,,2019/09/30,null,footballcoin,xfc
216,,2019/10/01,null,footballcoin,xfc
217,,2019/10/02,null,footballcoin,xfc
218,,2019/10/03,null,footballcoin,xfc
219,,2019/10/04,null,footballcoin,xfc
220,,2019/10/05,null,footballcoin,xfc
221,,2019/10/06,null,footballcoin,xfc
222,,2019/10/07,null,footballcoin,xfc
223,,2019/10/08,null,footballcoin,xfc
224,,2019/10/09,null,footballcoin,xfc
225,,2019/10/10,null,footballcoin,xfc
226,,2019/10/11,null,footballcoin,xfc
227,,2019/10/12,null,footballcoin,xfc
228,,2019/10/13,null,footballcoin,xfc
229,,2019/10/14,null,footballcoin,xfc
230,,2019/10/15,null,footballcoin,xfc
231,,2019/10/16,null,footballcoin,xfc
232,,2019/10/17,null,footballcoin,xfc
233,,2019/10/18,null,footballcoin,xfc
234,,2019/10/19,null,footballcoin,xfc
235,,2019/10/20,null,footballcoin,xfc
236,,2019/10/21,null,footballcoin,xfc
237,,2019/10/22,null,footballcoin,xfc
238,,2019/10/23,null,footballcoin,xfc
239,,2019/10/24,null,footballcoin,xfc
240,,2019/10/25,null,footballcoin,xfc
241,,2019/10/26,null,footballcoin,xfc
242,,2019/10/27,null,footballcoin,xfc
243,,2019/10/28,null,footballcoin,xfc
244,,2019/10/29,null,footballcoin,xfc
245,,2019/10/30,null,footballcoin,xfc
246,,2019/10/31,null,footballcoin,xfc
247,,2019/11/01,null,footballcoin,xfc
248,,2019/11/02,null,footballcoin,xfc
249,,2019/11/03,null,footballcoin,xfc
250,,2019/11/04,null,footballcoin,xfc
251,,2019/11/05,null,footballcoin,xfc
252,,2019/11/06,null,footballcoin,xfc
253,,2019/11/07,null,footballcoin,xfc
254,,2019/11/08,null,footballcoin,xfc
255,,2019/11/09,1,footballcoin,xfc
256,,2019/11/10,null,footballcoin,xfc
257,,2019/11/11,null,footballcoin,xfc
258,,2019/11/12,null,footballcoin,xfc
259,,2019/11/13,null,footballcoin,xfc
260,,2019/11/14,null,footballcoin,xfc
261,,2019/11/15,null,footballcoin,xfc
262,,2019/11/16,null,footballcoin,xfc
263,,2019/11/17,null,footballcoin,xfc
264,,2019/11/18,null,footballcoin,xfc
265,,2019/11/19,null,footballcoin,xfc
266,,2019/11/20,null,footballcoin,xfc
267,,2019/11/21,null,footballcoin,xfc
268,,2019/11/22,null,footballcoin,xfc
269,,2019/11/23,null,footballcoin,xfc
270,,2019/11/24,null,footballcoin,xfc
271,,2019/11/25,null,footballcoin,xfc
272,,2019/11/26,null,footballcoin,xfc
273,,2019/11/27,null,footballcoin,xfc
274,,2019/11/28,null,footballcoin,xfc
275,,2019/11/29,null,footballcoin,xfc
276,,2019/11/30,null,footballcoin,xfc
277,,2019/12/01,null,footballcoin,xfc
278,,2019/12/02,3,footballcoin,xfc
279,,2019/12/03,1,footballcoin,xfc
280,,2019/12/04,4,footballcoin,xfc
281,,2019/12/05,null,footballcoin,xfc
282,,2019/12/06,null,footballcoin,xfc
283,,2019/12/07,null,footballcoin,xfc
284,,2019/12/08,null,footballcoin,xfc
285,,2019/12/09,3,footballcoin,xfc
286,,2019/12/10,null,footballcoin,xfc
287,,2019/12/11,null,footballcoin,xfc
288,,2019/12/12,2,footballcoin,xfc
289,,2019/12/13,2,footballcoin,xfc
290,,2019/12/14,null,footballcoin,xfc
291,,2019/12/15,null,footballcoin,xfc
292,,2019/12/16,null,footballcoin,xfc
293,,2019/12/17,null,footballcoin,xfc
294,,2019/12/18,null,footballcoin,xfc
295,,2019/12/19,null,footballcoin,xfc
296,,2019/12/20,null,footballcoin,xfc
297,,2019/12/21,null,footballcoin,xfc
298,,2019/12/22,3,footballcoin,xfc
299,,2019/12/23,6,footballcoin,xfc
300,,2019/12/24,null,footballcoin,xfc
301,,2019/12/25,null,footballcoin,xfc
302,,2019/12/26,null,footballcoin,xfc
303,,2019/12/27,null,footballcoin,xfc
304,,2019/12/28,null,footballcoin,xfc
305,,2019/12/29,null,footballcoin,xfc
306,,2019/12/30,null,footballcoin,xfc
307,,2019/12/31,null,footballcoin,xfc
308,,2020/01/01,3,footballcoin,xfc
309,,2020/01/02,null,footballcoin,xfc
310,,2020/01/03,null,footballcoin,xfc
311,,2020/01/04,null,footballcoin,xfc
312,,2020/01/05,null,footballcoin,xfc
313,,2020/01/06,3,footballcoin,xfc
314,,2020/01/07,1,footballcoin,xfc
315,,2020/01/08,null,footballcoin,xfc
316,,2020/01/09,null,footballcoin,xfc
317,,2020/01/10,null,footballcoin,xfc
318,,2020/01/11,null,footballcoin,xfc
319,,2020/01/12,null,footballcoin,xfc
320,,2020/01/13,2,footballcoin,xfc
321,,2020/01/14,null,footballcoin,xfc
322,,2020/01/15,2,footballcoin,xfc
