,google_trends,date,tweets,full_name,coin
0,,2021/02/23,27,frax share,fxs
1,,2021/02/24,null,frax share,fxs
2,,2021/02/25,null,frax share,fxs
3,,2021/02/26,null,frax share,fxs
4,,2021/02/27,null,frax share,fxs
5,,2021/02/28,null,frax share,fxs
6,,2021/03/01,null,frax share,fxs
7,,2021/03/02,null,frax share,fxs
8,,2021/03/03,null,frax share,fxs
9,,2021/03/04,null,frax share,fxs
10,,2021/03/05,null,frax share,fxs
11,,2021/03/06,null,frax share,fxs
12,,2021/03/07,null,frax share,fxs
13,,2021/03/08,null,frax share,fxs
14,,2021/03/09,null,frax share,fxs
15,,2021/03/10,null,frax share,fxs
16,,2021/03/11,null,frax share,fxs
17,,2021/03/12,null,frax share,fxs
18,,2021/03/13,null,frax share,fxs
19,,2021/03/14,null,frax share,fxs
20,,2021/03/15,null,frax share,fxs
21,,2021/03/16,null,frax share,fxs
22,,2021/03/17,null,frax share,fxs
23,,2021/03/18,null,frax share,fxs
24,,2021/03/19,null,frax share,fxs
25,,2021/03/20,null,frax share,fxs
26,,2021/03/21,1,frax share,fxs
27,,2021/03/22,null,frax share,fxs
28,,2021/03/23,null,frax share,fxs
29,,2021/03/24,null,frax share,fxs
30,,2021/03/25,null,frax share,fxs
31,,2021/03/26,null,frax share,fxs
32,,2021/03/27,null,frax share,fxs
33,,2021/03/28,null,frax share,fxs
34,,2021/03/29,null,frax share,fxs
35,,2021/03/30,null,frax share,fxs
36,,2021/03/31,null,frax share,fxs
37,,2021/04/01,null,frax share,fxs
38,,2021/04/02,null,frax share,fxs
39,,2021/04/03,null,frax share,fxs
40,,2021/04/04,null,frax share,fxs
41,,2021/04/05,null,frax share,fxs
42,,2021/04/06,null,frax share,fxs
43,,2021/04/07,null,frax share,fxs
44,,2021/04/08,null,frax share,fxs
45,,2021/04/09,null,frax share,fxs
46,,2021/04/10,null,frax share,fxs
47,,2021/04/11,null,frax share,fxs
48,,2021/04/12,null,frax share,fxs
49,,2021/04/13,null,frax share,fxs
50,,2021/04/14,null,frax share,fxs
51,,2021/04/15,1,frax share,fxs
52,,2021/04/16,null,frax share,fxs
53,,2021/04/17,null,frax share,fxs
54,,2021/04/18,null,frax share,fxs
55,,2021/04/19,null,frax share,fxs
56,,2021/04/20,null,frax share,fxs
57,,2021/04/21,null,frax share,fxs
58,,2021/04/22,null,frax share,fxs
59,,2021/04/23,null,frax share,fxs
60,,2021/04/24,null,frax share,fxs
61,,2021/04/25,null,frax share,fxs
62,,2021/04/26,null,frax share,fxs
63,,2021/04/27,null,frax share,fxs
64,,2021/04/28,null,frax share,fxs
65,,2021/04/29,null,frax share,fxs
66,,2021/04/30,null,frax share,fxs
67,,2021/05/01,null,frax share,fxs
68,,2021/05/02,null,frax share,fxs
69,,2021/05/03,null,frax share,fxs
70,,2021/05/04,null,frax share,fxs
71,,2021/05/05,null,frax share,fxs
72,,2021/05/06,null,frax share,fxs
73,,2021/05/07,null,frax share,fxs
74,,2021/05/08,null,frax share,fxs
75,,2021/05/09,null,frax share,fxs
76,,2021/05/10,null,frax share,fxs
77,,2021/05/11,null,frax share,fxs
78,,2021/05/12,null,frax share,fxs
79,,2021/05/13,null,frax share,fxs
80,,2021/05/14,null,frax share,fxs
81,,2021/05/15,null,frax share,fxs
82,,2021/05/16,null,frax share,fxs
83,,2021/05/17,null,frax share,fxs
84,,2021/05/18,null,frax share,fxs
85,,2021/05/19,null,frax share,fxs
86,,2021/05/20,null,frax share,fxs
87,,2021/05/21,null,frax share,fxs
88,,2021/05/22,null,frax share,fxs
89,,2021/05/23,null,frax share,fxs
90,,2021/05/24,null,frax share,fxs
91,,2021/05/25,null,frax share,fxs
92,,2021/05/26,null,frax share,fxs
93,,2021/05/27,null,frax share,fxs
94,,2021/05/28,null,frax share,fxs
95,,2021/05/29,null,frax share,fxs
96,,2021/05/30,null,frax share,fxs
97,,2021/05/31,null,frax share,fxs
98,,2021/06/01,null,frax share,fxs
99,,2021/06/02,null,frax share,fxs
100,,2021/06/03,null,frax share,fxs
101,,2021/06/04,null,frax share,fxs
102,,2021/06/05,null,frax share,fxs
103,,2021/06/06,null,frax share,fxs
104,,2021/06/07,null,frax share,fxs
105,,2021/06/08,null,frax share,fxs
106,,2021/06/09,null,frax share,fxs
107,,2021/06/10,null,frax share,fxs
108,,2021/06/11,null,frax share,fxs
109,,2021/06/12,null,frax share,fxs
110,,2021/06/13,null,frax share,fxs
111,,2021/06/14,null,frax share,fxs
112,,2021/06/15,null,frax share,fxs
113,,2021/06/16,null,frax share,fxs
114,,2021/06/17,null,frax share,fxs
115,,2021/06/18,null,frax share,fxs
116,,2021/06/19,null,frax share,fxs
117,,2021/06/20,null,frax share,fxs
118,,2021/06/21,null,frax share,fxs
119,,2021/06/22,null,frax share,fxs
120,,2021/06/23,null,frax share,fxs
121,,2021/06/24,null,frax share,fxs
122,,2021/06/25,null,frax share,fxs
123,,2021/06/26,null,frax share,fxs
124,,2021/06/27,null,frax share,fxs
125,,2021/06/28,null,frax share,fxs
126,,2021/06/29,null,frax share,fxs
127,,2021/06/30,null,frax share,fxs
128,,2021/07/01,null,frax share,fxs
129,,2021/07/02,null,frax share,fxs
130,,2021/07/03,1,frax share,fxs
131,,2021/07/04,null,frax share,fxs
132,,2021/07/05,null,frax share,fxs
133,,2021/07/06,null,frax share,fxs
134,,2021/07/07,null,frax share,fxs
135,,2021/07/08,null,frax share,fxs
136,,2021/07/09,null,frax share,fxs
137,,2021/07/10,null,frax share,fxs
138,,2021/07/11,null,frax share,fxs
139,,2021/07/12,null,frax share,fxs
140,,2021/07/13,null,frax share,fxs
141,,2021/07/14,null,frax share,fxs
142,,2021/07/15,null,frax share,fxs
143,,2021/07/16,null,frax share,fxs
144,,2021/07/17,null,frax share,fxs
145,,2021/07/18,null,frax share,fxs
146,,2021/07/19,null,frax share,fxs
147,,2021/07/20,2,frax share,fxs
148,,2021/07/21,4,frax share,fxs
149,,2021/07/22,null,frax share,fxs
150,,2021/07/23,null,frax share,fxs
151,,2021/07/24,null,frax share,fxs
152,,2021/07/25,null,frax share,fxs
153,,2021/07/26,null,frax share,fxs
154,,2021/07/27,null,frax share,fxs
155,,2021/07/28,null,frax share,fxs
156,,2021/07/29,null,frax share,fxs
157,,2021/07/30,null,frax share,fxs
158,,2021/07/31,null,frax share,fxs
159,,2021/08/01,null,frax share,fxs
160,,2021/08/02,null,frax share,fxs
161,,2021/08/03,null,frax share,fxs
162,,2021/08/04,null,frax share,fxs
163,,2021/08/05,null,frax share,fxs
164,,2021/08/06,null,frax share,fxs
165,,2021/08/07,null,frax share,fxs
166,,2021/08/08,null,frax share,fxs
167,,2021/08/09,null,frax share,fxs
168,,2021/08/10,null,frax share,fxs
169,,2021/08/11,null,frax share,fxs
170,,2021/08/12,null,frax share,fxs
171,,2021/08/13,null,frax share,fxs
172,,2021/08/14,null,frax share,fxs
173,,2021/08/15,null,frax share,fxs
174,,2021/08/16,null,frax share,fxs
175,,2021/08/17,null,frax share,fxs
176,,2021/08/18,null,frax share,fxs
177,,2021/08/19,null,frax share,fxs
178,,2021/08/20,null,frax share,fxs
179,,2021/08/21,null,frax share,fxs
180,,2021/08/22,null,frax share,fxs
181,,2021/08/23,null,frax share,fxs
182,,2021/08/24,1,frax share,fxs
183,,2021/08/25,null,frax share,fxs
184,,2021/08/26,null,frax share,fxs
185,,2021/08/27,1,frax share,fxs
186,,2021/08/28,null,frax share,fxs
187,,2021/08/29,null,frax share,fxs
188,,2021/08/30,null,frax share,fxs
189,,2021/08/31,null,frax share,fxs
190,,2021/09/01,null,frax share,fxs
191,,2021/09/02,null,frax share,fxs
192,,2021/09/03,null,frax share,fxs
193,,2021/09/04,null,frax share,fxs
194,,2021/09/05,null,frax share,fxs
195,,2021/09/06,null,frax share,fxs
196,,2021/09/07,null,frax share,fxs
197,,2021/09/08,null,frax share,fxs
198,,2021/09/09,null,frax share,fxs
199,,2021/09/10,null,frax share,fxs
200,,2021/09/11,null,frax share,fxs
201,,2021/09/12,null,frax share,fxs
202,,2021/09/13,null,frax share,fxs
203,,2021/09/14,null,frax share,fxs
204,,2021/09/15,null,frax share,fxs
205,,2021/09/16,null,frax share,fxs
206,,2021/09/17,null,frax share,fxs
207,,2021/09/18,null,frax share,fxs
208,,2021/09/19,null,frax share,fxs
209,,2021/09/20,null,frax share,fxs
210,,2021/09/21,null,frax share,fxs
211,,2021/09/22,null,frax share,fxs
212,,2021/09/23,null,frax share,fxs
213,,2021/09/24,1,frax share,fxs
214,,2021/09/25,null,frax share,fxs
215,,2021/09/26,null,frax share,fxs
216,,2021/09/27,null,frax share,fxs
217,,2021/09/28,null,frax share,fxs
218,,2021/09/29,null,frax share,fxs
219,,2021/09/30,null,frax share,fxs
220,,2021/10/01,null,frax share,fxs
221,,2021/10/02,null,frax share,fxs
222,,2021/10/03,null,frax share,fxs
223,,2021/10/04,null,frax share,fxs
224,,2021/10/05,null,frax share,fxs
225,,2021/10/06,null,frax share,fxs
226,,2021/10/07,null,frax share,fxs
227,,2021/10/08,null,frax share,fxs
228,,2021/10/09,1,frax share,fxs
229,,2021/10/10,null,frax share,fxs
230,,2021/10/11,null,frax share,fxs
231,,2021/10/12,3,frax share,fxs
232,,2021/10/13,1,frax share,fxs
233,,2021/10/14,null,frax share,fxs
234,,2021/10/15,null,frax share,fxs
235,,2021/10/16,null,frax share,fxs
236,,2021/10/17,null,frax share,fxs
237,,2021/10/18,null,frax share,fxs
238,,2021/10/19,null,frax share,fxs
239,,2021/10/20,null,frax share,fxs
240,,2021/10/21,null,frax share,fxs
241,,2021/10/22,null,frax share,fxs
242,,2021/10/23,null,frax share,fxs
243,,2021/10/24,null,frax share,fxs
244,,2021/10/25,1,frax share,fxs
245,,2021/10/26,5,frax share,fxs
246,,2021/10/27,7,frax share,fxs
247,,2021/10/28,1,frax share,fxs
248,,2021/10/29,null,frax share,fxs
249,,2021/10/30,null,frax share,fxs
250,,2021/10/31,1,frax share,fxs
251,,2021/11/01,1,frax share,fxs
252,,2021/11/02,null,frax share,fxs
253,,2021/11/03,1,frax share,fxs
254,,2021/11/04,2,frax share,fxs
255,,2021/11/05,1,frax share,fxs
256,,2021/11/06,2,frax share,fxs
257,,2021/11/07,null,frax share,fxs
258,,2021/11/08,1,frax share,fxs
259,,2021/11/09,4,frax share,fxs
260,,2021/11/10,8,frax share,fxs
261,,2021/11/11,1,frax share,fxs
262,,2021/11/12,2,frax share,fxs
263,,2021/11/13,null,frax share,fxs
264,,2021/11/14,2,frax share,fxs
