,google_trends,date,tweets,full_name,coin
0,,2020/09/17,16,frontier,front
1,,2020/09/18,36,frontier,front
2,,2020/09/19,19,frontier,front
3,,2020/09/20,5,frontier,front
4,,2020/09/21,16,frontier,front
5,,2020/09/22,28,frontier,front
6,,2020/09/23,25,frontier,front
7,,2020/09/24,22,frontier,front
8,,2020/09/25,21,frontier,front
9,,2020/09/26,8,frontier,front
10,,2020/09/27,12,frontier,front
11,,2020/09/28,20,frontier,front
12,,2020/09/29,35,frontier,front
13,,2020/09/30,35,frontier,front
14,,2020/10/01,30,frontier,front
15,,2020/10/02,22,frontier,front
16,,2020/10/03,14,frontier,front
17,,2020/10/04,18,frontier,front
18,,2020/10/05,22,frontier,front
19,,2020/10/06,28,frontier,front
20,,2020/10/07,14,frontier,front
21,,2020/10/08,53,frontier,front
22,,2020/10/09,26,frontier,front
23,,2020/10/10,20,frontier,front
24,,2020/10/11,6,frontier,front
25,,2020/10/12,38,frontier,front
26,,2020/10/13,21,frontier,front
27,,2020/10/14,23,frontier,front
28,,2020/10/15,30,frontier,front
29,,2020/10/16,29,frontier,front
30,,2020/10/17,13,frontier,front
31,,2020/10/18,16,frontier,front
32,,2020/10/19,22,frontier,front
33,,2020/10/20,21,frontier,front
34,,2020/10/21,16,frontier,front
35,,2020/10/22,85,frontier,front
36,,2020/10/23,26,frontier,front
37,,2020/10/24,17,frontier,front
38,,2020/10/25,49,frontier,front
39,,2020/10/26,183,frontier,front
40,,2020/10/27,41,frontier,front
41,,2020/10/28,16,frontier,front
42,,2020/10/29,45,frontier,front
43,,2020/10/30,26,frontier,front
44,,2020/10/31,12,frontier,front
45,,2020/11/01,104,frontier,front
46,,2020/11/02,23,frontier,front
47,,2020/11/03,64,frontier,front
48,,2020/11/04,27,frontier,front
49,,2020/11/05,89,frontier,front
50,,2020/11/06,34,frontier,front
51,,2020/11/07,46,frontier,front
52,,2020/11/08,55,frontier,front
53,,2020/11/09,30,frontier,front
54,,2020/11/10,24,frontier,front
55,,2020/11/11,16,frontier,front
56,,2020/11/12,22,frontier,front
57,,2020/11/13,26,frontier,front
58,,2020/11/14,22,frontier,front
59,,2020/11/15,6,frontier,front
60,,2020/11/16,18,frontier,front
61,,2020/11/17,22,frontier,front
62,,2020/11/18,26,frontier,front
63,,2020/11/19,28,frontier,front
64,,2020/11/20,22,frontier,front
65,,2020/11/21,35,frontier,front
66,,2020/11/22,37,frontier,front
67,,2020/11/23,33,frontier,front
68,,2020/11/24,33,frontier,front
69,,2020/11/25,35,frontier,front
70,,2020/11/26,38,frontier,front
71,,2020/11/27,44,frontier,front
72,,2020/11/28,34,frontier,front
73,,2020/11/29,21,frontier,front
74,,2020/11/30,17,frontier,front
75,,2020/12/01,12,frontier,front
76,,2020/12/02,13,frontier,front
77,,2020/12/03,38,frontier,front
78,,2020/12/04,22,frontier,front
79,,2020/12/05,137,frontier,front
80,,2020/12/06,73,frontier,front
81,,2020/12/07,19,frontier,front
82,,2020/12/08,25,frontier,front
83,,2020/12/09,26,frontier,front
84,,2020/12/10,13,frontier,front
85,,2020/12/11,18,frontier,front
86,,2020/12/12,26,frontier,front
87,,2020/12/13,42,frontier,front
88,,2020/12/14,85,frontier,front
89,,2020/12/15,309,frontier,front
90,,2020/12/16,43,frontier,front
91,,2020/12/17,141,frontier,front
92,,2020/12/18,110,frontier,front
93,,2020/12/19,96,frontier,front
94,,2020/12/20,62,frontier,front
95,,2020/12/21,113,frontier,front
96,,2020/12/22,89,frontier,front
97,,2020/12/23,100,frontier,front
98,,2020/12/24,220,frontier,front
99,,2020/12/25,487,frontier,front
100,,2020/12/26,465,frontier,front
101,,2020/12/27,442,frontier,front
102,,2020/12/28,485,frontier,front
103,,2020/12/29,545,frontier,front
104,,2020/12/30,595,frontier,front
105,,2020/12/31,486,frontier,front
106,,2021/01/01,369,frontier,front
107,,2021/01/02,1185,frontier,front
108,,2021/01/03,474,frontier,front
109,,2021/01/04,607,frontier,front
110,,2021/01/05,313,frontier,front
111,,2021/01/06,413,frontier,front
112,,2021/01/07,448,frontier,front
113,,2021/01/08,360,frontier,front
114,,2021/01/09,371,frontier,front
115,,2021/01/10,429,frontier,front
116,,2021/01/11,1594,frontier,front
117,,2021/01/12,649,frontier,front
118,,2021/01/13,741,frontier,front
119,,2021/01/14,451,frontier,front
120,,2021/01/15,969,frontier,front
121,,2021/01/16,312,frontier,front
122,,2021/01/17,181,frontier,front
123,,2021/01/18,286,frontier,front
124,,2021/01/19,486,frontier,front
125,,2021/01/20,329,frontier,front
126,,2021/01/21,435,frontier,front
127,,2021/01/22,456,frontier,front
128,,2021/01/23,383,frontier,front
129,,2021/01/24,432,frontier,front
130,,2021/01/25,642,frontier,front
131,,2021/01/26,824,frontier,front
132,,2021/01/27,588,frontier,front
133,,2021/01/28,976,frontier,front
134,,2021/01/29,3162,frontier,front
135,,2021/01/30,1302,frontier,front
136,,2021/01/31,2089,frontier,front
137,,2021/02/01,788,frontier,front
138,,2021/02/02,737,frontier,front
139,,2021/02/03,716,frontier,front
140,,2021/02/04,496,frontier,front
141,,2021/02/05,1171,frontier,front
142,,2021/02/06,1247,frontier,front
143,,2021/02/07,1834,frontier,front
144,,2021/02/08,1544,frontier,front
145,,2021/02/09,5030,frontier,front
146,,2021/02/10,1164,frontier,front
147,,2021/02/11,687,frontier,front
148,,2021/02/12,1092,frontier,front
149,,2021/02/13,846,frontier,front
150,,2021/02/14,1174,frontier,front
151,,2021/02/15,639,frontier,front
152,,2021/02/16,334,frontier,front
153,,2021/02/17,2440,frontier,front
154,,2021/02/18,1655,frontier,front
155,,2021/02/19,1633,frontier,front
156,,2021/02/20,4207,frontier,front
157,,2021/02/21,1320,frontier,front
158,,2021/02/22,825,frontier,front
159,,2021/02/23,638,frontier,front
160,,2021/02/24,353,frontier,front
161,,2021/02/25,1709,frontier,front
162,,2021/02/26,700,frontier,front
163,,2021/02/27,785,frontier,front
164,,2021/02/28,1394,frontier,front
165,,2021/03/01,630,frontier,front
166,,2021/03/02,2220,frontier,front
167,,2021/03/03,195,frontier,front
168,,2021/03/04,58,frontier,front
169,,2021/03/05,77,frontier,front
170,,2021/03/06,55,frontier,front
171,,2021/03/07,92,frontier,front
172,,2021/03/08,190,frontier,front
173,,2021/03/09,84,frontier,front
174,,2021/03/10,67,frontier,front
175,,2021/03/11,43,frontier,front
176,,2021/03/12,57,frontier,front
177,,2021/03/13,155,frontier,front
178,,2021/03/14,119,frontier,front
179,,2021/03/15,238,frontier,front
180,,2021/03/16,1448,frontier,front
181,,2021/03/17,213,frontier,front
182,,2021/03/18,82,frontier,front
183,,2021/03/19,45,frontier,front
184,,2021/03/20,153,frontier,front
185,,2021/03/21,113,frontier,front
186,,2021/03/22,110,frontier,front
187,,2021/03/23,29,frontier,front
188,,2021/03/24,64,frontier,front
189,,2021/03/25,49,frontier,front
190,,2021/03/26,37,frontier,front
191,,2021/03/27,58,frontier,front
192,,2021/03/28,46,frontier,front
193,,2021/03/29,95,frontier,front
194,,2021/03/30,404,frontier,front
195,,2021/03/31,187,frontier,front
196,,2021/04/01,77,frontier,front
197,,2021/04/02,5,frontier,front
198,,2021/04/03,68,frontier,front
199,,2021/04/04,89,frontier,front
200,,2021/04/05,12,frontier,front
201,,2021/04/06,64,frontier,front
202,,2021/04/07,74,frontier,front
203,,2021/04/08,51,frontier,front
204,,2021/04/09,76,frontier,front
205,,2021/04/10,45,frontier,front
206,,2021/04/11,36,frontier,front
207,,2021/04/12,45,frontier,front
208,,2021/04/13,52,frontier,front
209,,2021/04/14,52,frontier,front
210,,2021/04/15,49,frontier,front
211,,2021/04/16,43,frontier,front
212,,2021/04/17,84,frontier,front
213,,2021/04/18,60,frontier,front
214,,2021/04/19,48,frontier,front
215,,2021/04/20,51,frontier,front
216,,2021/04/21,35,frontier,front
217,,2021/04/22,49,frontier,front
218,,2021/04/23,42,frontier,front
219,,2021/04/24,36,frontier,front
220,,2021/04/25,34,frontier,front
221,,2021/04/26,38,frontier,front
222,,2021/04/27,58,frontier,front
223,,2021/04/28,24,frontier,front
224,,2021/04/29,79,frontier,front
225,,2021/04/30,78,frontier,front
226,,2021/05/01,53,frontier,front
227,,2021/05/02,28,frontier,front
228,,2021/05/03,71,frontier,front
229,,2021/05/04,139,frontier,front
230,,2021/05/05,2247,frontier,front
231,,2021/05/06,180,frontier,front
232,,2021/05/07,118,frontier,front
233,,2021/05/08,42,frontier,front
234,,2021/05/09,36,frontier,front
235,,2021/05/10,49,frontier,front
236,,2021/05/11,32,frontier,front
237,,2021/05/12,25,frontier,front
238,,2021/05/13,69,frontier,front
239,,2021/05/14,36,frontier,front
240,,2021/05/15,69,frontier,front
241,,2021/05/16,675,frontier,front
242,,2021/05/17,64,frontier,front
243,,2021/05/18,102,frontier,front
244,,2021/05/19,570,frontier,front
245,,2021/05/20,83,frontier,front
246,,2021/05/21,55,frontier,front
247,,2021/05/22,76,frontier,front
248,,2021/05/23,32,frontier,front
249,,2021/05/24,43,frontier,front
250,,2021/05/25,59,frontier,front
251,,2021/05/26,88,frontier,front
252,,2021/05/27,157,frontier,front
253,,2021/05/28,88,frontier,front
254,,2021/05/29,561,frontier,front
255,,2021/05/30,94,frontier,front
256,,2021/05/31,122,frontier,front
257,,2021/06/01,873,frontier,front
258,,2021/06/02,64,frontier,front
259,,2021/06/03,71,frontier,front
260,,2021/06/04,56,frontier,front
261,,2021/06/05,111,frontier,front
262,,2021/06/06,99,frontier,front
263,,2021/06/07,57,frontier,front
264,,2021/06/08,57,frontier,front
265,,2021/06/09,37,frontier,front
266,,2021/06/10,65,frontier,front
267,,2021/06/11,107,frontier,front
268,,2021/06/12,196,frontier,front
269,,2021/06/13,47,frontier,front
270,,2021/06/14,109,frontier,front
271,,2021/06/15,55,frontier,front
272,,2021/06/16,62,frontier,front
273,,2021/06/17,44,frontier,front
274,,2021/06/18,45,frontier,front
275,,2021/06/19,52,frontier,front
276,,2021/06/20,40,frontier,front
277,,2021/06/21,38,frontier,front
278,,2021/06/22,76,frontier,front
279,,2021/06/23,42,frontier,front
280,,2021/06/24,77,frontier,front
281,,2021/06/25,865,frontier,front
282,,2021/06/26,160,frontier,front
283,,2021/06/27,31,frontier,front
284,,2021/06/28,20,frontier,front
285,,2021/06/29,33,frontier,front
286,,2021/06/30,66,frontier,front
287,,2021/07/01,46,frontier,front
288,,2021/07/02,36,frontier,front
289,,2021/07/03,82,frontier,front
290,,2021/07/04,25,frontier,front
291,,2021/07/05,49,frontier,front
292,,2021/07/06,35,frontier,front
293,,2021/07/07,35,frontier,front
294,,2021/07/08,30,frontier,front
295,,2021/07/09,39,frontier,front
296,,2021/07/10,44,frontier,front
297,,2021/07/11,37,frontier,front
298,,2021/07/12,17,frontier,front
299,,2021/07/13,45,frontier,front
300,,2021/07/14,31,frontier,front
301,,2021/07/15,38,frontier,front
302,,2021/07/16,87,frontier,front
303,,2021/07/17,59,frontier,front
304,,2021/07/18,41,frontier,front
305,,2021/07/19,506,frontier,front
306,,2021/07/20,48,frontier,front
307,,2021/07/21,37,frontier,front
308,,2021/07/22,210,frontier,front
309,,2021/07/23,87,frontier,front
310,,2021/07/24,32,frontier,front
311,,2021/07/25,57,frontier,front
312,,2021/07/26,47,frontier,front
313,,2021/07/27,31,frontier,front
314,,2021/07/28,40,frontier,front
315,,2021/07/29,22,frontier,front
316,,2021/07/30,52,frontier,front
317,,2021/07/31,25,frontier,front
318,,2021/08/01,22,frontier,front
319,,2021/08/02,48,frontier,front
320,,2021/08/03,1104,frontier,front
321,,2021/08/04,5528,frontier,front
322,,2021/08/05,349,frontier,front
323,,2021/08/06,557,frontier,front
324,,2021/08/07,85,frontier,front
325,,2021/08/08,42,frontier,front
326,,2021/08/09,39,frontier,front
327,,2021/08/10,97,frontier,front
328,,2021/08/11,56,frontier,front
329,,2021/08/12,58,frontier,front
330,,2021/08/13,38,frontier,front
331,,2021/08/14,36,frontier,front
332,,2021/08/15,48,frontier,front
333,,2021/08/16,17,frontier,front
334,,2021/08/17,40,frontier,front
335,,2021/08/18,33,frontier,front
336,,2021/08/19,18,frontier,front
337,,2021/08/20,45,frontier,front
338,,2021/08/21,25,frontier,front
339,,2021/08/22,180,frontier,front
340,,2021/08/23,774,frontier,front
341,,2021/08/24,54,frontier,front
342,,2021/08/25,101,frontier,front
343,,2021/08/26,518,frontier,front
344,,2021/08/27,107,frontier,front
345,,2021/08/28,91,frontier,front
346,,2021/08/29,46,frontier,front
347,,2021/08/30,45,frontier,front
348,,2021/08/31,55,frontier,front
349,,2021/09/01,53,frontier,front
350,,2021/09/02,50,frontier,front
351,,2021/09/03,51,frontier,front
352,,2021/09/04,38,frontier,front
353,,2021/09/05,66,frontier,front
354,,2021/09/06,607,frontier,front
355,,2021/09/07,50,frontier,front
356,,2021/09/08,44,frontier,front
357,,2021/09/09,195,frontier,front
358,,2021/09/10,97,frontier,front
359,,2021/09/11,89,frontier,front
360,,2021/09/12,84,frontier,front
361,,2021/09/13,81,frontier,front
362,,2021/09/14,678,frontier,front
363,,2021/09/15,853,frontier,front
364,,2021/09/16,48,frontier,front
365,,2021/09/17,37,frontier,front
366,,2021/09/18,41,frontier,front
367,,2021/09/19,40,frontier,front
368,,2021/09/20,77,frontier,front
369,,2021/09/21,50,frontier,front
370,,2021/09/22,127,frontier,front
371,,2021/09/23,803,frontier,front
372,,2021/09/24,60,frontier,front
373,,2021/09/25,31,frontier,front
374,,2021/09/26,52,frontier,front
375,,2021/09/27,58,frontier,front
376,,2021/09/28,111,frontier,front
377,,2021/09/29,531,frontier,front
378,,2021/09/30,291,frontier,front
379,,2021/10/01,70,frontier,front
380,,2021/10/02,84,frontier,front
381,,2021/10/03,54,frontier,front
382,,2021/10/04,107,frontier,front
383,,2021/10/05,661,frontier,front
384,,2021/10/06,74,frontier,front
385,,2021/10/07,57,frontier,front
386,,2021/10/08,69,frontier,front
387,,2021/10/09,51,frontier,front
388,,2021/10/10,44,frontier,front
389,,2021/10/11,67,frontier,front
390,,2021/10/12,63,frontier,front
391,,2021/10/13,39,frontier,front
392,,2021/10/14,58,frontier,front
393,,2021/10/15,402,frontier,front
394,,2021/10/16,55,frontier,front
395,,2021/10/17,31,frontier,front
396,,2021/10/18,42,frontier,front
397,,2021/10/19,36,frontier,front
398,,2021/10/20,70,frontier,front
399,,2021/10/21,53,frontier,front
400,,2021/10/22,67,frontier,front
401,,2021/10/23,39,frontier,front
402,,2021/10/24,27,frontier,front
403,,2021/10/25,30,frontier,front
404,,2021/10/26,37,frontier,front
405,,2021/10/27,31,frontier,front
406,,2021/10/28,54,frontier,front
407,,2021/10/29,38,frontier,front
408,,2021/10/30,94,frontier,front
409,,2021/10/31,945,frontier,front
410,,2021/11/01,105,frontier,front
411,,2021/11/02,64,frontier,front
412,,2021/11/03,47,frontier,front
413,,2021/11/04,71,frontier,front
414,,2021/11/05,66,frontier,front
415,,2021/11/06,66,frontier,front
416,,2021/11/07,64,frontier,front
417,,2021/11/08,46,frontier,front
418,,2021/11/09,79,frontier,front
419,,2021/11/10,53,frontier,front
420,,2021/11/11,37,frontier,front
421,,2021/11/12,448,frontier,front
422,,2021/11/13,73,frontier,front
423,,2021/11/14,44,frontier,front
424,,2021/11/15,66,frontier,front
425,,2021/11/16,22,frontier,front
