,google_trends,date,tweets,full_name,coin
0,,2018/01/08,3,geocoin,geo
1,,2018/01/09,1,geocoin,geo
2,,2018/01/10,2,geocoin,geo
3,,2018/01/11,1,geocoin,geo
4,,2018/01/12,1,geocoin,geo
5,,2018/01/13,null,geocoin,geo
6,,2018/01/14,null,geocoin,geo
7,,2018/01/15,null,geocoin,geo
8,,2018/01/16,null,geocoin,geo
9,,2018/01/17,null,geocoin,geo
10,,2018/01/18,null,geocoin,geo
11,,2018/01/19,null,geocoin,geo
12,,2018/01/20,null,geocoin,geo
13,,2018/01/21,null,geocoin,geo
14,,2018/01/22,null,geocoin,geo
15,,2018/01/23,null,geocoin,geo
16,,2018/01/24,null,geocoin,geo
17,,2018/01/25,null,geocoin,geo
18,,2018/01/26,null,geocoin,geo
19,,2018/01/27,null,geocoin,geo
20,,2018/01/28,null,geocoin,geo
21,,2018/01/29,null,geocoin,geo
22,,2018/01/30,null,geocoin,geo
23,,2018/01/31,null,geocoin,geo
24,,2018/02/01,null,geocoin,geo
25,,2018/02/02,null,geocoin,geo
26,,2018/02/03,null,geocoin,geo
27,,2018/02/04,null,geocoin,geo
28,,2018/02/05,null,geocoin,geo
29,,2018/02/06,null,geocoin,geo
30,,2018/02/07,null,geocoin,geo
31,,2018/02/08,null,geocoin,geo
32,,2018/02/09,null,geocoin,geo
33,,2018/02/10,null,geocoin,geo
34,,2018/02/11,null,geocoin,geo
35,,2018/02/12,null,geocoin,geo
36,,2018/02/13,null,geocoin,geo
37,,2018/02/14,null,geocoin,geo
38,,2018/02/15,null,geocoin,geo
39,,2018/02/16,null,geocoin,geo
40,,2018/02/17,null,geocoin,geo
41,,2018/02/18,null,geocoin,geo
42,,2018/02/19,null,geocoin,geo
43,,2018/02/20,null,geocoin,geo
44,,2018/02/21,null,geocoin,geo
45,,2018/02/22,null,geocoin,geo
46,,2018/02/23,null,geocoin,geo
47,,2018/02/24,null,geocoin,geo
48,,2018/02/25,null,geocoin,geo
49,,2018/02/26,null,geocoin,geo
50,,2018/02/27,null,geocoin,geo
51,,2018/02/28,null,geocoin,geo
52,,2018/03/01,null,geocoin,geo
53,,2018/03/02,null,geocoin,geo
54,,2018/03/03,null,geocoin,geo
55,,2018/03/04,null,geocoin,geo
56,,2018/03/05,null,geocoin,geo
57,,2018/03/06,null,geocoin,geo
58,,2018/03/07,null,geocoin,geo
59,,2018/03/08,null,geocoin,geo
60,,2018/03/09,null,geocoin,geo
61,,2018/03/10,null,geocoin,geo
62,,2018/03/11,null,geocoin,geo
63,,2018/03/12,null,geocoin,geo
64,,2018/03/13,null,geocoin,geo
65,,2018/03/14,null,geocoin,geo
66,,2018/03/15,null,geocoin,geo
67,,2018/03/16,null,geocoin,geo
68,,2018/03/17,null,geocoin,geo
69,,2018/03/18,null,geocoin,geo
70,,2018/03/19,null,geocoin,geo
71,,2018/03/20,null,geocoin,geo
72,,2018/03/21,null,geocoin,geo
73,,2018/03/22,null,geocoin,geo
74,,2018/03/23,null,geocoin,geo
75,,2018/03/24,null,geocoin,geo
76,,2018/03/25,null,geocoin,geo
77,,2018/03/26,null,geocoin,geo
78,,2018/03/27,null,geocoin,geo
79,,2018/03/28,null,geocoin,geo
80,,2018/03/29,null,geocoin,geo
81,,2018/03/30,null,geocoin,geo
82,,2018/03/31,null,geocoin,geo
83,,2018/04/01,null,geocoin,geo
84,,2018/04/02,null,geocoin,geo
85,,2018/04/03,null,geocoin,geo
86,,2018/04/04,null,geocoin,geo
87,,2018/04/05,null,geocoin,geo
88,,2018/04/06,null,geocoin,geo
89,,2018/04/07,1,geocoin,geo
90,,2018/04/08,4,geocoin,geo
91,,2018/04/09,3,geocoin,geo
92,,2018/04/10,1,geocoin,geo
93,,2018/04/11,2,geocoin,geo
94,,2018/04/12,2,geocoin,geo
95,,2018/04/13,7,geocoin,geo
96,,2018/04/14,24,geocoin,geo
97,,2018/04/15,6,geocoin,geo
98,,2018/04/16,4,geocoin,geo
99,,2018/04/17,2,geocoin,geo
100,,2018/04/18,2,geocoin,geo
101,,2018/04/19,2,geocoin,geo
102,,2018/04/20,7,geocoin,geo
103,,2018/04/21,2,geocoin,geo
104,,2018/04/22,4,geocoin,geo
105,,2018/04/23,2,geocoin,geo
106,,2018/04/24,6,geocoin,geo
107,,2018/04/25,4,geocoin,geo
108,,2018/04/26,2,geocoin,geo
109,,2018/04/27,1,geocoin,geo
110,,2018/04/28,4,geocoin,geo
111,,2018/04/29,3,geocoin,geo
112,,2018/04/30,null,geocoin,geo
113,,2018/05/01,null,geocoin,geo
114,,2018/05/02,1,geocoin,geo
115,,2018/05/03,null,geocoin,geo
116,,2018/05/04,1,geocoin,geo
117,,2018/05/05,3,geocoin,geo
118,,2018/05/06,1,geocoin,geo
119,,2018/05/07,null,geocoin,geo
120,,2018/05/08,1,geocoin,geo
121,,2018/05/09,null,geocoin,geo
122,,2018/05/10,null,geocoin,geo
123,,2018/05/11,1,geocoin,geo
124,,2018/05/12,null,geocoin,geo
125,,2018/05/13,null,geocoin,geo
126,,2018/05/14,null,geocoin,geo
127,,2018/05/15,1,geocoin,geo
128,,2018/05/16,null,geocoin,geo
129,,2018/05/17,null,geocoin,geo
130,,2018/05/18,null,geocoin,geo
131,,2018/05/19,null,geocoin,geo
132,,2018/05/20,null,geocoin,geo
133,,2018/05/21,null,geocoin,geo
134,,2018/05/22,null,geocoin,geo
135,,2018/05/23,null,geocoin,geo
136,,2018/05/24,null,geocoin,geo
137,,2018/05/25,null,geocoin,geo
138,,2018/05/26,1,geocoin,geo
139,,2018/05/27,null,geocoin,geo
140,,2018/05/28,null,geocoin,geo
141,,2018/05/29,null,geocoin,geo
142,,2018/05/30,null,geocoin,geo
143,,2018/05/31,null,geocoin,geo
144,,2018/06/01,null,geocoin,geo
145,,2018/06/02,null,geocoin,geo
146,,2018/06/03,null,geocoin,geo
147,,2018/06/04,null,geocoin,geo
148,,2018/06/05,null,geocoin,geo
149,,2018/06/06,1,geocoin,geo
150,,2018/06/07,null,geocoin,geo
151,,2018/06/08,null,geocoin,geo
152,,2018/06/09,null,geocoin,geo
153,,2018/06/10,null,geocoin,geo
154,,2018/06/11,null,geocoin,geo
155,,2018/06/12,null,geocoin,geo
156,,2018/06/13,null,geocoin,geo
157,,2018/06/14,null,geocoin,geo
158,,2018/06/15,null,geocoin,geo
159,,2018/06/16,null,geocoin,geo
160,,2018/06/17,null,geocoin,geo
161,,2018/06/18,null,geocoin,geo
162,,2018/06/19,null,geocoin,geo
163,,2018/06/20,null,geocoin,geo
164,,2018/06/21,null,geocoin,geo
165,,2018/06/22,3,geocoin,geo
166,,2018/06/23,null,geocoin,geo
167,,2018/06/24,null,geocoin,geo
168,,2018/06/25,null,geocoin,geo
169,,2018/06/26,null,geocoin,geo
170,,2018/06/27,null,geocoin,geo
171,,2018/06/28,null,geocoin,geo
172,,2018/06/29,null,geocoin,geo
173,,2018/06/30,2,geocoin,geo
174,,2018/07/01,2,geocoin,geo
175,,2018/07/02,null,geocoin,geo
176,,2018/07/03,null,geocoin,geo
177,,2018/07/04,null,geocoin,geo
178,,2018/07/05,1,geocoin,geo
179,,2018/07/06,null,geocoin,geo
180,,2018/07/07,1,geocoin,geo
181,,2018/07/08,null,geocoin,geo
182,,2018/07/09,null,geocoin,geo
183,,2018/07/10,1,geocoin,geo
184,,2018/07/11,null,geocoin,geo
185,,2018/07/12,null,geocoin,geo
186,,2018/07/13,null,geocoin,geo
187,,2018/07/14,null,geocoin,geo
188,,2018/07/15,null,geocoin,geo
189,,2018/07/16,null,geocoin,geo
190,,2018/07/17,null,geocoin,geo
191,,2018/07/18,null,geocoin,geo
192,,2018/07/19,3,geocoin,geo
193,,2018/07/20,1,geocoin,geo
194,,2018/07/21,null,geocoin,geo
195,,2018/07/22,null,geocoin,geo
196,,2018/07/23,null,geocoin,geo
197,,2018/07/24,null,geocoin,geo
198,,2018/07/25,null,geocoin,geo
199,,2018/07/26,null,geocoin,geo
200,,2018/07/27,null,geocoin,geo
201,,2018/07/28,null,geocoin,geo
202,,2018/07/29,null,geocoin,geo
203,,2018/07/30,null,geocoin,geo
204,,2018/07/31,null,geocoin,geo
205,,2018/08/01,5,geocoin,geo
206,,2018/08/02,2,geocoin,geo
207,,2018/08/03,2,geocoin,geo
208,,2018/08/04,null,geocoin,geo
209,,2018/08/05,null,geocoin,geo
210,,2018/08/06,null,geocoin,geo
211,,2018/08/07,null,geocoin,geo
212,,2018/08/08,null,geocoin,geo
213,,2018/08/09,null,geocoin,geo
214,,2018/08/10,null,geocoin,geo
215,,2018/08/11,null,geocoin,geo
216,,2018/08/12,null,geocoin,geo
217,,2018/08/13,null,geocoin,geo
218,,2018/08/14,null,geocoin,geo
219,,2018/08/15,null,geocoin,geo
220,,2018/08/16,null,geocoin,geo
221,,2018/08/17,null,geocoin,geo
222,,2018/08/18,null,geocoin,geo
223,,2018/08/19,null,geocoin,geo
224,,2018/08/20,null,geocoin,geo
225,,2018/08/21,1,geocoin,geo
226,,2018/08/22,2,geocoin,geo
227,,2018/08/23,null,geocoin,geo
228,,2018/08/24,null,geocoin,geo
229,,2018/08/25,null,geocoin,geo
230,,2018/08/26,null,geocoin,geo
231,,2018/08/27,null,geocoin,geo
232,,2018/08/28,null,geocoin,geo
233,,2018/08/29,null,geocoin,geo
234,,2018/08/30,null,geocoin,geo
235,,2018/08/31,null,geocoin,geo
236,,2018/09/01,null,geocoin,geo
237,,2018/09/02,11,geocoin,geo
238,,2018/09/03,1,geocoin,geo
239,,2018/09/04,null,geocoin,geo
240,,2018/09/05,null,geocoin,geo
241,,2018/09/06,null,geocoin,geo
242,,2018/09/07,null,geocoin,geo
243,,2018/09/08,null,geocoin,geo
244,,2018/09/09,null,geocoin,geo
245,,2018/09/10,null,geocoin,geo
246,,2018/09/11,null,geocoin,geo
247,,2018/09/12,null,geocoin,geo
248,,2018/09/13,null,geocoin,geo
249,,2018/09/14,null,geocoin,geo
250,,2018/09/15,null,geocoin,geo
251,,2018/09/16,null,geocoin,geo
252,,2018/09/17,null,geocoin,geo
253,,2018/09/18,1,geocoin,geo
254,,2018/09/19,null,geocoin,geo
255,,2018/09/20,null,geocoin,geo
256,,2018/09/21,null,geocoin,geo
257,,2018/09/22,null,geocoin,geo
258,,2018/09/23,null,geocoin,geo
259,,2018/09/24,1,geocoin,geo
260,,2018/09/25,1,geocoin,geo
261,,2018/09/26,null,geocoin,geo
262,,2018/09/27,null,geocoin,geo
263,,2018/09/28,null,geocoin,geo
264,,2018/09/29,null,geocoin,geo
265,,2018/09/30,null,geocoin,geo
266,,2018/10/01,null,geocoin,geo
267,,2018/10/02,2,geocoin,geo
268,,2018/10/03,null,geocoin,geo
269,,2018/10/04,null,geocoin,geo
270,,2018/10/05,null,geocoin,geo
271,,2018/10/06,null,geocoin,geo
272,,2018/10/07,1,geocoin,geo
273,,2018/10/08,null,geocoin,geo
274,,2018/10/09,null,geocoin,geo
275,,2018/10/10,null,geocoin,geo
276,,2018/10/11,null,geocoin,geo
277,,2018/10/12,1,geocoin,geo
278,,2018/10/13,1,geocoin,geo
279,,2018/10/14,1,geocoin,geo
280,,2018/10/15,null,geocoin,geo
281,,2018/10/16,null,geocoin,geo
282,,2018/10/17,null,geocoin,geo
283,,2018/10/18,null,geocoin,geo
284,,2018/10/19,null,geocoin,geo
285,,2018/10/20,null,geocoin,geo
286,,2018/10/21,5,geocoin,geo
287,,2018/10/22,2,geocoin,geo
288,,2018/10/23,null,geocoin,geo
289,,2018/10/24,null,geocoin,geo
290,,2018/10/25,2,geocoin,geo
291,,2018/10/26,1,geocoin,geo
292,,2018/10/27,null,geocoin,geo
293,,2018/10/28,null,geocoin,geo
294,,2018/10/29,null,geocoin,geo
295,,2018/10/30,4,geocoin,geo
296,,2018/10/31,4,geocoin,geo
297,,2018/11/01,3,geocoin,geo
298,,2018/11/02,null,geocoin,geo
299,,2018/11/03,null,geocoin,geo
300,,2018/11/04,null,geocoin,geo
301,,2018/11/05,1,geocoin,geo
302,,2018/11/06,null,geocoin,geo
303,,2018/11/07,null,geocoin,geo
304,,2018/11/08,null,geocoin,geo
305,,2018/11/09,3,geocoin,geo
306,,2018/11/10,4,geocoin,geo
307,,2018/11/11,2,geocoin,geo
308,,2018/11/12,1,geocoin,geo
309,,2018/11/13,null,geocoin,geo
310,,2018/11/14,1,geocoin,geo
311,,2018/11/15,null,geocoin,geo
312,,2018/11/16,null,geocoin,geo
313,,2018/11/17,4,geocoin,geo
314,,2018/11/18,1,geocoin,geo
315,,2018/11/19,null,geocoin,geo
316,,2018/11/20,null,geocoin,geo
317,,2018/11/21,null,geocoin,geo
318,,2018/11/22,null,geocoin,geo
319,,2018/11/23,null,geocoin,geo
320,,2018/11/24,null,geocoin,geo
321,,2018/11/25,null,geocoin,geo
322,,2018/11/26,null,geocoin,geo
323,,2018/11/27,null,geocoin,geo
324,,2018/11/28,3,geocoin,geo
325,,2018/11/29,2,geocoin,geo
326,,2018/11/30,null,geocoin,geo
327,,2018/12/01,2,geocoin,geo
328,,2018/12/02,null,geocoin,geo
329,,2018/12/03,null,geocoin,geo
330,,2018/12/04,null,geocoin,geo
331,,2018/12/05,1,geocoin,geo
332,,2018/12/06,null,geocoin,geo
333,,2018/12/07,null,geocoin,geo
334,,2018/12/08,null,geocoin,geo
335,,2018/12/09,null,geocoin,geo
336,,2018/12/10,null,geocoin,geo
337,,2018/12/11,null,geocoin,geo
338,,2018/12/12,null,geocoin,geo
339,,2018/12/13,null,geocoin,geo
340,,2018/12/14,null,geocoin,geo
341,,2018/12/15,null,geocoin,geo
342,,2018/12/16,null,geocoin,geo
343,,2018/12/17,null,geocoin,geo
344,,2018/12/18,null,geocoin,geo
345,,2018/12/19,null,geocoin,geo
346,,2018/12/20,null,geocoin,geo
347,,2018/12/21,null,geocoin,geo
348,,2018/12/22,null,geocoin,geo
349,,2018/12/23,null,geocoin,geo
350,,2018/12/24,null,geocoin,geo
351,,2018/12/25,null,geocoin,geo
352,,2018/12/26,null,geocoin,geo
353,,2018/12/27,null,geocoin,geo
354,,2018/12/28,null,geocoin,geo
355,,2018/12/29,null,geocoin,geo
356,,2018/12/30,null,geocoin,geo
357,,2018/12/31,null,geocoin,geo
358,,2019/01/01,null,geocoin,geo
359,,2019/01/02,null,geocoin,geo
360,,2019/01/03,null,geocoin,geo
361,,2019/01/04,null,geocoin,geo
362,,2019/01/05,null,geocoin,geo
363,,2019/01/06,null,geocoin,geo
364,,2019/01/07,null,geocoin,geo
365,,2019/01/08,null,geocoin,geo
366,,2019/01/09,null,geocoin,geo
367,,2019/01/10,null,geocoin,geo
368,,2019/01/11,null,geocoin,geo
369,,2019/01/12,null,geocoin,geo
370,,2019/01/13,null,geocoin,geo
371,,2019/01/14,null,geocoin,geo
372,,2019/01/15,null,geocoin,geo
373,,2019/01/16,null,geocoin,geo
374,,2019/01/17,null,geocoin,geo
375,,2019/01/18,null,geocoin,geo
376,,2019/01/19,null,geocoin,geo
377,,2019/01/20,null,geocoin,geo
378,,2019/01/21,null,geocoin,geo
379,,2019/01/22,null,geocoin,geo
380,,2019/01/23,null,geocoin,geo
381,,2019/01/24,null,geocoin,geo
382,,2019/01/25,null,geocoin,geo
383,,2019/01/26,null,geocoin,geo
384,,2019/01/27,null,geocoin,geo
385,,2019/01/28,null,geocoin,geo
386,,2019/01/29,null,geocoin,geo
387,,2019/01/30,null,geocoin,geo
388,,2019/01/31,null,geocoin,geo
389,,2019/02/01,null,geocoin,geo
390,,2019/02/02,null,geocoin,geo
391,,2019/02/03,null,geocoin,geo
392,,2019/02/04,null,geocoin,geo
393,,2019/02/05,null,geocoin,geo
394,,2019/02/06,null,geocoin,geo
395,,2019/02/07,null,geocoin,geo
396,,2019/02/08,null,geocoin,geo
397,,2019/02/09,null,geocoin,geo
398,,2019/02/10,null,geocoin,geo
399,,2019/02/11,null,geocoin,geo
400,,2019/02/12,null,geocoin,geo
401,,2019/02/13,null,geocoin,geo
402,,2019/02/14,null,geocoin,geo
403,,2019/02/15,null,geocoin,geo
404,,2019/02/16,null,geocoin,geo
405,,2019/02/17,null,geocoin,geo
406,,2019/02/18,null,geocoin,geo
407,,2019/02/19,null,geocoin,geo
408,,2019/02/20,null,geocoin,geo
409,,2019/02/21,null,geocoin,geo
410,,2019/02/22,null,geocoin,geo
411,,2019/02/23,null,geocoin,geo
412,,2019/02/24,null,geocoin,geo
413,,2019/02/25,null,geocoin,geo
414,,2019/02/26,null,geocoin,geo
415,,2019/02/27,null,geocoin,geo
416,,2019/02/28,null,geocoin,geo
417,,2019/03/01,null,geocoin,geo
418,,2019/03/02,null,geocoin,geo
419,,2019/03/03,null,geocoin,geo
420,,2019/03/04,null,geocoin,geo
421,,2019/03/05,null,geocoin,geo
422,,2019/03/06,null,geocoin,geo
423,,2019/03/07,null,geocoin,geo
424,,2019/03/08,null,geocoin,geo
425,,2019/03/09,null,geocoin,geo
426,,2019/03/10,null,geocoin,geo
427,,2019/03/11,null,geocoin,geo
428,,2019/03/12,null,geocoin,geo
429,,2019/03/13,null,geocoin,geo
430,,2019/03/14,null,geocoin,geo
431,,2019/03/15,null,geocoin,geo
432,,2019/03/16,null,geocoin,geo
433,,2019/03/17,null,geocoin,geo
434,,2019/03/18,null,geocoin,geo
435,,2019/03/19,null,geocoin,geo
436,,2019/03/20,null,geocoin,geo
437,,2019/03/21,null,geocoin,geo
438,,2019/03/22,null,geocoin,geo
439,,2019/03/23,null,geocoin,geo
440,,2019/03/24,null,geocoin,geo
441,,2019/03/25,null,geocoin,geo
442,,2019/03/26,null,geocoin,geo
443,,2019/03/27,null,geocoin,geo
444,,2019/03/28,null,geocoin,geo
445,,2019/03/29,null,geocoin,geo
446,,2019/03/30,null,geocoin,geo
447,,2019/03/31,null,geocoin,geo
448,,2019/04/01,null,geocoin,geo
449,,2019/04/02,null,geocoin,geo
450,,2019/04/03,null,geocoin,geo
451,,2019/04/04,null,geocoin,geo
452,,2019/04/05,null,geocoin,geo
453,,2019/04/06,null,geocoin,geo
454,,2019/04/07,null,geocoin,geo
455,,2019/04/08,null,geocoin,geo
456,,2019/04/09,null,geocoin,geo
457,,2019/04/10,null,geocoin,geo
458,,2019/04/11,null,geocoin,geo
459,,2019/04/12,null,geocoin,geo
460,,2019/04/13,null,geocoin,geo
461,,2019/04/14,null,geocoin,geo
462,,2019/04/15,null,geocoin,geo
463,,2019/04/16,null,geocoin,geo
464,,2019/04/17,null,geocoin,geo
465,,2019/04/18,null,geocoin,geo
466,,2019/04/19,null,geocoin,geo
467,,2019/04/20,null,geocoin,geo
468,,2019/04/21,null,geocoin,geo
469,,2019/04/22,null,geocoin,geo
470,,2019/04/23,null,geocoin,geo
471,,2019/04/24,null,geocoin,geo
472,,2019/04/25,null,geocoin,geo
473,,2019/04/26,null,geocoin,geo
474,,2019/04/27,null,geocoin,geo
475,,2019/04/28,null,geocoin,geo
476,,2019/04/29,null,geocoin,geo
477,,2019/04/30,null,geocoin,geo
478,,2019/05/01,null,geocoin,geo
479,,2019/05/02,null,geocoin,geo
480,,2019/05/03,null,geocoin,geo
481,,2019/05/04,null,geocoin,geo
482,,2019/05/05,null,geocoin,geo
483,,2019/05/06,null,geocoin,geo
484,,2019/05/07,null,geocoin,geo
485,,2019/05/08,null,geocoin,geo
486,,2019/05/09,null,geocoin,geo
487,,2019/05/10,null,geocoin,geo
488,,2019/05/11,null,geocoin,geo
489,,2019/05/12,null,geocoin,geo
490,,2019/05/13,null,geocoin,geo
491,,2019/05/14,null,geocoin,geo
492,,2019/05/15,null,geocoin,geo
493,,2019/05/16,null,geocoin,geo
494,,2019/05/17,null,geocoin,geo
495,,2019/05/18,null,geocoin,geo
496,,2019/05/19,null,geocoin,geo
497,,2019/05/20,null,geocoin,geo
498,,2019/05/21,null,geocoin,geo
499,,2019/05/22,null,geocoin,geo
500,,2019/05/23,null,geocoin,geo
501,,2019/05/24,null,geocoin,geo
502,,2019/05/25,null,geocoin,geo
503,,2019/05/26,null,geocoin,geo
504,,2019/05/27,null,geocoin,geo
505,,2019/05/28,null,geocoin,geo
506,,2019/05/29,null,geocoin,geo
507,,2019/05/30,null,geocoin,geo
508,,2019/05/31,null,geocoin,geo
509,,2019/06/01,null,geocoin,geo
510,,2019/06/02,null,geocoin,geo
511,,2019/06/03,null,geocoin,geo
512,,2019/06/04,null,geocoin,geo
513,,2019/06/05,null,geocoin,geo
514,,2019/06/06,null,geocoin,geo
515,,2019/06/07,null,geocoin,geo
516,,2019/06/08,null,geocoin,geo
517,,2019/06/09,null,geocoin,geo
518,,2019/06/10,null,geocoin,geo
519,,2019/06/11,null,geocoin,geo
520,,2019/06/12,null,geocoin,geo
521,,2019/06/13,null,geocoin,geo
522,,2019/06/14,null,geocoin,geo
523,,2019/06/15,null,geocoin,geo
524,,2019/06/16,null,geocoin,geo
525,,2019/06/17,null,geocoin,geo
526,,2019/06/18,null,geocoin,geo
527,,2019/06/19,null,geocoin,geo
528,,2019/06/20,null,geocoin,geo
529,,2019/06/21,null,geocoin,geo
530,,2019/06/22,null,geocoin,geo
531,,2019/06/23,null,geocoin,geo
532,,2019/06/24,null,geocoin,geo
533,,2019/06/25,null,geocoin,geo
534,,2019/06/26,null,geocoin,geo
535,,2019/06/27,null,geocoin,geo
536,,2019/06/28,null,geocoin,geo
537,,2019/06/29,null,geocoin,geo
538,,2019/06/30,null,geocoin,geo
539,,2019/07/01,null,geocoin,geo
540,,2019/07/02,null,geocoin,geo
541,,2019/07/03,null,geocoin,geo
542,,2019/07/04,null,geocoin,geo
543,,2019/07/05,null,geocoin,geo
544,,2019/07/06,null,geocoin,geo
545,,2019/07/07,null,geocoin,geo
546,,2019/07/08,null,geocoin,geo
547,,2019/07/09,null,geocoin,geo
548,,2019/07/10,null,geocoin,geo
549,,2019/07/11,null,geocoin,geo
550,,2019/07/12,null,geocoin,geo
551,,2019/07/13,null,geocoin,geo
552,,2019/07/14,null,geocoin,geo
553,,2019/07/15,null,geocoin,geo
554,,2019/07/16,null,geocoin,geo
555,,2019/07/17,null,geocoin,geo
556,,2019/07/18,null,geocoin,geo
557,,2019/07/19,null,geocoin,geo
558,,2019/07/20,null,geocoin,geo
559,,2019/07/21,null,geocoin,geo
560,,2019/07/22,null,geocoin,geo
561,,2019/07/23,null,geocoin,geo
562,,2019/07/24,null,geocoin,geo
563,,2019/07/25,null,geocoin,geo
564,,2019/07/26,null,geocoin,geo
565,,2019/07/27,null,geocoin,geo
566,,2019/07/28,null,geocoin,geo
567,,2019/07/29,null,geocoin,geo
568,,2019/07/30,null,geocoin,geo
569,,2019/07/31,null,geocoin,geo
570,,2019/08/01,null,geocoin,geo
571,,2019/08/02,null,geocoin,geo
572,,2019/08/03,null,geocoin,geo
573,,2019/08/04,null,geocoin,geo
574,,2019/08/05,null,geocoin,geo
575,,2019/08/06,null,geocoin,geo
576,,2019/08/07,null,geocoin,geo
577,,2019/08/08,null,geocoin,geo
578,,2019/08/09,null,geocoin,geo
579,,2019/08/10,null,geocoin,geo
580,,2019/08/11,null,geocoin,geo
581,,2019/08/12,null,geocoin,geo
582,,2019/08/13,null,geocoin,geo
583,,2019/08/14,null,geocoin,geo
584,,2019/08/15,null,geocoin,geo
585,,2019/08/16,null,geocoin,geo
586,,2019/08/17,null,geocoin,geo
587,,2019/08/18,null,geocoin,geo
588,,2019/08/19,null,geocoin,geo
589,,2019/08/20,null,geocoin,geo
590,,2019/08/21,null,geocoin,geo
591,,2019/08/22,null,geocoin,geo
592,,2019/08/23,null,geocoin,geo
593,,2019/08/24,null,geocoin,geo
594,,2019/08/25,null,geocoin,geo
595,,2019/08/26,null,geocoin,geo
596,,2019/08/27,null,geocoin,geo
597,,2019/08/28,null,geocoin,geo
598,,2019/08/29,null,geocoin,geo
599,,2019/08/30,null,geocoin,geo
600,,2019/08/31,null,geocoin,geo
601,,2019/09/01,null,geocoin,geo
602,,2019/09/02,null,geocoin,geo
603,,2019/09/03,null,geocoin,geo
604,,2019/09/04,null,geocoin,geo
605,,2019/09/05,null,geocoin,geo
606,,2019/09/06,null,geocoin,geo
607,,2019/09/07,null,geocoin,geo
608,,2019/09/08,null,geocoin,geo
609,,2019/09/09,null,geocoin,geo
610,,2019/09/10,null,geocoin,geo
611,,2019/09/11,null,geocoin,geo
612,,2019/09/12,null,geocoin,geo
613,,2019/09/13,null,geocoin,geo
614,,2019/09/14,null,geocoin,geo
615,,2019/09/15,null,geocoin,geo
616,,2019/09/16,null,geocoin,geo
617,,2019/09/17,null,geocoin,geo
618,,2019/09/18,null,geocoin,geo
619,,2019/09/19,null,geocoin,geo
620,,2019/09/20,null,geocoin,geo
621,,2019/09/21,null,geocoin,geo
622,,2019/09/22,null,geocoin,geo
623,,2019/09/23,null,geocoin,geo
624,,2019/09/24,null,geocoin,geo
625,,2019/09/25,null,geocoin,geo
626,,2019/09/26,null,geocoin,geo
627,,2019/09/27,null,geocoin,geo
628,,2019/09/28,null,geocoin,geo
629,,2019/09/29,null,geocoin,geo
630,,2019/09/30,null,geocoin,geo
631,,2019/10/01,null,geocoin,geo
632,,2019/10/02,null,geocoin,geo
633,,2019/10/03,null,geocoin,geo
634,,2019/10/04,null,geocoin,geo
635,,2019/10/05,null,geocoin,geo
636,,2019/10/06,null,geocoin,geo
637,,2019/10/07,null,geocoin,geo
638,,2019/10/08,null,geocoin,geo
639,,2019/10/09,null,geocoin,geo
640,,2019/10/10,null,geocoin,geo
641,,2019/10/11,null,geocoin,geo
642,,2019/10/12,null,geocoin,geo
643,,2019/10/13,null,geocoin,geo
644,,2019/10/14,null,geocoin,geo
645,,2019/10/15,null,geocoin,geo
646,,2019/10/16,null,geocoin,geo
647,,2019/10/17,null,geocoin,geo
648,,2019/10/18,null,geocoin,geo
649,,2019/10/19,null,geocoin,geo
650,,2019/10/20,null,geocoin,geo
651,,2019/10/21,null,geocoin,geo
652,,2019/10/22,null,geocoin,geo
653,,2019/10/23,null,geocoin,geo
654,,2019/10/24,null,geocoin,geo
655,,2019/10/25,null,geocoin,geo
656,,2019/10/26,null,geocoin,geo
657,,2019/10/27,null,geocoin,geo
658,,2019/10/28,null,geocoin,geo
659,,2019/10/29,null,geocoin,geo
660,,2019/10/30,3,geocoin,geo
661,,2019/10/31,1,geocoin,geo
662,,2019/11/01,3,geocoin,geo
663,,2019/11/02,null,geocoin,geo
664,,2019/11/03,null,geocoin,geo
665,,2019/11/04,null,geocoin,geo
666,,2019/11/05,null,geocoin,geo
667,,2019/11/06,null,geocoin,geo
668,,2019/11/07,null,geocoin,geo
669,,2019/11/08,null,geocoin,geo
670,,2019/11/09,null,geocoin,geo
671,,2019/11/10,null,geocoin,geo
672,,2019/11/11,null,geocoin,geo
673,,2019/11/12,null,geocoin,geo
674,,2019/11/13,null,geocoin,geo
675,,2019/11/14,null,geocoin,geo
676,,2019/11/15,null,geocoin,geo
677,,2019/11/16,null,geocoin,geo
678,,2019/11/17,null,geocoin,geo
679,,2019/11/18,null,geocoin,geo
680,,2019/11/19,null,geocoin,geo
681,,2019/11/20,null,geocoin,geo
682,,2019/11/21,null,geocoin,geo
683,,2019/11/22,null,geocoin,geo
684,,2019/11/23,null,geocoin,geo
685,,2019/11/24,null,geocoin,geo
686,,2019/11/25,null,geocoin,geo
687,,2019/11/26,null,geocoin,geo
688,,2019/11/27,null,geocoin,geo
689,,2019/11/28,null,geocoin,geo
690,,2019/11/29,null,geocoin,geo
691,,2019/11/30,null,geocoin,geo
692,,2019/12/01,null,geocoin,geo
693,,2019/12/02,null,geocoin,geo
694,,2019/12/03,null,geocoin,geo
695,,2019/12/04,null,geocoin,geo
696,,2019/12/05,null,geocoin,geo
697,,2019/12/06,null,geocoin,geo
698,,2019/12/07,null,geocoin,geo
699,,2019/12/08,null,geocoin,geo
700,,2019/12/09,null,geocoin,geo
701,,2019/12/10,null,geocoin,geo
702,,2019/12/11,null,geocoin,geo
703,,2019/12/12,null,geocoin,geo
704,,2019/12/13,null,geocoin,geo
705,,2019/12/14,null,geocoin,geo
706,,2019/12/15,null,geocoin,geo
707,,2019/12/16,null,geocoin,geo
708,,2019/12/17,null,geocoin,geo
709,,2019/12/18,null,geocoin,geo
710,,2019/12/19,null,geocoin,geo
711,,2019/12/20,null,geocoin,geo
712,,2019/12/21,null,geocoin,geo
713,,2019/12/22,null,geocoin,geo
714,,2019/12/23,null,geocoin,geo
715,,2019/12/24,null,geocoin,geo
716,,2019/12/25,null,geocoin,geo
717,,2019/12/26,null,geocoin,geo
718,,2019/12/27,null,geocoin,geo
719,,2019/12/28,null,geocoin,geo
720,,2019/12/29,null,geocoin,geo
721,,2019/12/30,null,geocoin,geo
722,,2019/12/31,null,geocoin,geo
723,,2020/01/01,null,geocoin,geo
724,,2020/01/02,null,geocoin,geo
725,,2020/01/03,null,geocoin,geo
726,,2020/01/04,null,geocoin,geo
727,,2020/01/05,null,geocoin,geo
728,,2020/01/06,null,geocoin,geo
729,,2020/01/07,null,geocoin,geo
730,,2020/01/08,null,geocoin,geo
731,,2020/01/09,null,geocoin,geo
732,,2020/01/10,null,geocoin,geo
733,,2020/01/11,null,geocoin,geo
734,,2020/01/12,null,geocoin,geo
735,,2020/01/13,null,geocoin,geo
736,,2020/01/14,null,geocoin,geo
737,,2020/01/15,null,geocoin,geo
738,,2020/01/16,null,geocoin,geo
739,,2020/01/17,null,geocoin,geo
740,,2020/01/18,null,geocoin,geo
741,,2020/01/19,null,geocoin,geo
742,,2020/01/20,null,geocoin,geo
743,,2020/01/21,null,geocoin,geo
744,,2020/01/22,null,geocoin,geo
745,,2020/01/23,null,geocoin,geo
746,,2020/01/24,null,geocoin,geo
747,,2020/01/25,null,geocoin,geo
748,,2020/01/26,null,geocoin,geo
749,,2020/01/27,null,geocoin,geo
750,,2020/01/28,null,geocoin,geo
751,,2020/01/29,null,geocoin,geo
752,,2020/01/30,null,geocoin,geo
753,,2020/01/31,null,geocoin,geo
754,,2020/02/01,null,geocoin,geo
755,,2020/02/02,null,geocoin,geo
756,,2020/02/03,null,geocoin,geo
757,,2020/02/04,null,geocoin,geo
758,,2020/02/05,null,geocoin,geo
759,,2020/02/06,null,geocoin,geo
760,,2020/02/07,null,geocoin,geo
761,,2020/02/08,null,geocoin,geo
762,,2020/02/09,null,geocoin,geo
763,,2020/02/10,null,geocoin,geo
764,,2020/02/11,null,geocoin,geo
765,,2020/02/12,null,geocoin,geo
766,,2020/02/13,null,geocoin,geo
767,,2020/02/14,null,geocoin,geo
768,,2020/02/15,null,geocoin,geo
769,,2020/02/16,null,geocoin,geo
770,,2020/02/17,null,geocoin,geo
771,,2020/02/18,null,geocoin,geo
772,,2020/02/19,null,geocoin,geo
773,,2020/02/20,null,geocoin,geo
774,,2020/02/21,null,geocoin,geo
775,,2020/02/22,null,geocoin,geo
776,,2020/02/23,null,geocoin,geo
777,,2020/02/24,null,geocoin,geo
778,,2020/02/25,null,geocoin,geo
779,,2020/02/26,null,geocoin,geo
780,,2020/02/27,null,geocoin,geo
781,,2020/02/28,null,geocoin,geo
782,,2020/02/29,null,geocoin,geo
783,,2020/03/01,null,geocoin,geo
784,,2020/03/02,null,geocoin,geo
785,,2020/03/03,null,geocoin,geo
786,,2020/03/04,null,geocoin,geo
787,,2020/03/05,null,geocoin,geo
788,,2020/03/06,null,geocoin,geo
789,,2020/03/07,null,geocoin,geo
790,,2020/03/08,null,geocoin,geo
791,,2020/03/09,null,geocoin,geo
792,,2020/03/10,null,geocoin,geo
793,,2020/03/11,null,geocoin,geo
794,,2020/03/12,null,geocoin,geo
795,,2020/03/13,null,geocoin,geo
796,,2020/03/14,null,geocoin,geo
797,,2020/03/15,null,geocoin,geo
798,,2020/03/16,null,geocoin,geo
799,,2020/03/17,null,geocoin,geo
800,,2020/03/18,null,geocoin,geo
801,,2020/03/19,null,geocoin,geo
802,,2020/03/20,null,geocoin,geo
803,,2020/03/21,null,geocoin,geo
804,,2020/03/22,null,geocoin,geo
805,,2020/03/23,2,geocoin,geo
806,,2020/03/24,null,geocoin,geo
807,,2020/03/25,null,geocoin,geo
808,,2020/03/26,null,geocoin,geo
809,,2020/03/27,null,geocoin,geo
810,,2020/03/28,null,geocoin,geo
811,,2020/03/29,null,geocoin,geo
812,,2020/03/30,null,geocoin,geo
813,,2020/03/31,null,geocoin,geo
814,,2020/04/01,null,geocoin,geo
815,,2020/04/02,null,geocoin,geo
816,,2020/04/03,null,geocoin,geo
817,,2020/04/04,null,geocoin,geo
818,,2020/04/05,null,geocoin,geo
819,,2020/04/06,null,geocoin,geo
820,,2020/04/07,null,geocoin,geo
821,,2020/04/08,null,geocoin,geo
822,,2020/04/09,null,geocoin,geo
823,,2020/04/10,null,geocoin,geo
824,,2020/04/11,null,geocoin,geo
825,,2020/04/12,null,geocoin,geo
826,,2020/04/13,null,geocoin,geo
827,,2020/04/14,null,geocoin,geo
828,,2020/04/15,null,geocoin,geo
829,,2020/04/16,null,geocoin,geo
830,,2020/04/17,null,geocoin,geo
831,,2020/04/18,null,geocoin,geo
832,,2020/04/19,null,geocoin,geo
833,,2020/04/20,null,geocoin,geo
834,,2020/04/21,1,geocoin,geo
835,,2020/04/22,null,geocoin,geo
836,,2020/04/23,null,geocoin,geo
837,,2020/04/24,null,geocoin,geo
838,,2020/04/25,null,geocoin,geo
839,,2020/04/26,null,geocoin,geo
840,,2020/04/27,null,geocoin,geo
841,,2020/04/28,null,geocoin,geo
842,,2020/04/29,null,geocoin,geo
843,,2020/04/30,null,geocoin,geo
844,,2020/05/01,null,geocoin,geo
845,,2020/05/02,null,geocoin,geo
846,,2020/05/03,null,geocoin,geo
847,,2020/05/04,null,geocoin,geo
848,,2020/05/05,null,geocoin,geo
849,,2020/05/06,null,geocoin,geo
850,,2020/05/07,null,geocoin,geo
851,,2020/05/08,null,geocoin,geo
852,,2020/05/09,3,geocoin,geo
853,,2020/05/10,1,geocoin,geo
854,,2020/05/11,null,geocoin,geo
855,,2020/05/12,null,geocoin,geo
856,,2020/05/13,null,geocoin,geo
857,,2020/05/14,null,geocoin,geo
858,,2020/05/15,2,geocoin,geo
859,,2020/05/16,1,geocoin,geo
860,,2020/05/17,null,geocoin,geo
861,,2020/05/18,null,geocoin,geo
862,,2020/05/19,null,geocoin,geo
863,,2020/05/20,null,geocoin,geo
864,,2020/05/21,null,geocoin,geo
865,,2020/05/22,null,geocoin,geo
866,,2020/05/23,2,geocoin,geo
867,,2020/05/24,null,geocoin,geo
868,,2020/05/25,1,geocoin,geo
869,,2020/05/26,4,geocoin,geo
870,,2020/05/27,3,geocoin,geo
871,,2020/05/28,2,geocoin,geo
872,,2020/05/29,5,geocoin,geo
873,,2020/05/30,4,geocoin,geo
874,,2020/05/31,8,geocoin,geo
875,,2020/06/01,1,geocoin,geo
876,,2020/06/02,4,geocoin,geo
877,,2020/06/03,null,geocoin,geo
878,,2020/06/04,1,geocoin,geo
879,,2020/06/05,null,geocoin,geo
880,,2020/06/06,null,geocoin,geo
881,,2020/06/07,null,geocoin,geo
882,,2020/06/08,null,geocoin,geo
883,,2020/06/09,null,geocoin,geo
884,,2020/06/10,null,geocoin,geo
885,,2020/06/11,1,geocoin,geo
886,,2020/06/12,2,geocoin,geo
887,,2020/06/13,null,geocoin,geo
888,,2020/06/14,2,geocoin,geo
889,,2020/06/15,null,geocoin,geo
890,,2020/06/16,2,geocoin,geo
891,,2020/06/17,1,geocoin,geo
892,,2020/06/18,null,geocoin,geo
893,,2020/06/19,null,geocoin,geo
894,,2020/06/20,null,geocoin,geo
895,,2020/06/21,2,geocoin,geo
896,,2020/06/22,null,geocoin,geo
897,,2020/06/23,null,geocoin,geo
898,,2020/06/24,null,geocoin,geo
899,,2020/06/25,null,geocoin,geo
900,,2020/06/26,null,geocoin,geo
901,,2020/06/27,null,geocoin,geo
902,,2020/06/28,2,geocoin,geo
903,,2020/06/29,null,geocoin,geo
904,,2020/06/30,null,geocoin,geo
905,,2020/07/01,4,geocoin,geo
906,,2020/07/02,1,geocoin,geo
907,,2020/07/03,2,geocoin,geo
908,,2020/07/04,null,geocoin,geo
909,,2020/07/05,null,geocoin,geo
910,,2020/07/06,1,geocoin,geo
911,,2020/07/07,2,geocoin,geo
912,,2020/07/08,null,geocoin,geo
913,,2020/07/09,null,geocoin,geo
914,,2020/07/10,null,geocoin,geo
915,,2020/07/11,null,geocoin,geo
916,,2020/07/12,null,geocoin,geo
917,,2020/07/13,1,geocoin,geo
918,,2020/07/14,null,geocoin,geo
919,,2020/07/15,12,geocoin,geo
920,,2020/07/16,null,geocoin,geo
921,,2020/07/17,null,geocoin,geo
922,,2020/07/18,null,geocoin,geo
923,,2020/07/19,3,geocoin,geo
924,,2020/07/20,null,geocoin,geo
925,,2020/07/21,null,geocoin,geo
926,,2020/07/22,null,geocoin,geo
927,,2020/07/23,null,geocoin,geo
928,,2020/07/24,1,geocoin,geo
929,,2020/07/25,null,geocoin,geo
930,,2020/07/26,null,geocoin,geo
931,,2020/07/27,null,geocoin,geo
932,,2020/07/28,null,geocoin,geo
933,,2020/07/29,2,geocoin,geo
934,,2020/07/30,null,geocoin,geo
935,,2020/07/31,2,geocoin,geo
936,,2020/08/01,null,geocoin,geo
937,,2020/08/02,null,geocoin,geo
938,,2020/08/03,1,geocoin,geo
939,,2020/08/04,null,geocoin,geo
940,,2020/08/05,null,geocoin,geo
941,,2020/08/06,2,geocoin,geo
942,,2020/08/07,null,geocoin,geo
943,,2020/08/08,null,geocoin,geo
944,,2020/08/09,null,geocoin,geo
945,,2020/08/10,2,geocoin,geo
946,,2020/08/11,1,geocoin,geo
947,,2020/08/12,1,geocoin,geo
948,,2020/08/13,1,geocoin,geo
949,,2020/08/14,null,geocoin,geo
950,,2020/08/15,null,geocoin,geo
951,,2020/08/16,null,geocoin,geo
952,,2020/08/17,null,geocoin,geo
953,,2020/08/18,2,geocoin,geo
954,,2020/08/19,null,geocoin,geo
955,,2020/08/20,null,geocoin,geo
956,,2020/08/21,null,geocoin,geo
957,,2020/08/22,1,geocoin,geo
958,,2020/08/23,null,geocoin,geo
959,,2020/08/24,null,geocoin,geo
960,,2020/08/25,null,geocoin,geo
961,,2020/08/26,null,geocoin,geo
962,,2020/08/27,12,geocoin,geo
963,,2020/08/28,null,geocoin,geo
964,,2020/08/29,null,geocoin,geo
965,,2020/08/30,null,geocoin,geo
966,,2020/08/31,4,geocoin,geo
967,,2020/09/01,1,geocoin,geo
968,,2020/09/02,1,geocoin,geo
969,,2020/09/03,null,geocoin,geo
970,,2020/09/04,null,geocoin,geo
971,,2020/09/05,2,geocoin,geo
972,,2020/09/06,null,geocoin,geo
973,,2020/09/07,1,geocoin,geo
974,,2020/09/08,3,geocoin,geo
975,,2020/09/09,2,geocoin,geo
976,,2020/09/10,null,geocoin,geo
977,,2020/09/11,null,geocoin,geo
978,,2020/09/12,null,geocoin,geo
979,,2020/09/13,null,geocoin,geo
980,,2020/09/14,null,geocoin,geo
981,,2020/09/15,null,geocoin,geo
982,,2020/09/16,null,geocoin,geo
983,,2020/09/17,null,geocoin,geo
984,,2020/09/18,null,geocoin,geo
985,,2020/09/19,null,geocoin,geo
986,,2020/09/20,null,geocoin,geo
987,,2020/09/21,null,geocoin,geo
988,,2020/09/22,null,geocoin,geo
989,,2020/09/23,null,geocoin,geo
990,,2020/09/24,null,geocoin,geo
991,,2020/09/25,null,geocoin,geo
992,,2020/09/26,null,geocoin,geo
993,,2020/09/27,null,geocoin,geo
994,,2020/09/28,null,geocoin,geo
995,,2020/09/29,null,geocoin,geo
996,,2020/09/30,null,geocoin,geo
997,,2020/10/01,null,geocoin,geo
998,,2020/10/02,null,geocoin,geo
999,,2020/10/03,null,geocoin,geo
1000,,2020/10/04,null,geocoin,geo
1001,,2020/10/05,null,geocoin,geo
1002,,2020/10/06,null,geocoin,geo
1003,,2020/10/07,null,geocoin,geo
1004,,2020/10/08,null,geocoin,geo
1005,,2020/10/09,null,geocoin,geo
1006,,2020/10/10,null,geocoin,geo
1007,,2020/10/11,null,geocoin,geo
1008,,2020/10/12,null,geocoin,geo
1009,,2020/10/13,null,geocoin,geo
1010,,2020/10/14,null,geocoin,geo
1011,,2020/10/15,null,geocoin,geo
1012,,2020/10/16,null,geocoin,geo
1013,,2020/10/17,null,geocoin,geo
1014,,2020/10/18,null,geocoin,geo
1015,,2020/10/19,null,geocoin,geo
1016,,2020/10/20,null,geocoin,geo
1017,,2020/10/21,null,geocoin,geo
1018,,2020/10/22,null,geocoin,geo
1019,,2020/10/23,null,geocoin,geo
1020,,2020/10/24,null,geocoin,geo
1021,,2020/10/25,null,geocoin,geo
1022,,2020/10/26,null,geocoin,geo
1023,,2020/10/27,null,geocoin,geo
1024,,2020/10/28,null,geocoin,geo
1025,,2020/10/29,null,geocoin,geo
1026,,2020/10/30,null,geocoin,geo
1027,,2020/10/31,null,geocoin,geo
1028,,2020/11/01,null,geocoin,geo
1029,,2020/11/02,null,geocoin,geo
1030,,2020/11/03,null,geocoin,geo
1031,,2020/11/04,null,geocoin,geo
1032,,2020/11/05,null,geocoin,geo
1033,,2020/11/06,null,geocoin,geo
1034,,2020/11/07,null,geocoin,geo
1035,,2020/11/08,null,geocoin,geo
1036,,2020/11/09,null,geocoin,geo
1037,,2020/11/10,null,geocoin,geo
1038,,2020/11/11,null,geocoin,geo
1039,,2020/11/12,null,geocoin,geo
1040,,2020/11/13,null,geocoin,geo
1041,,2020/11/14,null,geocoin,geo
1042,,2020/11/15,null,geocoin,geo
1043,,2020/11/16,null,geocoin,geo
1044,,2020/11/17,null,geocoin,geo
1045,,2020/11/18,null,geocoin,geo
1046,,2020/11/19,null,geocoin,geo
1047,,2020/11/20,null,geocoin,geo
1048,,2020/11/21,null,geocoin,geo
1049,,2020/11/22,null,geocoin,geo
1050,,2020/11/23,null,geocoin,geo
1051,,2020/11/24,null,geocoin,geo
1052,,2020/11/25,null,geocoin,geo
1053,,2020/11/26,null,geocoin,geo
1054,,2020/11/27,null,geocoin,geo
1055,,2020/11/28,null,geocoin,geo
1056,,2020/11/29,null,geocoin,geo
1057,,2020/11/30,null,geocoin,geo
1058,,2020/12/01,null,geocoin,geo
1059,,2020/12/02,2,geocoin,geo
1060,,2020/12/03,1,geocoin,geo
1061,,2020/12/04,null,geocoin,geo
1062,,2020/12/05,null,geocoin,geo
1063,,2020/12/06,null,geocoin,geo
1064,,2020/12/07,null,geocoin,geo
1065,,2020/12/08,null,geocoin,geo
1066,,2020/12/09,null,geocoin,geo
1067,,2020/12/10,null,geocoin,geo
1068,,2020/12/11,null,geocoin,geo
1069,,2020/12/12,3,geocoin,geo
