,google_trends,date,tweets,full_name,coin
0,,2021/06/11,156,gitcoin,gtc
1,,2021/06/12,11,gitcoin,gtc
2,,2021/06/13,23,gitcoin,gtc
3,,2021/06/14,33,gitcoin,gtc
4,,2021/06/15,34,gitcoin,gtc
5,,2021/06/16,23,gitcoin,gtc
6,,2021/06/17,76,gitcoin,gtc
7,,2021/06/18,25,gitcoin,gtc
8,,2021/06/19,16,gitcoin,gtc
9,,2021/06/20,10,gitcoin,gtc
10,,2021/06/21,18,gitcoin,gtc
11,,2021/06/22,22,gitcoin,gtc
12,,2021/06/23,62,gitcoin,gtc
13,,2021/06/24,30,gitcoin,gtc
14,,2021/06/25,17,gitcoin,gtc
15,,2021/06/26,28,gitcoin,gtc
16,,2021/06/27,44,gitcoin,gtc
17,,2021/06/28,44,gitcoin,gtc
18,,2021/06/29,54,gitcoin,gtc
19,,2021/06/30,62,gitcoin,gtc
20,,2021/07/01,31,gitcoin,gtc
21,,2021/07/02,18,gitcoin,gtc
22,,2021/07/03,9,gitcoin,gtc
23,,2021/07/04,50,gitcoin,gtc
24,,2021/07/05,21,gitcoin,gtc
25,,2021/07/06,39,gitcoin,gtc
26,,2021/07/07,247,gitcoin,gtc
27,,2021/07/08,25,gitcoin,gtc
28,,2021/07/09,12,gitcoin,gtc
29,,2021/07/10,8,gitcoin,gtc
30,,2021/07/11,12,gitcoin,gtc
31,,2021/07/12,10,gitcoin,gtc
32,,2021/07/13,9,gitcoin,gtc
33,,2021/07/14,9,gitcoin,gtc
34,,2021/07/15,8,gitcoin,gtc
35,,2021/07/16,14,gitcoin,gtc
36,,2021/07/17,9,gitcoin,gtc
37,,2021/07/18,11,gitcoin,gtc
38,,2021/07/19,7,gitcoin,gtc
39,,2021/07/20,12,gitcoin,gtc
40,,2021/07/21,2,gitcoin,gtc
41,,2021/07/22,65,gitcoin,gtc
42,,2021/07/23,67,gitcoin,gtc
43,,2021/07/24,20,gitcoin,gtc
44,,2021/07/25,15,gitcoin,gtc
45,,2021/07/26,8,gitcoin,gtc
46,,2021/07/27,3,gitcoin,gtc
47,,2021/07/28,4,gitcoin,gtc
48,,2021/07/29,9,gitcoin,gtc
49,,2021/07/30,4,gitcoin,gtc
50,,2021/07/31,12,gitcoin,gtc
51,,2021/08/01,9,gitcoin,gtc
52,,2021/08/02,7,gitcoin,gtc
53,,2021/08/03,20,gitcoin,gtc
54,,2021/08/04,12,gitcoin,gtc
55,,2021/08/05,12,gitcoin,gtc
56,,2021/08/06,5,gitcoin,gtc
57,,2021/08/07,8,gitcoin,gtc
58,,2021/08/08,5,gitcoin,gtc
59,,2021/08/09,10,gitcoin,gtc
60,,2021/08/10,11,gitcoin,gtc
61,,2021/08/11,4,gitcoin,gtc
62,,2021/08/12,4,gitcoin,gtc
63,,2021/08/13,4,gitcoin,gtc
64,,2021/08/14,9,gitcoin,gtc
65,,2021/08/15,18,gitcoin,gtc
66,,2021/08/16,12,gitcoin,gtc
67,,2021/08/17,8,gitcoin,gtc
68,,2021/08/18,5,gitcoin,gtc
69,,2021/08/19,5,gitcoin,gtc
70,,2021/08/20,108,gitcoin,gtc
71,,2021/08/21,9,gitcoin,gtc
72,,2021/08/22,5,gitcoin,gtc
73,,2021/08/23,8,gitcoin,gtc
74,,2021/08/24,7,gitcoin,gtc
75,,2021/08/25,12,gitcoin,gtc
76,,2021/08/26,15,gitcoin,gtc
77,,2021/08/27,9,gitcoin,gtc
78,,2021/08/28,7,gitcoin,gtc
79,,2021/08/29,17,gitcoin,gtc
80,,2021/08/30,14,gitcoin,gtc
81,,2021/08/31,16,gitcoin,gtc
82,,2021/09/01,20,gitcoin,gtc
83,,2021/09/02,7,gitcoin,gtc
84,,2021/09/03,12,gitcoin,gtc
85,,2021/09/04,6,gitcoin,gtc
86,,2021/09/05,5,gitcoin,gtc
87,,2021/09/06,5,gitcoin,gtc
88,,2021/09/07,13,gitcoin,gtc
89,,2021/09/08,23,gitcoin,gtc
90,,2021/09/09,53,gitcoin,gtc
91,,2021/09/10,62,gitcoin,gtc
92,,2021/09/11,17,gitcoin,gtc
93,,2021/09/12,11,gitcoin,gtc
94,,2021/09/13,8,gitcoin,gtc
95,,2021/09/14,10,gitcoin,gtc
96,,2021/09/15,12,gitcoin,gtc
97,,2021/09/16,14,gitcoin,gtc
98,,2021/09/17,14,gitcoin,gtc
99,,2021/09/18,14,gitcoin,gtc
100,,2021/09/19,9,gitcoin,gtc
101,,2021/09/20,19,gitcoin,gtc
102,,2021/09/21,24,gitcoin,gtc
103,,2021/09/22,17,gitcoin,gtc
104,,2021/09/23,24,gitcoin,gtc
105,,2021/09/24,8,gitcoin,gtc
106,,2021/09/25,7,gitcoin,gtc
107,,2021/09/26,3,gitcoin,gtc
108,,2021/09/27,3,gitcoin,gtc
109,,2021/09/28,4,gitcoin,gtc
110,,2021/09/29,6,gitcoin,gtc
111,,2021/09/30,9,gitcoin,gtc
112,,2021/10/01,10,gitcoin,gtc
113,,2021/10/02,6,gitcoin,gtc
114,,2021/10/03,2,gitcoin,gtc
115,,2021/10/04,5,gitcoin,gtc
116,,2021/10/05,8,gitcoin,gtc
117,,2021/10/06,5,gitcoin,gtc
118,,2021/10/07,2,gitcoin,gtc
119,,2021/10/08,9,gitcoin,gtc
120,,2021/10/09,7,gitcoin,gtc
121,,2021/10/10,11,gitcoin,gtc
122,,2021/10/11,8,gitcoin,gtc
123,,2021/10/12,4,gitcoin,gtc
124,,2021/10/13,2,gitcoin,gtc
125,,2021/10/14,3,gitcoin,gtc
126,,2021/10/15,4,gitcoin,gtc
127,,2021/10/16,7,gitcoin,gtc
128,,2021/10/17,23,gitcoin,gtc
129,,2021/10/18,5,gitcoin,gtc
130,,2021/10/19,14,gitcoin,gtc
131,,2021/10/20,20,gitcoin,gtc
132,,2021/10/21,11,gitcoin,gtc
133,,2021/10/22,3,gitcoin,gtc
134,,2021/10/23,4,gitcoin,gtc
135,,2021/10/24,2,gitcoin,gtc
136,,2021/10/25,9,gitcoin,gtc
137,,2021/10/26,10,gitcoin,gtc
138,,2021/10/27,8,gitcoin,gtc
139,,2021/10/28,4,gitcoin,gtc
140,,2021/10/29,5,gitcoin,gtc
141,,2021/10/30,5,gitcoin,gtc
142,,2021/10/31,6,gitcoin,gtc
143,,2021/11/01,12,gitcoin,gtc
144,,2021/11/02,11,gitcoin,gtc
145,,2021/11/03,34,gitcoin,gtc
146,,2021/11/04,6,gitcoin,gtc
147,,2021/11/05,10,gitcoin,gtc
148,,2021/11/06,6,gitcoin,gtc
149,,2021/11/07,28,gitcoin,gtc
150,,2021/11/08,30,gitcoin,gtc
151,,2021/11/09,18,gitcoin,gtc
152,,2021/11/10,5,gitcoin,gtc
153,,2021/11/11,21,gitcoin,gtc
154,,2021/11/12,4,gitcoin,gtc
155,,2021/11/13,8,gitcoin,gtc
156,,2021/11/14,35,gitcoin,gtc
157,,2021/11/15,11,gitcoin,gtc
158,,2021/11/16,4,gitcoin,gtc
