,google_trends,date,tweets,full_name,coin
0,,2018/12/07,1,gochain,go
1,,2018/12/08,5,gochain,go
2,,2018/12/09,3,gochain,go
3,,2018/12/10,5,gochain,go
4,,2018/12/11,4,gochain,go
5,,2018/12/12,11,gochain,go
6,,2018/12/13,6,gochain,go
7,,2018/12/14,1,gochain,go
8,,2018/12/15,1,gochain,go
9,,2018/12/16,null,gochain,go
10,,2018/12/17,3,gochain,go
11,,2018/12/18,2,gochain,go
12,,2018/12/19,6,gochain,go
13,,2018/12/20,2,gochain,go
14,,2018/12/21,null,gochain,go
15,,2018/12/22,1,gochain,go
16,,2018/12/23,8,gochain,go
17,,2018/12/24,3,gochain,go
18,,2018/12/25,7,gochain,go
19,,2018/12/26,4,gochain,go
20,,2018/12/27,null,gochain,go
21,,2018/12/28,null,gochain,go
22,,2018/12/29,6,gochain,go
23,,2018/12/30,3,gochain,go
24,,2018/12/31,null,gochain,go
25,,2019/01/01,1,gochain,go
26,,2019/01/02,3,gochain,go
27,,2019/01/03,13,gochain,go
28,,2019/01/04,1,gochain,go
29,,2019/01/05,null,gochain,go
30,,2019/01/06,4,gochain,go
31,,2019/01/07,5,gochain,go
32,,2019/01/08,13,gochain,go
33,,2019/01/09,9,gochain,go
34,,2019/01/10,5,gochain,go
35,,2019/01/11,18,gochain,go
36,,2019/01/12,15,gochain,go
37,,2019/01/13,1,gochain,go
38,,2019/01/14,5,gochain,go
39,,2019/01/15,7,gochain,go
40,,2019/01/16,5,gochain,go
41,,2019/01/17,9,gochain,go
42,,2019/01/18,7,gochain,go
43,,2019/01/19,4,gochain,go
44,,2019/01/20,1,gochain,go
45,,2019/01/21,2,gochain,go
46,,2019/01/22,3,gochain,go
47,,2019/01/23,11,gochain,go
48,,2019/01/24,7,gochain,go
49,,2019/01/25,4,gochain,go
50,,2019/01/26,5,gochain,go
51,,2019/01/27,1,gochain,go
52,,2019/01/28,1,gochain,go
53,,2019/01/29,null,gochain,go
54,,2019/01/30,4,gochain,go
55,,2019/01/31,null,gochain,go
56,,2019/02/01,2,gochain,go
57,,2019/02/02,null,gochain,go
58,,2019/02/03,5,gochain,go
59,,2019/02/04,2,gochain,go
60,,2019/02/05,null,gochain,go
61,,2019/02/06,11,gochain,go
62,,2019/02/07,4,gochain,go
63,,2019/02/08,2,gochain,go
64,,2019/02/09,2,gochain,go
65,,2019/02/10,1,gochain,go
66,,2019/02/11,2,gochain,go
67,,2019/02/12,1,gochain,go
68,,2019/02/13,4,gochain,go
69,,2019/02/14,null,gochain,go
70,,2019/02/15,null,gochain,go
71,,2019/02/16,null,gochain,go
72,,2019/02/17,null,gochain,go
73,,2019/02/18,1,gochain,go
74,,2019/02/19,4,gochain,go
75,,2019/02/20,null,gochain,go
76,,2019/02/21,1,gochain,go
77,,2019/02/22,3,gochain,go
78,,2019/02/23,2,gochain,go
79,,2019/02/24,18,gochain,go
80,,2019/02/25,2,gochain,go
81,,2019/02/26,1,gochain,go
82,,2019/02/27,2,gochain,go
83,,2019/02/28,2,gochain,go
84,,2019/03/01,7,gochain,go
85,,2019/03/02,4,gochain,go
86,,2019/03/03,6,gochain,go
87,,2019/03/04,5,gochain,go
88,,2019/03/05,11,gochain,go
89,,2019/03/06,28,gochain,go
90,,2019/03/07,44,gochain,go
91,,2019/03/08,38,gochain,go
92,,2019/03/09,24,gochain,go
93,,2019/03/10,19,gochain,go
94,,2019/03/11,2,gochain,go
95,,2019/03/12,10,gochain,go
96,,2019/03/13,19,gochain,go
97,,2019/03/14,1,gochain,go
98,,2019/03/15,1,gochain,go
99,,2019/03/16,14,gochain,go
100,,2019/03/17,16,gochain,go
101,,2019/03/18,2,gochain,go
102,,2019/03/19,1,gochain,go
103,,2019/03/20,10,gochain,go
104,,2019/03/21,11,gochain,go
105,,2019/03/22,23,gochain,go
106,,2019/03/23,2,gochain,go
107,,2019/03/24,8,gochain,go
108,,2019/03/25,2,gochain,go
109,,2019/03/26,3,gochain,go
110,,2019/03/27,4,gochain,go
111,,2019/03/28,2,gochain,go
112,,2019/03/29,null,gochain,go
113,,2019/03/30,null,gochain,go
114,,2019/03/31,83,gochain,go
115,,2019/04/01,33,gochain,go
116,,2019/04/02,16,gochain,go
117,,2019/04/03,5,gochain,go
118,,2019/04/04,5,gochain,go
119,,2019/04/05,23,gochain,go
120,,2019/04/06,3,gochain,go
121,,2019/04/07,5,gochain,go
122,,2019/04/08,7,gochain,go
123,,2019/04/09,35,gochain,go
124,,2019/04/10,18,gochain,go
125,,2019/04/11,6,gochain,go
126,,2019/04/12,null,gochain,go
127,,2019/04/13,3,gochain,go
128,,2019/04/14,7,gochain,go
129,,2019/04/15,14,gochain,go
130,,2019/04/16,36,gochain,go
131,,2019/04/17,1,gochain,go
132,,2019/04/18,9,gochain,go
133,,2019/04/19,4,gochain,go
134,,2019/04/20,3,gochain,go
135,,2019/04/21,1,gochain,go
136,,2019/04/22,2,gochain,go
137,,2019/04/23,3,gochain,go
138,,2019/04/24,2,gochain,go
139,,2019/04/25,5,gochain,go
140,,2019/04/26,2,gochain,go
141,,2019/04/27,null,gochain,go
142,,2019/04/28,4,gochain,go
143,,2019/04/29,7,gochain,go
144,,2019/04/30,1,gochain,go
145,,2019/05/01,1,gochain,go
146,,2019/05/02,7,gochain,go
147,,2019/05/03,9,gochain,go
148,,2019/05/04,4,gochain,go
149,,2019/05/05,1,gochain,go
150,,2019/05/06,1,gochain,go
151,,2019/05/07,5,gochain,go
152,,2019/05/08,null,gochain,go
153,,2019/05/09,2,gochain,go
154,,2019/05/10,1,gochain,go
155,,2019/05/11,5,gochain,go
156,,2019/05/12,null,gochain,go
157,,2019/05/13,null,gochain,go
158,,2019/05/14,1,gochain,go
159,,2019/05/15,9,gochain,go
160,,2019/05/16,2,gochain,go
161,,2019/05/17,2,gochain,go
162,,2019/05/18,3,gochain,go
163,,2019/05/19,1,gochain,go
164,,2019/05/20,3,gochain,go
165,,2019/05/21,17,gochain,go
166,,2019/05/22,6,gochain,go
167,,2019/05/23,4,gochain,go
168,,2019/05/24,3,gochain,go
169,,2019/05/25,1,gochain,go
170,,2019/05/26,null,gochain,go
171,,2019/05/27,null,gochain,go
172,,2019/05/28,2,gochain,go
173,,2019/05/29,2,gochain,go
174,,2019/05/30,6,gochain,go
175,,2019/05/31,null,gochain,go
176,,2019/06/01,2,gochain,go
177,,2019/06/02,1,gochain,go
178,,2019/06/03,14,gochain,go
179,,2019/06/04,null,gochain,go
180,,2019/06/05,2,gochain,go
181,,2019/06/06,1,gochain,go
182,,2019/06/07,4,gochain,go
183,,2019/06/08,6,gochain,go
184,,2019/06/09,null,gochain,go
185,,2019/06/10,null,gochain,go
186,,2019/06/11,30,gochain,go
187,,2019/06/12,28,gochain,go
188,,2019/06/13,7,gochain,go
189,,2019/06/14,4,gochain,go
190,,2019/06/15,1,gochain,go
191,,2019/06/16,1,gochain,go
192,,2019/06/17,5,gochain,go
193,,2019/06/18,1,gochain,go
194,,2019/06/19,null,gochain,go
195,,2019/06/20,null,gochain,go
196,,2019/06/21,null,gochain,go
197,,2019/06/22,4,gochain,go
198,,2019/06/23,2,gochain,go
199,,2019/06/24,7,gochain,go
200,,2019/06/25,1,gochain,go
201,,2019/06/26,null,gochain,go
202,,2019/06/27,2,gochain,go
203,,2019/06/28,8,gochain,go
204,,2019/06/29,4,gochain,go
205,,2019/06/30,1,gochain,go
206,,2019/07/01,6,gochain,go
207,,2019/07/02,1,gochain,go
208,,2019/07/03,3,gochain,go
209,,2019/07/04,1,gochain,go
210,,2019/07/05,null,gochain,go
211,,2019/07/06,2,gochain,go
212,,2019/07/07,1,gochain,go
213,,2019/07/08,1,gochain,go
214,,2019/07/09,4,gochain,go
215,,2019/07/10,2,gochain,go
216,,2019/07/11,1,gochain,go
217,,2019/07/12,2,gochain,go
218,,2019/07/13,2,gochain,go
219,,2019/07/14,2,gochain,go
220,,2019/07/15,2,gochain,go
221,,2019/07/16,1,gochain,go
222,,2019/07/17,1,gochain,go
223,,2019/07/18,null,gochain,go
224,,2019/07/19,4,gochain,go
225,,2019/07/20,1,gochain,go
226,,2019/07/21,10,gochain,go
227,,2019/07/22,4,gochain,go
228,,2019/07/23,2,gochain,go
229,,2019/07/24,2,gochain,go
230,,2019/07/25,1,gochain,go
231,,2019/07/26,1,gochain,go
232,,2019/07/27,null,gochain,go
233,,2019/07/28,4,gochain,go
234,,2019/07/29,null,gochain,go
235,,2019/07/30,null,gochain,go
236,,2019/07/31,null,gochain,go
237,,2019/08/01,2,gochain,go
238,,2019/08/02,8,gochain,go
239,,2019/08/03,null,gochain,go
240,,2019/08/04,2,gochain,go
241,,2019/08/05,2,gochain,go
242,,2019/08/06,3,gochain,go
243,,2019/08/07,null,gochain,go
244,,2019/08/08,null,gochain,go
245,,2019/08/09,3,gochain,go
246,,2019/08/10,4,gochain,go
247,,2019/08/11,2,gochain,go
248,,2019/08/12,8,gochain,go
249,,2019/08/13,1,gochain,go
250,,2019/08/14,null,gochain,go
251,,2019/08/15,2,gochain,go
252,,2019/08/16,2,gochain,go
253,,2019/08/17,1,gochain,go
254,,2019/08/18,null,gochain,go
255,,2019/08/19,4,gochain,go
256,,2019/08/20,3,gochain,go
257,,2019/08/21,4,gochain,go
258,,2019/08/22,1,gochain,go
259,,2019/08/23,1,gochain,go
260,,2019/08/24,7,gochain,go
261,,2019/08/25,3,gochain,go
262,,2019/08/26,1,gochain,go
263,,2019/08/27,8,gochain,go
264,,2019/08/28,7,gochain,go
265,,2019/08/29,2,gochain,go
266,,2019/08/30,4,gochain,go
267,,2019/08/31,6,gochain,go
268,,2019/09/01,1,gochain,go
269,,2019/09/02,2,gochain,go
270,,2019/09/03,4,gochain,go
271,,2019/09/04,5,gochain,go
272,,2019/09/05,10,gochain,go
273,,2019/09/06,4,gochain,go
274,,2019/09/07,3,gochain,go
275,,2019/09/08,1,gochain,go
276,,2019/09/09,10,gochain,go
277,,2019/09/10,32,gochain,go
278,,2019/09/11,7,gochain,go
279,,2019/09/12,12,gochain,go
280,,2019/09/13,17,gochain,go
281,,2019/09/14,1,gochain,go
282,,2019/09/15,4,gochain,go
283,,2019/09/16,12,gochain,go
284,,2019/09/17,8,gochain,go
285,,2019/09/18,11,gochain,go
286,,2019/09/19,21,gochain,go
287,,2019/09/20,15,gochain,go
288,,2019/09/21,23,gochain,go
289,,2019/09/22,11,gochain,go
290,,2019/09/23,null,gochain,go
291,,2019/09/24,9,gochain,go
292,,2019/09/25,null,gochain,go
293,,2019/09/26,4,gochain,go
294,,2019/09/27,1,gochain,go
295,,2019/09/28,1,gochain,go
296,,2019/09/29,1,gochain,go
297,,2019/09/30,2,gochain,go
298,,2019/10/01,4,gochain,go
299,,2019/10/02,null,gochain,go
300,,2019/10/03,1,gochain,go
301,,2019/10/04,2,gochain,go
302,,2019/10/05,null,gochain,go
303,,2019/10/06,null,gochain,go
304,,2019/10/07,null,gochain,go
305,,2019/10/08,3,gochain,go
306,,2019/10/09,null,gochain,go
307,,2019/10/10,null,gochain,go
308,,2019/10/11,null,gochain,go
309,,2019/10/12,null,gochain,go
310,,2019/10/13,null,gochain,go
311,,2019/10/14,null,gochain,go
312,,2019/10/15,null,gochain,go
313,,2019/10/16,null,gochain,go
314,,2019/10/17,null,gochain,go
315,,2019/10/18,null,gochain,go
316,,2019/10/19,null,gochain,go
317,,2019/10/20,null,gochain,go
318,,2019/10/21,2,gochain,go
319,,2019/10/22,4,gochain,go
320,,2019/10/23,null,gochain,go
321,,2019/10/24,null,gochain,go
322,,2019/10/25,null,gochain,go
323,,2019/10/26,null,gochain,go
324,,2019/10/27,1,gochain,go
325,,2019/10/28,1,gochain,go
326,,2019/10/29,1,gochain,go
327,,2019/10/30,null,gochain,go
328,,2019/10/31,null,gochain,go
329,,2019/11/01,null,gochain,go
330,,2019/11/02,null,gochain,go
331,,2019/11/03,null,gochain,go
332,,2019/11/04,null,gochain,go
333,,2019/11/05,null,gochain,go
334,,2019/11/06,null,gochain,go
335,,2019/11/07,null,gochain,go
336,,2019/11/08,null,gochain,go
337,,2019/11/09,null,gochain,go
338,,2019/11/10,null,gochain,go
339,,2019/11/11,3,gochain,go
340,,2019/11/12,null,gochain,go
341,,2019/11/13,null,gochain,go
342,,2019/11/14,null,gochain,go
343,,2019/11/15,1,gochain,go
344,,2019/11/16,3,gochain,go
345,,2019/11/17,1,gochain,go
346,,2019/11/18,2,gochain,go
347,,2019/11/19,1,gochain,go
348,,2019/11/20,null,gochain,go
349,,2019/11/21,null,gochain,go
350,,2019/11/22,null,gochain,go
351,,2019/11/23,1,gochain,go
352,,2019/11/24,2,gochain,go
353,,2019/11/25,1,gochain,go
354,,2019/11/26,1,gochain,go
355,,2019/11/27,null,gochain,go
356,,2019/11/28,null,gochain,go
357,,2019/11/29,null,gochain,go
358,,2019/11/30,null,gochain,go
359,,2019/12/01,null,gochain,go
360,,2019/12/02,null,gochain,go
361,,2019/12/03,2,gochain,go
362,,2019/12/04,null,gochain,go
363,,2019/12/05,8,gochain,go
364,,2019/12/06,9,gochain,go
365,,2019/12/07,2,gochain,go
366,,2019/12/08,4,gochain,go
367,,2019/12/09,4,gochain,go
368,,2019/12/10,17,gochain,go
369,,2019/12/11,9,gochain,go
370,,2019/12/12,5,gochain,go
371,,2019/12/13,1,gochain,go
372,,2019/12/14,8,gochain,go
373,,2019/12/15,3,gochain,go
374,,2019/12/16,9,gochain,go
375,,2019/12/17,9,gochain,go
376,,2019/12/18,3,gochain,go
377,,2019/12/19,7,gochain,go
378,,2019/12/20,null,gochain,go
379,,2019/12/21,3,gochain,go
380,,2019/12/22,2,gochain,go
381,,2019/12/23,4,gochain,go
382,,2019/12/24,null,gochain,go
383,,2019/12/25,null,gochain,go
384,,2019/12/26,null,gochain,go
385,,2019/12/27,null,gochain,go
386,,2019/12/28,null,gochain,go
387,,2019/12/29,5,gochain,go
388,,2019/12/30,1,gochain,go
389,,2019/12/31,null,gochain,go
390,,2020/01/01,9,gochain,go
391,,2020/01/02,3,gochain,go
392,,2020/01/03,2,gochain,go
393,,2020/01/04,3,gochain,go
394,,2020/01/05,3,gochain,go
395,,2020/01/06,11,gochain,go
396,,2020/01/07,12,gochain,go
397,,2020/01/08,33,gochain,go
398,,2020/01/09,29,gochain,go
399,,2020/01/10,2,gochain,go
400,,2020/01/11,9,gochain,go
401,,2020/01/12,18,gochain,go
402,,2020/01/13,9,gochain,go
403,,2020/01/14,12,gochain,go
404,,2020/01/15,7,gochain,go
405,,2020/01/16,14,gochain,go
406,,2020/01/17,2,gochain,go
407,,2020/01/18,2,gochain,go
408,,2020/01/19,2,gochain,go
409,,2020/01/20,8,gochain,go
410,,2020/01/21,3,gochain,go
411,,2020/01/22,2,gochain,go
412,,2020/01/23,7,gochain,go
413,,2020/01/24,5,gochain,go
414,,2020/01/25,2,gochain,go
415,,2020/01/26,2,gochain,go
416,,2020/01/27,2,gochain,go
417,,2020/01/28,4,gochain,go
418,,2020/01/29,7,gochain,go
419,,2020/01/30,1,gochain,go
420,,2020/01/31,2,gochain,go
421,,2020/02/01,2,gochain,go
422,,2020/02/02,53,gochain,go
423,,2020/02/03,1,gochain,go
424,,2020/02/04,7,gochain,go
425,,2020/02/05,3,gochain,go
426,,2020/02/06,1,gochain,go
427,,2020/02/07,null,gochain,go
428,,2020/02/08,2,gochain,go
429,,2020/02/09,null,gochain,go
430,,2020/02/10,2,gochain,go
431,,2020/02/11,null,gochain,go
432,,2020/02/12,5,gochain,go
433,,2020/02/13,1,gochain,go
434,,2020/02/14,4,gochain,go
435,,2020/02/15,2,gochain,go
436,,2020/02/16,1,gochain,go
437,,2020/02/17,null,gochain,go
438,,2020/02/18,null,gochain,go
439,,2020/02/19,null,gochain,go
440,,2020/02/20,2,gochain,go
441,,2020/02/21,5,gochain,go
442,,2020/02/22,null,gochain,go
443,,2020/02/23,null,gochain,go
444,,2020/02/24,1,gochain,go
445,,2020/02/25,2,gochain,go
446,,2020/02/26,null,gochain,go
447,,2020/02/27,2,gochain,go
448,,2020/02/28,5,gochain,go
449,,2020/02/29,1,gochain,go
450,,2020/03/01,null,gochain,go
451,,2020/03/02,2,gochain,go
452,,2020/03/03,null,gochain,go
453,,2020/03/04,1,gochain,go
454,,2020/03/05,6,gochain,go
455,,2020/03/06,1,gochain,go
456,,2020/03/07,null,gochain,go
457,,2020/03/08,2,gochain,go
458,,2020/03/09,1,gochain,go
459,,2020/03/10,1,gochain,go
460,,2020/03/11,2,gochain,go
461,,2020/03/12,1,gochain,go
462,,2020/03/13,null,gochain,go
463,,2020/03/14,null,gochain,go
464,,2020/03/15,null,gochain,go
465,,2020/03/16,null,gochain,go
466,,2020/03/17,null,gochain,go
467,,2020/03/18,null,gochain,go
468,,2020/03/19,null,gochain,go
469,,2020/03/20,null,gochain,go
470,,2020/03/21,3,gochain,go
471,,2020/03/22,1,gochain,go
472,,2020/03/23,null,gochain,go
473,,2020/03/24,1,gochain,go
474,,2020/03/25,null,gochain,go
475,,2020/03/26,1,gochain,go
476,,2020/03/27,1,gochain,go
477,,2020/03/28,1,gochain,go
478,,2020/03/29,null,gochain,go
479,,2020/03/30,null,gochain,go
480,,2020/03/31,null,gochain,go
481,,2020/04/01,null,gochain,go
482,,2020/04/02,null,gochain,go
483,,2020/04/03,1,gochain,go
484,,2020/04/04,null,gochain,go
485,,2020/04/05,null,gochain,go
486,,2020/04/06,null,gochain,go
487,,2020/04/07,null,gochain,go
488,,2020/04/08,null,gochain,go
489,,2020/04/09,2,gochain,go
490,,2020/04/10,null,gochain,go
491,,2020/04/11,1,gochain,go
492,,2020/04/12,null,gochain,go
493,,2020/04/13,null,gochain,go
494,,2020/04/14,null,gochain,go
495,,2020/04/15,null,gochain,go
496,,2020/04/16,null,gochain,go
497,,2020/04/17,null,gochain,go
498,,2020/04/18,null,gochain,go
499,,2020/04/19,1,gochain,go
500,,2020/04/20,1,gochain,go
501,,2020/04/21,null,gochain,go
502,,2020/04/22,4,gochain,go
503,,2020/04/23,15,gochain,go
504,,2020/04/24,5,gochain,go
505,,2020/04/25,2,gochain,go
506,,2020/04/26,5,gochain,go
507,,2020/04/27,3,gochain,go
508,,2020/04/28,7,gochain,go
509,,2020/04/29,10,gochain,go
510,,2020/04/30,7,gochain,go
511,,2020/05/01,2,gochain,go
512,,2020/05/02,1,gochain,go
513,,2020/05/03,null,gochain,go
514,,2020/05/04,null,gochain,go
515,,2020/05/05,3,gochain,go
516,,2020/05/06,null,gochain,go
517,,2020/05/07,2,gochain,go
518,,2020/05/08,2,gochain,go
519,,2020/05/09,2,gochain,go
520,,2020/05/10,1,gochain,go
521,,2020/05/11,1,gochain,go
522,,2020/05/12,null,gochain,go
523,,2020/05/13,2,gochain,go
524,,2020/05/14,1,gochain,go
525,,2020/05/15,3,gochain,go
526,,2020/05/16,null,gochain,go
527,,2020/05/17,null,gochain,go
528,,2020/05/18,null,gochain,go
529,,2020/05/19,null,gochain,go
530,,2020/05/20,null,gochain,go
531,,2020/05/21,null,gochain,go
532,,2020/05/22,2,gochain,go
533,,2020/05/23,1,gochain,go
534,,2020/05/24,4,gochain,go
535,,2020/05/25,7,gochain,go
536,,2020/05/26,2,gochain,go
537,,2020/05/27,null,gochain,go
538,,2020/05/28,2,gochain,go
539,,2020/05/29,4,gochain,go
540,,2020/05/30,6,gochain,go
541,,2020/05/31,2,gochain,go
542,,2020/06/01,8,gochain,go
543,,2020/06/02,1,gochain,go
544,,2020/06/03,null,gochain,go
545,,2020/06/04,null,gochain,go
546,,2020/06/05,1,gochain,go
547,,2020/06/06,2,gochain,go
548,,2020/06/07,1,gochain,go
549,,2020/06/08,27,gochain,go
550,,2020/06/09,12,gochain,go
551,,2020/06/10,11,gochain,go
552,,2020/06/11,3,gochain,go
553,,2020/06/12,null,gochain,go
554,,2020/06/13,28,gochain,go
555,,2020/06/14,3,gochain,go
556,,2020/06/15,null,gochain,go
557,,2020/06/16,5,gochain,go
558,,2020/06/17,15,gochain,go
559,,2020/06/18,16,gochain,go
560,,2020/06/19,11,gochain,go
561,,2020/06/20,1,gochain,go
562,,2020/06/21,7,gochain,go
563,,2020/06/22,null,gochain,go
564,,2020/06/23,27,gochain,go
565,,2020/06/24,6,gochain,go
566,,2020/06/25,10,gochain,go
567,,2020/06/26,4,gochain,go
568,,2020/06/27,1,gochain,go
569,,2020/06/28,4,gochain,go
570,,2020/06/29,9,gochain,go
571,,2020/06/30,5,gochain,go
572,,2020/07/01,2,gochain,go
573,,2020/07/02,1,gochain,go
574,,2020/07/03,3,gochain,go
575,,2020/07/04,2,gochain,go
576,,2020/07/05,3,gochain,go
577,,2020/07/06,1,gochain,go
578,,2020/07/07,2,gochain,go
579,,2020/07/08,null,gochain,go
580,,2020/07/09,null,gochain,go
581,,2020/07/10,3,gochain,go
582,,2020/07/11,3,gochain,go
583,,2020/07/12,1,gochain,go
584,,2020/07/13,2,gochain,go
585,,2020/07/14,3,gochain,go
586,,2020/07/15,1,gochain,go
587,,2020/07/16,2,gochain,go
588,,2020/07/17,3,gochain,go
589,,2020/07/18,null,gochain,go
590,,2020/07/19,null,gochain,go
591,,2020/07/20,2,gochain,go
592,,2020/07/21,1,gochain,go
593,,2020/07/22,3,gochain,go
594,,2020/07/23,5,gochain,go
595,,2020/07/24,3,gochain,go
596,,2020/07/25,8,gochain,go
597,,2020/07/26,2,gochain,go
598,,2020/07/27,1,gochain,go
599,,2020/07/28,4,gochain,go
600,,2020/07/29,null,gochain,go
601,,2020/07/30,1,gochain,go
602,,2020/07/31,3,gochain,go
603,,2020/08/01,2,gochain,go
604,,2020/08/02,12,gochain,go
605,,2020/08/03,8,gochain,go
606,,2020/08/04,1,gochain,go
607,,2020/08/05,3,gochain,go
608,,2020/08/06,3,gochain,go
609,,2020/08/07,null,gochain,go
610,,2020/08/08,3,gochain,go
611,,2020/08/09,2,gochain,go
612,,2020/08/10,null,gochain,go
613,,2020/08/11,6,gochain,go
614,,2020/08/12,11,gochain,go
615,,2020/08/13,2,gochain,go
616,,2020/08/14,5,gochain,go
617,,2020/08/15,4,gochain,go
618,,2020/08/16,null,gochain,go
619,,2020/08/17,2,gochain,go
620,,2020/08/18,null,gochain,go
621,,2020/08/19,8,gochain,go
622,,2020/08/20,1,gochain,go
623,,2020/08/21,7,gochain,go
624,,2020/08/22,2,gochain,go
625,,2020/08/23,null,gochain,go
626,,2020/08/24,6,gochain,go
627,,2020/08/25,2,gochain,go
628,,2020/08/26,null,gochain,go
629,,2020/08/27,null,gochain,go
630,,2020/08/28,null,gochain,go
631,,2020/08/29,1,gochain,go
632,,2020/08/30,3,gochain,go
633,,2020/08/31,10,gochain,go
634,,2020/09/01,8,gochain,go
635,,2020/09/02,7,gochain,go
636,,2020/09/03,2,gochain,go
637,,2020/09/04,3,gochain,go
638,,2020/09/05,1,gochain,go
639,,2020/09/06,1,gochain,go
640,,2020/09/07,null,gochain,go
641,,2020/09/08,null,gochain,go
642,,2020/09/09,null,gochain,go
643,,2020/09/10,null,gochain,go
644,,2020/09/11,null,gochain,go
645,,2020/09/12,null,gochain,go
646,,2020/09/13,null,gochain,go
647,,2020/09/14,null,gochain,go
648,,2020/09/15,null,gochain,go
649,,2020/09/16,null,gochain,go
650,,2020/09/17,null,gochain,go
651,,2020/09/18,null,gochain,go
652,,2020/09/19,null,gochain,go
653,,2020/09/20,null,gochain,go
654,,2020/09/21,1,gochain,go
655,,2020/09/22,null,gochain,go
656,,2020/09/23,4,gochain,go
657,,2020/09/24,null,gochain,go
658,,2020/09/25,null,gochain,go
659,,2020/09/26,null,gochain,go
660,,2020/09/27,null,gochain,go
661,,2020/09/28,null,gochain,go
662,,2020/09/29,null,gochain,go
663,,2020/09/30,null,gochain,go
664,,2020/10/01,null,gochain,go
665,,2020/10/02,null,gochain,go
666,,2020/10/03,null,gochain,go
667,,2020/10/04,null,gochain,go
668,,2020/10/05,null,gochain,go
669,,2020/10/06,null,gochain,go
670,,2020/10/07,null,gochain,go
671,,2020/10/08,null,gochain,go
672,,2020/10/09,null,gochain,go
673,,2020/10/10,1,gochain,go
674,,2020/10/11,3,gochain,go
675,,2020/10/12,null,gochain,go
676,,2020/10/13,null,gochain,go
677,,2020/10/14,null,gochain,go
678,,2020/10/15,null,gochain,go
679,,2020/10/16,null,gochain,go
680,,2020/10/17,null,gochain,go
681,,2020/10/18,null,gochain,go
682,,2020/10/19,null,gochain,go
683,,2020/10/20,null,gochain,go
684,,2020/10/21,null,gochain,go
685,,2020/10/22,null,gochain,go
686,,2020/10/23,null,gochain,go
687,,2020/10/24,null,gochain,go
688,,2020/10/25,null,gochain,go
689,,2020/10/26,null,gochain,go
690,,2020/10/27,null,gochain,go
691,,2020/10/28,null,gochain,go
692,,2020/10/29,null,gochain,go
693,,2020/10/30,2,gochain,go
694,,2020/10/31,null,gochain,go
695,,2020/11/01,null,gochain,go
696,,2020/11/02,null,gochain,go
697,,2020/11/03,null,gochain,go
698,,2020/11/04,null,gochain,go
699,,2020/11/05,null,gochain,go
700,,2020/11/06,10,gochain,go
701,,2020/11/07,4,gochain,go
702,,2020/11/08,5,gochain,go
703,,2020/11/09,5,gochain,go
704,,2020/11/10,1,gochain,go
705,,2020/11/11,1,gochain,go
706,,2020/11/12,null,gochain,go
707,,2020/11/13,4,gochain,go
708,,2020/11/14,null,gochain,go
709,,2020/11/15,null,gochain,go
710,,2020/11/16,null,gochain,go
711,,2020/11/17,null,gochain,go
712,,2020/11/18,null,gochain,go
713,,2020/11/19,null,gochain,go
714,,2020/11/20,null,gochain,go
715,,2020/11/21,null,gochain,go
716,,2020/11/22,null,gochain,go
717,,2020/11/23,3,gochain,go
718,,2020/11/24,3,gochain,go
719,,2020/11/25,6,gochain,go
720,,2020/11/26,2,gochain,go
721,,2020/11/27,4,gochain,go
722,,2020/11/28,null,gochain,go
723,,2020/11/29,null,gochain,go
724,,2020/11/30,null,gochain,go
725,,2020/12/01,null,gochain,go
726,,2020/12/02,null,gochain,go
727,,2020/12/03,null,gochain,go
728,,2020/12/04,null,gochain,go
729,,2020/12/05,null,gochain,go
730,,2020/12/06,null,gochain,go
731,,2020/12/07,null,gochain,go
732,,2020/12/08,null,gochain,go
733,,2020/12/09,null,gochain,go
734,,2020/12/10,null,gochain,go
735,,2020/12/11,null,gochain,go
736,,2020/12/12,146,gochain,go
737,,2020/12/13,53,gochain,go
738,,2020/12/14,37,gochain,go
739,,2020/12/15,null,gochain,go
740,,2020/12/16,null,gochain,go
741,,2020/12/17,null,gochain,go
742,,2020/12/18,null,gochain,go
743,,2020/12/19,null,gochain,go
744,,2020/12/20,null,gochain,go
745,,2020/12/21,6,gochain,go
746,,2020/12/22,2,gochain,go
747,,2020/12/23,3,gochain,go
748,,2020/12/24,null,gochain,go
749,,2020/12/25,null,gochain,go
750,,2020/12/26,null,gochain,go
751,,2020/12/27,null,gochain,go
752,,2020/12/28,null,gochain,go
753,,2020/12/29,null,gochain,go
754,,2020/12/30,null,gochain,go
755,,2020/12/31,null,gochain,go
756,,2021/01/01,null,gochain,go
757,,2021/01/02,null,gochain,go
758,,2021/01/03,null,gochain,go
759,,2021/01/04,null,gochain,go
760,,2021/01/05,null,gochain,go
761,,2021/01/06,null,gochain,go
762,,2021/01/07,null,gochain,go
763,,2021/01/08,null,gochain,go
764,,2021/01/09,null,gochain,go
765,,2021/01/10,null,gochain,go
766,,2021/01/11,null,gochain,go
767,,2021/01/12,null,gochain,go
768,,2021/01/13,null,gochain,go
769,,2021/01/14,null,gochain,go
770,,2021/01/15,null,gochain,go
771,,2021/01/16,null,gochain,go
772,,2021/01/17,null,gochain,go
773,,2021/01/18,null,gochain,go
774,,2021/01/19,null,gochain,go
775,,2021/01/20,null,gochain,go
776,,2021/01/21,null,gochain,go
777,,2021/01/22,null,gochain,go
778,,2021/01/23,null,gochain,go
779,,2021/01/24,null,gochain,go
780,,2021/01/25,null,gochain,go
781,,2021/01/26,null,gochain,go
782,,2021/01/27,null,gochain,go
783,,2021/01/28,null,gochain,go
784,,2021/01/29,null,gochain,go
785,,2021/01/30,null,gochain,go
786,,2021/01/31,8,gochain,go
787,,2021/02/01,3,gochain,go
788,,2021/02/02,6,gochain,go
789,,2021/02/03,null,gochain,go
790,,2021/02/04,null,gochain,go
791,,2021/02/05,11,gochain,go
792,,2021/02/06,1,gochain,go
793,,2021/02/07,null,gochain,go
794,,2021/02/08,null,gochain,go
795,,2021/02/09,71,gochain,go
796,,2021/02/10,39,gochain,go
797,,2021/02/11,31,gochain,go
798,,2021/02/12,null,gochain,go
799,,2021/02/13,null,gochain,go
800,,2021/02/14,null,gochain,go
801,,2021/02/15,null,gochain,go
802,,2021/02/16,null,gochain,go
803,,2021/02/17,null,gochain,go
804,,2021/02/18,null,gochain,go
805,,2021/02/19,null,gochain,go
806,,2021/02/20,null,gochain,go
807,,2021/02/21,null,gochain,go
808,,2021/02/22,null,gochain,go
809,,2021/02/23,null,gochain,go
810,,2021/02/24,null,gochain,go
811,,2021/02/25,null,gochain,go
812,,2021/02/26,null,gochain,go
813,,2021/02/27,null,gochain,go
814,,2021/02/28,null,gochain,go
815,,2021/03/01,null,gochain,go
816,,2021/03/02,null,gochain,go
817,,2021/03/03,null,gochain,go
818,,2021/03/04,null,gochain,go
819,,2021/03/05,null,gochain,go
820,,2021/03/06,null,gochain,go
821,,2021/03/07,null,gochain,go
822,,2021/03/08,null,gochain,go
823,,2021/03/09,null,gochain,go
824,,2021/03/10,null,gochain,go
825,,2021/03/11,null,gochain,go
826,,2021/03/12,44,gochain,go
827,,2021/03/13,69,gochain,go
828,,2021/03/14,43,gochain,go
829,,2021/03/15,60,gochain,go
830,,2021/03/16,67,gochain,go
831,,2021/03/17,49,gochain,go
832,,2021/03/18,42,gochain,go
833,,2021/03/19,34,gochain,go
834,,2021/03/20,43,gochain,go
835,,2021/03/21,18,gochain,go
836,,2021/03/22,51,gochain,go
837,,2021/03/23,84,gochain,go
838,,2021/03/24,null,gochain,go
839,,2021/03/25,80,gochain,go
840,,2021/03/26,52,gochain,go
841,,2021/03/27,36,gochain,go
842,,2021/03/28,39,gochain,go
843,,2021/03/29,null,gochain,go
844,,2021/03/30,109,gochain,go
845,,2021/03/31,32,gochain,go
846,,2021/04/01,null,gochain,go
847,,2021/04/02,null,gochain,go
848,,2021/04/03,null,gochain,go
849,,2021/04/04,null,gochain,go
850,,2021/04/05,null,gochain,go
851,,2021/04/06,null,gochain,go
852,,2021/04/07,null,gochain,go
853,,2021/04/08,null,gochain,go
854,,2021/04/09,null,gochain,go
855,,2021/04/10,27,gochain,go
856,,2021/04/11,null,gochain,go
857,,2021/04/12,null,gochain,go
858,,2021/04/13,null,gochain,go
859,,2021/04/14,null,gochain,go
860,,2021/04/15,null,gochain,go
861,,2021/04/16,null,gochain,go
862,,2021/04/17,null,gochain,go
863,,2021/04/18,39,gochain,go
864,,2021/04/19,null,gochain,go
865,,2021/04/20,null,gochain,go
866,,2021/04/21,null,gochain,go
867,,2021/04/22,null,gochain,go
868,,2021/04/23,null,gochain,go
869,,2021/04/24,null,gochain,go
870,,2021/04/25,null,gochain,go
871,,2021/04/26,null,gochain,go
872,,2021/04/27,null,gochain,go
873,,2021/04/28,null,gochain,go
874,,2021/04/29,null,gochain,go
875,,2021/04/30,null,gochain,go
876,,2021/05/01,54,gochain,go
877,,2021/05/02,49,gochain,go
878,,2021/05/03,null,gochain,go
879,,2021/05/04,null,gochain,go
880,,2021/05/05,null,gochain,go
881,,2021/05/06,null,gochain,go
882,,2021/05/07,null,gochain,go
883,,2021/05/08,null,gochain,go
884,,2021/05/09,null,gochain,go
885,,2021/05/10,null,gochain,go
886,,2021/05/11,74,gochain,go
887,,2021/05/12,93,gochain,go
888,,2021/05/13,null,gochain,go
889,,2021/05/14,null,gochain,go
890,,2021/05/15,72,gochain,go
891,,2021/05/16,63,gochain,go
892,,2021/05/17,null,gochain,go
893,,2021/05/18,null,gochain,go
894,,2021/05/19,59,gochain,go
895,,2021/05/20,44,gochain,go
896,,2021/05/21,null,gochain,go
897,,2021/05/22,null,gochain,go
898,,2021/05/23,null,gochain,go
899,,2021/05/24,null,gochain,go
900,,2021/05/25,null,gochain,go
901,,2021/05/26,null,gochain,go
902,,2021/05/27,null,gochain,go
903,,2021/05/28,null,gochain,go
904,,2021/05/29,29,gochain,go
905,,2021/05/30,9,gochain,go
906,,2021/05/31,null,gochain,go
907,,2021/06/01,null,gochain,go
908,,2021/06/02,null,gochain,go
909,,2021/06/03,null,gochain,go
910,,2021/06/04,null,gochain,go
911,,2021/06/05,null,gochain,go
912,,2021/06/06,null,gochain,go
913,,2021/06/07,null,gochain,go
914,,2021/06/08,3,gochain,go
915,,2021/06/09,null,gochain,go
916,,2021/06/10,null,gochain,go
917,,2021/06/11,17,gochain,go
918,,2021/06/12,6,gochain,go
919,,2021/06/13,null,gochain,go
920,,2021/06/14,null,gochain,go
921,,2021/06/15,null,gochain,go
922,,2021/06/16,null,gochain,go
923,,2021/06/17,null,gochain,go
924,,2021/06/18,null,gochain,go
925,,2021/06/19,null,gochain,go
926,,2021/06/20,null,gochain,go
927,,2021/06/21,null,gochain,go
928,,2021/06/22,null,gochain,go
929,,2021/06/23,null,gochain,go
930,,2021/06/24,null,gochain,go
931,,2021/06/25,null,gochain,go
932,,2021/06/26,null,gochain,go
933,,2021/06/27,null,gochain,go
934,,2021/06/28,null,gochain,go
935,,2021/06/29,null,gochain,go
936,,2021/06/30,null,gochain,go
937,,2021/07/01,null,gochain,go
938,,2021/07/02,null,gochain,go
939,,2021/07/03,null,gochain,go
940,,2021/07/04,null,gochain,go
941,,2021/07/05,null,gochain,go
942,,2021/07/06,null,gochain,go
943,,2021/07/07,null,gochain,go
944,,2021/07/08,null,gochain,go
945,,2021/07/09,null,gochain,go
946,,2021/07/10,null,gochain,go
947,,2021/07/11,null,gochain,go
948,,2021/07/12,4,gochain,go
949,,2021/07/13,2,gochain,go
950,,2021/07/14,null,gochain,go
951,,2021/07/15,null,gochain,go
952,,2021/07/16,null,gochain,go
953,,2021/07/17,null,gochain,go
954,,2021/07/18,null,gochain,go
955,,2021/07/19,null,gochain,go
956,,2021/07/20,null,gochain,go
957,,2021/07/21,null,gochain,go
958,,2021/07/22,null,gochain,go
959,,2021/07/23,null,gochain,go
960,,2021/07/24,null,gochain,go
961,,2021/07/25,null,gochain,go
962,,2021/07/26,null,gochain,go
963,,2021/07/27,null,gochain,go
964,,2021/07/28,null,gochain,go
965,,2021/07/29,null,gochain,go
966,,2021/07/30,null,gochain,go
967,,2021/07/31,null,gochain,go
968,,2021/08/01,null,gochain,go
969,,2021/08/02,null,gochain,go
970,,2021/08/03,null,gochain,go
971,,2021/08/04,null,gochain,go
972,,2021/08/05,null,gochain,go
973,,2021/08/06,null,gochain,go
974,,2021/08/07,null,gochain,go
975,,2021/08/08,null,gochain,go
976,,2021/08/09,null,gochain,go
977,,2021/08/10,null,gochain,go
978,,2021/08/11,null,gochain,go
979,,2021/08/12,null,gochain,go
980,,2021/08/13,null,gochain,go
981,,2021/08/14,null,gochain,go
982,,2021/08/15,null,gochain,go
983,,2021/08/16,null,gochain,go
984,,2021/08/17,null,gochain,go
985,,2021/08/18,null,gochain,go
986,,2021/08/19,null,gochain,go
987,,2021/08/20,6,gochain,go
988,,2021/08/21,null,gochain,go
989,,2021/08/22,null,gochain,go
990,,2021/08/23,null,gochain,go
991,,2021/08/24,null,gochain,go
992,,2021/08/25,null,gochain,go
993,,2021/08/26,null,gochain,go
994,,2021/08/27,null,gochain,go
995,,2021/08/28,null,gochain,go
996,,2021/08/29,null,gochain,go
997,,2021/08/30,null,gochain,go
998,,2021/08/31,null,gochain,go
999,,2021/09/01,null,gochain,go
1000,,2021/09/02,null,gochain,go
1001,,2021/09/03,2,gochain,go
1002,,2021/09/04,3,gochain,go
1003,,2021/09/05,null,gochain,go
1004,,2021/09/06,null,gochain,go
1005,,2021/09/07,null,gochain,go
1006,,2021/09/08,null,gochain,go
1007,,2021/09/09,null,gochain,go
1008,,2021/09/10,null,gochain,go
1009,,2021/09/11,null,gochain,go
1010,,2021/09/12,null,gochain,go
1011,,2021/09/13,null,gochain,go
1012,,2021/09/14,null,gochain,go
1013,,2021/09/15,null,gochain,go
1014,,2021/09/16,null,gochain,go
1015,,2021/09/17,null,gochain,go
1016,,2021/09/18,null,gochain,go
1017,,2021/09/19,null,gochain,go
1018,,2021/09/20,null,gochain,go
1019,,2021/09/21,null,gochain,go
1020,,2021/09/22,null,gochain,go
1021,,2021/09/23,null,gochain,go
1022,,2021/09/24,null,gochain,go
1023,,2021/09/25,null,gochain,go
1024,,2021/09/26,null,gochain,go
1025,,2021/09/27,null,gochain,go
1026,,2021/09/28,null,gochain,go
1027,,2021/09/29,null,gochain,go
1028,,2021/09/30,null,gochain,go
1029,,2021/10/01,null,gochain,go
1030,,2021/10/02,null,gochain,go
1031,,2021/10/03,null,gochain,go
1032,,2021/10/04,null,gochain,go
1033,,2021/10/05,null,gochain,go
1034,,2021/10/06,null,gochain,go
1035,,2021/10/07,null,gochain,go
1036,,2021/10/08,null,gochain,go
1037,,2021/10/09,null,gochain,go
1038,,2021/10/10,null,gochain,go
1039,,2021/10/11,null,gochain,go
1040,,2021/10/12,null,gochain,go
1041,,2021/10/13,null,gochain,go
1042,,2021/10/14,null,gochain,go
1043,,2021/10/15,null,gochain,go
1044,,2021/10/16,null,gochain,go
1045,,2021/10/17,null,gochain,go
1046,,2021/10/18,null,gochain,go
1047,,2021/10/19,null,gochain,go
1048,,2021/10/20,null,gochain,go
1049,,2021/10/21,null,gochain,go
1050,,2021/10/22,null,gochain,go
1051,,2021/10/23,null,gochain,go
1052,,2021/10/24,23,gochain,go
1053,,2021/10/25,14,gochain,go
1054,,2021/10/26,null,gochain,go
1055,,2021/10/27,7,gochain,go
1056,,2021/10/28,5,gochain,go
1057,,2021/10/29,7,gochain,go
