,google_trends,date,tweets,full_name,coin
0,,2020/12/19,11,harvest finance,farm
1,,2020/12/20,null,harvest finance,farm
2,,2020/12/21,null,harvest finance,farm
3,,2020/12/22,2,harvest finance,farm
4,,2020/12/23,null,harvest finance,farm
5,,2020/12/24,null,harvest finance,farm
6,,2020/12/25,null,harvest finance,farm
7,,2020/12/26,null,harvest finance,farm
8,,2020/12/27,null,harvest finance,farm
9,,2020/12/28,null,harvest finance,farm
10,,2020/12/29,null,harvest finance,farm
11,,2020/12/30,null,harvest finance,farm
12,,2020/12/31,null,harvest finance,farm
13,,2021/01/01,null,harvest finance,farm
14,,2021/01/02,null,harvest finance,farm
15,,2021/01/03,null,harvest finance,farm
16,,2021/01/04,null,harvest finance,farm
17,,2021/01/05,null,harvest finance,farm
18,,2021/01/06,null,harvest finance,farm
19,,2021/01/07,null,harvest finance,farm
20,,2021/01/08,null,harvest finance,farm
21,,2021/01/09,null,harvest finance,farm
22,,2021/01/10,null,harvest finance,farm
23,,2021/01/11,null,harvest finance,farm
24,,2021/01/12,null,harvest finance,farm
25,,2021/01/13,null,harvest finance,farm
26,,2021/01/14,null,harvest finance,farm
27,,2021/01/15,null,harvest finance,farm
28,,2021/01/16,null,harvest finance,farm
29,,2021/01/17,null,harvest finance,farm
30,,2021/01/18,null,harvest finance,farm
31,,2021/01/19,null,harvest finance,farm
32,,2021/01/20,null,harvest finance,farm
33,,2021/01/21,null,harvest finance,farm
34,,2021/01/22,null,harvest finance,farm
35,,2021/01/23,null,harvest finance,farm
36,,2021/01/24,null,harvest finance,farm
37,,2021/01/25,null,harvest finance,farm
38,,2021/01/26,null,harvest finance,farm
39,,2021/01/27,null,harvest finance,farm
40,,2021/01/28,null,harvest finance,farm
41,,2021/01/29,null,harvest finance,farm
42,,2021/01/30,null,harvest finance,farm
43,,2021/01/31,null,harvest finance,farm
44,,2021/02/01,null,harvest finance,farm
45,,2021/02/02,null,harvest finance,farm
46,,2021/02/03,null,harvest finance,farm
47,,2021/02/04,null,harvest finance,farm
48,,2021/02/05,null,harvest finance,farm
49,,2021/02/06,null,harvest finance,farm
50,,2021/02/07,null,harvest finance,farm
51,,2021/02/08,null,harvest finance,farm
52,,2021/02/09,null,harvest finance,farm
53,,2021/02/10,null,harvest finance,farm
54,,2021/02/11,null,harvest finance,farm
55,,2021/02/12,null,harvest finance,farm
56,,2021/02/13,null,harvest finance,farm
57,,2021/02/14,null,harvest finance,farm
58,,2021/02/15,null,harvest finance,farm
59,,2021/02/16,null,harvest finance,farm
60,,2021/02/17,null,harvest finance,farm
61,,2021/02/18,null,harvest finance,farm
62,,2021/02/19,null,harvest finance,farm
63,,2021/02/20,null,harvest finance,farm
64,,2021/02/21,null,harvest finance,farm
65,,2021/02/22,null,harvest finance,farm
66,,2021/02/23,null,harvest finance,farm
67,,2021/02/24,null,harvest finance,farm
68,,2021/02/25,null,harvest finance,farm
69,,2021/02/26,null,harvest finance,farm
70,,2021/02/27,null,harvest finance,farm
71,,2021/02/28,null,harvest finance,farm
72,,2021/03/01,null,harvest finance,farm
73,,2021/03/02,null,harvest finance,farm
74,,2021/03/03,null,harvest finance,farm
75,,2021/03/04,null,harvest finance,farm
76,,2021/03/05,null,harvest finance,farm
77,,2021/03/06,null,harvest finance,farm
78,,2021/03/07,null,harvest finance,farm
79,,2021/03/08,null,harvest finance,farm
80,,2021/03/09,null,harvest finance,farm
81,,2021/03/10,null,harvest finance,farm
82,,2021/03/11,null,harvest finance,farm
83,,2021/03/12,null,harvest finance,farm
84,,2021/03/13,null,harvest finance,farm
85,,2021/03/14,null,harvest finance,farm
86,,2021/03/15,null,harvest finance,farm
87,,2021/03/16,null,harvest finance,farm
88,,2021/03/17,null,harvest finance,farm
89,,2021/03/18,null,harvest finance,farm
90,,2021/03/19,null,harvest finance,farm
91,,2021/03/20,null,harvest finance,farm
92,,2021/03/21,null,harvest finance,farm
93,,2021/03/22,null,harvest finance,farm
94,,2021/03/23,null,harvest finance,farm
95,,2021/03/24,null,harvest finance,farm
96,,2021/03/25,null,harvest finance,farm
97,,2021/03/26,null,harvest finance,farm
98,,2021/03/27,null,harvest finance,farm
99,,2021/03/28,null,harvest finance,farm
100,,2021/03/29,null,harvest finance,farm
101,,2021/03/30,null,harvest finance,farm
102,,2021/03/31,null,harvest finance,farm
103,,2021/04/01,null,harvest finance,farm
104,,2021/04/02,null,harvest finance,farm
105,,2021/04/03,null,harvest finance,farm
106,,2021/04/04,null,harvest finance,farm
107,,2021/04/05,null,harvest finance,farm
108,,2021/04/06,null,harvest finance,farm
109,,2021/04/07,null,harvest finance,farm
110,,2021/04/08,null,harvest finance,farm
111,,2021/04/09,null,harvest finance,farm
112,,2021/04/10,null,harvest finance,farm
113,,2021/04/11,null,harvest finance,farm
114,,2021/04/12,null,harvest finance,farm
115,,2021/04/13,null,harvest finance,farm
116,,2021/04/14,null,harvest finance,farm
117,,2021/04/15,null,harvest finance,farm
118,,2021/04/16,null,harvest finance,farm
119,,2021/04/17,null,harvest finance,farm
120,,2021/04/18,null,harvest finance,farm
121,,2021/04/19,null,harvest finance,farm
122,,2021/04/20,null,harvest finance,farm
123,,2021/04/21,null,harvest finance,farm
124,,2021/04/22,null,harvest finance,farm
125,,2021/04/23,null,harvest finance,farm
126,,2021/04/24,null,harvest finance,farm
127,,2021/04/25,null,harvest finance,farm
128,,2021/04/26,null,harvest finance,farm
129,,2021/04/27,null,harvest finance,farm
130,,2021/04/28,null,harvest finance,farm
131,,2021/04/29,null,harvest finance,farm
132,,2021/04/30,null,harvest finance,farm
133,,2021/05/01,null,harvest finance,farm
134,,2021/05/02,null,harvest finance,farm
135,,2021/05/03,null,harvest finance,farm
136,,2021/05/04,null,harvest finance,farm
137,,2021/05/05,null,harvest finance,farm
138,,2021/05/06,null,harvest finance,farm
139,,2021/05/07,null,harvest finance,farm
140,,2021/05/08,null,harvest finance,farm
141,,2021/05/09,null,harvest finance,farm
142,,2021/05/10,null,harvest finance,farm
143,,2021/05/11,null,harvest finance,farm
144,,2021/05/12,null,harvest finance,farm
145,,2021/05/13,null,harvest finance,farm
146,,2021/05/14,null,harvest finance,farm
147,,2021/05/15,null,harvest finance,farm
148,,2021/05/16,null,harvest finance,farm
149,,2021/05/17,null,harvest finance,farm
150,,2021/05/18,null,harvest finance,farm
151,,2021/05/19,null,harvest finance,farm
152,,2021/05/20,null,harvest finance,farm
153,,2021/05/21,null,harvest finance,farm
154,,2021/05/22,null,harvest finance,farm
155,,2021/05/23,null,harvest finance,farm
156,,2021/05/24,null,harvest finance,farm
157,,2021/05/25,null,harvest finance,farm
158,,2021/05/26,null,harvest finance,farm
159,,2021/05/27,null,harvest finance,farm
160,,2021/05/28,null,harvest finance,farm
161,,2021/05/29,null,harvest finance,farm
162,,2021/05/30,null,harvest finance,farm
163,,2021/05/31,null,harvest finance,farm
164,,2021/06/01,null,harvest finance,farm
165,,2021/06/02,null,harvest finance,farm
166,,2021/06/03,null,harvest finance,farm
167,,2021/06/04,null,harvest finance,farm
168,,2021/06/05,null,harvest finance,farm
169,,2021/06/06,null,harvest finance,farm
170,,2021/06/07,null,harvest finance,farm
171,,2021/06/08,null,harvest finance,farm
172,,2021/06/09,null,harvest finance,farm
173,,2021/06/10,null,harvest finance,farm
174,,2021/06/11,null,harvest finance,farm
175,,2021/06/12,null,harvest finance,farm
176,,2021/06/13,null,harvest finance,farm
177,,2021/06/14,null,harvest finance,farm
178,,2021/06/15,null,harvest finance,farm
179,,2021/06/16,null,harvest finance,farm
180,,2021/06/17,null,harvest finance,farm
181,,2021/06/18,null,harvest finance,farm
182,,2021/06/19,null,harvest finance,farm
183,,2021/06/20,null,harvest finance,farm
184,,2021/06/21,null,harvest finance,farm
185,,2021/06/22,null,harvest finance,farm
186,,2021/06/23,null,harvest finance,farm
187,,2021/06/24,null,harvest finance,farm
188,,2021/06/25,null,harvest finance,farm
189,,2021/06/26,null,harvest finance,farm
190,,2021/06/27,null,harvest finance,farm
191,,2021/06/28,null,harvest finance,farm
192,,2021/06/29,null,harvest finance,farm
193,,2021/06/30,null,harvest finance,farm
194,,2021/07/01,null,harvest finance,farm
195,,2021/07/02,null,harvest finance,farm
196,,2021/07/03,null,harvest finance,farm
197,,2021/07/04,null,harvest finance,farm
198,,2021/07/05,null,harvest finance,farm
199,,2021/07/06,null,harvest finance,farm
200,,2021/07/07,null,harvest finance,farm
201,,2021/07/08,null,harvest finance,farm
202,,2021/07/09,null,harvest finance,farm
203,,2021/07/10,null,harvest finance,farm
204,,2021/07/11,null,harvest finance,farm
205,,2021/07/12,null,harvest finance,farm
206,,2021/07/13,null,harvest finance,farm
207,,2021/07/14,null,harvest finance,farm
208,,2021/07/15,null,harvest finance,farm
209,,2021/07/16,null,harvest finance,farm
210,,2021/07/17,null,harvest finance,farm
211,,2021/07/18,null,harvest finance,farm
212,,2021/07/19,null,harvest finance,farm
213,,2021/07/20,null,harvest finance,farm
214,,2021/07/21,null,harvest finance,farm
215,,2021/07/22,null,harvest finance,farm
216,,2021/07/23,null,harvest finance,farm
217,,2021/07/24,null,harvest finance,farm
218,,2021/07/25,null,harvest finance,farm
219,,2021/07/26,null,harvest finance,farm
220,,2021/07/27,null,harvest finance,farm
221,,2021/07/28,null,harvest finance,farm
222,,2021/07/29,null,harvest finance,farm
223,,2021/07/30,null,harvest finance,farm
224,,2021/07/31,null,harvest finance,farm
225,,2021/08/01,null,harvest finance,farm
226,,2021/08/02,null,harvest finance,farm
227,,2021/08/03,null,harvest finance,farm
228,,2021/08/04,null,harvest finance,farm
229,,2021/08/05,null,harvest finance,farm
230,,2021/08/06,null,harvest finance,farm
231,,2021/08/07,null,harvest finance,farm
232,,2021/08/08,null,harvest finance,farm
233,,2021/08/09,null,harvest finance,farm
234,,2021/08/10,null,harvest finance,farm
235,,2021/08/11,null,harvest finance,farm
236,,2021/08/12,23,harvest finance,farm
237,,2021/08/13,8,harvest finance,farm
238,,2021/08/14,11,harvest finance,farm
239,,2021/08/15,4,harvest finance,farm
240,,2021/08/16,4,harvest finance,farm
241,,2021/08/17,16,harvest finance,farm
242,,2021/08/18,16,harvest finance,farm
243,,2021/08/19,6,harvest finance,farm
244,,2021/08/20,7,harvest finance,farm
245,,2021/08/21,null,harvest finance,farm
246,,2021/08/22,1,harvest finance,farm
247,,2021/08/23,null,harvest finance,farm
248,,2021/08/24,5,harvest finance,farm
249,,2021/08/25,1,harvest finance,farm
250,,2021/08/26,1,harvest finance,farm
251,,2021/08/27,3,harvest finance,farm
252,,2021/08/28,14,harvest finance,farm
253,,2021/08/29,4,harvest finance,farm
254,,2021/08/30,12,harvest finance,farm
255,,2021/08/31,1,harvest finance,farm
256,,2021/09/01,10,harvest finance,farm
257,,2021/09/02,5,harvest finance,farm
258,,2021/09/03,19,harvest finance,farm
259,,2021/09/04,2,harvest finance,farm
260,,2021/09/05,1,harvest finance,farm
261,,2021/09/06,3,harvest finance,farm
262,,2021/09/07,6,harvest finance,farm
263,,2021/09/08,5,harvest finance,farm
264,,2021/09/09,4,harvest finance,farm
265,,2021/09/10,5,harvest finance,farm
266,,2021/09/11,5,harvest finance,farm
267,,2021/09/12,null,harvest finance,farm
268,,2021/09/13,4,harvest finance,farm
269,,2021/09/14,3,harvest finance,farm
270,,2021/09/15,null,harvest finance,farm
271,,2021/09/16,2,harvest finance,farm
272,,2021/09/17,11,harvest finance,farm
273,,2021/09/18,3,harvest finance,farm
274,,2021/09/19,4,harvest finance,farm
275,,2021/09/20,1,harvest finance,farm
276,,2021/09/21,3,harvest finance,farm
277,,2021/09/22,1,harvest finance,farm
278,,2021/09/23,105,harvest finance,farm
279,,2021/09/24,2,harvest finance,farm
280,,2021/09/25,2,harvest finance,farm
281,,2021/09/26,null,harvest finance,farm
282,,2021/09/27,1,harvest finance,farm
283,,2021/09/28,null,harvest finance,farm
284,,2021/09/29,null,harvest finance,farm
285,,2021/09/30,null,harvest finance,farm
286,,2021/10/01,2,harvest finance,farm
287,,2021/10/02,2,harvest finance,farm
288,,2021/10/03,1,harvest finance,farm
289,,2021/10/04,1,harvest finance,farm
290,,2021/10/05,null,harvest finance,farm
291,,2021/10/06,null,harvest finance,farm
292,,2021/10/07,3,harvest finance,farm
293,,2021/10/08,1,harvest finance,farm
294,,2021/10/09,null,harvest finance,farm
295,,2021/10/10,null,harvest finance,farm
296,,2021/10/11,2,harvest finance,farm
297,,2021/10/12,null,harvest finance,farm
298,,2021/10/13,null,harvest finance,farm
299,,2021/10/14,null,harvest finance,farm
300,,2021/10/15,5,harvest finance,farm
301,,2021/10/16,null,harvest finance,farm
302,,2021/10/17,2,harvest finance,farm
303,,2021/10/18,null,harvest finance,farm
304,,2021/10/19,5,harvest finance,farm
305,,2021/10/20,2,harvest finance,farm
306,,2021/10/21,null,harvest finance,farm
307,,2021/10/22,6,harvest finance,farm
308,,2021/10/23,null,harvest finance,farm
309,,2021/10/24,1,harvest finance,farm
310,,2021/10/25,null,harvest finance,farm
311,,2021/10/26,2,harvest finance,farm
312,,2021/10/27,2,harvest finance,farm
313,,2021/10/28,null,harvest finance,farm
314,,2021/10/29,2,harvest finance,farm
315,,2021/10/30,null,harvest finance,farm
316,,2021/10/31,null,harvest finance,farm
317,,2021/11/01,2,harvest finance,farm
318,,2021/11/02,2,harvest finance,farm
319,,2021/11/03,null,harvest finance,farm
320,,2021/11/04,null,harvest finance,farm
321,,2021/11/05,4,harvest finance,farm
322,,2021/11/06,null,harvest finance,farm
323,,2021/11/07,null,harvest finance,farm
324,,2021/11/08,null,harvest finance,farm
325,,2021/11/09,null,harvest finance,farm
326,,2021/11/10,null,harvest finance,farm
327,,2021/11/11,null,harvest finance,farm
328,,2021/11/12,null,harvest finance,farm
329,,2021/11/13,null,harvest finance,farm
330,,2021/11/14,null,harvest finance,farm
331,,2021/11/15,1,harvest finance,farm
