,google_trends,date,tweets,full_name,coin
0,,2021/07/19,1,hegic,hegic
1,,2021/07/20,2,hegic,hegic
2,,2021/07/21,2,hegic,hegic
3,,2021/07/22,null,hegic,hegic
4,,2021/07/23,null,hegic,hegic
5,,2021/07/24,11,hegic,hegic
6,,2021/07/25,11,hegic,hegic
7,,2021/07/26,2,hegic,hegic
8,,2021/07/27,4,hegic,hegic
9,,2021/07/28,1,hegic,hegic
10,,2021/07/29,1,hegic,hegic
11,,2021/07/30,7,hegic,hegic
12,,2021/07/31,3,hegic,hegic
13,,2021/08/01,8,hegic,hegic
14,,2021/08/02,1,hegic,hegic
15,,2021/08/03,null,hegic,hegic
16,,2021/08/04,2,hegic,hegic
17,,2021/08/05,3,hegic,hegic
18,,2021/08/06,5,hegic,hegic
19,,2021/08/07,null,hegic,hegic
20,,2021/08/08,null,hegic,hegic
21,,2021/08/09,7,hegic,hegic
22,,2021/08/10,4,hegic,hegic
23,,2021/08/11,18,hegic,hegic
24,,2021/08/12,25,hegic,hegic
25,,2021/08/13,34,hegic,hegic
26,,2021/08/14,73,hegic,hegic
27,,2021/08/15,15,hegic,hegic
28,,2021/08/16,8,hegic,hegic
29,,2021/08/17,1,hegic,hegic
30,,2021/08/18,4,hegic,hegic
31,,2021/08/19,10,hegic,hegic
32,,2021/08/20,4,hegic,hegic
33,,2021/08/21,5,hegic,hegic
34,,2021/08/22,23,hegic,hegic
35,,2021/08/23,7,hegic,hegic
36,,2021/08/24,8,hegic,hegic
37,,2021/08/25,4,hegic,hegic
38,,2021/08/26,9,hegic,hegic
39,,2021/08/27,12,hegic,hegic
40,,2021/08/28,7,hegic,hegic
41,,2021/08/29,1,hegic,hegic
42,,2021/08/30,5,hegic,hegic
43,,2021/08/31,4,hegic,hegic
44,,2021/09/01,11,hegic,hegic
45,,2021/09/02,15,hegic,hegic
46,,2021/09/03,10,hegic,hegic
47,,2021/09/04,44,hegic,hegic
48,,2021/09/05,17,hegic,hegic
49,,2021/09/06,12,hegic,hegic
50,,2021/09/07,12,hegic,hegic
51,,2021/09/08,64,hegic,hegic
52,,2021/09/09,28,hegic,hegic
53,,2021/09/10,11,hegic,hegic
54,,2021/09/11,26,hegic,hegic
55,,2021/09/12,11,hegic,hegic
56,,2021/09/13,15,hegic,hegic
57,,2021/09/14,18,hegic,hegic
58,,2021/09/15,5,hegic,hegic
59,,2021/09/16,2,hegic,hegic
60,,2021/09/17,37,hegic,hegic
61,,2021/09/18,19,hegic,hegic
62,,2021/09/19,5,hegic,hegic
63,,2021/09/20,7,hegic,hegic
64,,2021/09/21,3,hegic,hegic
65,,2021/09/22,10,hegic,hegic
66,,2021/09/23,2,hegic,hegic
67,,2021/09/24,5,hegic,hegic
68,,2021/09/25,3,hegic,hegic
69,,2021/09/26,11,hegic,hegic
70,,2021/09/27,9,hegic,hegic
71,,2021/09/28,null,hegic,hegic
72,,2021/09/29,2,hegic,hegic
73,,2021/09/30,2,hegic,hegic
74,,2021/10/01,1,hegic,hegic
75,,2021/10/02,1,hegic,hegic
76,,2021/10/03,4,hegic,hegic
77,,2021/10/04,7,hegic,hegic
78,,2021/10/05,4,hegic,hegic
79,,2021/10/06,9,hegic,hegic
80,,2021/10/07,10,hegic,hegic
81,,2021/10/08,9,hegic,hegic
82,,2021/10/09,8,hegic,hegic
83,,2021/10/10,19,hegic,hegic
84,,2021/10/11,11,hegic,hegic
85,,2021/10/12,25,hegic,hegic
86,,2021/10/13,6,hegic,hegic
87,,2021/10/14,14,hegic,hegic
88,,2021/10/15,19,hegic,hegic
89,,2021/10/16,28,hegic,hegic
90,,2021/10/17,28,hegic,hegic
91,,2021/10/18,6,hegic,hegic
92,,2021/10/19,6,hegic,hegic
93,,2021/10/20,6,hegic,hegic
94,,2021/10/21,1,hegic,hegic
95,,2021/10/22,2,hegic,hegic
96,,2021/10/23,12,hegic,hegic
97,,2021/10/24,9,hegic,hegic
98,,2021/10/25,5,hegic,hegic
99,,2021/10/26,8,hegic,hegic
100,,2021/10/27,2,hegic,hegic
101,,2021/10/28,4,hegic,hegic
102,,2021/10/29,3,hegic,hegic
103,,2021/10/30,7,hegic,hegic
104,,2021/10/31,5,hegic,hegic
105,,2021/11/01,null,hegic,hegic
106,,2021/11/02,null,hegic,hegic
107,,2021/11/03,13,hegic,hegic
108,,2021/11/04,8,hegic,hegic
109,,2021/11/05,null,hegic,hegic
110,,2021/11/06,null,hegic,hegic
111,,2021/11/07,null,hegic,hegic
112,,2021/11/08,null,hegic,hegic
113,,2021/11/09,22,hegic,hegic
114,,2021/11/10,8,hegic,hegic
115,,2021/11/11,null,hegic,hegic
116,,2021/11/12,26,hegic,hegic
117,,2021/11/13,null,hegic,hegic
118,,2021/11/14,4,hegic,hegic
119,,2021/11/15,4,hegic,hegic
