,google_trends,date,tweets,full_name,coin
0,,2020/09/25,5,helium,hnt
1,,2020/09/26,12,helium,hnt
2,,2020/09/27,6,helium,hnt
3,,2020/09/28,22,helium,hnt
4,,2020/09/29,10,helium,hnt
5,,2020/09/30,8,helium,hnt
6,,2020/10/01,3,helium,hnt
7,,2020/10/02,13,helium,hnt
8,,2020/10/03,9,helium,hnt
9,,2020/10/04,9,helium,hnt
10,,2020/10/05,4,helium,hnt
11,,2020/10/06,20,helium,hnt
12,,2020/10/07,16,helium,hnt
13,,2020/10/08,10,helium,hnt
14,,2020/10/09,10,helium,hnt
15,,2020/10/10,11,helium,hnt
16,,2020/10/11,9,helium,hnt
17,,2020/10/12,18,helium,hnt
18,,2020/10/13,57,helium,hnt
19,,2020/10/14,32,helium,hnt
20,,2020/10/15,null,helium,hnt
21,,2020/10/16,20,helium,hnt
22,,2020/10/17,16,helium,hnt
23,,2020/10/18,17,helium,hnt
24,,2020/10/19,9,helium,hnt
25,,2020/10/20,7,helium,hnt
26,,2020/10/21,null,helium,hnt
27,,2020/10/22,null,helium,hnt
28,,2020/10/23,null,helium,hnt
29,,2020/10/24,null,helium,hnt
30,,2020/10/25,25,helium,hnt
31,,2020/10/26,49,helium,hnt
32,,2020/10/27,33,helium,hnt
33,,2020/10/28,18,helium,hnt
34,,2020/10/29,33,helium,hnt
35,,2020/10/30,23,helium,hnt
36,,2020/10/31,null,helium,hnt
37,,2020/11/01,12,helium,hnt
38,,2020/11/02,9,helium,hnt
39,,2020/11/03,38,helium,hnt
40,,2020/11/04,6,helium,hnt
41,,2020/11/05,45,helium,hnt
42,,2020/11/06,16,helium,hnt
43,,2020/11/07,6,helium,hnt
44,,2020/11/08,10,helium,hnt
45,,2020/11/09,21,helium,hnt
46,,2020/11/10,10,helium,hnt
47,,2020/11/11,5,helium,hnt
48,,2020/11/12,null,helium,hnt
49,,2020/11/13,14,helium,hnt
50,,2020/11/14,9,helium,hnt
51,,2020/11/15,6,helium,hnt
52,,2020/11/16,11,helium,hnt
53,,2020/11/17,16,helium,hnt
54,,2020/11/18,13,helium,hnt
55,,2020/11/19,15,helium,hnt
56,,2020/11/20,28,helium,hnt
57,,2020/11/21,6,helium,hnt
58,,2020/11/22,13,helium,hnt
59,,2020/11/23,10,helium,hnt
60,,2020/11/24,20,helium,hnt
61,,2020/11/25,24,helium,hnt
62,,2020/11/26,23,helium,hnt
63,,2020/11/27,13,helium,hnt
64,,2020/11/28,5,helium,hnt
65,,2020/11/29,6,helium,hnt
66,,2020/11/30,6,helium,hnt
67,,2020/12/01,22,helium,hnt
68,,2020/12/02,9,helium,hnt
69,,2020/12/03,20,helium,hnt
70,,2020/12/04,15,helium,hnt
71,,2020/12/05,3,helium,hnt
72,,2020/12/06,15,helium,hnt
73,,2020/12/07,19,helium,hnt
74,,2020/12/08,28,helium,hnt
75,,2020/12/09,23,helium,hnt
76,,2020/12/10,27,helium,hnt
77,,2020/12/11,13,helium,hnt
78,,2020/12/12,21,helium,hnt
79,,2020/12/13,27,helium,hnt
80,,2020/12/14,47,helium,hnt
81,,2020/12/15,22,helium,hnt
82,,2020/12/16,19,helium,hnt
83,,2020/12/17,14,helium,hnt
84,,2020/12/18,5,helium,hnt
85,,2020/12/19,6,helium,hnt
86,,2020/12/20,6,helium,hnt
87,,2020/12/21,33,helium,hnt
88,,2020/12/22,11,helium,hnt
89,,2020/12/23,55,helium,hnt
90,,2020/12/24,32,helium,hnt
91,,2020/12/25,6,helium,hnt
92,,2020/12/26,7,helium,hnt
93,,2020/12/27,7,helium,hnt
94,,2020/12/28,6,helium,hnt
95,,2020/12/29,10,helium,hnt
96,,2020/12/30,9,helium,hnt
97,,2020/12/31,20,helium,hnt
98,,2021/01/01,7,helium,hnt
99,,2021/01/02,10,helium,hnt
100,,2021/01/03,15,helium,hnt
101,,2021/01/04,7,helium,hnt
102,,2021/01/05,13,helium,hnt
103,,2021/01/06,31,helium,hnt
104,,2021/01/07,25,helium,hnt
105,,2021/01/08,15,helium,hnt
106,,2021/01/09,8,helium,hnt
107,,2021/01/10,12,helium,hnt
108,,2021/01/11,18,helium,hnt
109,,2021/01/12,34,helium,hnt
110,,2021/01/13,17,helium,hnt
111,,2021/01/14,32,helium,hnt
112,,2021/01/15,32,helium,hnt
113,,2021/01/16,4,helium,hnt
114,,2021/01/17,38,helium,hnt
115,,2021/01/18,41,helium,hnt
116,,2021/01/19,12,helium,hnt
117,,2021/01/20,24,helium,hnt
118,,2021/01/21,26,helium,hnt
119,,2021/01/22,29,helium,hnt
120,,2021/01/23,15,helium,hnt
121,,2021/01/24,17,helium,hnt
122,,2021/01/25,22,helium,hnt
123,,2021/01/26,14,helium,hnt
124,,2021/01/27,53,helium,hnt
125,,2021/01/28,34,helium,hnt
126,,2021/01/29,19,helium,hnt
127,,2021/01/30,13,helium,hnt
128,,2021/01/31,11,helium,hnt
129,,2021/02/01,30,helium,hnt
130,,2021/02/02,44,helium,hnt
131,,2021/02/03,33,helium,hnt
132,,2021/02/04,191,helium,hnt
133,,2021/02/05,74,helium,hnt
134,,2021/02/06,30,helium,hnt
135,,2021/02/07,34,helium,hnt
136,,2021/02/08,18,helium,hnt
137,,2021/02/09,29,helium,hnt
138,,2021/02/10,27,helium,hnt
139,,2021/02/11,24,helium,hnt
140,,2021/02/12,5,helium,hnt
141,,2021/02/13,41,helium,hnt
142,,2021/02/14,23,helium,hnt
143,,2021/02/15,31,helium,hnt
144,,2021/02/16,21,helium,hnt
145,,2021/02/17,39,helium,hnt
146,,2021/02/18,53,helium,hnt
147,,2021/02/19,17,helium,hnt
148,,2021/02/20,47,helium,hnt
149,,2021/02/21,27,helium,hnt
150,,2021/02/22,29,helium,hnt
151,,2021/02/23,32,helium,hnt
152,,2021/02/24,24,helium,hnt
153,,2021/02/25,16,helium,hnt
154,,2021/02/26,10,helium,hnt
155,,2021/02/27,17,helium,hnt
156,,2021/02/28,8,helium,hnt
157,,2021/03/01,10,helium,hnt
158,,2021/03/02,13,helium,hnt
159,,2021/03/03,17,helium,hnt
160,,2021/03/04,17,helium,hnt
161,,2021/03/05,21,helium,hnt
162,,2021/03/06,17,helium,hnt
163,,2021/03/07,28,helium,hnt
164,,2021/03/08,106,helium,hnt
165,,2021/03/09,48,helium,hnt
166,,2021/03/10,54,helium,hnt
167,,2021/03/11,61,helium,hnt
168,,2021/03/12,45,helium,hnt
169,,2021/03/13,20,helium,hnt
170,,2021/03/14,25,helium,hnt
171,,2021/03/15,61,helium,hnt
172,,2021/03/16,420,helium,hnt
173,,2021/03/17,77,helium,hnt
174,,2021/03/18,41,helium,hnt
175,,2021/03/19,51,helium,hnt
176,,2021/03/20,45,helium,hnt
177,,2021/03/21,27,helium,hnt
178,,2021/03/22,51,helium,hnt
179,,2021/03/23,73,helium,hnt
180,,2021/03/24,38,helium,hnt
181,,2021/03/25,71,helium,hnt
182,,2021/03/26,121,helium,hnt
183,,2021/03/27,62,helium,hnt
184,,2021/03/28,35,helium,hnt
185,,2021/03/29,51,helium,hnt
186,,2021/03/30,47,helium,hnt
187,,2021/03/31,20,helium,hnt
188,,2021/04/01,null,helium,hnt
189,,2021/04/02,null,helium,hnt
190,,2021/04/03,42,helium,hnt
191,,2021/04/04,34,helium,hnt
192,,2021/04/05,9,helium,hnt
193,,2021/04/06,25,helium,hnt
194,,2021/04/07,36,helium,hnt
195,,2021/04/08,50,helium,hnt
196,,2021/04/09,58,helium,hnt
197,,2021/04/10,24,helium,hnt
198,,2021/04/11,37,helium,hnt
199,,2021/04/12,44,helium,hnt
200,,2021/04/13,33,helium,hnt
201,,2021/04/14,39,helium,hnt
202,,2021/04/15,26,helium,hnt
203,,2021/04/16,50,helium,hnt
204,,2021/04/17,20,helium,hnt
205,,2021/04/18,30,helium,hnt
206,,2021/04/19,48,helium,hnt
207,,2021/04/20,35,helium,hnt
208,,2021/04/21,43,helium,hnt
209,,2021/04/22,68,helium,hnt
210,,2021/04/23,60,helium,hnt
211,,2021/04/24,53,helium,hnt
212,,2021/04/25,22,helium,hnt
213,,2021/04/26,64,helium,hnt
214,,2021/04/27,82,helium,hnt
215,,2021/04/28,77,helium,hnt
216,,2021/04/29,84,helium,hnt
217,,2021/04/30,66,helium,hnt
218,,2021/05/01,96,helium,hnt
219,,2021/05/02,114,helium,hnt
220,,2021/05/03,167,helium,hnt
221,,2021/05/04,89,helium,hnt
222,,2021/05/05,82,helium,hnt
223,,2021/05/06,182,helium,hnt
224,,2021/05/07,74,helium,hnt
225,,2021/05/08,71,helium,hnt
226,,2021/05/09,40,helium,hnt
227,,2021/05/10,40,helium,hnt
228,,2021/05/11,61,helium,hnt
229,,2021/05/12,70,helium,hnt
230,,2021/05/13,87,helium,hnt
231,,2021/05/14,61,helium,hnt
232,,2021/05/15,26,helium,hnt
233,,2021/05/16,51,helium,hnt
234,,2021/05/17,71,helium,hnt
235,,2021/05/18,60,helium,hnt
236,,2021/05/19,47,helium,hnt
237,,2021/05/20,29,helium,hnt
238,,2021/05/21,142,helium,hnt
239,,2021/05/22,70,helium,hnt
240,,2021/05/23,25,helium,hnt
241,,2021/05/24,65,helium,hnt
242,,2021/05/25,119,helium,hnt
243,,2021/05/26,69,helium,hnt
244,,2021/05/27,93,helium,hnt
245,,2021/05/28,109,helium,hnt
246,,2021/05/29,95,helium,hnt
247,,2021/05/30,50,helium,hnt
248,,2021/05/31,144,helium,hnt
249,,2021/06/01,88,helium,hnt
250,,2021/06/02,109,helium,hnt
251,,2021/06/03,45,helium,hnt
252,,2021/06/04,62,helium,hnt
253,,2021/06/05,51,helium,hnt
254,,2021/06/06,30,helium,hnt
255,,2021/06/07,54,helium,hnt
256,,2021/06/08,57,helium,hnt
257,,2021/06/09,85,helium,hnt
258,,2021/06/10,53,helium,hnt
259,,2021/06/11,51,helium,hnt
260,,2021/06/12,32,helium,hnt
261,,2021/06/13,34,helium,hnt
262,,2021/06/14,53,helium,hnt
263,,2021/06/15,82,helium,hnt
264,,2021/06/16,125,helium,hnt
265,,2021/06/17,107,helium,hnt
266,,2021/06/18,64,helium,hnt
267,,2021/06/19,58,helium,hnt
268,,2021/06/20,35,helium,hnt
269,,2021/06/21,146,helium,hnt
270,,2021/06/22,76,helium,hnt
271,,2021/06/23,134,helium,hnt
272,,2021/06/24,81,helium,hnt
273,,2021/06/25,125,helium,hnt
274,,2021/06/26,46,helium,hnt
275,,2021/06/27,31,helium,hnt
276,,2021/06/28,105,helium,hnt
277,,2021/06/29,270,helium,hnt
278,,2021/06/30,146,helium,hnt
279,,2021/07/01,134,helium,hnt
280,,2021/07/02,69,helium,hnt
281,,2021/07/03,79,helium,hnt
282,,2021/07/04,86,helium,hnt
283,,2021/07/05,83,helium,hnt
284,,2021/07/06,55,helium,hnt
285,,2021/07/07,67,helium,hnt
286,,2021/07/08,124,helium,hnt
287,,2021/07/09,63,helium,hnt
288,,2021/07/10,57,helium,hnt
289,,2021/07/11,185,helium,hnt
290,,2021/07/12,104,helium,hnt
291,,2021/07/13,90,helium,hnt
292,,2021/07/14,100,helium,hnt
293,,2021/07/15,61,helium,hnt
294,,2021/07/16,109,helium,hnt
295,,2021/07/17,37,helium,hnt
296,,2021/07/18,46,helium,hnt
297,,2021/07/19,38,helium,hnt
298,,2021/07/20,41,helium,hnt
299,,2021/07/21,81,helium,hnt
300,,2021/07/22,47,helium,hnt
301,,2021/07/23,55,helium,hnt
302,,2021/07/24,29,helium,hnt
303,,2021/07/25,46,helium,hnt
304,,2021/07/26,70,helium,hnt
305,,2021/07/27,73,helium,hnt
306,,2021/07/28,128,helium,hnt
307,,2021/07/29,256,helium,hnt
308,,2021/07/30,264,helium,hnt
309,,2021/07/31,391,helium,hnt
310,,2021/08/01,120,helium,hnt
311,,2021/08/02,105,helium,hnt
312,,2021/08/03,98,helium,hnt
313,,2021/08/04,109,helium,hnt
314,,2021/08/05,123,helium,hnt
315,,2021/08/06,115,helium,hnt
316,,2021/08/07,72,helium,hnt
317,,2021/08/08,70,helium,hnt
318,,2021/08/09,85,helium,hnt
319,,2021/08/10,119,helium,hnt
320,,2021/08/11,218,helium,hnt
321,,2021/08/12,142,helium,hnt
322,,2021/08/13,84,helium,hnt
323,,2021/08/14,83,helium,hnt
324,,2021/08/15,123,helium,hnt
325,,2021/08/16,120,helium,hnt
326,,2021/08/17,154,helium,hnt
327,,2021/08/18,178,helium,hnt
328,,2021/08/19,845,helium,hnt
329,,2021/08/20,459,helium,hnt
330,,2021/08/21,142,helium,hnt
331,,2021/08/22,117,helium,hnt
332,,2021/08/23,145,helium,hnt
333,,2021/08/24,159,helium,hnt
334,,2021/08/25,122,helium,hnt
335,,2021/08/26,212,helium,hnt
336,,2021/08/27,156,helium,hnt
337,,2021/08/28,171,helium,hnt
338,,2021/08/29,125,helium,hnt
339,,2021/08/30,67,helium,hnt
340,,2021/08/31,142,helium,hnt
341,,2021/09/01,125,helium,hnt
342,,2021/09/02,118,helium,hnt
343,,2021/09/03,138,helium,hnt
344,,2021/09/04,111,helium,hnt
345,,2021/09/05,100,helium,hnt
346,,2021/09/06,164,helium,hnt
347,,2021/09/07,132,helium,hnt
348,,2021/09/08,115,helium,hnt
349,,2021/09/09,117,helium,hnt
350,,2021/09/10,284,helium,hnt
351,,2021/09/11,360,helium,hnt
352,,2021/09/12,363,helium,hnt
353,,2021/09/13,747,helium,hnt
354,,2021/09/14,374,helium,hnt
355,,2021/09/15,133,helium,hnt
356,,2021/09/16,121,helium,hnt
357,,2021/09/17,127,helium,hnt
358,,2021/09/18,193,helium,hnt
359,,2021/09/19,58,helium,hnt
360,,2021/09/20,392,helium,hnt
361,,2021/09/21,666,helium,hnt
362,,2021/09/22,132,helium,hnt
363,,2021/09/23,182,helium,hnt
364,,2021/09/24,89,helium,hnt
365,,2021/09/25,93,helium,hnt
366,,2021/09/26,90,helium,hnt
367,,2021/09/27,149,helium,hnt
368,,2021/09/28,181,helium,hnt
369,,2021/09/29,233,helium,hnt
370,,2021/09/30,237,helium,hnt
371,,2021/10/01,1148,helium,hnt
372,,2021/10/02,392,helium,hnt
373,,2021/10/03,155,helium,hnt
374,,2021/10/04,127,helium,hnt
375,,2021/10/05,135,helium,hnt
376,,2021/10/06,116,helium,hnt
377,,2021/10/07,127,helium,hnt
378,,2021/10/08,125,helium,hnt
379,,2021/10/09,73,helium,hnt
380,,2021/10/10,55,helium,hnt
381,,2021/10/11,83,helium,hnt
382,,2021/10/12,67,helium,hnt
383,,2021/10/13,89,helium,hnt
384,,2021/10/14,131,helium,hnt
385,,2021/10/15,106,helium,hnt
386,,2021/10/16,47,helium,hnt
387,,2021/10/17,88,helium,hnt
388,,2021/10/18,79,helium,hnt
389,,2021/10/19,93,helium,hnt
390,,2021/10/20,88,helium,hnt
391,,2021/10/21,151,helium,hnt
392,,2021/10/22,125,helium,hnt
393,,2021/10/23,81,helium,hnt
394,,2021/10/24,89,helium,hnt
395,,2021/10/25,96,helium,hnt
396,,2021/10/26,142,helium,hnt
397,,2021/10/27,168,helium,hnt
398,,2021/10/28,186,helium,hnt
399,,2021/10/29,172,helium,hnt
400,,2021/10/30,348,helium,hnt
401,,2021/10/31,322,helium,hnt
402,,2021/11/01,129,helium,hnt
403,,2021/11/02,123,helium,hnt
404,,2021/11/03,99,helium,hnt
405,,2021/11/04,79,helium,hnt
406,,2021/11/05,161,helium,hnt
407,,2021/11/06,263,helium,hnt
408,,2021/11/07,3401,helium,hnt
409,,2021/11/08,530,helium,hnt
410,,2021/11/09,195,helium,hnt
411,,2021/11/10,179,helium,hnt
412,,2021/11/11,188,helium,hnt
413,,2021/11/12,164,helium,hnt
414,,2021/11/13,129,helium,hnt
415,,2021/11/14,459,helium,hnt
416,,2021/11/15,206,helium,hnt
417,,2021/11/16,65,helium,hnt
