,google_trends,date,tweets,full_name,coin
0,,2020/05/01,1,hyperdao,hdao
1,,2020/05/02,null,hyperdao,hdao
2,,2020/05/03,null,hyperdao,hdao
3,,2020/05/04,null,hyperdao,hdao
4,,2020/05/05,null,hyperdao,hdao
5,,2020/05/06,1,hyperdao,hdao
6,,2020/05/07,null,hyperdao,hdao
7,,2020/05/08,null,hyperdao,hdao
8,,2020/05/09,null,hyperdao,hdao
9,,2020/05/10,null,hyperdao,hdao
10,,2020/05/11,1,hyperdao,hdao
11,,2020/05/12,null,hyperdao,hdao
12,,2020/05/13,null,hyperdao,hdao
13,,2020/05/14,null,hyperdao,hdao
14,,2020/05/15,null,hyperdao,hdao
15,,2020/05/16,2,hyperdao,hdao
16,,2020/05/17,null,hyperdao,hdao
17,,2020/05/18,2,hyperdao,hdao
18,,2020/05/19,2,hyperdao,hdao
19,,2020/05/20,null,hyperdao,hdao
20,,2020/05/21,null,hyperdao,hdao
21,,2020/05/22,null,hyperdao,hdao
22,,2020/05/23,null,hyperdao,hdao
23,,2020/05/24,null,hyperdao,hdao
24,,2020/05/25,null,hyperdao,hdao
25,,2020/05/26,null,hyperdao,hdao
26,,2020/05/27,1,hyperdao,hdao
27,,2020/05/28,null,hyperdao,hdao
28,,2020/05/29,null,hyperdao,hdao
29,,2020/05/30,null,hyperdao,hdao
30,,2020/05/31,1,hyperdao,hdao
31,,2020/06/01,1,hyperdao,hdao
32,,2020/06/02,null,hyperdao,hdao
33,,2020/06/03,null,hyperdao,hdao
34,,2020/06/04,null,hyperdao,hdao
35,,2020/06/05,null,hyperdao,hdao
36,,2020/06/06,null,hyperdao,hdao
37,,2020/06/07,null,hyperdao,hdao
38,,2020/06/08,null,hyperdao,hdao
39,,2020/06/09,null,hyperdao,hdao
40,,2020/06/10,null,hyperdao,hdao
41,,2020/06/11,null,hyperdao,hdao
42,,2020/06/12,null,hyperdao,hdao
43,,2020/06/13,null,hyperdao,hdao
44,,2020/06/14,null,hyperdao,hdao
45,,2020/06/15,null,hyperdao,hdao
46,,2020/06/16,null,hyperdao,hdao
47,,2020/06/17,1,hyperdao,hdao
48,,2020/06/18,null,hyperdao,hdao
49,,2020/06/19,null,hyperdao,hdao
50,,2020/06/20,null,hyperdao,hdao
51,,2020/06/21,null,hyperdao,hdao
52,,2020/06/22,null,hyperdao,hdao
53,,2020/06/23,null,hyperdao,hdao
54,,2020/06/24,null,hyperdao,hdao
55,,2020/06/25,1,hyperdao,hdao
56,,2020/06/26,null,hyperdao,hdao
57,,2020/06/27,1,hyperdao,hdao
58,,2020/06/28,1,hyperdao,hdao
59,,2020/06/29,null,hyperdao,hdao
60,,2020/06/30,2,hyperdao,hdao
61,,2020/07/01,null,hyperdao,hdao
62,,2020/07/02,null,hyperdao,hdao
63,,2020/07/03,null,hyperdao,hdao
64,,2020/07/04,null,hyperdao,hdao
65,,2020/07/05,1,hyperdao,hdao
66,,2020/07/06,null,hyperdao,hdao
67,,2020/07/07,null,hyperdao,hdao
68,,2020/07/08,null,hyperdao,hdao
69,,2020/07/09,null,hyperdao,hdao
70,,2020/07/10,null,hyperdao,hdao
71,,2020/07/11,1,hyperdao,hdao
72,,2020/07/12,null,hyperdao,hdao
73,,2020/07/13,null,hyperdao,hdao
74,,2020/07/14,null,hyperdao,hdao
75,,2020/07/15,null,hyperdao,hdao
76,,2020/07/16,null,hyperdao,hdao
77,,2020/07/17,null,hyperdao,hdao
78,,2020/07/18,null,hyperdao,hdao
79,,2020/07/19,null,hyperdao,hdao
80,,2020/07/20,null,hyperdao,hdao
81,,2020/07/21,null,hyperdao,hdao
82,,2020/07/22,null,hyperdao,hdao
83,,2020/07/23,null,hyperdao,hdao
84,,2020/07/24,null,hyperdao,hdao
85,,2020/07/25,null,hyperdao,hdao
86,,2020/07/26,null,hyperdao,hdao
87,,2020/07/27,null,hyperdao,hdao
88,,2020/07/28,null,hyperdao,hdao
89,,2020/07/29,null,hyperdao,hdao
90,,2020/07/30,null,hyperdao,hdao
91,,2020/07/31,null,hyperdao,hdao
92,,2020/08/01,null,hyperdao,hdao
93,,2020/08/02,null,hyperdao,hdao
94,,2020/08/03,null,hyperdao,hdao
95,,2020/08/04,null,hyperdao,hdao
96,,2020/08/05,null,hyperdao,hdao
97,,2020/08/06,null,hyperdao,hdao
98,,2020/08/07,null,hyperdao,hdao
99,,2020/08/08,null,hyperdao,hdao
100,,2020/08/09,null,hyperdao,hdao
101,,2020/08/10,4,hyperdao,hdao
102,,2020/08/11,null,hyperdao,hdao
103,,2020/08/12,null,hyperdao,hdao
104,,2020/08/13,null,hyperdao,hdao
105,,2020/08/14,3,hyperdao,hdao
106,,2020/08/15,null,hyperdao,hdao
107,,2020/08/16,null,hyperdao,hdao
108,,2020/08/17,1,hyperdao,hdao
109,,2020/08/18,null,hyperdao,hdao
110,,2020/08/19,null,hyperdao,hdao
111,,2020/08/20,1,hyperdao,hdao
112,,2020/08/21,1,hyperdao,hdao
113,,2020/08/22,null,hyperdao,hdao
114,,2020/08/23,null,hyperdao,hdao
115,,2020/08/24,null,hyperdao,hdao
116,,2020/08/25,null,hyperdao,hdao
117,,2020/08/26,null,hyperdao,hdao
118,,2020/08/27,null,hyperdao,hdao
119,,2020/08/28,null,hyperdao,hdao
120,,2020/08/29,null,hyperdao,hdao
121,,2020/08/30,null,hyperdao,hdao
122,,2020/08/31,null,hyperdao,hdao
123,,2020/09/01,1,hyperdao,hdao
124,,2020/09/02,null,hyperdao,hdao
125,,2020/09/03,null,hyperdao,hdao
126,,2020/09/04,null,hyperdao,hdao
127,,2020/09/05,null,hyperdao,hdao
128,,2020/09/06,null,hyperdao,hdao
129,,2020/09/07,null,hyperdao,hdao
130,,2020/09/08,null,hyperdao,hdao
131,,2020/09/09,null,hyperdao,hdao
132,,2020/09/10,null,hyperdao,hdao
133,,2020/09/11,1,hyperdao,hdao
134,,2020/09/12,1,hyperdao,hdao
135,,2020/09/13,null,hyperdao,hdao
136,,2020/09/14,2,hyperdao,hdao
137,,2020/09/15,3,hyperdao,hdao
138,,2020/09/16,null,hyperdao,hdao
139,,2020/09/17,4,hyperdao,hdao
140,,2020/09/18,2,hyperdao,hdao
141,,2020/09/19,null,hyperdao,hdao
142,,2020/09/20,null,hyperdao,hdao
143,,2020/09/21,2,hyperdao,hdao
144,,2020/09/22,null,hyperdao,hdao
145,,2020/09/23,2,hyperdao,hdao
146,,2020/09/24,null,hyperdao,hdao
147,,2020/09/25,null,hyperdao,hdao
148,,2020/09/26,null,hyperdao,hdao
149,,2020/09/27,null,hyperdao,hdao
150,,2020/09/28,1,hyperdao,hdao
151,,2020/09/29,null,hyperdao,hdao
152,,2020/09/30,null,hyperdao,hdao
153,,2020/10/01,null,hyperdao,hdao
154,,2020/10/02,null,hyperdao,hdao
155,,2020/10/03,null,hyperdao,hdao
156,,2020/10/04,null,hyperdao,hdao
157,,2020/10/05,null,hyperdao,hdao
158,,2020/10/06,null,hyperdao,hdao
159,,2020/10/07,null,hyperdao,hdao
160,,2020/10/08,null,hyperdao,hdao
161,,2020/10/09,null,hyperdao,hdao
162,,2020/10/10,null,hyperdao,hdao
163,,2020/10/11,null,hyperdao,hdao
164,,2020/10/12,null,hyperdao,hdao
165,,2020/10/13,null,hyperdao,hdao
166,,2020/10/14,null,hyperdao,hdao
167,,2020/10/15,null,hyperdao,hdao
168,,2020/10/16,null,hyperdao,hdao
169,,2020/10/17,null,hyperdao,hdao
170,,2020/10/18,null,hyperdao,hdao
171,,2020/10/19,null,hyperdao,hdao
172,,2020/10/20,null,hyperdao,hdao
173,,2020/10/21,null,hyperdao,hdao
174,,2020/10/22,null,hyperdao,hdao
175,,2020/10/23,null,hyperdao,hdao
176,,2020/10/24,null,hyperdao,hdao
177,,2020/10/25,null,hyperdao,hdao
178,,2020/10/26,null,hyperdao,hdao
179,,2020/10/27,null,hyperdao,hdao
180,,2020/10/28,null,hyperdao,hdao
181,,2020/10/29,null,hyperdao,hdao
182,,2020/10/30,null,hyperdao,hdao
183,,2020/10/31,null,hyperdao,hdao
184,,2020/11/01,null,hyperdao,hdao
185,,2020/11/02,null,hyperdao,hdao
186,,2020/11/03,null,hyperdao,hdao
187,,2020/11/04,null,hyperdao,hdao
188,,2020/11/05,null,hyperdao,hdao
189,,2020/11/06,null,hyperdao,hdao
190,,2020/11/07,null,hyperdao,hdao
191,,2020/11/08,null,hyperdao,hdao
192,,2020/11/09,1,hyperdao,hdao
193,,2020/11/10,null,hyperdao,hdao
194,,2020/11/11,null,hyperdao,hdao
195,,2020/11/12,null,hyperdao,hdao
196,,2020/11/13,null,hyperdao,hdao
197,,2020/11/14,null,hyperdao,hdao
198,,2020/11/15,1,hyperdao,hdao
199,,2020/11/16,1,hyperdao,hdao
200,,2020/11/17,null,hyperdao,hdao
201,,2020/11/18,null,hyperdao,hdao
202,,2020/11/19,null,hyperdao,hdao
203,,2020/11/20,null,hyperdao,hdao
204,,2020/11/21,null,hyperdao,hdao
205,,2020/11/22,1,hyperdao,hdao
206,,2020/11/23,null,hyperdao,hdao
207,,2020/11/24,1,hyperdao,hdao
208,,2020/11/25,null,hyperdao,hdao
209,,2020/11/26,null,hyperdao,hdao
210,,2020/11/27,null,hyperdao,hdao
211,,2020/11/28,1,hyperdao,hdao
212,,2020/11/29,null,hyperdao,hdao
213,,2020/11/30,1,hyperdao,hdao
214,,2020/12/01,null,hyperdao,hdao
215,,2020/12/02,2,hyperdao,hdao
