,google_trends,date,tweets,full_name,coin
0,,2018/04/07,9,iocoin,ioc
1,,2018/04/08,null,iocoin,ioc
2,,2018/04/09,null,iocoin,ioc
3,,2018/04/10,12,iocoin,ioc
4,,2018/04/11,6,iocoin,ioc
5,,2018/04/12,2,iocoin,ioc
6,,2018/04/13,1,iocoin,ioc
7,,2018/04/14,9,iocoin,ioc
8,,2018/04/15,8,iocoin,ioc
9,,2018/04/16,9,iocoin,ioc
10,,2018/04/17,4,iocoin,ioc
11,,2018/04/18,3,iocoin,ioc
12,,2018/04/19,3,iocoin,ioc
13,,2018/04/20,9,iocoin,ioc
14,,2018/04/21,1,iocoin,ioc
15,,2018/04/22,null,iocoin,ioc
16,,2018/04/23,1,iocoin,ioc
17,,2018/04/24,8,iocoin,ioc
18,,2018/04/25,9,iocoin,ioc
19,,2018/04/26,2,iocoin,ioc
20,,2018/04/27,3,iocoin,ioc
21,,2018/04/28,19,iocoin,ioc
22,,2018/04/29,6,iocoin,ioc
23,,2018/04/30,8,iocoin,ioc
24,,2018/05/01,15,iocoin,ioc
25,,2018/05/02,43,iocoin,ioc
26,,2018/05/03,2,iocoin,ioc
27,,2018/05/04,4,iocoin,ioc
28,,2018/05/05,null,iocoin,ioc
29,,2018/05/06,1,iocoin,ioc
30,,2018/05/07,2,iocoin,ioc
31,,2018/05/08,null,iocoin,ioc
32,,2018/05/09,null,iocoin,ioc
33,,2018/05/10,null,iocoin,ioc
34,,2018/05/11,null,iocoin,ioc
35,,2018/05/12,null,iocoin,ioc
36,,2018/05/13,null,iocoin,ioc
37,,2018/05/14,10,iocoin,ioc
38,,2018/05/15,12,iocoin,ioc
39,,2018/05/16,2,iocoin,ioc
40,,2018/05/17,null,iocoin,ioc
41,,2018/05/18,null,iocoin,ioc
42,,2018/05/19,null,iocoin,ioc
43,,2018/05/20,5,iocoin,ioc
44,,2018/05/21,2,iocoin,ioc
45,,2018/05/22,null,iocoin,ioc
46,,2018/05/23,null,iocoin,ioc
47,,2018/05/24,null,iocoin,ioc
48,,2018/05/25,null,iocoin,ioc
49,,2018/05/26,null,iocoin,ioc
50,,2018/05/27,null,iocoin,ioc
51,,2018/05/28,2,iocoin,ioc
52,,2018/05/29,1,iocoin,ioc
53,,2018/05/30,null,iocoin,ioc
54,,2018/05/31,null,iocoin,ioc
55,,2018/06/01,1,iocoin,ioc
56,,2018/06/02,null,iocoin,ioc
57,,2018/06/03,null,iocoin,ioc
58,,2018/06/04,null,iocoin,ioc
59,,2018/06/05,null,iocoin,ioc
60,,2018/06/06,null,iocoin,ioc
61,,2018/06/07,null,iocoin,ioc
62,,2018/06/08,null,iocoin,ioc
63,,2018/06/09,null,iocoin,ioc
64,,2018/06/10,null,iocoin,ioc
65,,2018/06/11,null,iocoin,ioc
66,,2018/06/12,1,iocoin,ioc
67,,2018/06/13,6,iocoin,ioc
68,,2018/06/14,9,iocoin,ioc
69,,2018/06/15,13,iocoin,ioc
70,,2018/06/16,9,iocoin,ioc
71,,2018/06/17,null,iocoin,ioc
72,,2018/06/18,null,iocoin,ioc
73,,2018/06/19,null,iocoin,ioc
74,,2018/06/20,null,iocoin,ioc
75,,2018/06/21,null,iocoin,ioc
76,,2018/06/22,null,iocoin,ioc
77,,2018/06/23,null,iocoin,ioc
78,,2018/06/24,null,iocoin,ioc
79,,2018/06/25,null,iocoin,ioc
80,,2018/06/26,6,iocoin,ioc
81,,2018/06/27,1,iocoin,ioc
82,,2018/06/28,null,iocoin,ioc
83,,2018/06/29,null,iocoin,ioc
84,,2018/06/30,null,iocoin,ioc
85,,2018/07/01,null,iocoin,ioc
86,,2018/07/02,null,iocoin,ioc
87,,2018/07/03,null,iocoin,ioc
88,,2018/07/04,null,iocoin,ioc
89,,2018/07/05,null,iocoin,ioc
90,,2018/07/06,null,iocoin,ioc
91,,2018/07/07,null,iocoin,ioc
92,,2018/07/08,null,iocoin,ioc
93,,2018/07/09,null,iocoin,ioc
94,,2018/07/10,null,iocoin,ioc
95,,2018/07/11,null,iocoin,ioc
96,,2018/07/12,null,iocoin,ioc
97,,2018/07/13,null,iocoin,ioc
98,,2018/07/14,null,iocoin,ioc
99,,2018/07/15,null,iocoin,ioc
100,,2018/07/16,1,iocoin,ioc
101,,2018/07/17,null,iocoin,ioc
102,,2018/07/18,null,iocoin,ioc
103,,2018/07/19,null,iocoin,ioc
104,,2018/07/20,null,iocoin,ioc
105,,2018/07/21,null,iocoin,ioc
106,,2018/07/22,null,iocoin,ioc
107,,2018/07/23,null,iocoin,ioc
108,,2018/07/24,null,iocoin,ioc
109,,2018/07/25,null,iocoin,ioc
110,,2018/07/26,null,iocoin,ioc
111,,2018/07/27,null,iocoin,ioc
112,,2018/07/28,null,iocoin,ioc
113,,2018/07/29,null,iocoin,ioc
114,,2018/07/30,null,iocoin,ioc
115,,2018/07/31,null,iocoin,ioc
116,,2018/08/01,null,iocoin,ioc
117,,2018/08/02,null,iocoin,ioc
118,,2018/08/03,null,iocoin,ioc
119,,2018/08/04,null,iocoin,ioc
120,,2018/08/05,null,iocoin,ioc
121,,2018/08/06,null,iocoin,ioc
122,,2018/08/07,1,iocoin,ioc
123,,2018/08/08,null,iocoin,ioc
124,,2018/08/09,null,iocoin,ioc
125,,2018/08/10,null,iocoin,ioc
126,,2018/08/11,null,iocoin,ioc
127,,2018/08/12,null,iocoin,ioc
128,,2018/08/13,null,iocoin,ioc
129,,2018/08/14,3,iocoin,ioc
130,,2018/08/15,null,iocoin,ioc
131,,2018/08/16,null,iocoin,ioc
132,,2018/08/17,13,iocoin,ioc
133,,2018/08/18,5,iocoin,ioc
134,,2018/08/19,22,iocoin,ioc
135,,2018/08/20,1,iocoin,ioc
136,,2018/08/21,20,iocoin,ioc
137,,2018/08/22,null,iocoin,ioc
138,,2018/08/23,null,iocoin,ioc
139,,2018/08/24,null,iocoin,ioc
140,,2018/08/25,21,iocoin,ioc
141,,2018/08/26,6,iocoin,ioc
142,,2018/08/27,null,iocoin,ioc
143,,2018/08/28,null,iocoin,ioc
144,,2018/08/29,3,iocoin,ioc
145,,2018/08/30,4,iocoin,ioc
146,,2018/08/31,null,iocoin,ioc
147,,2018/09/01,null,iocoin,ioc
148,,2018/09/02,null,iocoin,ioc
149,,2018/09/03,null,iocoin,ioc
150,,2018/09/04,null,iocoin,ioc
151,,2018/09/05,null,iocoin,ioc
152,,2018/09/06,null,iocoin,ioc
153,,2018/09/07,null,iocoin,ioc
154,,2018/09/08,null,iocoin,ioc
155,,2018/09/09,null,iocoin,ioc
156,,2018/09/10,null,iocoin,ioc
157,,2018/09/11,null,iocoin,ioc
158,,2018/09/12,2,iocoin,ioc
159,,2018/09/13,1,iocoin,ioc
160,,2018/09/14,null,iocoin,ioc
161,,2018/09/15,null,iocoin,ioc
162,,2018/09/16,null,iocoin,ioc
163,,2018/09/17,null,iocoin,ioc
164,,2018/09/18,null,iocoin,ioc
165,,2018/09/19,null,iocoin,ioc
166,,2018/09/20,null,iocoin,ioc
167,,2018/09/21,null,iocoin,ioc
168,,2018/09/22,null,iocoin,ioc
169,,2018/09/23,null,iocoin,ioc
170,,2018/09/24,null,iocoin,ioc
171,,2018/09/25,8,iocoin,ioc
172,,2018/09/26,null,iocoin,ioc
173,,2018/09/27,null,iocoin,ioc
174,,2018/09/28,null,iocoin,ioc
175,,2018/09/29,null,iocoin,ioc
176,,2018/09/30,null,iocoin,ioc
177,,2018/10/01,null,iocoin,ioc
178,,2018/10/02,null,iocoin,ioc
179,,2018/10/03,null,iocoin,ioc
180,,2018/10/04,null,iocoin,ioc
181,,2018/10/05,6,iocoin,ioc
182,,2018/10/06,3,iocoin,ioc
183,,2018/10/07,null,iocoin,ioc
184,,2018/10/08,5,iocoin,ioc
185,,2018/10/09,null,iocoin,ioc
186,,2018/10/10,null,iocoin,ioc
187,,2018/10/11,null,iocoin,ioc
188,,2018/10/12,null,iocoin,ioc
189,,2018/10/13,null,iocoin,ioc
190,,2018/10/14,2,iocoin,ioc
191,,2018/10/15,null,iocoin,ioc
192,,2018/10/16,null,iocoin,ioc
193,,2018/10/17,null,iocoin,ioc
194,,2018/10/18,null,iocoin,ioc
195,,2018/10/19,5,iocoin,ioc
196,,2018/10/20,2,iocoin,ioc
197,,2018/10/21,null,iocoin,ioc
198,,2018/10/22,1,iocoin,ioc
199,,2018/10/23,null,iocoin,ioc
200,,2018/10/24,null,iocoin,ioc
201,,2018/10/25,null,iocoin,ioc
202,,2018/10/26,2,iocoin,ioc
203,,2018/10/27,null,iocoin,ioc
204,,2018/10/28,null,iocoin,ioc
205,,2018/10/29,null,iocoin,ioc
206,,2018/10/30,null,iocoin,ioc
207,,2018/10/31,null,iocoin,ioc
208,,2018/11/01,null,iocoin,ioc
209,,2018/11/02,null,iocoin,ioc
210,,2018/11/03,null,iocoin,ioc
211,,2018/11/04,null,iocoin,ioc
212,,2018/11/05,1,iocoin,ioc
213,,2018/11/06,5,iocoin,ioc
214,,2018/11/07,null,iocoin,ioc
215,,2018/11/08,null,iocoin,ioc
216,,2018/11/09,null,iocoin,ioc
217,,2018/11/10,null,iocoin,ioc
218,,2018/11/11,1,iocoin,ioc
219,,2018/11/12,null,iocoin,ioc
220,,2018/11/13,null,iocoin,ioc
221,,2018/11/14,null,iocoin,ioc
222,,2018/11/15,null,iocoin,ioc
223,,2018/11/16,null,iocoin,ioc
224,,2018/11/17,null,iocoin,ioc
225,,2018/11/18,null,iocoin,ioc
226,,2018/11/19,null,iocoin,ioc
227,,2018/11/20,null,iocoin,ioc
228,,2018/11/21,null,iocoin,ioc
229,,2018/11/22,null,iocoin,ioc
230,,2018/11/23,null,iocoin,ioc
231,,2018/11/24,null,iocoin,ioc
232,,2018/11/25,null,iocoin,ioc
233,,2018/11/26,null,iocoin,ioc
234,,2018/11/27,null,iocoin,ioc
235,,2018/11/28,null,iocoin,ioc
236,,2018/11/29,null,iocoin,ioc
237,,2018/11/30,null,iocoin,ioc
238,,2018/12/01,null,iocoin,ioc
239,,2018/12/02,null,iocoin,ioc
240,,2018/12/03,null,iocoin,ioc
241,,2018/12/04,null,iocoin,ioc
242,,2018/12/05,null,iocoin,ioc
243,,2018/12/06,null,iocoin,ioc
244,,2018/12/07,null,iocoin,ioc
245,,2018/12/08,null,iocoin,ioc
246,,2018/12/09,null,iocoin,ioc
247,,2018/12/10,null,iocoin,ioc
248,,2018/12/11,null,iocoin,ioc
249,,2018/12/12,null,iocoin,ioc
250,,2018/12/13,null,iocoin,ioc
251,,2018/12/14,null,iocoin,ioc
252,,2018/12/15,null,iocoin,ioc
253,,2018/12/16,null,iocoin,ioc
254,,2018/12/17,null,iocoin,ioc
255,,2018/12/18,null,iocoin,ioc
256,,2018/12/19,null,iocoin,ioc
257,,2018/12/20,null,iocoin,ioc
258,,2018/12/21,null,iocoin,ioc
259,,2018/12/22,null,iocoin,ioc
260,,2018/12/23,null,iocoin,ioc
261,,2018/12/24,null,iocoin,ioc
262,,2018/12/25,null,iocoin,ioc
263,,2018/12/26,null,iocoin,ioc
264,,2018/12/27,null,iocoin,ioc
265,,2018/12/28,null,iocoin,ioc
266,,2018/12/29,null,iocoin,ioc
267,,2018/12/30,null,iocoin,ioc
268,,2018/12/31,null,iocoin,ioc
269,,2019/01/01,null,iocoin,ioc
270,,2019/01/02,null,iocoin,ioc
271,,2019/01/03,null,iocoin,ioc
272,,2019/01/04,null,iocoin,ioc
273,,2019/01/05,null,iocoin,ioc
274,,2019/01/06,null,iocoin,ioc
275,,2019/01/07,null,iocoin,ioc
276,,2019/01/08,null,iocoin,ioc
277,,2019/01/09,null,iocoin,ioc
278,,2019/01/10,null,iocoin,ioc
279,,2019/01/11,null,iocoin,ioc
280,,2019/01/12,null,iocoin,ioc
281,,2019/01/13,null,iocoin,ioc
282,,2019/01/14,null,iocoin,ioc
283,,2019/01/15,null,iocoin,ioc
284,,2019/01/16,null,iocoin,ioc
285,,2019/01/17,null,iocoin,ioc
286,,2019/01/18,null,iocoin,ioc
287,,2019/01/19,null,iocoin,ioc
288,,2019/01/20,null,iocoin,ioc
289,,2019/01/21,null,iocoin,ioc
290,,2019/01/22,null,iocoin,ioc
291,,2019/01/23,null,iocoin,ioc
292,,2019/01/24,null,iocoin,ioc
293,,2019/01/25,null,iocoin,ioc
294,,2019/01/26,null,iocoin,ioc
295,,2019/01/27,null,iocoin,ioc
296,,2019/01/28,null,iocoin,ioc
297,,2019/01/29,null,iocoin,ioc
298,,2019/01/30,null,iocoin,ioc
299,,2019/01/31,null,iocoin,ioc
300,,2019/02/01,null,iocoin,ioc
301,,2019/02/02,null,iocoin,ioc
302,,2019/02/03,null,iocoin,ioc
303,,2019/02/04,null,iocoin,ioc
304,,2019/02/05,null,iocoin,ioc
305,,2019/02/06,null,iocoin,ioc
306,,2019/02/07,null,iocoin,ioc
307,,2019/02/08,null,iocoin,ioc
308,,2019/02/09,null,iocoin,ioc
309,,2019/02/10,null,iocoin,ioc
310,,2019/02/11,null,iocoin,ioc
311,,2019/02/12,null,iocoin,ioc
312,,2019/02/13,null,iocoin,ioc
313,,2019/02/14,null,iocoin,ioc
314,,2019/02/15,null,iocoin,ioc
315,,2019/02/16,null,iocoin,ioc
316,,2019/02/17,null,iocoin,ioc
317,,2019/02/18,null,iocoin,ioc
318,,2019/02/19,null,iocoin,ioc
319,,2019/02/20,null,iocoin,ioc
320,,2019/02/21,null,iocoin,ioc
321,,2019/02/22,null,iocoin,ioc
322,,2019/02/23,null,iocoin,ioc
323,,2019/02/24,null,iocoin,ioc
324,,2019/02/25,null,iocoin,ioc
325,,2019/02/26,null,iocoin,ioc
326,,2019/02/27,null,iocoin,ioc
327,,2019/02/28,null,iocoin,ioc
328,,2019/03/01,null,iocoin,ioc
329,,2019/03/02,null,iocoin,ioc
330,,2019/03/03,null,iocoin,ioc
331,,2019/03/04,null,iocoin,ioc
332,,2019/03/05,null,iocoin,ioc
333,,2019/03/06,null,iocoin,ioc
334,,2019/03/07,null,iocoin,ioc
335,,2019/03/08,null,iocoin,ioc
336,,2019/03/09,null,iocoin,ioc
337,,2019/03/10,null,iocoin,ioc
338,,2019/03/11,null,iocoin,ioc
339,,2019/03/12,null,iocoin,ioc
340,,2019/03/13,null,iocoin,ioc
341,,2019/03/14,null,iocoin,ioc
342,,2019/03/15,null,iocoin,ioc
343,,2019/03/16,null,iocoin,ioc
344,,2019/03/17,null,iocoin,ioc
345,,2019/03/18,null,iocoin,ioc
346,,2019/03/19,null,iocoin,ioc
347,,2019/03/20,null,iocoin,ioc
348,,2019/03/21,null,iocoin,ioc
349,,2019/03/22,null,iocoin,ioc
350,,2019/03/23,null,iocoin,ioc
351,,2019/03/24,null,iocoin,ioc
352,,2019/03/25,null,iocoin,ioc
353,,2019/03/26,null,iocoin,ioc
354,,2019/03/27,null,iocoin,ioc
355,,2019/03/28,null,iocoin,ioc
356,,2019/03/29,null,iocoin,ioc
357,,2019/03/30,null,iocoin,ioc
358,,2019/03/31,null,iocoin,ioc
359,,2019/04/01,null,iocoin,ioc
360,,2019/04/02,null,iocoin,ioc
361,,2019/04/03,null,iocoin,ioc
362,,2019/04/04,null,iocoin,ioc
363,,2019/04/05,null,iocoin,ioc
364,,2019/04/06,null,iocoin,ioc
365,,2019/04/07,null,iocoin,ioc
366,,2019/04/08,null,iocoin,ioc
367,,2019/04/09,null,iocoin,ioc
368,,2019/04/10,null,iocoin,ioc
369,,2019/04/11,null,iocoin,ioc
370,,2019/04/12,null,iocoin,ioc
371,,2019/04/13,null,iocoin,ioc
372,,2019/04/14,null,iocoin,ioc
373,,2019/04/15,null,iocoin,ioc
374,,2019/04/16,null,iocoin,ioc
375,,2019/04/17,null,iocoin,ioc
376,,2019/04/18,null,iocoin,ioc
377,,2019/04/19,null,iocoin,ioc
378,,2019/04/20,null,iocoin,ioc
379,,2019/04/21,null,iocoin,ioc
380,,2019/04/22,null,iocoin,ioc
381,,2019/04/23,null,iocoin,ioc
382,,2019/04/24,null,iocoin,ioc
383,,2019/04/25,null,iocoin,ioc
384,,2019/04/26,null,iocoin,ioc
385,,2019/04/27,null,iocoin,ioc
386,,2019/04/28,null,iocoin,ioc
387,,2019/04/29,null,iocoin,ioc
388,,2019/04/30,null,iocoin,ioc
389,,2019/05/01,null,iocoin,ioc
390,,2019/05/02,null,iocoin,ioc
391,,2019/05/03,null,iocoin,ioc
392,,2019/05/04,null,iocoin,ioc
393,,2019/05/05,null,iocoin,ioc
394,,2019/05/06,null,iocoin,ioc
395,,2019/05/07,null,iocoin,ioc
396,,2019/05/08,null,iocoin,ioc
397,,2019/05/09,null,iocoin,ioc
398,,2019/05/10,null,iocoin,ioc
399,,2019/05/11,null,iocoin,ioc
400,,2019/05/12,null,iocoin,ioc
401,,2019/05/13,null,iocoin,ioc
402,,2019/05/14,null,iocoin,ioc
403,,2019/05/15,null,iocoin,ioc
404,,2019/05/16,null,iocoin,ioc
405,,2019/05/17,null,iocoin,ioc
406,,2019/05/18,null,iocoin,ioc
407,,2019/05/19,null,iocoin,ioc
408,,2019/05/20,null,iocoin,ioc
409,,2019/05/21,null,iocoin,ioc
410,,2019/05/22,null,iocoin,ioc
411,,2019/05/23,null,iocoin,ioc
412,,2019/05/24,null,iocoin,ioc
413,,2019/05/25,null,iocoin,ioc
414,,2019/05/26,null,iocoin,ioc
415,,2019/05/27,null,iocoin,ioc
416,,2019/05/28,null,iocoin,ioc
417,,2019/05/29,null,iocoin,ioc
418,,2019/05/30,null,iocoin,ioc
419,,2019/05/31,null,iocoin,ioc
420,,2019/06/01,null,iocoin,ioc
421,,2019/06/02,null,iocoin,ioc
422,,2019/06/03,null,iocoin,ioc
423,,2019/06/04,null,iocoin,ioc
424,,2019/06/05,null,iocoin,ioc
425,,2019/06/06,null,iocoin,ioc
426,,2019/06/07,null,iocoin,ioc
427,,2019/06/08,null,iocoin,ioc
428,,2019/06/09,null,iocoin,ioc
429,,2019/06/10,null,iocoin,ioc
430,,2019/06/11,null,iocoin,ioc
431,,2019/06/12,null,iocoin,ioc
432,,2019/06/13,null,iocoin,ioc
433,,2019/06/14,null,iocoin,ioc
434,,2019/06/15,null,iocoin,ioc
435,,2019/06/16,null,iocoin,ioc
436,,2019/06/17,null,iocoin,ioc
437,,2019/06/18,null,iocoin,ioc
438,,2019/06/19,null,iocoin,ioc
439,,2019/06/20,null,iocoin,ioc
440,,2019/06/21,null,iocoin,ioc
441,,2019/06/22,null,iocoin,ioc
442,,2019/06/23,null,iocoin,ioc
443,,2019/06/24,null,iocoin,ioc
444,,2019/06/25,null,iocoin,ioc
445,,2019/06/26,null,iocoin,ioc
446,,2019/06/27,null,iocoin,ioc
447,,2019/06/28,null,iocoin,ioc
448,,2019/06/29,null,iocoin,ioc
449,,2019/06/30,null,iocoin,ioc
450,,2019/07/01,null,iocoin,ioc
451,,2019/07/02,null,iocoin,ioc
452,,2019/07/03,null,iocoin,ioc
453,,2019/07/04,null,iocoin,ioc
454,,2019/07/05,null,iocoin,ioc
455,,2019/07/06,null,iocoin,ioc
456,,2019/07/07,null,iocoin,ioc
457,,2019/07/08,null,iocoin,ioc
458,,2019/07/09,null,iocoin,ioc
459,,2019/07/10,null,iocoin,ioc
460,,2019/07/11,null,iocoin,ioc
461,,2019/07/12,null,iocoin,ioc
462,,2019/07/13,null,iocoin,ioc
463,,2019/07/14,null,iocoin,ioc
464,,2019/07/15,null,iocoin,ioc
465,,2019/07/16,null,iocoin,ioc
466,,2019/07/17,null,iocoin,ioc
467,,2019/07/18,null,iocoin,ioc
468,,2019/07/19,null,iocoin,ioc
469,,2019/07/20,null,iocoin,ioc
470,,2019/07/21,null,iocoin,ioc
471,,2019/07/22,null,iocoin,ioc
472,,2019/07/23,null,iocoin,ioc
473,,2019/07/24,null,iocoin,ioc
474,,2019/07/25,null,iocoin,ioc
475,,2019/07/26,null,iocoin,ioc
476,,2019/07/27,null,iocoin,ioc
477,,2019/07/28,null,iocoin,ioc
478,,2019/07/29,null,iocoin,ioc
479,,2019/07/30,null,iocoin,ioc
480,,2019/07/31,null,iocoin,ioc
481,,2019/08/01,null,iocoin,ioc
482,,2019/08/02,null,iocoin,ioc
483,,2019/08/03,null,iocoin,ioc
484,,2019/08/04,null,iocoin,ioc
485,,2019/08/05,null,iocoin,ioc
486,,2019/08/06,null,iocoin,ioc
487,,2019/08/07,null,iocoin,ioc
488,,2019/08/08,null,iocoin,ioc
489,,2019/08/09,null,iocoin,ioc
490,,2019/08/10,null,iocoin,ioc
491,,2019/08/11,null,iocoin,ioc
492,,2019/08/12,null,iocoin,ioc
493,,2019/08/13,null,iocoin,ioc
494,,2019/08/14,null,iocoin,ioc
495,,2019/08/15,null,iocoin,ioc
496,,2019/08/16,null,iocoin,ioc
497,,2019/08/17,null,iocoin,ioc
498,,2019/08/18,null,iocoin,ioc
499,,2019/08/19,null,iocoin,ioc
500,,2019/08/20,null,iocoin,ioc
501,,2019/08/21,null,iocoin,ioc
502,,2019/08/22,null,iocoin,ioc
503,,2019/08/23,null,iocoin,ioc
504,,2019/08/24,null,iocoin,ioc
505,,2019/08/25,null,iocoin,ioc
506,,2019/08/26,null,iocoin,ioc
507,,2019/08/27,null,iocoin,ioc
508,,2019/08/28,null,iocoin,ioc
509,,2019/08/29,null,iocoin,ioc
510,,2019/08/30,null,iocoin,ioc
511,,2019/08/31,null,iocoin,ioc
512,,2019/09/01,null,iocoin,ioc
513,,2019/09/02,null,iocoin,ioc
514,,2019/09/03,null,iocoin,ioc
515,,2019/09/04,null,iocoin,ioc
516,,2019/09/05,null,iocoin,ioc
517,,2019/09/06,null,iocoin,ioc
518,,2019/09/07,null,iocoin,ioc
519,,2019/09/08,null,iocoin,ioc
520,,2019/09/09,null,iocoin,ioc
521,,2019/09/10,null,iocoin,ioc
522,,2019/09/11,null,iocoin,ioc
523,,2019/09/12,null,iocoin,ioc
524,,2019/09/13,null,iocoin,ioc
525,,2019/09/14,null,iocoin,ioc
526,,2019/09/15,null,iocoin,ioc
527,,2019/09/16,null,iocoin,ioc
528,,2019/09/17,null,iocoin,ioc
529,,2019/09/18,null,iocoin,ioc
530,,2019/09/19,null,iocoin,ioc
531,,2019/09/20,null,iocoin,ioc
532,,2019/09/21,null,iocoin,ioc
533,,2019/09/22,null,iocoin,ioc
534,,2019/09/23,null,iocoin,ioc
535,,2019/09/24,null,iocoin,ioc
536,,2019/09/25,null,iocoin,ioc
537,,2019/09/26,null,iocoin,ioc
538,,2019/09/27,null,iocoin,ioc
539,,2019/09/28,null,iocoin,ioc
540,,2019/09/29,null,iocoin,ioc
541,,2019/09/30,null,iocoin,ioc
542,,2019/10/01,null,iocoin,ioc
543,,2019/10/02,null,iocoin,ioc
544,,2019/10/03,null,iocoin,ioc
545,,2019/10/04,null,iocoin,ioc
546,,2019/10/05,null,iocoin,ioc
547,,2019/10/06,null,iocoin,ioc
548,,2019/10/07,null,iocoin,ioc
549,,2019/10/08,null,iocoin,ioc
550,,2019/10/09,null,iocoin,ioc
551,,2019/10/10,null,iocoin,ioc
552,,2019/10/11,null,iocoin,ioc
553,,2019/10/12,null,iocoin,ioc
554,,2019/10/13,null,iocoin,ioc
555,,2019/10/14,null,iocoin,ioc
556,,2019/10/15,null,iocoin,ioc
557,,2019/10/16,null,iocoin,ioc
558,,2019/10/17,null,iocoin,ioc
559,,2019/10/18,null,iocoin,ioc
560,,2019/10/19,1,iocoin,ioc
561,,2019/10/20,7,iocoin,ioc
562,,2019/10/21,null,iocoin,ioc
563,,2019/10/22,null,iocoin,ioc
564,,2019/10/23,null,iocoin,ioc
565,,2019/10/24,null,iocoin,ioc
566,,2019/10/25,null,iocoin,ioc
567,,2019/10/26,null,iocoin,ioc
568,,2019/10/27,null,iocoin,ioc
569,,2019/10/28,null,iocoin,ioc
570,,2019/10/29,null,iocoin,ioc
571,,2019/10/30,null,iocoin,ioc
572,,2019/10/31,null,iocoin,ioc
573,,2019/11/01,null,iocoin,ioc
574,,2019/11/02,null,iocoin,ioc
575,,2019/11/03,null,iocoin,ioc
576,,2019/11/04,null,iocoin,ioc
577,,2019/11/05,null,iocoin,ioc
578,,2019/11/06,null,iocoin,ioc
579,,2019/11/07,null,iocoin,ioc
580,,2019/11/08,null,iocoin,ioc
581,,2019/11/09,null,iocoin,ioc
582,,2019/11/10,null,iocoin,ioc
583,,2019/11/11,null,iocoin,ioc
584,,2019/11/12,null,iocoin,ioc
585,,2019/11/13,null,iocoin,ioc
586,,2019/11/14,null,iocoin,ioc
587,,2019/11/15,null,iocoin,ioc
588,,2019/11/16,null,iocoin,ioc
589,,2019/11/17,null,iocoin,ioc
590,,2019/11/18,null,iocoin,ioc
591,,2019/11/19,null,iocoin,ioc
592,,2019/11/20,null,iocoin,ioc
593,,2019/11/21,null,iocoin,ioc
594,,2019/11/22,null,iocoin,ioc
595,,2019/11/23,null,iocoin,ioc
596,,2019/11/24,null,iocoin,ioc
597,,2019/11/25,null,iocoin,ioc
598,,2019/11/26,null,iocoin,ioc
599,,2019/11/27,null,iocoin,ioc
600,,2019/11/28,null,iocoin,ioc
601,,2019/11/29,null,iocoin,ioc
602,,2019/11/30,null,iocoin,ioc
603,,2019/12/01,null,iocoin,ioc
604,,2019/12/02,null,iocoin,ioc
605,,2019/12/03,null,iocoin,ioc
606,,2019/12/04,null,iocoin,ioc
607,,2019/12/05,null,iocoin,ioc
608,,2019/12/06,null,iocoin,ioc
609,,2019/12/07,null,iocoin,ioc
610,,2019/12/08,null,iocoin,ioc
611,,2019/12/09,null,iocoin,ioc
612,,2019/12/10,null,iocoin,ioc
613,,2019/12/11,null,iocoin,ioc
614,,2019/12/12,null,iocoin,ioc
615,,2019/12/13,null,iocoin,ioc
616,,2019/12/14,null,iocoin,ioc
617,,2019/12/15,null,iocoin,ioc
618,,2019/12/16,null,iocoin,ioc
619,,2019/12/17,null,iocoin,ioc
620,,2019/12/18,null,iocoin,ioc
621,,2019/12/19,null,iocoin,ioc
622,,2019/12/20,null,iocoin,ioc
623,,2019/12/21,null,iocoin,ioc
624,,2019/12/22,null,iocoin,ioc
625,,2019/12/23,null,iocoin,ioc
626,,2019/12/24,null,iocoin,ioc
627,,2019/12/25,null,iocoin,ioc
628,,2019/12/26,null,iocoin,ioc
629,,2019/12/27,null,iocoin,ioc
630,,2019/12/28,null,iocoin,ioc
631,,2019/12/29,null,iocoin,ioc
632,,2019/12/30,null,iocoin,ioc
633,,2019/12/31,null,iocoin,ioc
634,,2020/01/01,null,iocoin,ioc
635,,2020/01/02,null,iocoin,ioc
636,,2020/01/03,null,iocoin,ioc
637,,2020/01/04,null,iocoin,ioc
638,,2020/01/05,null,iocoin,ioc
639,,2020/01/06,null,iocoin,ioc
640,,2020/01/07,null,iocoin,ioc
641,,2020/01/08,null,iocoin,ioc
642,,2020/01/09,null,iocoin,ioc
643,,2020/01/10,null,iocoin,ioc
644,,2020/01/11,null,iocoin,ioc
645,,2020/01/12,null,iocoin,ioc
646,,2020/01/13,null,iocoin,ioc
647,,2020/01/14,null,iocoin,ioc
648,,2020/01/15,null,iocoin,ioc
649,,2020/01/16,null,iocoin,ioc
650,,2020/01/17,null,iocoin,ioc
651,,2020/01/18,null,iocoin,ioc
652,,2020/01/19,null,iocoin,ioc
653,,2020/01/20,null,iocoin,ioc
654,,2020/01/21,null,iocoin,ioc
655,,2020/01/22,null,iocoin,ioc
656,,2020/01/23,null,iocoin,ioc
657,,2020/01/24,null,iocoin,ioc
658,,2020/01/25,null,iocoin,ioc
659,,2020/01/26,null,iocoin,ioc
660,,2020/01/27,null,iocoin,ioc
661,,2020/01/28,null,iocoin,ioc
662,,2020/01/29,null,iocoin,ioc
663,,2020/01/30,null,iocoin,ioc
664,,2020/01/31,null,iocoin,ioc
665,,2020/02/01,null,iocoin,ioc
666,,2020/02/02,null,iocoin,ioc
667,,2020/02/03,null,iocoin,ioc
668,,2020/02/04,null,iocoin,ioc
669,,2020/02/05,null,iocoin,ioc
670,,2020/02/06,null,iocoin,ioc
671,,2020/02/07,null,iocoin,ioc
672,,2020/02/08,null,iocoin,ioc
673,,2020/02/09,null,iocoin,ioc
674,,2020/02/10,null,iocoin,ioc
675,,2020/02/11,null,iocoin,ioc
676,,2020/02/12,null,iocoin,ioc
677,,2020/02/13,null,iocoin,ioc
678,,2020/02/14,null,iocoin,ioc
679,,2020/02/15,null,iocoin,ioc
680,,2020/02/16,null,iocoin,ioc
681,,2020/02/17,null,iocoin,ioc
682,,2020/02/18,null,iocoin,ioc
683,,2020/02/19,null,iocoin,ioc
684,,2020/02/20,null,iocoin,ioc
685,,2020/02/21,null,iocoin,ioc
686,,2020/02/22,null,iocoin,ioc
687,,2020/02/23,null,iocoin,ioc
688,,2020/02/24,null,iocoin,ioc
689,,2020/02/25,null,iocoin,ioc
690,,2020/02/26,null,iocoin,ioc
691,,2020/02/27,1,iocoin,ioc
692,,2020/02/28,1,iocoin,ioc
