,google_trends,date,tweets,full_name,coin
0,,2018/12/07,1,iotex,iotx
1,,2018/12/08,6,iotex,iotx
2,,2018/12/09,2,iotex,iotx
3,,2018/12/10,1,iotex,iotx
4,,2018/12/11,null,iotex,iotx
5,,2018/12/12,2,iotex,iotx
6,,2018/12/13,1,iotex,iotx
7,,2018/12/14,3,iotex,iotx
8,,2018/12/15,4,iotex,iotx
9,,2018/12/16,5,iotex,iotx
10,,2018/12/17,3,iotex,iotx
11,,2018/12/18,10,iotex,iotx
12,,2018/12/19,15,iotex,iotx
13,,2018/12/20,15,iotex,iotx
14,,2018/12/21,2,iotex,iotx
15,,2018/12/22,1,iotex,iotx
16,,2018/12/23,5,iotex,iotx
17,,2018/12/24,5,iotex,iotx
18,,2018/12/25,2,iotex,iotx
19,,2018/12/26,1,iotex,iotx
20,,2018/12/27,1,iotex,iotx
21,,2018/12/28,10,iotex,iotx
22,,2018/12/29,null,iotex,iotx
23,,2018/12/30,6,iotex,iotx
24,,2018/12/31,7,iotex,iotx
25,,2019/01/01,1,iotex,iotx
26,,2019/01/02,2,iotex,iotx
27,,2019/01/03,2,iotex,iotx
28,,2019/01/04,1,iotex,iotx
29,,2019/01/05,3,iotex,iotx
30,,2019/01/06,4,iotex,iotx
31,,2019/01/07,2,iotex,iotx
32,,2019/01/08,7,iotex,iotx
33,,2019/01/09,15,iotex,iotx
34,,2019/01/10,34,iotex,iotx
35,,2019/01/11,12,iotex,iotx
36,,2019/01/12,16,iotex,iotx
37,,2019/01/13,1,iotex,iotx
38,,2019/01/14,9,iotex,iotx
39,,2019/01/15,2,iotex,iotx
40,,2019/01/16,3,iotex,iotx
41,,2019/01/17,17,iotex,iotx
42,,2019/01/18,8,iotex,iotx
43,,2019/01/19,null,iotex,iotx
44,,2019/01/20,3,iotex,iotx
45,,2019/01/21,2,iotex,iotx
46,,2019/01/22,6,iotex,iotx
47,,2019/01/23,12,iotex,iotx
48,,2019/01/24,14,iotex,iotx
49,,2019/01/25,5,iotex,iotx
50,,2019/01/26,1,iotex,iotx
51,,2019/01/27,1,iotex,iotx
52,,2019/01/28,3,iotex,iotx
53,,2019/01/29,7,iotex,iotx
54,,2019/01/30,9,iotex,iotx
55,,2019/01/31,null,iotex,iotx
56,,2019/02/01,1,iotex,iotx
57,,2019/02/02,4,iotex,iotx
58,,2019/02/03,null,iotex,iotx
59,,2019/02/04,3,iotex,iotx
60,,2019/02/05,null,iotex,iotx
61,,2019/02/06,3,iotex,iotx
62,,2019/02/07,3,iotex,iotx
63,,2019/02/08,19,iotex,iotx
64,,2019/02/09,1,iotex,iotx
65,,2019/02/10,null,iotex,iotx
66,,2019/02/11,5,iotex,iotx
67,,2019/02/12,4,iotex,iotx
68,,2019/02/13,7,iotex,iotx
69,,2019/02/14,10,iotex,iotx
70,,2019/02/15,1,iotex,iotx
71,,2019/02/16,null,iotex,iotx
72,,2019/02/17,9,iotex,iotx
73,,2019/02/18,5,iotex,iotx
74,,2019/02/19,5,iotex,iotx
75,,2019/02/20,5,iotex,iotx
76,,2019/02/21,2,iotex,iotx
77,,2019/02/22,4,iotex,iotx
78,,2019/02/23,9,iotex,iotx
79,,2019/02/24,12,iotex,iotx
80,,2019/02/25,14,iotex,iotx
81,,2019/02/26,14,iotex,iotx
82,,2019/02/27,15,iotex,iotx
83,,2019/02/28,6,iotex,iotx
84,,2019/03/01,1,iotex,iotx
85,,2019/03/02,12,iotex,iotx
86,,2019/03/03,8,iotex,iotx
87,,2019/03/04,15,iotex,iotx
88,,2019/03/05,28,iotex,iotx
89,,2019/03/06,86,iotex,iotx
90,,2019/03/07,34,iotex,iotx
91,,2019/03/08,34,iotex,iotx
92,,2019/03/09,8,iotex,iotx
93,,2019/03/10,19,iotex,iotx
94,,2019/03/11,24,iotex,iotx
95,,2019/03/12,11,iotex,iotx
96,,2019/03/13,11,iotex,iotx
97,,2019/03/14,4,iotex,iotx
98,,2019/03/15,14,iotex,iotx
99,,2019/03/16,9,iotex,iotx
100,,2019/03/17,8,iotex,iotx
101,,2019/03/18,11,iotex,iotx
102,,2019/03/19,24,iotex,iotx
103,,2019/03/20,null,iotex,iotx
104,,2019/03/21,2,iotex,iotx
105,,2019/03/22,2,iotex,iotx
106,,2019/03/23,11,iotex,iotx
107,,2019/03/24,7,iotex,iotx
108,,2019/03/25,1,iotex,iotx
109,,2019/03/26,12,iotex,iotx
110,,2019/03/27,13,iotex,iotx
111,,2019/03/28,23,iotex,iotx
112,,2019/03/29,8,iotex,iotx
113,,2019/03/30,3,iotex,iotx
114,,2019/03/31,5,iotex,iotx
115,,2019/04/01,3,iotex,iotx
116,,2019/04/02,6,iotex,iotx
117,,2019/04/03,6,iotex,iotx
118,,2019/04/04,25,iotex,iotx
119,,2019/04/05,6,iotex,iotx
120,,2019/04/06,2,iotex,iotx
121,,2019/04/07,3,iotex,iotx
122,,2019/04/08,8,iotex,iotx
123,,2019/04/09,32,iotex,iotx
124,,2019/04/10,14,iotex,iotx
125,,2019/04/11,1,iotex,iotx
126,,2019/04/12,null,iotex,iotx
127,,2019/04/13,null,iotex,iotx
128,,2019/04/14,null,iotex,iotx
129,,2019/04/15,8,iotex,iotx
130,,2019/04/16,16,iotex,iotx
131,,2019/04/17,4,iotex,iotx
132,,2019/04/18,5,iotex,iotx
133,,2019/04/19,4,iotex,iotx
134,,2019/04/20,2,iotex,iotx
135,,2019/04/21,4,iotex,iotx
136,,2019/04/22,27,iotex,iotx
137,,2019/04/23,5,iotex,iotx
138,,2019/04/24,15,iotex,iotx
139,,2019/04/25,3,iotex,iotx
140,,2019/04/26,4,iotex,iotx
141,,2019/04/27,1,iotex,iotx
142,,2019/04/28,2,iotex,iotx
143,,2019/04/29,8,iotex,iotx
144,,2019/04/30,11,iotex,iotx
145,,2019/05/01,4,iotex,iotx
146,,2019/05/02,26,iotex,iotx
147,,2019/05/03,16,iotex,iotx
148,,2019/05/04,7,iotex,iotx
149,,2019/05/05,3,iotex,iotx
150,,2019/05/06,4,iotex,iotx
151,,2019/05/07,20,iotex,iotx
152,,2019/05/08,15,iotex,iotx
153,,2019/05/09,23,iotex,iotx
154,,2019/05/10,84,iotex,iotx
155,,2019/05/11,15,iotex,iotx
156,,2019/05/12,21,iotex,iotx
157,,2019/05/13,9,iotex,iotx
158,,2019/05/14,5,iotex,iotx
159,,2019/05/15,8,iotex,iotx
160,,2019/05/16,13,iotex,iotx
161,,2019/05/17,4,iotex,iotx
162,,2019/05/18,null,iotex,iotx
163,,2019/05/19,11,iotex,iotx
164,,2019/05/20,1,iotex,iotx
165,,2019/05/21,37,iotex,iotx
166,,2019/05/22,13,iotex,iotx
167,,2019/05/23,2,iotex,iotx
168,,2019/05/24,5,iotex,iotx
169,,2019/05/25,9,iotex,iotx
170,,2019/05/26,4,iotex,iotx
171,,2019/05/27,4,iotex,iotx
172,,2019/05/28,5,iotex,iotx
173,,2019/05/29,11,iotex,iotx
174,,2019/05/30,12,iotex,iotx
175,,2019/05/31,9,iotex,iotx
176,,2019/06/01,6,iotex,iotx
177,,2019/06/02,6,iotex,iotx
178,,2019/06/03,10,iotex,iotx
179,,2019/06/04,1,iotex,iotx
180,,2019/06/05,11,iotex,iotx
181,,2019/06/06,18,iotex,iotx
182,,2019/06/07,4,iotex,iotx
183,,2019/06/08,1,iotex,iotx
184,,2019/06/09,1,iotex,iotx
185,,2019/06/10,3,iotex,iotx
186,,2019/06/11,1,iotex,iotx
187,,2019/06/12,null,iotex,iotx
188,,2019/06/13,1,iotex,iotx
189,,2019/06/14,5,iotex,iotx
190,,2019/06/15,null,iotex,iotx
191,,2019/06/16,null,iotex,iotx
192,,2019/06/17,21,iotex,iotx
193,,2019/06/18,40,iotex,iotx
194,,2019/06/19,9,iotex,iotx
195,,2019/06/20,18,iotex,iotx
196,,2019/06/21,4,iotex,iotx
197,,2019/06/22,1,iotex,iotx
198,,2019/06/23,4,iotex,iotx
199,,2019/06/24,7,iotex,iotx
200,,2019/06/25,null,iotex,iotx
201,,2019/06/26,9,iotex,iotx
202,,2019/06/27,30,iotex,iotx
203,,2019/06/28,2,iotex,iotx
204,,2019/06/29,null,iotex,iotx
205,,2019/06/30,3,iotex,iotx
206,,2019/07/01,2,iotex,iotx
207,,2019/07/02,20,iotex,iotx
208,,2019/07/03,1,iotex,iotx
209,,2019/07/04,2,iotex,iotx
210,,2019/07/05,4,iotex,iotx
211,,2019/07/06,6,iotex,iotx
212,,2019/07/07,1,iotex,iotx
213,,2019/07/08,7,iotex,iotx
214,,2019/07/09,null,iotex,iotx
215,,2019/07/10,9,iotex,iotx
216,,2019/07/11,5,iotex,iotx
217,,2019/07/12,33,iotex,iotx
218,,2019/07/13,11,iotex,iotx
219,,2019/07/14,1,iotex,iotx
220,,2019/07/15,5,iotex,iotx
221,,2019/07/16,null,iotex,iotx
222,,2019/07/17,2,iotex,iotx
223,,2019/07/18,6,iotex,iotx
224,,2019/07/19,14,iotex,iotx
225,,2019/07/20,1,iotex,iotx
226,,2019/07/21,4,iotex,iotx
227,,2019/07/22,6,iotex,iotx
228,,2019/07/23,4,iotex,iotx
229,,2019/07/24,13,iotex,iotx
230,,2019/07/25,2,iotex,iotx
231,,2019/07/26,5,iotex,iotx
232,,2019/07/27,12,iotex,iotx
233,,2019/07/28,1,iotex,iotx
234,,2019/07/29,7,iotex,iotx
235,,2019/07/30,1,iotex,iotx
236,,2019/07/31,2,iotex,iotx
237,,2019/08/01,null,iotex,iotx
238,,2019/08/02,2,iotex,iotx
239,,2019/08/03,1,iotex,iotx
240,,2019/08/04,2,iotex,iotx
241,,2019/08/05,5,iotex,iotx
242,,2019/08/06,19,iotex,iotx
243,,2019/08/07,2,iotex,iotx
244,,2019/08/08,3,iotex,iotx
245,,2019/08/09,2,iotex,iotx
246,,2019/08/10,1,iotex,iotx
247,,2019/08/11,8,iotex,iotx
248,,2019/08/12,4,iotex,iotx
249,,2019/08/13,2,iotex,iotx
250,,2019/08/14,6,iotex,iotx
251,,2019/08/15,null,iotex,iotx
252,,2019/08/16,7,iotex,iotx
253,,2019/08/17,2,iotex,iotx
254,,2019/08/18,1,iotex,iotx
255,,2019/08/19,4,iotex,iotx
256,,2019/08/20,null,iotex,iotx
257,,2019/08/21,23,iotex,iotx
258,,2019/08/22,3,iotex,iotx
259,,2019/08/23,3,iotex,iotx
260,,2019/08/24,6,iotex,iotx
261,,2019/08/25,10,iotex,iotx
262,,2019/08/26,5,iotex,iotx
263,,2019/08/27,3,iotex,iotx
264,,2019/08/28,2,iotex,iotx
265,,2019/08/29,1,iotex,iotx
266,,2019/08/30,3,iotex,iotx
267,,2019/08/31,4,iotex,iotx
268,,2019/09/01,1,iotex,iotx
269,,2019/09/02,1,iotex,iotx
270,,2019/09/03,17,iotex,iotx
271,,2019/09/04,6,iotex,iotx
272,,2019/09/05,1,iotex,iotx
273,,2019/09/06,3,iotex,iotx
274,,2019/09/07,6,iotex,iotx
275,,2019/09/08,7,iotex,iotx
276,,2019/09/09,3,iotex,iotx
277,,2019/09/10,1,iotex,iotx
278,,2019/09/11,null,iotex,iotx
279,,2019/09/12,12,iotex,iotx
280,,2019/09/13,3,iotex,iotx
281,,2019/09/14,null,iotex,iotx
282,,2019/09/15,13,iotex,iotx
283,,2019/09/16,25,iotex,iotx
284,,2019/09/17,8,iotex,iotx
285,,2019/09/18,4,iotex,iotx
286,,2019/09/19,2,iotex,iotx
287,,2019/09/20,1,iotex,iotx
288,,2019/09/21,null,iotex,iotx
289,,2019/09/22,2,iotex,iotx
290,,2019/09/23,4,iotex,iotx
291,,2019/09/24,3,iotex,iotx
292,,2019/09/25,null,iotex,iotx
293,,2019/09/26,null,iotex,iotx
294,,2019/09/27,null,iotex,iotx
295,,2019/09/28,2,iotex,iotx
296,,2019/09/29,3,iotex,iotx
297,,2019/09/30,9,iotex,iotx
298,,2019/10/01,3,iotex,iotx
299,,2019/10/02,4,iotex,iotx
300,,2019/10/03,4,iotex,iotx
301,,2019/10/04,7,iotex,iotx
302,,2019/10/05,null,iotex,iotx
303,,2019/10/06,null,iotex,iotx
304,,2019/10/07,23,iotex,iotx
305,,2019/10/08,26,iotex,iotx
306,,2019/10/09,8,iotex,iotx
307,,2019/10/10,2,iotex,iotx
308,,2019/10/11,5,iotex,iotx
309,,2019/10/12,null,iotex,iotx
310,,2019/10/13,4,iotex,iotx
311,,2019/10/14,null,iotex,iotx
312,,2019/10/15,null,iotex,iotx
313,,2019/10/16,7,iotex,iotx
314,,2019/10/17,9,iotex,iotx
315,,2019/10/18,2,iotex,iotx
316,,2019/10/19,null,iotex,iotx
317,,2019/10/20,null,iotex,iotx
318,,2019/10/21,7,iotex,iotx
319,,2019/10/22,6,iotex,iotx
320,,2019/10/23,5,iotex,iotx
321,,2019/10/24,null,iotex,iotx
322,,2019/10/25,10,iotex,iotx
323,,2019/10/26,5,iotex,iotx
324,,2019/10/27,7,iotex,iotx
325,,2019/10/28,4,iotex,iotx
326,,2019/10/29,6,iotex,iotx
327,,2019/10/30,1,iotex,iotx
328,,2019/10/31,6,iotex,iotx
329,,2019/11/01,4,iotex,iotx
330,,2019/11/02,6,iotex,iotx
331,,2019/11/03,3,iotex,iotx
332,,2019/11/04,3,iotex,iotx
333,,2019/11/05,5,iotex,iotx
334,,2019/11/06,10,iotex,iotx
335,,2019/11/07,7,iotex,iotx
336,,2019/11/08,5,iotex,iotx
337,,2019/11/09,3,iotex,iotx
338,,2019/11/10,5,iotex,iotx
339,,2019/11/11,3,iotex,iotx
340,,2019/11/12,3,iotex,iotx
341,,2019/11/13,3,iotex,iotx
342,,2019/11/14,4,iotex,iotx
343,,2019/11/15,1,iotex,iotx
344,,2019/11/16,3,iotex,iotx
345,,2019/11/17,28,iotex,iotx
346,,2019/11/18,29,iotex,iotx
347,,2019/11/19,9,iotex,iotx
348,,2019/11/20,11,iotex,iotx
349,,2019/11/21,null,iotex,iotx
350,,2019/11/22,3,iotex,iotx
351,,2019/11/23,13,iotex,iotx
352,,2019/11/24,11,iotex,iotx
353,,2019/11/25,8,iotex,iotx
354,,2019/11/26,41,iotex,iotx
355,,2019/11/27,16,iotex,iotx
356,,2019/11/28,10,iotex,iotx
357,,2019/11/29,7,iotex,iotx
358,,2019/11/30,null,iotex,iotx
359,,2019/12/01,5,iotex,iotx
360,,2019/12/02,4,iotex,iotx
361,,2019/12/03,4,iotex,iotx
362,,2019/12/04,7,iotex,iotx
363,,2019/12/05,5,iotex,iotx
364,,2019/12/06,3,iotex,iotx
365,,2019/12/07,1,iotex,iotx
366,,2019/12/08,5,iotex,iotx
367,,2019/12/09,3,iotex,iotx
368,,2019/12/10,4,iotex,iotx
369,,2019/12/11,3,iotex,iotx
370,,2019/12/12,7,iotex,iotx
371,,2019/12/13,6,iotex,iotx
372,,2019/12/14,5,iotex,iotx
373,,2019/12/15,11,iotex,iotx
374,,2019/12/16,null,iotex,iotx
375,,2019/12/17,1,iotex,iotx
376,,2019/12/18,9,iotex,iotx
377,,2019/12/19,10,iotex,iotx
378,,2019/12/20,7,iotex,iotx
379,,2019/12/21,3,iotex,iotx
380,,2019/12/22,29,iotex,iotx
381,,2019/12/23,4,iotex,iotx
382,,2019/12/24,2,iotex,iotx
383,,2019/12/25,9,iotex,iotx
384,,2019/12/26,null,iotex,iotx
385,,2019/12/27,11,iotex,iotx
386,,2019/12/28,2,iotex,iotx
387,,2019/12/29,4,iotex,iotx
388,,2019/12/30,3,iotex,iotx
389,,2019/12/31,14,iotex,iotx
390,,2020/01/01,8,iotex,iotx
391,,2020/01/02,12,iotex,iotx
392,,2020/01/03,9,iotex,iotx
393,,2020/01/04,11,iotex,iotx
394,,2020/01/05,4,iotex,iotx
395,,2020/01/06,7,iotex,iotx
396,,2020/01/07,7,iotex,iotx
397,,2020/01/08,7,iotex,iotx
398,,2020/01/09,10,iotex,iotx
399,,2020/01/10,8,iotex,iotx
400,,2020/01/11,4,iotex,iotx
401,,2020/01/12,12,iotex,iotx
402,,2020/01/13,8,iotex,iotx
403,,2020/01/14,7,iotex,iotx
404,,2020/01/15,5,iotex,iotx
405,,2020/01/16,8,iotex,iotx
406,,2020/01/17,8,iotex,iotx
407,,2020/01/18,7,iotex,iotx
408,,2020/01/19,7,iotex,iotx
409,,2020/01/20,10,iotex,iotx
410,,2020/01/21,16,iotex,iotx
411,,2020/01/22,9,iotex,iotx
412,,2020/01/23,7,iotex,iotx
413,,2020/01/24,4,iotex,iotx
414,,2020/01/25,4,iotex,iotx
415,,2020/01/26,6,iotex,iotx
416,,2020/01/27,3,iotex,iotx
417,,2020/01/28,4,iotex,iotx
418,,2020/01/29,5,iotex,iotx
419,,2020/01/30,7,iotex,iotx
420,,2020/01/31,4,iotex,iotx
421,,2020/02/01,6,iotex,iotx
422,,2020/02/02,3,iotex,iotx
423,,2020/02/03,4,iotex,iotx
424,,2020/02/04,7,iotex,iotx
425,,2020/02/05,6,iotex,iotx
426,,2020/02/06,6,iotex,iotx
427,,2020/02/07,6,iotex,iotx
428,,2020/02/08,5,iotex,iotx
429,,2020/02/09,1,iotex,iotx
430,,2020/02/10,3,iotex,iotx
431,,2020/02/11,10,iotex,iotx
432,,2020/02/12,8,iotex,iotx
433,,2020/02/13,13,iotex,iotx
434,,2020/02/14,15,iotex,iotx
435,,2020/02/15,10,iotex,iotx
436,,2020/02/16,5,iotex,iotx
437,,2020/02/17,4,iotex,iotx
438,,2020/02/18,2,iotex,iotx
439,,2020/02/19,2,iotex,iotx
440,,2020/02/20,6,iotex,iotx
441,,2020/02/21,5,iotex,iotx
442,,2020/02/22,11,iotex,iotx
443,,2020/02/23,null,iotex,iotx
444,,2020/02/24,3,iotex,iotx
445,,2020/02/25,5,iotex,iotx
446,,2020/02/26,4,iotex,iotx
447,,2020/02/27,null,iotex,iotx
448,,2020/02/28,10,iotex,iotx
449,,2020/02/29,8,iotex,iotx
450,,2020/03/01,5,iotex,iotx
451,,2020/03/02,3,iotex,iotx
452,,2020/03/03,3,iotex,iotx
453,,2020/03/04,14,iotex,iotx
454,,2020/03/05,1,iotex,iotx
455,,2020/03/06,8,iotex,iotx
456,,2020/03/07,1,iotex,iotx
457,,2020/03/08,5,iotex,iotx
458,,2020/03/09,3,iotex,iotx
459,,2020/03/10,3,iotex,iotx
460,,2020/03/11,6,iotex,iotx
461,,2020/03/12,6,iotex,iotx
462,,2020/03/13,13,iotex,iotx
463,,2020/03/14,6,iotex,iotx
464,,2020/03/15,5,iotex,iotx
465,,2020/03/16,2,iotex,iotx
466,,2020/03/17,2,iotex,iotx
467,,2020/03/18,9,iotex,iotx
468,,2020/03/19,2,iotex,iotx
469,,2020/03/20,5,iotex,iotx
470,,2020/03/21,5,iotex,iotx
471,,2020/03/22,2,iotex,iotx
472,,2020/03/23,9,iotex,iotx
473,,2020/03/24,6,iotex,iotx
474,,2020/03/25,10,iotex,iotx
475,,2020/03/26,3,iotex,iotx
476,,2020/03/27,6,iotex,iotx
477,,2020/03/28,4,iotex,iotx
478,,2020/03/29,4,iotex,iotx
479,,2020/03/30,11,iotex,iotx
480,,2020/03/31,7,iotex,iotx
481,,2020/04/01,2,iotex,iotx
482,,2020/04/02,22,iotex,iotx
483,,2020/04/03,10,iotex,iotx
484,,2020/04/04,8,iotex,iotx
485,,2020/04/05,9,iotex,iotx
486,,2020/04/06,13,iotex,iotx
487,,2020/04/07,9,iotex,iotx
488,,2020/04/08,8,iotex,iotx
489,,2020/04/09,11,iotex,iotx
490,,2020/04/10,4,iotex,iotx
491,,2020/04/11,6,iotex,iotx
492,,2020/04/12,5,iotex,iotx
493,,2020/04/13,13,iotex,iotx
494,,2020/04/14,14,iotex,iotx
495,,2020/04/15,9,iotex,iotx
496,,2020/04/16,4,iotex,iotx
497,,2020/04/17,6,iotex,iotx
498,,2020/04/18,3,iotex,iotx
499,,2020/04/19,25,iotex,iotx
500,,2020/04/20,10,iotex,iotx
501,,2020/04/21,4,iotex,iotx
502,,2020/04/22,10,iotex,iotx
503,,2020/04/23,31,iotex,iotx
504,,2020/04/24,36,iotex,iotx
505,,2020/04/25,53,iotex,iotx
506,,2020/04/26,58,iotex,iotx
507,,2020/04/27,67,iotex,iotx
508,,2020/04/28,162,iotex,iotx
509,,2020/04/29,352,iotex,iotx
510,,2020/04/30,190,iotex,iotx
511,,2020/05/01,10,iotex,iotx
512,,2020/05/02,22,iotex,iotx
513,,2020/05/03,42,iotex,iotx
514,,2020/05/04,134,iotex,iotx
515,,2020/05/05,176,iotex,iotx
516,,2020/05/06,113,iotex,iotx
517,,2020/05/07,29,iotex,iotx
518,,2020/05/08,13,iotex,iotx
519,,2020/05/09,6,iotex,iotx
520,,2020/05/10,4,iotex,iotx
521,,2020/05/11,31,iotex,iotx
522,,2020/05/12,24,iotex,iotx
523,,2020/05/13,127,iotex,iotx
524,,2020/05/14,15,iotex,iotx
525,,2020/05/15,114,iotex,iotx
526,,2020/05/16,6,iotex,iotx
527,,2020/05/17,121,iotex,iotx
528,,2020/05/18,13,iotex,iotx
529,,2020/05/19,14,iotex,iotx
530,,2020/05/20,15,iotex,iotx
531,,2020/05/21,24,iotex,iotx
532,,2020/05/22,31,iotex,iotx
533,,2020/05/23,21,iotex,iotx
534,,2020/05/24,70,iotex,iotx
535,,2020/05/25,306,iotex,iotx
536,,2020/05/26,157,iotex,iotx
537,,2020/05/27,382,iotex,iotx
538,,2020/05/28,203,iotex,iotx
539,,2020/05/29,78,iotex,iotx
540,,2020/05/30,69,iotex,iotx
541,,2020/05/31,322,iotex,iotx
542,,2020/06/01,316,iotex,iotx
543,,2020/06/02,124,iotex,iotx
544,,2020/06/03,120,iotex,iotx
545,,2020/06/04,142,iotex,iotx
546,,2020/06/05,54,iotex,iotx
547,,2020/06/06,12,iotex,iotx
548,,2020/06/07,16,iotex,iotx
549,,2020/06/08,25,iotex,iotx
550,,2020/06/09,12,iotex,iotx
551,,2020/06/10,5,iotex,iotx
552,,2020/06/11,5,iotex,iotx
553,,2020/06/12,78,iotex,iotx
554,,2020/06/13,24,iotex,iotx
555,,2020/06/14,11,iotex,iotx
556,,2020/06/15,13,iotex,iotx
557,,2020/06/16,11,iotex,iotx
558,,2020/06/17,16,iotex,iotx
559,,2020/06/18,4,iotex,iotx
560,,2020/06/19,15,iotex,iotx
561,,2020/06/20,5,iotex,iotx
562,,2020/06/21,7,iotex,iotx
563,,2020/06/22,5,iotex,iotx
564,,2020/06/23,11,iotex,iotx
565,,2020/06/24,8,iotex,iotx
566,,2020/06/25,7,iotex,iotx
567,,2020/06/26,6,iotex,iotx
568,,2020/06/27,28,iotex,iotx
569,,2020/06/28,6,iotex,iotx
570,,2020/06/29,26,iotex,iotx
571,,2020/06/30,14,iotex,iotx
572,,2020/07/01,5,iotex,iotx
573,,2020/07/02,11,iotex,iotx
574,,2020/07/03,9,iotex,iotx
575,,2020/07/04,11,iotex,iotx
576,,2020/07/05,10,iotex,iotx
577,,2020/07/06,6,iotex,iotx
578,,2020/07/07,8,iotex,iotx
579,,2020/07/08,11,iotex,iotx
580,,2020/07/09,7,iotex,iotx
581,,2020/07/10,18,iotex,iotx
582,,2020/07/11,13,iotex,iotx
583,,2020/07/12,15,iotex,iotx
584,,2020/07/13,17,iotex,iotx
585,,2020/07/14,10,iotex,iotx
586,,2020/07/15,16,iotex,iotx
587,,2020/07/16,5,iotex,iotx
588,,2020/07/17,53,iotex,iotx
589,,2020/07/18,null,iotex,iotx
590,,2020/07/19,48,iotex,iotx
591,,2020/07/20,31,iotex,iotx
592,,2020/07/21,17,iotex,iotx
593,,2020/07/22,128,iotex,iotx
594,,2020/07/23,22,iotex,iotx
595,,2020/07/24,54,iotex,iotx
596,,2020/07/25,22,iotex,iotx
597,,2020/07/26,13,iotex,iotx
598,,2020/07/27,177,iotex,iotx
599,,2020/07/28,37,iotex,iotx
600,,2020/07/29,39,iotex,iotx
601,,2020/07/30,110,iotex,iotx
602,,2020/07/31,74,iotex,iotx
603,,2020/08/01,31,iotex,iotx
604,,2020/08/02,8,iotex,iotx
605,,2020/08/03,14,iotex,iotx
606,,2020/08/04,11,iotex,iotx
607,,2020/08/05,67,iotex,iotx
608,,2020/08/06,9,iotex,iotx
609,,2020/08/07,141,iotex,iotx
610,,2020/08/08,174,iotex,iotx
611,,2020/08/09,26,iotex,iotx
612,,2020/08/10,54,iotex,iotx
613,,2020/08/11,126,iotex,iotx
614,,2020/08/12,134,iotex,iotx
615,,2020/08/13,11,iotex,iotx
616,,2020/08/14,9,iotex,iotx
617,,2020/08/15,27,iotex,iotx
618,,2020/08/16,7,iotex,iotx
619,,2020/08/17,101,iotex,iotx
620,,2020/08/18,42,iotex,iotx
621,,2020/08/19,49,iotex,iotx
622,,2020/08/20,7,iotex,iotx
623,,2020/08/21,11,iotex,iotx
624,,2020/08/22,11,iotex,iotx
625,,2020/08/23,10,iotex,iotx
626,,2020/08/24,24,iotex,iotx
627,,2020/08/25,18,iotex,iotx
628,,2020/08/26,12,iotex,iotx
629,,2020/08/27,12,iotex,iotx
630,,2020/08/28,119,iotex,iotx
631,,2020/08/29,31,iotex,iotx
632,,2020/08/30,17,iotex,iotx
633,,2020/08/31,54,iotex,iotx
634,,2020/09/01,127,iotex,iotx
635,,2020/09/02,11,iotex,iotx
636,,2020/09/03,4,iotex,iotx
637,,2020/09/04,6,iotex,iotx
638,,2020/09/05,90,iotex,iotx
639,,2020/09/06,14,iotex,iotx
640,,2020/09/07,11,iotex,iotx
641,,2020/09/08,23,iotex,iotx
642,,2020/09/09,109,iotex,iotx
643,,2020/09/10,21,iotex,iotx
644,,2020/09/11,10,iotex,iotx
645,,2020/09/12,21,iotex,iotx
646,,2020/09/13,12,iotex,iotx
647,,2020/09/14,24,iotex,iotx
648,,2020/09/15,113,iotex,iotx
649,,2020/09/16,10,iotex,iotx
650,,2020/09/17,70,iotex,iotx
651,,2020/09/18,18,iotex,iotx
652,,2020/09/19,72,iotex,iotx
653,,2020/09/20,13,iotex,iotx
654,,2020/09/21,24,iotex,iotx
655,,2020/09/22,141,iotex,iotx
656,,2020/09/23,47,iotex,iotx
657,,2020/09/24,20,iotex,iotx
658,,2020/09/25,102,iotex,iotx
659,,2020/09/26,50,iotex,iotx
660,,2020/09/27,4,iotex,iotx
661,,2020/09/28,12,iotex,iotx
662,,2020/09/29,82,iotex,iotx
663,,2020/09/30,17,iotex,iotx
664,,2020/10/01,142,iotex,iotx
665,,2020/10/02,22,iotex,iotx
666,,2020/10/03,53,iotex,iotx
667,,2020/10/04,15,iotex,iotx
668,,2020/10/05,10,iotex,iotx
669,,2020/10/06,12,iotex,iotx
670,,2020/10/07,25,iotex,iotx
671,,2020/10/08,11,iotex,iotx
672,,2020/10/09,8,iotex,iotx
673,,2020/10/10,12,iotex,iotx
674,,2020/10/11,11,iotex,iotx
675,,2020/10/12,37,iotex,iotx
676,,2020/10/13,93,iotex,iotx
677,,2020/10/14,26,iotex,iotx
678,,2020/10/15,73,iotex,iotx
679,,2020/10/16,65,iotex,iotx
680,,2020/10/17,22,iotex,iotx
681,,2020/10/18,7,iotex,iotx
682,,2020/10/19,12,iotex,iotx
683,,2020/10/20,5,iotex,iotx
684,,2020/10/21,8,iotex,iotx
685,,2020/10/22,4,iotex,iotx
686,,2020/10/23,12,iotex,iotx
687,,2020/10/24,56,iotex,iotx
688,,2020/10/25,22,iotex,iotx
689,,2020/10/26,48,iotex,iotx
690,,2020/10/27,16,iotex,iotx
691,,2020/10/28,14,iotex,iotx
692,,2020/10/29,99,iotex,iotx
693,,2020/10/30,36,iotex,iotx
694,,2020/10/31,18,iotex,iotx
695,,2020/11/01,5,iotex,iotx
696,,2020/11/02,108,iotex,iotx
697,,2020/11/03,21,iotex,iotx
698,,2020/11/04,73,iotex,iotx
699,,2020/11/05,38,iotex,iotx
700,,2020/11/06,9,iotex,iotx
701,,2020/11/07,2,iotex,iotx
702,,2020/11/08,11,iotex,iotx
703,,2020/11/09,10,iotex,iotx
704,,2020/11/10,324,iotex,iotx
705,,2020/11/11,351,iotex,iotx
706,,2020/11/12,300,iotex,iotx
707,,2020/11/13,102,iotex,iotx
708,,2020/11/14,135,iotex,iotx
709,,2020/11/15,18,iotex,iotx
710,,2020/11/16,32,iotex,iotx
711,,2020/11/17,21,iotex,iotx
712,,2020/11/18,20,iotex,iotx
713,,2020/11/19,13,iotex,iotx
714,,2020/11/20,40,iotex,iotx
715,,2020/11/21,7,iotex,iotx
716,,2020/11/22,10,iotex,iotx
717,,2020/11/23,17,iotex,iotx
718,,2020/11/24,23,iotex,iotx
719,,2020/11/25,10,iotex,iotx
720,,2020/11/26,10,iotex,iotx
721,,2020/11/27,31,iotex,iotx
722,,2020/11/28,49,iotex,iotx
723,,2020/11/29,null,iotex,iotx
724,,2020/11/30,10,iotex,iotx
725,,2020/12/01,10,iotex,iotx
726,,2020/12/02,20,iotex,iotx
727,,2020/12/03,21,iotex,iotx
728,,2020/12/04,27,iotex,iotx
729,,2020/12/05,12,iotex,iotx
730,,2020/12/06,7,iotex,iotx
731,,2020/12/07,22,iotex,iotx
732,,2020/12/08,9,iotex,iotx
733,,2020/12/09,7,iotex,iotx
734,,2020/12/10,5,iotex,iotx
735,,2020/12/11,17,iotex,iotx
736,,2020/12/12,6,iotex,iotx
737,,2020/12/13,13,iotex,iotx
738,,2020/12/14,28,iotex,iotx
739,,2020/12/15,17,iotex,iotx
740,,2020/12/16,12,iotex,iotx
741,,2020/12/17,35,iotex,iotx
742,,2020/12/18,36,iotex,iotx
743,,2020/12/19,15,iotex,iotx
744,,2020/12/20,16,iotex,iotx
745,,2020/12/21,39,iotex,iotx
746,,2020/12/22,9,iotex,iotx
747,,2020/12/23,13,iotex,iotx
748,,2020/12/24,7,iotex,iotx
749,,2020/12/25,7,iotex,iotx
750,,2020/12/26,14,iotex,iotx
751,,2020/12/27,45,iotex,iotx
752,,2020/12/28,43,iotex,iotx
753,,2020/12/29,11,iotex,iotx
754,,2020/12/30,8,iotex,iotx
755,,2020/12/31,11,iotex,iotx
756,,2021/01/01,9,iotex,iotx
757,,2021/01/02,2,iotex,iotx
758,,2021/01/03,5,iotex,iotx
759,,2021/01/04,28,iotex,iotx
760,,2021/01/05,18,iotex,iotx
761,,2021/01/06,36,iotex,iotx
762,,2021/01/07,9,iotex,iotx
763,,2021/01/08,11,iotex,iotx
764,,2021/01/09,8,iotex,iotx
765,,2021/01/10,120,iotex,iotx
766,,2021/01/11,19,iotex,iotx
767,,2021/01/12,36,iotex,iotx
768,,2021/01/13,14,iotex,iotx
769,,2021/01/14,2,iotex,iotx
770,,2021/01/15,5,iotex,iotx
771,,2021/01/16,29,iotex,iotx
772,,2021/01/17,29,iotex,iotx
773,,2021/01/18,18,iotex,iotx
774,,2021/01/19,21,iotex,iotx
775,,2021/01/20,26,iotex,iotx
776,,2021/01/21,24,iotex,iotx
777,,2021/01/22,16,iotex,iotx
778,,2021/01/23,114,iotex,iotx
779,,2021/01/24,31,iotex,iotx
780,,2021/01/25,22,iotex,iotx
781,,2021/01/26,15,iotex,iotx
782,,2021/01/27,111,iotex,iotx
783,,2021/01/28,26,iotex,iotx
784,,2021/01/29,8,iotex,iotx
785,,2021/01/30,34,iotex,iotx
786,,2021/01/31,59,iotex,iotx
787,,2021/02/01,24,iotex,iotx
788,,2021/02/02,12,iotex,iotx
789,,2021/02/03,20,iotex,iotx
790,,2021/02/04,9,iotex,iotx
791,,2021/02/05,21,iotex,iotx
792,,2021/02/06,23,iotex,iotx
793,,2021/02/07,32,iotex,iotx
794,,2021/02/08,32,iotex,iotx
795,,2021/02/09,16,iotex,iotx
796,,2021/02/10,16,iotex,iotx
797,,2021/02/11,11,iotex,iotx
798,,2021/02/12,9,iotex,iotx
799,,2021/02/13,10,iotex,iotx
800,,2021/02/14,20,iotex,iotx
801,,2021/02/15,17,iotex,iotx
802,,2021/02/16,5,iotex,iotx
803,,2021/02/17,115,iotex,iotx
804,,2021/02/18,17,iotex,iotx
805,,2021/02/19,5,iotex,iotx
806,,2021/02/20,20,iotex,iotx
807,,2021/02/21,50,iotex,iotx
808,,2021/02/22,10,iotex,iotx
809,,2021/02/23,4,iotex,iotx
810,,2021/02/24,3,iotex,iotx
811,,2021/02/25,29,iotex,iotx
812,,2021/02/26,18,iotex,iotx
813,,2021/02/27,8,iotex,iotx
814,,2021/02/28,47,iotex,iotx
815,,2021/03/01,108,iotex,iotx
816,,2021/03/02,23,iotex,iotx
817,,2021/03/03,39,iotex,iotx
818,,2021/03/04,12,iotex,iotx
819,,2021/03/05,14,iotex,iotx
820,,2021/03/06,13,iotex,iotx
821,,2021/03/07,68,iotex,iotx
822,,2021/03/08,22,iotex,iotx
823,,2021/03/09,61,iotex,iotx
824,,2021/03/10,43,iotex,iotx
825,,2021/03/11,19,iotex,iotx
826,,2021/03/12,19,iotex,iotx
827,,2021/03/13,223,iotex,iotx
828,,2021/03/14,37,iotex,iotx
829,,2021/03/15,52,iotex,iotx
830,,2021/03/16,54,iotex,iotx
831,,2021/03/17,19,iotex,iotx
832,,2021/03/18,18,iotex,iotx
833,,2021/03/19,21,iotex,iotx
834,,2021/03/20,38,iotex,iotx
835,,2021/03/21,13,iotex,iotx
836,,2021/03/22,106,iotex,iotx
837,,2021/03/23,14,iotex,iotx
838,,2021/03/24,81,iotex,iotx
839,,2021/03/25,72,iotex,iotx
840,,2021/03/26,43,iotex,iotx
841,,2021/03/27,28,iotex,iotx
842,,2021/03/28,28,iotex,iotx
843,,2021/03/29,22,iotex,iotx
844,,2021/03/30,36,iotex,iotx
845,,2021/03/31,12,iotex,iotx
846,,2021/04/01,103,iotex,iotx
847,,2021/04/02,1,iotex,iotx
848,,2021/04/03,15,iotex,iotx
849,,2021/04/04,19,iotex,iotx
850,,2021/04/05,18,iotex,iotx
851,,2021/04/06,2,iotex,iotx
852,,2021/04/07,24,iotex,iotx
853,,2021/04/08,51,iotex,iotx
854,,2021/04/09,27,iotex,iotx
855,,2021/04/10,6,iotex,iotx
856,,2021/04/11,15,iotex,iotx
857,,2021/04/12,33,iotex,iotx
858,,2021/04/13,6,iotex,iotx
859,,2021/04/14,40,iotex,iotx
860,,2021/04/15,78,iotex,iotx
861,,2021/04/16,22,iotex,iotx
862,,2021/04/17,47,iotex,iotx
863,,2021/04/18,10,iotex,iotx
864,,2021/04/19,6,iotex,iotx
865,,2021/04/20,51,iotex,iotx
866,,2021/04/21,41,iotex,iotx
867,,2021/04/22,17,iotex,iotx
868,,2021/04/23,44,iotex,iotx
869,,2021/04/24,39,iotex,iotx
870,,2021/04/25,24,iotex,iotx
871,,2021/04/26,27,iotex,iotx
872,,2021/04/27,47,iotex,iotx
873,,2021/04/28,26,iotex,iotx
874,,2021/04/29,78,iotex,iotx
875,,2021/04/30,163,iotex,iotx
876,,2021/05/01,39,iotex,iotx
877,,2021/05/02,42,iotex,iotx
878,,2021/05/03,80,iotex,iotx
879,,2021/05/04,37,iotex,iotx
880,,2021/05/05,86,iotex,iotx
881,,2021/05/06,36,iotex,iotx
882,,2021/05/07,57,iotex,iotx
883,,2021/05/08,45,iotex,iotx
884,,2021/05/09,47,iotex,iotx
885,,2021/05/10,56,iotex,iotx
886,,2021/05/11,226,iotex,iotx
887,,2021/05/12,52,iotex,iotx
888,,2021/05/13,33,iotex,iotx
889,,2021/05/14,53,iotex,iotx
890,,2021/05/15,67,iotex,iotx
891,,2021/05/16,57,iotex,iotx
892,,2021/05/17,65,iotex,iotx
893,,2021/05/18,50,iotex,iotx
894,,2021/05/19,43,iotex,iotx
895,,2021/05/20,329,iotex,iotx
896,,2021/05/21,95,iotex,iotx
897,,2021/05/22,525,iotex,iotx
898,,2021/05/23,86,iotex,iotx
899,,2021/05/24,97,iotex,iotx
900,,2021/05/25,79,iotex,iotx
901,,2021/05/26,52,iotex,iotx
902,,2021/05/27,56,iotex,iotx
903,,2021/05/28,54,iotex,iotx
904,,2021/05/29,27,iotex,iotx
905,,2021/05/30,33,iotex,iotx
906,,2021/05/31,75,iotex,iotx
907,,2021/06/01,164,iotex,iotx
908,,2021/06/02,41,iotex,iotx
909,,2021/06/03,22,iotex,iotx
910,,2021/06/04,70,iotex,iotx
911,,2021/06/05,35,iotex,iotx
912,,2021/06/06,16,iotex,iotx
913,,2021/06/07,38,iotex,iotx
914,,2021/06/08,25,iotex,iotx
915,,2021/06/09,27,iotex,iotx
916,,2021/06/10,19,iotex,iotx
917,,2021/06/11,41,iotex,iotx
918,,2021/06/12,10,iotex,iotx
919,,2021/06/13,7,iotex,iotx
920,,2021/06/14,13,iotex,iotx
921,,2021/06/15,119,iotex,iotx
922,,2021/06/16,31,iotex,iotx
923,,2021/06/17,20,iotex,iotx
924,,2021/06/18,14,iotex,iotx
925,,2021/06/19,19,iotex,iotx
926,,2021/06/20,null,iotex,iotx
927,,2021/06/21,5,iotex,iotx
928,,2021/06/22,15,iotex,iotx
929,,2021/06/23,16,iotex,iotx
930,,2021/06/24,14,iotex,iotx
931,,2021/06/25,23,iotex,iotx
932,,2021/06/26,10,iotex,iotx
933,,2021/06/27,17,iotex,iotx
934,,2021/06/28,18,iotex,iotx
935,,2021/06/29,17,iotex,iotx
936,,2021/06/30,18,iotex,iotx
937,,2021/07/01,29,iotex,iotx
938,,2021/07/02,24,iotex,iotx
939,,2021/07/03,18,iotex,iotx
940,,2021/07/04,18,iotex,iotx
941,,2021/07/05,20,iotex,iotx
942,,2021/07/06,30,iotex,iotx
943,,2021/07/07,21,iotex,iotx
944,,2021/07/08,38,iotex,iotx
945,,2021/07/09,66,iotex,iotx
946,,2021/07/10,25,iotex,iotx
947,,2021/07/11,2,iotex,iotx
948,,2021/07/12,14,iotex,iotx
949,,2021/07/13,32,iotex,iotx
950,,2021/07/14,12,iotex,iotx
951,,2021/07/15,16,iotex,iotx
952,,2021/07/16,11,iotex,iotx
953,,2021/07/17,41,iotex,iotx
954,,2021/07/18,35,iotex,iotx
955,,2021/07/19,60,iotex,iotx
956,,2021/07/20,65,iotex,iotx
957,,2021/07/21,85,iotex,iotx
958,,2021/07/22,46,iotex,iotx
959,,2021/07/23,36,iotex,iotx
960,,2021/07/24,119,iotex,iotx
961,,2021/07/25,21,iotex,iotx
962,,2021/07/26,165,iotex,iotx
963,,2021/07/27,44,iotex,iotx
964,,2021/07/28,27,iotex,iotx
965,,2021/07/29,37,iotex,iotx
966,,2021/07/30,25,iotex,iotx
967,,2021/07/31,11,iotex,iotx
968,,2021/08/01,15,iotex,iotx
969,,2021/08/02,28,iotex,iotx
970,,2021/08/03,12,iotex,iotx
971,,2021/08/04,42,iotex,iotx
972,,2021/08/05,35,iotex,iotx
973,,2021/08/06,6,iotex,iotx
974,,2021/08/07,30,iotex,iotx
975,,2021/08/08,18,iotex,iotx
976,,2021/08/09,57,iotex,iotx
977,,2021/08/10,87,iotex,iotx
978,,2021/08/11,340,iotex,iotx
979,,2021/08/12,222,iotex,iotx
980,,2021/08/13,87,iotex,iotx
981,,2021/08/14,76,iotex,iotx
982,,2021/08/15,40,iotex,iotx
983,,2021/08/16,93,iotex,iotx
984,,2021/08/17,63,iotex,iotx
985,,2021/08/18,121,iotex,iotx
986,,2021/08/19,62,iotex,iotx
987,,2021/08/20,55,iotex,iotx
988,,2021/08/21,40,iotex,iotx
989,,2021/08/22,22,iotex,iotx
990,,2021/08/23,34,iotex,iotx
991,,2021/08/24,24,iotex,iotx
992,,2021/08/25,51,iotex,iotx
993,,2021/08/26,30,iotex,iotx
994,,2021/08/27,74,iotex,iotx
995,,2021/08/28,30,iotex,iotx
996,,2021/08/29,22,iotex,iotx
997,,2021/08/30,26,iotex,iotx
998,,2021/08/31,100,iotex,iotx
999,,2021/09/01,60,iotex,iotx
1000,,2021/09/02,38,iotex,iotx
1001,,2021/09/03,56,iotex,iotx
1002,,2021/09/04,44,iotex,iotx
1003,,2021/09/05,69,iotex,iotx
1004,,2021/09/06,23,iotex,iotx
1005,,2021/09/07,16,iotex,iotx
1006,,2021/09/08,15,iotex,iotx
1007,,2021/09/09,45,iotex,iotx
1008,,2021/09/10,27,iotex,iotx
1009,,2021/09/11,31,iotex,iotx
1010,,2021/09/12,24,iotex,iotx
1011,,2021/09/13,27,iotex,iotx
1012,,2021/09/14,8,iotex,iotx
1013,,2021/09/15,30,iotex,iotx
1014,,2021/09/16,52,iotex,iotx
1015,,2021/09/17,431,iotex,iotx
1016,,2021/09/18,102,iotex,iotx
1017,,2021/09/19,45,iotex,iotx
1018,,2021/09/20,1188,iotex,iotx
1019,,2021/09/21,1180,iotex,iotx
1020,,2021/09/22,3573,iotex,iotx
1021,,2021/09/23,1332,iotex,iotx
1022,,2021/09/24,868,iotex,iotx
1023,,2021/09/25,562,iotex,iotx
1024,,2021/09/26,1084,iotex,iotx
1025,,2021/09/27,583,iotex,iotx
1026,,2021/09/28,412,iotex,iotx
1027,,2021/09/29,526,iotex,iotx
1028,,2021/09/30,638,iotex,iotx
1029,,2021/10/01,533,iotex,iotx
1030,,2021/10/02,314,iotex,iotx
1031,,2021/10/03,429,iotex,iotx
1032,,2021/10/04,515,iotex,iotx
1033,,2021/10/05,505,iotex,iotx
1034,,2021/10/06,568,iotex,iotx
1035,,2021/10/07,495,iotex,iotx
1036,,2021/10/08,924,iotex,iotx
1037,,2021/10/09,155,iotex,iotx
1038,,2021/10/10,82,iotex,iotx
1039,,2021/10/11,353,iotex,iotx
1040,,2021/10/12,127,iotex,iotx
1041,,2021/10/13,117,iotex,iotx
1042,,2021/10/14,69,iotex,iotx
1043,,2021/10/15,59,iotex,iotx
1044,,2021/10/16,19,iotex,iotx
1045,,2021/10/17,19,iotex,iotx
1046,,2021/10/18,3303,iotex,iotx
1047,,2021/10/19,38,iotex,iotx
1048,,2021/10/20,62,iotex,iotx
1049,,2021/10/21,49,iotex,iotx
1050,,2021/10/22,117,iotex,iotx
1051,,2021/10/23,121,iotex,iotx
1052,,2021/10/24,58,iotex,iotx
1053,,2021/10/25,69,iotex,iotx
1054,,2021/10/26,1857,iotex,iotx
1055,,2021/10/27,455,iotex,iotx
1056,,2021/10/28,177,iotex,iotx
1057,,2021/10/29,59,iotex,iotx
1058,,2021/10/30,61,iotex,iotx
1059,,2021/10/31,46,iotex,iotx
1060,,2021/11/01,36,iotex,iotx
1061,,2021/11/02,104,iotex,iotx
1062,,2021/11/03,1102,iotex,iotx
1063,,2021/11/04,5523,iotex,iotx
1064,,2021/11/05,2923,iotex,iotx
1065,,2021/11/06,237,iotex,iotx
1066,,2021/11/07,123,iotex,iotx
1067,,2021/11/08,137,iotex,iotx
1068,,2021/11/09,369,iotex,iotx
1069,,2021/11/10,5187,iotex,iotx
1070,,2021/11/11,7090,iotex,iotx
1071,,2021/11/12,333,iotex,iotx
1072,,2021/11/13,3928,iotex,iotx
1073,,2021/11/14,5214,iotex,iotx
1074,,2021/11/15,1498,iotex,iotx
1075,,2021/11/16,154,iotex,iotx
