,google_trends,date,tweets,full_name,coin
0,,2021/07/16,135,kishu inu,kishu
1,,2021/07/17,260,kishu inu,kishu
2,,2021/07/18,null,kishu inu,kishu
3,,2021/07/19,null,kishu inu,kishu
4,,2021/07/20,null,kishu inu,kishu
5,,2021/07/21,null,kishu inu,kishu
6,,2021/07/22,null,kishu inu,kishu
7,,2021/07/23,null,kishu inu,kishu
8,,2021/07/24,null,kishu inu,kishu
9,,2021/07/25,375,kishu inu,kishu
10,,2021/07/26,334,kishu inu,kishu
11,,2021/07/27,null,kishu inu,kishu
12,,2021/07/28,null,kishu inu,kishu
13,,2021/07/29,null,kishu inu,kishu
14,,2021/07/30,null,kishu inu,kishu
15,,2021/07/31,null,kishu inu,kishu
16,,2021/08/01,null,kishu inu,kishu
17,,2021/08/02,329,kishu inu,kishu
18,,2021/08/03,934,kishu inu,kishu
19,,2021/08/04,null,kishu inu,kishu
20,,2021/08/05,null,kishu inu,kishu
21,,2021/08/06,null,kishu inu,kishu
22,,2021/08/07,null,kishu inu,kishu
23,,2021/08/08,null,kishu inu,kishu
24,,2021/08/09,null,kishu inu,kishu
25,,2021/08/10,null,kishu inu,kishu
26,,2021/08/11,null,kishu inu,kishu
27,,2021/08/12,null,kishu inu,kishu
28,,2021/08/13,null,kishu inu,kishu
29,,2021/08/14,null,kishu inu,kishu
30,,2021/08/15,null,kishu inu,kishu
31,,2021/08/16,null,kishu inu,kishu
32,,2021/08/17,null,kishu inu,kishu
33,,2021/08/18,null,kishu inu,kishu
34,,2021/08/19,null,kishu inu,kishu
35,,2021/08/20,null,kishu inu,kishu
36,,2021/08/21,null,kishu inu,kishu
37,,2021/08/22,null,kishu inu,kishu
38,,2021/08/23,null,kishu inu,kishu
39,,2021/08/24,null,kishu inu,kishu
40,,2021/08/25,null,kishu inu,kishu
41,,2021/08/26,null,kishu inu,kishu
42,,2021/08/27,null,kishu inu,kishu
43,,2021/08/28,null,kishu inu,kishu
44,,2021/08/29,null,kishu inu,kishu
45,,2021/08/30,null,kishu inu,kishu
46,,2021/08/31,null,kishu inu,kishu
47,,2021/09/01,null,kishu inu,kishu
48,,2021/09/02,null,kishu inu,kishu
49,,2021/09/03,null,kishu inu,kishu
50,,2021/09/04,null,kishu inu,kishu
51,,2021/09/05,null,kishu inu,kishu
52,,2021/09/06,null,kishu inu,kishu
53,,2021/09/07,null,kishu inu,kishu
54,,2021/09/08,null,kishu inu,kishu
55,,2021/09/09,null,kishu inu,kishu
56,,2021/09/10,null,kishu inu,kishu
57,,2021/09/11,null,kishu inu,kishu
58,,2021/09/12,null,kishu inu,kishu
59,,2021/09/13,null,kishu inu,kishu
60,,2021/09/14,null,kishu inu,kishu
61,,2021/09/15,null,kishu inu,kishu
62,,2021/09/16,null,kishu inu,kishu
63,,2021/09/17,null,kishu inu,kishu
64,,2021/09/18,null,kishu inu,kishu
65,,2021/09/19,null,kishu inu,kishu
66,,2021/09/20,null,kishu inu,kishu
67,,2021/09/21,null,kishu inu,kishu
68,,2021/09/22,null,kishu inu,kishu
69,,2021/09/23,null,kishu inu,kishu
70,,2021/09/24,null,kishu inu,kishu
71,,2021/09/25,null,kishu inu,kishu
72,,2021/09/26,null,kishu inu,kishu
73,,2021/09/27,null,kishu inu,kishu
74,,2021/09/28,null,kishu inu,kishu
75,,2021/09/29,null,kishu inu,kishu
76,,2021/09/30,null,kishu inu,kishu
77,,2021/10/01,null,kishu inu,kishu
78,,2021/10/02,null,kishu inu,kishu
79,,2021/10/03,null,kishu inu,kishu
80,,2021/10/04,null,kishu inu,kishu
81,,2021/10/05,null,kishu inu,kishu
82,,2021/10/06,null,kishu inu,kishu
83,,2021/10/07,1051,kishu inu,kishu
84,,2021/10/08,335,kishu inu,kishu
85,,2021/10/09,289,kishu inu,kishu
86,,2021/10/10,null,kishu inu,kishu
87,,2021/10/11,null,kishu inu,kishu
88,,2021/10/12,null,kishu inu,kishu
89,,2021/10/13,null,kishu inu,kishu
90,,2021/10/14,2766,kishu inu,kishu
91,,2021/10/15,1397,kishu inu,kishu
92,,2021/10/16,1197,kishu inu,kishu
93,,2021/10/17,1339,kishu inu,kishu
94,,2021/10/18,1385,kishu inu,kishu
95,,2021/10/19,1421,kishu inu,kishu
96,,2021/10/20,1318,kishu inu,kishu
97,,2021/10/21,835,kishu inu,kishu
98,,2021/10/22,903,kishu inu,kishu
99,,2021/10/23,981,kishu inu,kishu
100,,2021/10/24,1334,kishu inu,kishu
101,,2021/10/25,944,kishu inu,kishu
102,,2021/10/26,1681,kishu inu,kishu
103,,2021/10/27,1941,kishu inu,kishu
104,,2021/10/28,2122,kishu inu,kishu
105,,2021/10/29,1844,kishu inu,kishu
106,,2021/10/30,3136,kishu inu,kishu
107,,2021/10/31,2135,kishu inu,kishu
108,,2021/11/01,1997,kishu inu,kishu
109,,2021/11/02,1329,kishu inu,kishu
110,,2021/11/03,1211,kishu inu,kishu
111,,2021/11/04,904,kishu inu,kishu
112,,2021/11/05,1579,kishu inu,kishu
113,,2021/11/06,851,kishu inu,kishu
114,,2021/11/07,650,kishu inu,kishu
115,,2021/11/08,986,kishu inu,kishu
116,,2021/11/09,1156,kishu inu,kishu
117,,2021/11/10,902,kishu inu,kishu
118,,2021/11/11,897,kishu inu,kishu
119,,2021/11/12,666,kishu inu,kishu
120,,2021/11/13,884,kishu inu,kishu
121,,2021/11/14,1344,kishu inu,kishu
122,,2021/11/15,692,kishu inu,kishu
123,,2021/11/16,184,kishu inu,kishu
