,google_trends,date,tweets,full_name,coin
0,,2018/01/09,1,lbry credits,lbc
1,,2018/01/10,null,lbry credits,lbc
2,,2018/01/11,2,lbry credits,lbc
3,,2018/01/12,6,lbry credits,lbc
4,,2018/01/13,null,lbry credits,lbc
5,,2018/01/14,1,lbry credits,lbc
6,,2018/01/15,null,lbry credits,lbc
7,,2018/01/16,null,lbry credits,lbc
8,,2018/01/17,null,lbry credits,lbc
9,,2018/01/18,null,lbry credits,lbc
10,,2018/01/19,4,lbry credits,lbc
11,,2018/01/20,null,lbry credits,lbc
12,,2018/01/21,null,lbry credits,lbc
13,,2018/01/22,null,lbry credits,lbc
14,,2018/01/23,1,lbry credits,lbc
15,,2018/01/24,null,lbry credits,lbc
16,,2018/01/25,null,lbry credits,lbc
17,,2018/01/26,null,lbry credits,lbc
18,,2018/01/27,null,lbry credits,lbc
19,,2018/01/28,null,lbry credits,lbc
20,,2018/01/29,null,lbry credits,lbc
21,,2018/01/30,null,lbry credits,lbc
22,,2018/01/31,null,lbry credits,lbc
23,,2018/02/01,null,lbry credits,lbc
24,,2018/02/02,null,lbry credits,lbc
25,,2018/02/03,null,lbry credits,lbc
26,,2018/02/04,null,lbry credits,lbc
27,,2018/02/05,null,lbry credits,lbc
28,,2018/02/06,null,lbry credits,lbc
29,,2018/02/07,null,lbry credits,lbc
30,,2018/02/08,null,lbry credits,lbc
31,,2018/02/09,null,lbry credits,lbc
32,,2018/02/10,null,lbry credits,lbc
33,,2018/02/11,null,lbry credits,lbc
34,,2018/02/12,null,lbry credits,lbc
35,,2018/02/13,null,lbry credits,lbc
36,,2018/02/14,null,lbry credits,lbc
37,,2018/02/15,null,lbry credits,lbc
38,,2018/02/16,null,lbry credits,lbc
39,,2018/02/17,null,lbry credits,lbc
40,,2018/02/18,null,lbry credits,lbc
41,,2018/02/19,null,lbry credits,lbc
42,,2018/02/20,null,lbry credits,lbc
43,,2018/02/21,null,lbry credits,lbc
44,,2018/02/22,null,lbry credits,lbc
45,,2018/02/23,null,lbry credits,lbc
46,,2018/02/24,null,lbry credits,lbc
47,,2018/02/25,null,lbry credits,lbc
48,,2018/02/26,null,lbry credits,lbc
49,,2018/02/27,null,lbry credits,lbc
50,,2018/02/28,null,lbry credits,lbc
51,,2018/03/01,null,lbry credits,lbc
52,,2018/03/02,null,lbry credits,lbc
53,,2018/03/03,null,lbry credits,lbc
54,,2018/03/04,null,lbry credits,lbc
55,,2018/03/05,null,lbry credits,lbc
56,,2018/03/06,null,lbry credits,lbc
57,,2018/03/07,null,lbry credits,lbc
58,,2018/03/08,null,lbry credits,lbc
59,,2018/03/09,null,lbry credits,lbc
60,,2018/03/10,null,lbry credits,lbc
61,,2018/03/11,null,lbry credits,lbc
62,,2018/03/12,null,lbry credits,lbc
63,,2018/03/13,null,lbry credits,lbc
64,,2018/03/14,null,lbry credits,lbc
65,,2018/03/15,null,lbry credits,lbc
66,,2018/03/16,null,lbry credits,lbc
67,,2018/03/17,null,lbry credits,lbc
68,,2018/03/18,null,lbry credits,lbc
69,,2018/03/19,null,lbry credits,lbc
70,,2018/03/20,null,lbry credits,lbc
71,,2018/03/21,null,lbry credits,lbc
72,,2018/03/22,null,lbry credits,lbc
73,,2018/03/23,null,lbry credits,lbc
74,,2018/03/24,null,lbry credits,lbc
75,,2018/03/25,null,lbry credits,lbc
76,,2018/03/26,null,lbry credits,lbc
77,,2018/03/27,null,lbry credits,lbc
78,,2018/03/28,null,lbry credits,lbc
79,,2018/03/29,null,lbry credits,lbc
80,,2018/03/30,null,lbry credits,lbc
81,,2018/03/31,null,lbry credits,lbc
82,,2018/04/01,null,lbry credits,lbc
83,,2018/04/02,null,lbry credits,lbc
84,,2018/04/03,null,lbry credits,lbc
85,,2018/04/04,null,lbry credits,lbc
86,,2018/04/05,null,lbry credits,lbc
87,,2018/04/06,null,lbry credits,lbc
88,,2018/04/07,null,lbry credits,lbc
89,,2018/04/08,2,lbry credits,lbc
90,,2018/04/09,1,lbry credits,lbc
91,,2018/04/10,null,lbry credits,lbc
92,,2018/04/11,2,lbry credits,lbc
93,,2018/04/12,null,lbry credits,lbc
94,,2018/04/13,null,lbry credits,lbc
95,,2018/04/14,null,lbry credits,lbc
96,,2018/04/15,null,lbry credits,lbc
97,,2018/04/16,1,lbry credits,lbc
98,,2018/04/17,1,lbry credits,lbc
99,,2018/04/18,null,lbry credits,lbc
100,,2018/04/19,null,lbry credits,lbc
101,,2018/04/20,null,lbry credits,lbc
102,,2018/04/21,null,lbry credits,lbc
103,,2018/04/22,null,lbry credits,lbc
104,,2018/04/23,null,lbry credits,lbc
105,,2018/04/24,null,lbry credits,lbc
106,,2018/04/25,null,lbry credits,lbc
107,,2018/04/26,null,lbry credits,lbc
108,,2018/04/27,1,lbry credits,lbc
109,,2018/04/28,null,lbry credits,lbc
110,,2018/04/29,null,lbry credits,lbc
111,,2018/04/30,1,lbry credits,lbc
112,,2018/05/01,null,lbry credits,lbc
113,,2018/05/02,1,lbry credits,lbc
114,,2018/05/03,null,lbry credits,lbc
115,,2018/05/04,null,lbry credits,lbc
116,,2018/05/05,null,lbry credits,lbc
117,,2018/05/06,1,lbry credits,lbc
118,,2018/05/07,null,lbry credits,lbc
119,,2018/05/08,null,lbry credits,lbc
120,,2018/05/09,null,lbry credits,lbc
121,,2018/05/10,null,lbry credits,lbc
122,,2018/05/11,null,lbry credits,lbc
123,,2018/05/12,1,lbry credits,lbc
124,,2018/05/13,null,lbry credits,lbc
125,,2018/05/14,3,lbry credits,lbc
126,,2018/05/15,1,lbry credits,lbc
127,,2018/05/16,null,lbry credits,lbc
128,,2018/05/17,null,lbry credits,lbc
129,,2018/05/18,2,lbry credits,lbc
130,,2018/05/19,null,lbry credits,lbc
131,,2018/05/20,null,lbry credits,lbc
132,,2018/05/21,null,lbry credits,lbc
133,,2018/05/22,null,lbry credits,lbc
134,,2018/05/23,null,lbry credits,lbc
135,,2018/05/24,null,lbry credits,lbc
136,,2018/05/25,null,lbry credits,lbc
137,,2018/05/26,null,lbry credits,lbc
138,,2018/05/27,4,lbry credits,lbc
139,,2018/05/28,null,lbry credits,lbc
140,,2018/05/29,null,lbry credits,lbc
141,,2018/05/30,1,lbry credits,lbc
142,,2018/05/31,null,lbry credits,lbc
143,,2018/06/01,null,lbry credits,lbc
144,,2018/06/02,null,lbry credits,lbc
145,,2018/06/03,1,lbry credits,lbc
146,,2018/06/04,null,lbry credits,lbc
147,,2018/06/05,null,lbry credits,lbc
148,,2018/06/06,2,lbry credits,lbc
149,,2018/06/07,11,lbry credits,lbc
150,,2018/06/08,4,lbry credits,lbc
151,,2018/06/09,2,lbry credits,lbc
152,,2018/06/10,1,lbry credits,lbc
153,,2018/06/11,null,lbry credits,lbc
154,,2018/06/12,null,lbry credits,lbc
155,,2018/06/13,null,lbry credits,lbc
156,,2018/06/14,null,lbry credits,lbc
157,,2018/06/15,null,lbry credits,lbc
158,,2018/06/16,1,lbry credits,lbc
159,,2018/06/17,null,lbry credits,lbc
160,,2018/06/18,null,lbry credits,lbc
161,,2018/06/19,null,lbry credits,lbc
162,,2018/06/20,null,lbry credits,lbc
163,,2018/06/21,null,lbry credits,lbc
164,,2018/06/22,null,lbry credits,lbc
165,,2018/06/23,1,lbry credits,lbc
166,,2018/06/24,null,lbry credits,lbc
167,,2018/06/25,null,lbry credits,lbc
168,,2018/06/26,2,lbry credits,lbc
169,,2018/06/27,null,lbry credits,lbc
170,,2018/06/28,null,lbry credits,lbc
171,,2018/06/29,null,lbry credits,lbc
172,,2018/06/30,1,lbry credits,lbc
173,,2018/07/01,null,lbry credits,lbc
174,,2018/07/02,1,lbry credits,lbc
175,,2018/07/03,4,lbry credits,lbc
176,,2018/07/04,null,lbry credits,lbc
177,,2018/07/05,null,lbry credits,lbc
178,,2018/07/06,null,lbry credits,lbc
179,,2018/07/07,1,lbry credits,lbc
180,,2018/07/08,1,lbry credits,lbc
181,,2018/07/09,1,lbry credits,lbc
182,,2018/07/10,1,lbry credits,lbc
183,,2018/07/11,null,lbry credits,lbc
184,,2018/07/12,1,lbry credits,lbc
185,,2018/07/13,null,lbry credits,lbc
186,,2018/07/14,null,lbry credits,lbc
187,,2018/07/15,null,lbry credits,lbc
188,,2018/07/16,1,lbry credits,lbc
189,,2018/07/17,null,lbry credits,lbc
190,,2018/07/18,null,lbry credits,lbc
191,,2018/07/19,null,lbry credits,lbc
192,,2018/07/20,2,lbry credits,lbc
193,,2018/07/21,null,lbry credits,lbc
194,,2018/07/22,null,lbry credits,lbc
195,,2018/07/23,null,lbry credits,lbc
196,,2018/07/24,null,lbry credits,lbc
197,,2018/07/25,1,lbry credits,lbc
198,,2018/07/26,null,lbry credits,lbc
199,,2018/07/27,1,lbry credits,lbc
200,,2018/07/28,2,lbry credits,lbc
201,,2018/07/29,2,lbry credits,lbc
202,,2018/07/30,null,lbry credits,lbc
203,,2018/07/31,1,lbry credits,lbc
204,,2018/08/01,null,lbry credits,lbc
205,,2018/08/02,null,lbry credits,lbc
206,,2018/08/03,1,lbry credits,lbc
207,,2018/08/04,null,lbry credits,lbc
208,,2018/08/05,null,lbry credits,lbc
209,,2018/08/06,null,lbry credits,lbc
210,,2018/08/07,2,lbry credits,lbc
211,,2018/08/08,1,lbry credits,lbc
212,,2018/08/09,null,lbry credits,lbc
213,,2018/08/10,null,lbry credits,lbc
214,,2018/08/11,null,lbry credits,lbc
215,,2018/08/12,1,lbry credits,lbc
216,,2018/08/13,null,lbry credits,lbc
217,,2018/08/14,null,lbry credits,lbc
218,,2018/08/15,null,lbry credits,lbc
219,,2018/08/16,1,lbry credits,lbc
220,,2018/08/17,null,lbry credits,lbc
221,,2018/08/18,null,lbry credits,lbc
222,,2018/08/19,null,lbry credits,lbc
223,,2018/08/20,null,lbry credits,lbc
224,,2018/08/21,null,lbry credits,lbc
225,,2018/08/22,null,lbry credits,lbc
226,,2018/08/23,null,lbry credits,lbc
227,,2018/08/24,null,lbry credits,lbc
228,,2018/08/25,null,lbry credits,lbc
229,,2018/08/26,null,lbry credits,lbc
230,,2018/08/27,1,lbry credits,lbc
231,,2018/08/28,null,lbry credits,lbc
232,,2018/08/29,null,lbry credits,lbc
233,,2018/08/30,null,lbry credits,lbc
234,,2018/08/31,null,lbry credits,lbc
235,,2018/09/01,null,lbry credits,lbc
236,,2018/09/02,null,lbry credits,lbc
237,,2018/09/03,null,lbry credits,lbc
238,,2018/09/04,null,lbry credits,lbc
239,,2018/09/05,null,lbry credits,lbc
240,,2018/09/06,null,lbry credits,lbc
241,,2018/09/07,null,lbry credits,lbc
242,,2018/09/08,null,lbry credits,lbc
243,,2018/09/09,null,lbry credits,lbc
244,,2018/09/10,null,lbry credits,lbc
245,,2018/09/11,null,lbry credits,lbc
246,,2018/09/12,null,lbry credits,lbc
247,,2018/09/13,null,lbry credits,lbc
248,,2018/09/14,null,lbry credits,lbc
249,,2018/09/15,null,lbry credits,lbc
250,,2018/09/16,null,lbry credits,lbc
251,,2018/09/17,null,lbry credits,lbc
252,,2018/09/18,null,lbry credits,lbc
253,,2018/09/19,null,lbry credits,lbc
254,,2018/09/20,null,lbry credits,lbc
255,,2018/09/21,null,lbry credits,lbc
256,,2018/09/22,null,lbry credits,lbc
257,,2018/09/23,3,lbry credits,lbc
258,,2018/09/24,null,lbry credits,lbc
259,,2018/09/25,null,lbry credits,lbc
260,,2018/09/26,null,lbry credits,lbc
261,,2018/09/27,null,lbry credits,lbc
262,,2018/09/28,null,lbry credits,lbc
263,,2018/09/29,null,lbry credits,lbc
264,,2018/09/30,null,lbry credits,lbc
265,,2018/10/01,null,lbry credits,lbc
266,,2018/10/02,1,lbry credits,lbc
267,,2018/10/03,null,lbry credits,lbc
268,,2018/10/04,null,lbry credits,lbc
269,,2018/10/05,1,lbry credits,lbc
270,,2018/10/06,4,lbry credits,lbc
271,,2018/10/07,null,lbry credits,lbc
272,,2018/10/08,null,lbry credits,lbc
273,,2018/10/09,null,lbry credits,lbc
274,,2018/10/10,null,lbry credits,lbc
275,,2018/10/11,null,lbry credits,lbc
276,,2018/10/12,null,lbry credits,lbc
277,,2018/10/13,null,lbry credits,lbc
278,,2018/10/14,null,lbry credits,lbc
279,,2018/10/15,1,lbry credits,lbc
280,,2018/10/16,null,lbry credits,lbc
281,,2018/10/17,null,lbry credits,lbc
282,,2018/10/18,null,lbry credits,lbc
283,,2018/10/19,null,lbry credits,lbc
284,,2018/10/20,2,lbry credits,lbc
285,,2018/10/21,null,lbry credits,lbc
286,,2018/10/22,null,lbry credits,lbc
287,,2018/10/23,null,lbry credits,lbc
288,,2018/10/24,null,lbry credits,lbc
289,,2018/10/25,null,lbry credits,lbc
290,,2018/10/26,null,lbry credits,lbc
291,,2018/10/27,null,lbry credits,lbc
292,,2018/10/28,null,lbry credits,lbc
293,,2018/10/29,1,lbry credits,lbc
294,,2018/10/30,null,lbry credits,lbc
295,,2018/10/31,null,lbry credits,lbc
296,,2018/11/01,null,lbry credits,lbc
297,,2018/11/02,null,lbry credits,lbc
298,,2018/11/03,null,lbry credits,lbc
299,,2018/11/04,null,lbry credits,lbc
300,,2018/11/05,null,lbry credits,lbc
301,,2018/11/06,null,lbry credits,lbc
302,,2018/11/07,1,lbry credits,lbc
303,,2018/11/08,null,lbry credits,lbc
304,,2018/11/09,null,lbry credits,lbc
305,,2018/11/10,null,lbry credits,lbc
306,,2018/11/11,null,lbry credits,lbc
307,,2018/11/12,null,lbry credits,lbc
308,,2018/11/13,null,lbry credits,lbc
309,,2018/11/14,null,lbry credits,lbc
310,,2018/11/15,null,lbry credits,lbc
311,,2018/11/16,null,lbry credits,lbc
312,,2018/11/17,null,lbry credits,lbc
313,,2018/11/18,null,lbry credits,lbc
314,,2018/11/19,1,lbry credits,lbc
315,,2018/11/20,14,lbry credits,lbc
316,,2018/11/21,2,lbry credits,lbc
317,,2018/11/22,null,lbry credits,lbc
318,,2018/11/23,null,lbry credits,lbc
319,,2018/11/24,null,lbry credits,lbc
320,,2018/11/25,null,lbry credits,lbc
321,,2018/11/26,null,lbry credits,lbc
322,,2018/11/27,null,lbry credits,lbc
323,,2018/11/28,null,lbry credits,lbc
324,,2018/11/29,1,lbry credits,lbc
325,,2018/11/30,null,lbry credits,lbc
326,,2018/12/01,null,lbry credits,lbc
327,,2018/12/02,null,lbry credits,lbc
328,,2018/12/03,5,lbry credits,lbc
329,,2018/12/04,2,lbry credits,lbc
330,,2018/12/05,1,lbry credits,lbc
331,,2018/12/06,null,lbry credits,lbc
332,,2018/12/07,null,lbry credits,lbc
333,,2018/12/08,null,lbry credits,lbc
334,,2018/12/09,null,lbry credits,lbc
335,,2018/12/10,null,lbry credits,lbc
336,,2018/12/11,null,lbry credits,lbc
337,,2018/12/12,null,lbry credits,lbc
338,,2018/12/13,null,lbry credits,lbc
339,,2018/12/14,1,lbry credits,lbc
340,,2018/12/15,null,lbry credits,lbc
341,,2018/12/16,null,lbry credits,lbc
342,,2018/12/17,null,lbry credits,lbc
343,,2018/12/18,null,lbry credits,lbc
344,,2018/12/19,null,lbry credits,lbc
345,,2018/12/20,null,lbry credits,lbc
346,,2018/12/21,null,lbry credits,lbc
347,,2018/12/22,null,lbry credits,lbc
348,,2018/12/23,null,lbry credits,lbc
349,,2018/12/24,null,lbry credits,lbc
350,,2018/12/25,null,lbry credits,lbc
351,,2018/12/26,null,lbry credits,lbc
352,,2018/12/27,null,lbry credits,lbc
353,,2018/12/28,null,lbry credits,lbc
354,,2018/12/29,null,lbry credits,lbc
355,,2018/12/30,null,lbry credits,lbc
356,,2018/12/31,null,lbry credits,lbc
357,,2019/01/01,null,lbry credits,lbc
358,,2019/01/02,null,lbry credits,lbc
359,,2019/01/03,null,lbry credits,lbc
360,,2019/01/04,null,lbry credits,lbc
361,,2019/01/05,null,lbry credits,lbc
362,,2019/01/06,null,lbry credits,lbc
363,,2019/01/07,null,lbry credits,lbc
364,,2019/01/08,null,lbry credits,lbc
365,,2019/01/09,null,lbry credits,lbc
366,,2019/01/10,null,lbry credits,lbc
367,,2019/01/11,null,lbry credits,lbc
368,,2019/01/12,null,lbry credits,lbc
369,,2019/01/13,null,lbry credits,lbc
370,,2019/01/14,null,lbry credits,lbc
371,,2019/01/15,null,lbry credits,lbc
372,,2019/01/16,null,lbry credits,lbc
373,,2019/01/17,null,lbry credits,lbc
374,,2019/01/18,null,lbry credits,lbc
375,,2019/01/19,null,lbry credits,lbc
376,,2019/01/20,null,lbry credits,lbc
377,,2019/01/21,2,lbry credits,lbc
378,,2019/01/22,2,lbry credits,lbc
379,,2019/01/23,5,lbry credits,lbc
380,,2019/01/24,5,lbry credits,lbc
381,,2019/01/25,null,lbry credits,lbc
382,,2019/01/26,null,lbry credits,lbc
383,,2019/01/27,null,lbry credits,lbc
384,,2019/01/28,null,lbry credits,lbc
385,,2019/01/29,null,lbry credits,lbc
386,,2019/01/30,null,lbry credits,lbc
387,,2019/01/31,null,lbry credits,lbc
388,,2019/02/01,null,lbry credits,lbc
389,,2019/02/02,null,lbry credits,lbc
390,,2019/02/03,null,lbry credits,lbc
391,,2019/02/04,null,lbry credits,lbc
392,,2019/02/05,null,lbry credits,lbc
393,,2019/02/06,null,lbry credits,lbc
394,,2019/02/07,null,lbry credits,lbc
395,,2019/02/08,null,lbry credits,lbc
396,,2019/02/09,null,lbry credits,lbc
397,,2019/02/10,null,lbry credits,lbc
398,,2019/02/11,null,lbry credits,lbc
399,,2019/02/12,null,lbry credits,lbc
400,,2019/02/13,null,lbry credits,lbc
401,,2019/02/14,null,lbry credits,lbc
402,,2019/02/15,null,lbry credits,lbc
403,,2019/02/16,null,lbry credits,lbc
404,,2019/02/17,null,lbry credits,lbc
405,,2019/02/18,null,lbry credits,lbc
406,,2019/02/19,null,lbry credits,lbc
407,,2019/02/20,2,lbry credits,lbc
408,,2019/02/21,null,lbry credits,lbc
409,,2019/02/22,null,lbry credits,lbc
410,,2019/02/23,null,lbry credits,lbc
411,,2019/02/24,null,lbry credits,lbc
412,,2019/02/25,null,lbry credits,lbc
413,,2019/02/26,null,lbry credits,lbc
414,,2019/02/27,null,lbry credits,lbc
415,,2019/02/28,null,lbry credits,lbc
416,,2019/03/01,null,lbry credits,lbc
417,,2019/03/02,null,lbry credits,lbc
418,,2019/03/03,null,lbry credits,lbc
419,,2019/03/04,null,lbry credits,lbc
420,,2019/03/05,null,lbry credits,lbc
421,,2019/03/06,null,lbry credits,lbc
422,,2019/03/07,null,lbry credits,lbc
423,,2019/03/08,null,lbry credits,lbc
424,,2019/03/09,null,lbry credits,lbc
425,,2019/03/10,null,lbry credits,lbc
426,,2019/03/11,null,lbry credits,lbc
427,,2019/03/12,null,lbry credits,lbc
428,,2019/03/13,null,lbry credits,lbc
429,,2019/03/14,null,lbry credits,lbc
430,,2019/03/15,null,lbry credits,lbc
431,,2019/03/16,null,lbry credits,lbc
432,,2019/03/17,null,lbry credits,lbc
433,,2019/03/18,1,lbry credits,lbc
434,,2019/03/19,4,lbry credits,lbc
435,,2019/03/20,null,lbry credits,lbc
436,,2019/03/21,null,lbry credits,lbc
437,,2019/03/22,null,lbry credits,lbc
438,,2019/03/23,null,lbry credits,lbc
439,,2019/03/24,null,lbry credits,lbc
440,,2019/03/25,null,lbry credits,lbc
441,,2019/03/26,null,lbry credits,lbc
442,,2019/03/27,null,lbry credits,lbc
443,,2019/03/28,null,lbry credits,lbc
444,,2019/03/29,null,lbry credits,lbc
445,,2019/03/30,null,lbry credits,lbc
446,,2019/03/31,null,lbry credits,lbc
447,,2019/04/01,null,lbry credits,lbc
448,,2019/04/02,null,lbry credits,lbc
449,,2019/04/03,null,lbry credits,lbc
450,,2019/04/04,null,lbry credits,lbc
451,,2019/04/05,null,lbry credits,lbc
452,,2019/04/06,null,lbry credits,lbc
453,,2019/04/07,null,lbry credits,lbc
454,,2019/04/08,null,lbry credits,lbc
455,,2019/04/09,null,lbry credits,lbc
456,,2019/04/10,null,lbry credits,lbc
457,,2019/04/11,null,lbry credits,lbc
458,,2019/04/12,null,lbry credits,lbc
459,,2019/04/13,null,lbry credits,lbc
460,,2019/04/14,null,lbry credits,lbc
461,,2019/04/15,null,lbry credits,lbc
462,,2019/04/16,null,lbry credits,lbc
463,,2019/04/17,null,lbry credits,lbc
464,,2019/04/18,null,lbry credits,lbc
465,,2019/04/19,null,lbry credits,lbc
466,,2019/04/20,null,lbry credits,lbc
467,,2019/04/21,null,lbry credits,lbc
468,,2019/04/22,null,lbry credits,lbc
469,,2019/04/23,null,lbry credits,lbc
470,,2019/04/24,null,lbry credits,lbc
471,,2019/04/25,null,lbry credits,lbc
472,,2019/04/26,2,lbry credits,lbc
473,,2019/04/27,null,lbry credits,lbc
474,,2019/04/28,null,lbry credits,lbc
475,,2019/04/29,null,lbry credits,lbc
476,,2019/04/30,null,lbry credits,lbc
477,,2019/05/01,null,lbry credits,lbc
478,,2019/05/02,null,lbry credits,lbc
479,,2019/05/03,null,lbry credits,lbc
480,,2019/05/04,null,lbry credits,lbc
481,,2019/05/05,5,lbry credits,lbc
482,,2019/05/06,5,lbry credits,lbc
483,,2019/05/07,null,lbry credits,lbc
484,,2019/05/08,null,lbry credits,lbc
485,,2019/05/09,null,lbry credits,lbc
486,,2019/05/10,null,lbry credits,lbc
487,,2019/05/11,null,lbry credits,lbc
488,,2019/05/12,null,lbry credits,lbc
489,,2019/05/13,null,lbry credits,lbc
490,,2019/05/14,null,lbry credits,lbc
491,,2019/05/15,1,lbry credits,lbc
492,,2019/05/16,2,lbry credits,lbc
493,,2019/05/17,null,lbry credits,lbc
494,,2019/05/18,null,lbry credits,lbc
495,,2019/05/19,null,lbry credits,lbc
496,,2019/05/20,null,lbry credits,lbc
497,,2019/05/21,null,lbry credits,lbc
498,,2019/05/22,null,lbry credits,lbc
499,,2019/05/23,null,lbry credits,lbc
500,,2019/05/24,null,lbry credits,lbc
501,,2019/05/25,null,lbry credits,lbc
502,,2019/05/26,null,lbry credits,lbc
503,,2019/05/27,null,lbry credits,lbc
504,,2019/05/28,null,lbry credits,lbc
505,,2019/05/29,null,lbry credits,lbc
506,,2019/05/30,null,lbry credits,lbc
507,,2019/05/31,null,lbry credits,lbc
508,,2019/06/01,null,lbry credits,lbc
509,,2019/06/02,null,lbry credits,lbc
510,,2019/06/03,null,lbry credits,lbc
511,,2019/06/04,null,lbry credits,lbc
512,,2019/06/05,8,lbry credits,lbc
513,,2019/06/06,1,lbry credits,lbc
514,,2019/06/07,1,lbry credits,lbc
515,,2019/06/08,2,lbry credits,lbc
516,,2019/06/09,null,lbry credits,lbc
517,,2019/06/10,null,lbry credits,lbc
518,,2019/06/11,null,lbry credits,lbc
519,,2019/06/12,null,lbry credits,lbc
520,,2019/06/13,null,lbry credits,lbc
521,,2019/06/14,null,lbry credits,lbc
522,,2019/06/15,null,lbry credits,lbc
523,,2019/06/16,null,lbry credits,lbc
524,,2019/06/17,null,lbry credits,lbc
525,,2019/06/18,null,lbry credits,lbc
526,,2019/06/19,null,lbry credits,lbc
527,,2019/06/20,null,lbry credits,lbc
528,,2019/06/21,null,lbry credits,lbc
529,,2019/06/22,null,lbry credits,lbc
530,,2019/06/23,null,lbry credits,lbc
531,,2019/06/24,null,lbry credits,lbc
532,,2019/06/25,null,lbry credits,lbc
533,,2019/06/26,null,lbry credits,lbc
534,,2019/06/27,null,lbry credits,lbc
535,,2019/06/28,null,lbry credits,lbc
536,,2019/06/29,null,lbry credits,lbc
537,,2019/06/30,null,lbry credits,lbc
538,,2019/07/01,null,lbry credits,lbc
539,,2019/07/02,null,lbry credits,lbc
540,,2019/07/03,null,lbry credits,lbc
541,,2019/07/04,null,lbry credits,lbc
542,,2019/07/05,null,lbry credits,lbc
543,,2019/07/06,null,lbry credits,lbc
544,,2019/07/07,null,lbry credits,lbc
545,,2019/07/08,null,lbry credits,lbc
546,,2019/07/09,null,lbry credits,lbc
547,,2019/07/10,null,lbry credits,lbc
548,,2019/07/11,null,lbry credits,lbc
549,,2019/07/12,null,lbry credits,lbc
550,,2019/07/13,null,lbry credits,lbc
551,,2019/07/14,null,lbry credits,lbc
552,,2019/07/15,null,lbry credits,lbc
553,,2019/07/16,null,lbry credits,lbc
554,,2019/07/17,null,lbry credits,lbc
555,,2019/07/18,null,lbry credits,lbc
556,,2019/07/19,null,lbry credits,lbc
557,,2019/07/20,null,lbry credits,lbc
558,,2019/07/21,null,lbry credits,lbc
559,,2019/07/22,null,lbry credits,lbc
560,,2019/07/23,null,lbry credits,lbc
561,,2019/07/24,null,lbry credits,lbc
562,,2019/07/25,null,lbry credits,lbc
563,,2019/07/26,null,lbry credits,lbc
564,,2019/07/27,null,lbry credits,lbc
565,,2019/07/28,null,lbry credits,lbc
566,,2019/07/29,null,lbry credits,lbc
567,,2019/07/30,null,lbry credits,lbc
568,,2019/07/31,null,lbry credits,lbc
569,,2019/08/01,null,lbry credits,lbc
570,,2019/08/02,null,lbry credits,lbc
571,,2019/08/03,null,lbry credits,lbc
572,,2019/08/04,null,lbry credits,lbc
573,,2019/08/05,null,lbry credits,lbc
574,,2019/08/06,null,lbry credits,lbc
575,,2019/08/07,null,lbry credits,lbc
576,,2019/08/08,null,lbry credits,lbc
577,,2019/08/09,null,lbry credits,lbc
578,,2019/08/10,null,lbry credits,lbc
579,,2019/08/11,null,lbry credits,lbc
580,,2019/08/12,null,lbry credits,lbc
581,,2019/08/13,null,lbry credits,lbc
582,,2019/08/14,null,lbry credits,lbc
583,,2019/08/15,null,lbry credits,lbc
584,,2019/08/16,null,lbry credits,lbc
585,,2019/08/17,null,lbry credits,lbc
586,,2019/08/18,null,lbry credits,lbc
587,,2019/08/19,null,lbry credits,lbc
588,,2019/08/20,null,lbry credits,lbc
589,,2019/08/21,null,lbry credits,lbc
590,,2019/08/22,null,lbry credits,lbc
591,,2019/08/23,null,lbry credits,lbc
592,,2019/08/24,null,lbry credits,lbc
593,,2019/08/25,null,lbry credits,lbc
594,,2019/08/26,null,lbry credits,lbc
595,,2019/08/27,null,lbry credits,lbc
596,,2019/08/28,null,lbry credits,lbc
597,,2019/08/29,null,lbry credits,lbc
598,,2019/08/30,null,lbry credits,lbc
599,,2019/08/31,null,lbry credits,lbc
600,,2019/09/01,null,lbry credits,lbc
601,,2019/09/02,null,lbry credits,lbc
602,,2019/09/03,null,lbry credits,lbc
603,,2019/09/04,null,lbry credits,lbc
604,,2019/09/05,null,lbry credits,lbc
605,,2019/09/06,null,lbry credits,lbc
606,,2019/09/07,null,lbry credits,lbc
607,,2019/09/08,null,lbry credits,lbc
608,,2019/09/09,null,lbry credits,lbc
609,,2019/09/10,null,lbry credits,lbc
610,,2019/09/11,null,lbry credits,lbc
611,,2019/09/12,null,lbry credits,lbc
612,,2019/09/13,null,lbry credits,lbc
613,,2019/09/14,null,lbry credits,lbc
614,,2019/09/15,null,lbry credits,lbc
615,,2019/09/16,null,lbry credits,lbc
616,,2019/09/17,null,lbry credits,lbc
617,,2019/09/18,null,lbry credits,lbc
618,,2019/09/19,null,lbry credits,lbc
619,,2019/09/20,null,lbry credits,lbc
620,,2019/09/21,null,lbry credits,lbc
621,,2019/09/22,null,lbry credits,lbc
622,,2019/09/23,null,lbry credits,lbc
623,,2019/09/24,null,lbry credits,lbc
624,,2019/09/25,null,lbry credits,lbc
625,,2019/09/26,null,lbry credits,lbc
626,,2019/09/27,null,lbry credits,lbc
627,,2019/09/28,null,lbry credits,lbc
628,,2019/09/29,null,lbry credits,lbc
629,,2019/09/30,null,lbry credits,lbc
630,,2019/10/01,null,lbry credits,lbc
631,,2019/10/02,null,lbry credits,lbc
632,,2019/10/03,null,lbry credits,lbc
633,,2019/10/04,null,lbry credits,lbc
634,,2019/10/05,null,lbry credits,lbc
635,,2019/10/06,null,lbry credits,lbc
636,,2019/10/07,null,lbry credits,lbc
637,,2019/10/08,null,lbry credits,lbc
638,,2019/10/09,13,lbry credits,lbc
639,,2019/10/10,3,lbry credits,lbc
640,,2019/10/11,1,lbry credits,lbc
641,,2019/10/12,2,lbry credits,lbc
642,,2019/10/13,1,lbry credits,lbc
643,,2019/10/14,5,lbry credits,lbc
644,,2019/10/15,1,lbry credits,lbc
645,,2019/10/16,null,lbry credits,lbc
646,,2019/10/17,null,lbry credits,lbc
647,,2019/10/18,null,lbry credits,lbc
648,,2019/10/19,null,lbry credits,lbc
649,,2019/10/20,null,lbry credits,lbc
650,,2019/10/21,null,lbry credits,lbc
651,,2019/10/22,null,lbry credits,lbc
652,,2019/10/23,null,lbry credits,lbc
653,,2019/10/24,null,lbry credits,lbc
654,,2019/10/25,null,lbry credits,lbc
655,,2019/10/26,null,lbry credits,lbc
656,,2019/10/27,null,lbry credits,lbc
657,,2019/10/28,null,lbry credits,lbc
658,,2019/10/29,null,lbry credits,lbc
659,,2019/10/30,null,lbry credits,lbc
660,,2019/10/31,null,lbry credits,lbc
661,,2019/11/01,null,lbry credits,lbc
662,,2019/11/02,null,lbry credits,lbc
663,,2019/11/03,null,lbry credits,lbc
664,,2019/11/04,null,lbry credits,lbc
665,,2019/11/05,null,lbry credits,lbc
666,,2019/11/06,null,lbry credits,lbc
667,,2019/11/07,null,lbry credits,lbc
668,,2019/11/08,null,lbry credits,lbc
669,,2019/11/09,null,lbry credits,lbc
670,,2019/11/10,null,lbry credits,lbc
671,,2019/11/11,null,lbry credits,lbc
672,,2019/11/12,null,lbry credits,lbc
673,,2019/11/13,null,lbry credits,lbc
674,,2019/11/14,null,lbry credits,lbc
675,,2019/11/15,null,lbry credits,lbc
676,,2019/11/16,null,lbry credits,lbc
677,,2019/11/17,null,lbry credits,lbc
678,,2019/11/18,null,lbry credits,lbc
679,,2019/11/19,null,lbry credits,lbc
680,,2019/11/20,null,lbry credits,lbc
681,,2019/11/21,1,lbry credits,lbc
682,,2019/11/22,null,lbry credits,lbc
683,,2019/11/23,null,lbry credits,lbc
684,,2019/11/24,null,lbry credits,lbc
685,,2019/11/25,null,lbry credits,lbc
686,,2019/11/26,null,lbry credits,lbc
687,,2019/11/27,null,lbry credits,lbc
688,,2019/11/28,null,lbry credits,lbc
689,,2019/11/29,null,lbry credits,lbc
690,,2019/11/30,null,lbry credits,lbc
691,,2019/12/01,null,lbry credits,lbc
692,,2019/12/02,null,lbry credits,lbc
693,,2019/12/03,null,lbry credits,lbc
694,,2019/12/04,null,lbry credits,lbc
695,,2019/12/05,null,lbry credits,lbc
696,,2019/12/06,null,lbry credits,lbc
697,,2019/12/07,null,lbry credits,lbc
698,,2019/12/08,null,lbry credits,lbc
699,,2019/12/09,null,lbry credits,lbc
700,,2019/12/10,null,lbry credits,lbc
701,,2019/12/11,null,lbry credits,lbc
702,,2019/12/12,null,lbry credits,lbc
703,,2019/12/13,null,lbry credits,lbc
704,,2019/12/14,null,lbry credits,lbc
705,,2019/12/15,null,lbry credits,lbc
706,,2019/12/16,null,lbry credits,lbc
707,,2019/12/17,null,lbry credits,lbc
708,,2019/12/18,null,lbry credits,lbc
709,,2019/12/19,null,lbry credits,lbc
710,,2019/12/20,null,lbry credits,lbc
711,,2019/12/21,null,lbry credits,lbc
712,,2019/12/22,null,lbry credits,lbc
713,,2019/12/23,1,lbry credits,lbc
714,,2019/12/24,null,lbry credits,lbc
715,,2019/12/25,null,lbry credits,lbc
716,,2019/12/26,11,lbry credits,lbc
717,,2019/12/27,3,lbry credits,lbc
718,,2019/12/28,1,lbry credits,lbc
719,,2019/12/29,1,lbry credits,lbc
720,,2019/12/30,2,lbry credits,lbc
721,,2019/12/31,1,lbry credits,lbc
722,,2020/01/01,null,lbry credits,lbc
723,,2020/01/02,null,lbry credits,lbc
724,,2020/01/03,4,lbry credits,lbc
725,,2020/01/04,1,lbry credits,lbc
726,,2020/01/05,1,lbry credits,lbc
727,,2020/01/06,null,lbry credits,lbc
728,,2020/01/07,1,lbry credits,lbc
729,,2020/01/08,null,lbry credits,lbc
730,,2020/01/09,null,lbry credits,lbc
731,,2020/01/10,null,lbry credits,lbc
732,,2020/01/11,null,lbry credits,lbc
733,,2020/01/12,1,lbry credits,lbc
734,,2020/01/13,4,lbry credits,lbc
735,,2020/01/14,3,lbry credits,lbc
736,,2020/01/15,null,lbry credits,lbc
737,,2020/01/16,null,lbry credits,lbc
738,,2020/01/17,null,lbry credits,lbc
739,,2020/01/18,null,lbry credits,lbc
740,,2020/01/19,null,lbry credits,lbc
741,,2020/01/20,null,lbry credits,lbc
742,,2020/01/21,null,lbry credits,lbc
743,,2020/01/22,null,lbry credits,lbc
744,,2020/01/23,null,lbry credits,lbc
745,,2020/01/24,null,lbry credits,lbc
746,,2020/01/25,null,lbry credits,lbc
747,,2020/01/26,null,lbry credits,lbc
748,,2020/01/27,null,lbry credits,lbc
749,,2020/01/28,null,lbry credits,lbc
750,,2020/01/29,null,lbry credits,lbc
751,,2020/01/30,null,lbry credits,lbc
752,,2020/01/31,null,lbry credits,lbc
753,,2020/02/01,null,lbry credits,lbc
754,,2020/02/02,null,lbry credits,lbc
755,,2020/02/03,null,lbry credits,lbc
756,,2020/02/04,null,lbry credits,lbc
757,,2020/02/05,null,lbry credits,lbc
758,,2020/02/06,null,lbry credits,lbc
759,,2020/02/07,null,lbry credits,lbc
760,,2020/02/08,null,lbry credits,lbc
761,,2020/02/09,null,lbry credits,lbc
762,,2020/02/10,null,lbry credits,lbc
763,,2020/02/11,null,lbry credits,lbc
764,,2020/02/12,null,lbry credits,lbc
765,,2020/02/13,null,lbry credits,lbc
766,,2020/02/14,null,lbry credits,lbc
767,,2020/02/15,null,lbry credits,lbc
768,,2020/02/16,null,lbry credits,lbc
769,,2020/02/17,null,lbry credits,lbc
770,,2020/02/18,null,lbry credits,lbc
771,,2020/02/19,null,lbry credits,lbc
772,,2020/02/20,null,lbry credits,lbc
773,,2020/02/21,null,lbry credits,lbc
774,,2020/02/22,null,lbry credits,lbc
775,,2020/02/23,null,lbry credits,lbc
776,,2020/02/24,null,lbry credits,lbc
777,,2020/02/25,null,lbry credits,lbc
778,,2020/02/26,null,lbry credits,lbc
779,,2020/02/27,null,lbry credits,lbc
780,,2020/02/28,null,lbry credits,lbc
781,,2020/02/29,null,lbry credits,lbc
782,,2020/03/01,null,lbry credits,lbc
783,,2020/03/02,null,lbry credits,lbc
784,,2020/03/03,null,lbry credits,lbc
785,,2020/03/04,null,lbry credits,lbc
786,,2020/03/05,null,lbry credits,lbc
787,,2020/03/06,null,lbry credits,lbc
788,,2020/03/07,null,lbry credits,lbc
789,,2020/03/08,null,lbry credits,lbc
790,,2020/03/09,null,lbry credits,lbc
791,,2020/03/10,null,lbry credits,lbc
792,,2020/03/11,null,lbry credits,lbc
793,,2020/03/12,null,lbry credits,lbc
794,,2020/03/13,null,lbry credits,lbc
795,,2020/03/14,null,lbry credits,lbc
796,,2020/03/15,null,lbry credits,lbc
797,,2020/03/16,null,lbry credits,lbc
798,,2020/03/17,null,lbry credits,lbc
799,,2020/03/18,null,lbry credits,lbc
800,,2020/03/19,null,lbry credits,lbc
801,,2020/03/20,null,lbry credits,lbc
802,,2020/03/21,null,lbry credits,lbc
803,,2020/03/22,null,lbry credits,lbc
804,,2020/03/23,null,lbry credits,lbc
805,,2020/03/24,null,lbry credits,lbc
806,,2020/03/25,null,lbry credits,lbc
807,,2020/03/26,null,lbry credits,lbc
808,,2020/03/27,null,lbry credits,lbc
809,,2020/03/28,null,lbry credits,lbc
810,,2020/03/29,null,lbry credits,lbc
811,,2020/03/30,null,lbry credits,lbc
812,,2020/03/31,null,lbry credits,lbc
813,,2020/04/01,null,lbry credits,lbc
814,,2020/04/02,null,lbry credits,lbc
815,,2020/04/03,null,lbry credits,lbc
816,,2020/04/04,null,lbry credits,lbc
817,,2020/04/05,null,lbry credits,lbc
818,,2020/04/06,null,lbry credits,lbc
819,,2020/04/07,null,lbry credits,lbc
820,,2020/04/08,null,lbry credits,lbc
821,,2020/04/09,null,lbry credits,lbc
822,,2020/04/10,null,lbry credits,lbc
823,,2020/04/11,null,lbry credits,lbc
824,,2020/04/12,null,lbry credits,lbc
825,,2020/04/13,null,lbry credits,lbc
826,,2020/04/14,null,lbry credits,lbc
827,,2020/04/15,null,lbry credits,lbc
828,,2020/04/16,null,lbry credits,lbc
829,,2020/04/17,null,lbry credits,lbc
830,,2020/04/18,null,lbry credits,lbc
831,,2020/04/19,null,lbry credits,lbc
832,,2020/04/20,2,lbry credits,lbc
833,,2020/04/21,null,lbry credits,lbc
834,,2020/04/22,null,lbry credits,lbc
835,,2020/04/23,null,lbry credits,lbc
836,,2020/04/24,null,lbry credits,lbc
837,,2020/04/25,null,lbry credits,lbc
838,,2020/04/26,null,lbry credits,lbc
839,,2020/04/27,1,lbry credits,lbc
840,,2020/04/28,null,lbry credits,lbc
841,,2020/04/29,null,lbry credits,lbc
842,,2020/04/30,null,lbry credits,lbc
843,,2020/05/01,null,lbry credits,lbc
844,,2020/05/02,null,lbry credits,lbc
845,,2020/05/03,null,lbry credits,lbc
846,,2020/05/04,null,lbry credits,lbc
847,,2020/05/05,null,lbry credits,lbc
848,,2020/05/06,1,lbry credits,lbc
849,,2020/05/07,null,lbry credits,lbc
850,,2020/05/08,null,lbry credits,lbc
851,,2020/05/09,null,lbry credits,lbc
852,,2020/05/10,null,lbry credits,lbc
853,,2020/05/11,null,lbry credits,lbc
854,,2020/05/12,null,lbry credits,lbc
855,,2020/05/13,null,lbry credits,lbc
856,,2020/05/14,2,lbry credits,lbc
857,,2020/05/15,1,lbry credits,lbc
858,,2020/05/16,null,lbry credits,lbc
859,,2020/05/17,null,lbry credits,lbc
860,,2020/05/18,null,lbry credits,lbc
861,,2020/05/19,1,lbry credits,lbc
862,,2020/05/20,null,lbry credits,lbc
863,,2020/05/21,1,lbry credits,lbc
864,,2020/05/22,null,lbry credits,lbc
865,,2020/05/23,36,lbry credits,lbc
866,,2020/05/24,11,lbry credits,lbc
867,,2020/05/25,null,lbry credits,lbc
868,,2020/05/26,null,lbry credits,lbc
869,,2020/05/27,null,lbry credits,lbc
870,,2020/05/28,null,lbry credits,lbc
871,,2020/05/29,null,lbry credits,lbc
872,,2020/05/30,2,lbry credits,lbc
873,,2020/05/31,null,lbry credits,lbc
874,,2020/06/01,null,lbry credits,lbc
875,,2020/06/02,null,lbry credits,lbc
876,,2020/06/03,null,lbry credits,lbc
877,,2020/06/04,null,lbry credits,lbc
878,,2020/06/05,null,lbry credits,lbc
879,,2020/06/06,null,lbry credits,lbc
880,,2020/06/07,1,lbry credits,lbc
881,,2020/06/08,1,lbry credits,lbc
882,,2020/06/09,null,lbry credits,lbc
883,,2020/06/10,null,lbry credits,lbc
884,,2020/06/11,null,lbry credits,lbc
885,,2020/06/12,null,lbry credits,lbc
886,,2020/06/13,null,lbry credits,lbc
887,,2020/06/14,null,lbry credits,lbc
888,,2020/06/15,null,lbry credits,lbc
889,,2020/06/16,null,lbry credits,lbc
890,,2020/06/17,null,lbry credits,lbc
891,,2020/06/18,null,lbry credits,lbc
892,,2020/06/19,null,lbry credits,lbc
893,,2020/06/20,null,lbry credits,lbc
894,,2020/06/21,null,lbry credits,lbc
895,,2020/06/22,1,lbry credits,lbc
896,,2020/06/23,null,lbry credits,lbc
897,,2020/06/24,null,lbry credits,lbc
898,,2020/06/25,null,lbry credits,lbc
899,,2020/06/26,null,lbry credits,lbc
900,,2020/06/27,null,lbry credits,lbc
901,,2020/06/28,null,lbry credits,lbc
902,,2020/06/29,null,lbry credits,lbc
903,,2020/06/30,null,lbry credits,lbc
904,,2020/07/01,null,lbry credits,lbc
905,,2020/07/02,null,lbry credits,lbc
906,,2020/07/03,null,lbry credits,lbc
907,,2020/07/04,null,lbry credits,lbc
908,,2020/07/05,null,lbry credits,lbc
909,,2020/07/06,null,lbry credits,lbc
910,,2020/07/07,null,lbry credits,lbc
911,,2020/07/08,1,lbry credits,lbc
912,,2020/07/09,null,lbry credits,lbc
913,,2020/07/10,null,lbry credits,lbc
914,,2020/07/11,2,lbry credits,lbc
915,,2020/07/12,null,lbry credits,lbc
916,,2020/07/13,null,lbry credits,lbc
917,,2020/07/14,null,lbry credits,lbc
918,,2020/07/15,2,lbry credits,lbc
919,,2020/07/16,null,lbry credits,lbc
920,,2020/07/17,null,lbry credits,lbc
921,,2020/07/18,null,lbry credits,lbc
922,,2020/07/19,null,lbry credits,lbc
923,,2020/07/20,null,lbry credits,lbc
924,,2020/07/21,null,lbry credits,lbc
925,,2020/07/22,null,lbry credits,lbc
926,,2020/07/23,null,lbry credits,lbc
927,,2020/07/24,null,lbry credits,lbc
928,,2020/07/25,null,lbry credits,lbc
929,,2020/07/26,null,lbry credits,lbc
930,,2020/07/27,null,lbry credits,lbc
931,,2020/07/28,null,lbry credits,lbc
932,,2020/07/29,null,lbry credits,lbc
933,,2020/07/30,null,lbry credits,lbc
934,,2020/07/31,null,lbry credits,lbc
935,,2020/08/01,1,lbry credits,lbc
936,,2020/08/02,null,lbry credits,lbc
937,,2020/08/03,1,lbry credits,lbc
938,,2020/08/04,1,lbry credits,lbc
939,,2020/08/05,null,lbry credits,lbc
940,,2020/08/06,1,lbry credits,lbc
941,,2020/08/07,null,lbry credits,lbc
942,,2020/08/08,null,lbry credits,lbc
943,,2020/08/09,2,lbry credits,lbc
944,,2020/08/10,null,lbry credits,lbc
945,,2020/08/11,null,lbry credits,lbc
946,,2020/08/12,2,lbry credits,lbc
947,,2020/08/13,1,lbry credits,lbc
948,,2020/08/14,null,lbry credits,lbc
949,,2020/08/15,null,lbry credits,lbc
950,,2020/08/16,1,lbry credits,lbc
951,,2020/08/17,1,lbry credits,lbc
952,,2020/08/18,null,lbry credits,lbc
953,,2020/08/19,1,lbry credits,lbc
954,,2020/08/20,1,lbry credits,lbc
955,,2020/08/21,null,lbry credits,lbc
956,,2020/08/22,null,lbry credits,lbc
957,,2020/08/23,null,lbry credits,lbc
958,,2020/08/24,null,lbry credits,lbc
959,,2020/08/25,null,lbry credits,lbc
960,,2020/08/26,null,lbry credits,lbc
961,,2020/08/27,null,lbry credits,lbc
962,,2020/08/28,null,lbry credits,lbc
963,,2020/08/29,null,lbry credits,lbc
964,,2020/08/30,null,lbry credits,lbc
965,,2020/08/31,null,lbry credits,lbc
966,,2020/09/01,1,lbry credits,lbc
967,,2020/09/02,null,lbry credits,lbc
968,,2020/09/03,null,lbry credits,lbc
969,,2020/09/04,null,lbry credits,lbc
970,,2020/09/05,null,lbry credits,lbc
971,,2020/09/06,null,lbry credits,lbc
972,,2020/09/07,null,lbry credits,lbc
973,,2020/09/08,null,lbry credits,lbc
974,,2020/09/09,null,lbry credits,lbc
975,,2020/09/10,1,lbry credits,lbc
976,,2020/09/11,1,lbry credits,lbc
977,,2020/09/12,null,lbry credits,lbc
978,,2020/09/13,null,lbry credits,lbc
979,,2020/09/14,null,lbry credits,lbc
980,,2020/09/15,1,lbry credits,lbc
981,,2020/09/16,null,lbry credits,lbc
982,,2020/09/17,null,lbry credits,lbc
983,,2020/09/18,null,lbry credits,lbc
984,,2020/09/19,null,lbry credits,lbc
985,,2020/09/20,null,lbry credits,lbc
986,,2020/09/21,null,lbry credits,lbc
987,,2020/09/22,null,lbry credits,lbc
988,,2020/09/23,null,lbry credits,lbc
989,,2020/09/24,null,lbry credits,lbc
990,,2020/09/25,1,lbry credits,lbc
991,,2020/09/26,null,lbry credits,lbc
992,,2020/09/27,null,lbry credits,lbc
993,,2020/09/28,null,lbry credits,lbc
994,,2020/09/29,null,lbry credits,lbc
995,,2020/09/30,null,lbry credits,lbc
996,,2020/10/01,null,lbry credits,lbc
997,,2020/10/02,null,lbry credits,lbc
998,,2020/10/03,null,lbry credits,lbc
999,,2020/10/04,null,lbry credits,lbc
1000,,2020/10/05,1,lbry credits,lbc
1001,,2020/10/06,null,lbry credits,lbc
1002,,2020/10/07,null,lbry credits,lbc
1003,,2020/10/08,null,lbry credits,lbc
1004,,2020/10/09,null,lbry credits,lbc
1005,,2020/10/10,null,lbry credits,lbc
1006,,2020/10/11,null,lbry credits,lbc
1007,,2020/10/12,null,lbry credits,lbc
1008,,2020/10/13,null,lbry credits,lbc
1009,,2020/10/14,null,lbry credits,lbc
1010,,2020/10/15,null,lbry credits,lbc
1011,,2020/10/16,null,lbry credits,lbc
1012,,2020/10/17,null,lbry credits,lbc
1013,,2020/10/18,null,lbry credits,lbc
1014,,2020/10/19,1,lbry credits,lbc
1015,,2020/10/20,null,lbry credits,lbc
1016,,2020/10/21,null,lbry credits,lbc
1017,,2020/10/22,null,lbry credits,lbc
1018,,2020/10/23,null,lbry credits,lbc
1019,,2020/10/24,null,lbry credits,lbc
1020,,2020/10/25,null,lbry credits,lbc
1021,,2020/10/26,null,lbry credits,lbc
1022,,2020/10/27,null,lbry credits,lbc
1023,,2020/10/28,null,lbry credits,lbc
1024,,2020/10/29,null,lbry credits,lbc
1025,,2020/10/30,null,lbry credits,lbc
1026,,2020/10/31,null,lbry credits,lbc
1027,,2020/11/01,null,lbry credits,lbc
1028,,2020/11/02,null,lbry credits,lbc
1029,,2020/11/03,null,lbry credits,lbc
1030,,2020/11/04,1,lbry credits,lbc
1031,,2020/11/05,null,lbry credits,lbc
1032,,2020/11/06,1,lbry credits,lbc
1033,,2020/11/07,null,lbry credits,lbc
1034,,2020/11/08,null,lbry credits,lbc
1035,,2020/11/09,null,lbry credits,lbc
1036,,2020/11/10,2,lbry credits,lbc
1037,,2020/11/11,null,lbry credits,lbc
1038,,2020/11/12,null,lbry credits,lbc
1039,,2020/11/13,null,lbry credits,lbc
1040,,2020/11/14,null,lbry credits,lbc
1041,,2020/11/15,null,lbry credits,lbc
1042,,2020/11/16,1,lbry credits,lbc
1043,,2020/11/17,null,lbry credits,lbc
1044,,2020/11/18,null,lbry credits,lbc
1045,,2020/11/19,null,lbry credits,lbc
1046,,2020/11/20,null,lbry credits,lbc
1047,,2020/11/21,null,lbry credits,lbc
1048,,2020/11/22,null,lbry credits,lbc
1049,,2020/11/23,null,lbry credits,lbc
1050,,2020/11/24,null,lbry credits,lbc
1051,,2020/11/25,null,lbry credits,lbc
1052,,2020/11/26,null,lbry credits,lbc
1053,,2020/11/27,null,lbry credits,lbc
1054,,2020/11/28,null,lbry credits,lbc
1055,,2020/11/29,null,lbry credits,lbc
1056,,2020/11/30,null,lbry credits,lbc
1057,,2020/12/01,1,lbry credits,lbc
1058,,2020/12/02,null,lbry credits,lbc
1059,,2020/12/03,1,lbry credits,lbc
1060,,2020/12/04,null,lbry credits,lbc
1061,,2020/12/05,null,lbry credits,lbc
1062,,2020/12/06,1,lbry credits,lbc
1063,,2020/12/07,1,lbry credits,lbc
1064,,2020/12/08,null,lbry credits,lbc
1065,,2020/12/09,null,lbry credits,lbc
1066,,2020/12/10,null,lbry credits,lbc
1067,,2020/12/11,2,lbry credits,lbc
1068,,2020/12/12,null,lbry credits,lbc
1069,,2020/12/13,null,lbry credits,lbc
1070,,2020/12/14,null,lbry credits,lbc
1071,,2020/12/15,1,lbry credits,lbc
1072,,2020/12/16,null,lbry credits,lbc
1073,,2020/12/17,null,lbry credits,lbc
1074,,2020/12/18,null,lbry credits,lbc
1075,,2020/12/19,null,lbry credits,lbc
1076,,2020/12/20,null,lbry credits,lbc
1077,,2020/12/21,null,lbry credits,lbc
1078,,2020/12/22,null,lbry credits,lbc
1079,,2020/12/23,null,lbry credits,lbc
1080,,2020/12/24,null,lbry credits,lbc
1081,,2020/12/25,null,lbry credits,lbc
1082,,2020/12/26,null,lbry credits,lbc
1083,,2020/12/27,null,lbry credits,lbc
1084,,2020/12/28,null,lbry credits,lbc
1085,,2020/12/29,null,lbry credits,lbc
1086,,2020/12/30,null,lbry credits,lbc
1087,,2020/12/31,null,lbry credits,lbc
1088,,2021/01/01,1,lbry credits,lbc
1089,,2021/01/02,null,lbry credits,lbc
1090,,2021/01/03,null,lbry credits,lbc
1091,,2021/01/04,null,lbry credits,lbc
1092,,2021/01/05,1,lbry credits,lbc
1093,,2021/01/06,null,lbry credits,lbc
1094,,2021/01/07,null,lbry credits,lbc
1095,,2021/01/08,null,lbry credits,lbc
1096,,2021/01/09,null,lbry credits,lbc
1097,,2021/01/10,null,lbry credits,lbc
1098,,2021/01/11,null,lbry credits,lbc
1099,,2021/01/12,null,lbry credits,lbc
1100,,2021/01/13,null,lbry credits,lbc
1101,,2021/01/14,null,lbry credits,lbc
1102,,2021/01/15,null,lbry credits,lbc
1103,,2021/01/16,null,lbry credits,lbc
1104,,2021/01/17,1,lbry credits,lbc
1105,,2021/01/18,null,lbry credits,lbc
1106,,2021/01/19,2,lbry credits,lbc
1107,,2021/01/20,null,lbry credits,lbc
1108,,2021/01/21,null,lbry credits,lbc
1109,,2021/01/22,null,lbry credits,lbc
1110,,2021/01/23,1,lbry credits,lbc
1111,,2021/01/24,1,lbry credits,lbc
1112,,2021/01/25,null,lbry credits,lbc
1113,,2021/01/26,null,lbry credits,lbc
1114,,2021/01/27,null,lbry credits,lbc
1115,,2021/01/28,null,lbry credits,lbc
1116,,2021/01/29,null,lbry credits,lbc
1117,,2021/01/30,null,lbry credits,lbc
1118,,2021/01/31,null,lbry credits,lbc
1119,,2021/02/01,null,lbry credits,lbc
1120,,2021/02/02,null,lbry credits,lbc
1121,,2021/02/03,null,lbry credits,lbc
1122,,2021/02/04,null,lbry credits,lbc
1123,,2021/02/05,null,lbry credits,lbc
1124,,2021/02/06,null,lbry credits,lbc
1125,,2021/02/07,null,lbry credits,lbc
1126,,2021/02/08,null,lbry credits,lbc
1127,,2021/02/09,null,lbry credits,lbc
1128,,2021/02/10,null,lbry credits,lbc
1129,,2021/02/11,null,lbry credits,lbc
1130,,2021/02/12,null,lbry credits,lbc
1131,,2021/02/13,null,lbry credits,lbc
1132,,2021/02/14,null,lbry credits,lbc
1133,,2021/02/15,null,lbry credits,lbc
1134,,2021/02/16,null,lbry credits,lbc
1135,,2021/02/17,null,lbry credits,lbc
1136,,2021/02/18,null,lbry credits,lbc
1137,,2021/02/19,null,lbry credits,lbc
1138,,2021/02/20,null,lbry credits,lbc
1139,,2021/02/21,null,lbry credits,lbc
1140,,2021/02/22,null,lbry credits,lbc
1141,,2021/02/23,null,lbry credits,lbc
1142,,2021/02/24,null,lbry credits,lbc
1143,,2021/02/25,null,lbry credits,lbc
1144,,2021/02/26,null,lbry credits,lbc
1145,,2021/02/27,null,lbry credits,lbc
1146,,2021/02/28,null,lbry credits,lbc
1147,,2021/03/01,null,lbry credits,lbc
1148,,2021/03/02,null,lbry credits,lbc
1149,,2021/03/03,null,lbry credits,lbc
1150,,2021/03/04,null,lbry credits,lbc
1151,,2021/03/05,null,lbry credits,lbc
1152,,2021/03/06,1,lbry credits,lbc
1153,,2021/03/07,null,lbry credits,lbc
1154,,2021/03/08,null,lbry credits,lbc
1155,,2021/03/09,null,lbry credits,lbc
1156,,2021/03/10,1,lbry credits,lbc
