,date,tweets,google_trends,full_name,coin
0,2014/04/09,502,,litecoin,ltc
1,2014/04/10,961,,litecoin,ltc
2,2014/04/11,954,,litecoin,ltc
3,2014/04/12,454,,litecoin,ltc
4,2014/04/13,815,,litecoin,ltc
5,2014/04/14,961,,litecoin,ltc
6,2014/04/15,887,,litecoin,ltc
7,2014/04/16,1022,,litecoin,ltc
8,2014/04/17,823,,litecoin,ltc
9,2014/04/18,881,,litecoin,ltc
10,2014/04/19,813,,litecoin,ltc
11,2014/04/20,884,,litecoin,ltc
12,2014/04/21,835,,litecoin,ltc
13,2014/04/22,990,,litecoin,ltc
14,2014/04/23,938,,litecoin,ltc
15,2014/04/24,994,,litecoin,ltc
16,2014/04/25,847,,litecoin,ltc
17,2014/04/26,779,,litecoin,ltc
18,2014/04/27,682,,litecoin,ltc
19,2014/04/28,952,,litecoin,ltc
20,2014/04/29,872,,litecoin,ltc
21,2014/04/30,909,,litecoin,ltc
22,2014/05/01,972,,litecoin,ltc
23,2014/05/02,771,,litecoin,ltc
24,2014/05/03,801,,litecoin,ltc
25,2014/05/04,825,,litecoin,ltc
26,2014/05/05,1018,,litecoin,ltc
27,2014/05/06,970,,litecoin,ltc
28,2014/05/07,903,,litecoin,ltc
29,2014/05/08,809,,litecoin,ltc
30,2014/05/09,1092,,litecoin,ltc
31,2014/05/10,1764,,litecoin,ltc
32,2014/05/11,714,,litecoin,ltc
33,2014/05/12,890,,litecoin,ltc
34,2014/05/13,930,,litecoin,ltc
35,2014/05/14,2369,,litecoin,ltc
36,2014/05/15,2402,,litecoin,ltc
37,2014/05/16,1039,,litecoin,ltc
38,2014/05/17,1099,,litecoin,ltc
39,2014/05/18,1159,,litecoin,ltc
40,2014/05/19,826,,litecoin,ltc
41,2014/05/20,1689,,litecoin,ltc
42,2014/05/21,1213,,litecoin,ltc
43,2014/05/22,1343,,litecoin,ltc
44,2014/05/23,1294,,litecoin,ltc
45,2014/05/24,1269,,litecoin,ltc
46,2014/05/25,972,,litecoin,ltc
47,2014/05/26,1341,,litecoin,ltc
48,2014/05/27,1133,,litecoin,ltc
49,2014/05/28,1197,,litecoin,ltc
50,2014/05/29,1179,,litecoin,ltc
51,2014/05/30,983,,litecoin,ltc
52,2014/05/31,1074,,litecoin,ltc
53,2014/06/01,771,,litecoin,ltc
54,2014/06/02,807,,litecoin,ltc
55,2014/06/03,1765,,litecoin,ltc
56,2014/06/04,2057,,litecoin,ltc
57,2014/06/05,818,,litecoin,ltc
58,2014/06/06,1189,,litecoin,ltc
59,2014/06/07,560,,litecoin,ltc
60,2014/06/08,664,,litecoin,ltc
61,2014/06/09,906,,litecoin,ltc
62,2014/06/10,906,,litecoin,ltc
63,2014/06/11,1145,,litecoin,ltc
64,2014/06/12,657,,litecoin,ltc
65,2014/06/13,604,,litecoin,ltc
66,2014/06/14,930,,litecoin,ltc
67,2014/06/15,899,,litecoin,ltc
68,2014/06/16,799,,litecoin,ltc
69,2014/06/17,701,,litecoin,ltc
70,2014/06/18,549,,litecoin,ltc
71,2014/06/19,640,,litecoin,ltc
72,2014/06/20,620,,litecoin,ltc
73,2014/06/21,684,,litecoin,ltc
74,2014/06/22,542,,litecoin,ltc
75,2014/06/23,629,,litecoin,ltc
76,2014/06/24,680,,litecoin,ltc
77,2014/06/25,621,,litecoin,ltc
78,2014/06/26,583,,litecoin,ltc
79,2014/06/27,616,,litecoin,ltc
80,2014/06/28,486,,litecoin,ltc
81,2014/06/29,482,,litecoin,ltc
82,2014/06/30,673,,litecoin,ltc
83,2014/07/01,672,,litecoin,ltc
84,2014/07/02,843,,litecoin,ltc
85,2014/07/03,692,,litecoin,ltc
86,2014/07/04,564,,litecoin,ltc
87,2014/07/05,600,,litecoin,ltc
88,2014/07/06,581,,litecoin,ltc
89,2014/07/07,923,,litecoin,ltc
90,2014/07/08,604,,litecoin,ltc
91,2014/07/09,651,,litecoin,ltc
92,2014/07/10,617,,litecoin,ltc
93,2014/07/11,530,,litecoin,ltc
94,2014/07/12,518,,litecoin,ltc
95,2014/07/13,863,,litecoin,ltc
96,2014/07/14,1075,,litecoin,ltc
97,2014/07/15,840,,litecoin,ltc
98,2014/07/16,2226,,litecoin,ltc
99,2014/07/17,1756,,litecoin,ltc
100,2014/07/18,692,,litecoin,ltc
101,2014/07/19,482,,litecoin,ltc
102,2014/07/20,507,,litecoin,ltc
103,2014/07/21,1267,,litecoin,ltc
104,2014/07/22,693,,litecoin,ltc
105,2014/07/23,569,,litecoin,ltc
106,2014/07/24,584,,litecoin,ltc
107,2014/07/25,826,,litecoin,ltc
108,2014/07/26,449,,litecoin,ltc
109,2014/07/27,410,,litecoin,ltc
110,2014/07/28,550,,litecoin,ltc
111,2014/07/29,551,,litecoin,ltc
112,2014/07/30,543,,litecoin,ltc
113,2014/07/31,509,,litecoin,ltc
114,2014/08/01,439,,litecoin,ltc
115,2014/08/02,384,,litecoin,ltc
116,2014/08/03,418,,litecoin,ltc
117,2014/08/04,565,,litecoin,ltc
118,2014/08/05,533,,litecoin,ltc
119,2014/08/06,554,,litecoin,ltc
120,2014/08/07,635,,litecoin,ltc
121,2014/08/08,682,,litecoin,ltc
122,2014/08/09,477,,litecoin,ltc
123,2014/08/10,438,,litecoin,ltc
124,2014/08/11,478,,litecoin,ltc
125,2014/08/12,777,,litecoin,ltc
126,2014/08/13,787,,litecoin,ltc
127,2014/08/14,886,,litecoin,ltc
128,2014/08/15,6955,,litecoin,ltc
129,2014/08/16,619,,litecoin,ltc
130,2014/08/17,514,,litecoin,ltc
131,2014/08/18,698,,litecoin,ltc
132,2014/08/19,793,,litecoin,ltc
133,2014/08/20,737,,litecoin,ltc
134,2014/08/21,728,,litecoin,ltc
135,2014/08/22,588,,litecoin,ltc
136,2014/08/23,464,,litecoin,ltc
137,2014/08/24,477,,litecoin,ltc
138,2014/08/25,520,,litecoin,ltc
139,2014/08/26,607,,litecoin,ltc
140,2014/08/27,592,,litecoin,ltc
141,2014/08/28,834,,litecoin,ltc
142,2014/08/29,959,,litecoin,ltc
143,2014/08/30,481,,litecoin,ltc
144,2014/08/31,760,,litecoin,ltc
145,2014/09/01,603,,litecoin,ltc
146,2014/09/02,536,,litecoin,ltc
147,2014/09/03,575,,litecoin,ltc
148,2014/09/04,815,,litecoin,ltc
149,2014/09/05,645,,litecoin,ltc
150,2014/09/06,531,,litecoin,ltc
151,2014/09/07,507,,litecoin,ltc
152,2014/09/08,463,,litecoin,ltc
153,2014/09/09,297,,litecoin,ltc
154,2014/09/10,338,,litecoin,ltc
155,2014/09/11,815,,litecoin,ltc
156,2014/09/12,758,,litecoin,ltc
157,2014/09/13,676,,litecoin,ltc
158,2014/09/14,643,,litecoin,ltc
159,2014/09/15,797,,litecoin,ltc
160,2014/09/16,635,,litecoin,ltc
161,2014/09/17,650,,litecoin,ltc
162,2014/09/18,560,,litecoin,ltc
163,2014/09/19,572,,litecoin,ltc
164,2014/09/20,546,,litecoin,ltc
165,2014/09/21,616,,litecoin,ltc
166,2014/09/22,454,,litecoin,ltc
167,2014/09/23,658,,litecoin,ltc
168,2014/09/24,724,,litecoin,ltc
169,2014/09/25,708,,litecoin,ltc
170,2014/09/26,731,,litecoin,ltc
171,2014/09/27,721,,litecoin,ltc
172,2014/09/28,520,,litecoin,ltc
173,2014/09/29,614,,litecoin,ltc
174,2014/09/30,676,,litecoin,ltc
175,2014/10/01,524,,litecoin,ltc
176,2014/10/02,518,,litecoin,ltc
177,2014/10/03,474,,litecoin,ltc
178,2014/10/04,474,,litecoin,ltc
179,2014/10/05,538,,litecoin,ltc
180,2014/10/06,563,,litecoin,ltc
181,2014/10/07,517,,litecoin,ltc
182,2014/10/08,548,,litecoin,ltc
183,2014/10/09,531,,litecoin,ltc
184,2014/10/10,536,,litecoin,ltc
185,2014/10/11,840,,litecoin,ltc
186,2014/10/12,449,,litecoin,ltc
187,2014/10/13,805,,litecoin,ltc
188,2014/10/14,801,,litecoin,ltc
189,2014/10/15,626,,litecoin,ltc
190,2014/10/16,1842,,litecoin,ltc
191,2014/10/17,897,,litecoin,ltc
192,2014/10/18,885,,litecoin,ltc
193,2014/10/19,629,,litecoin,ltc
194,2014/10/20,727,,litecoin,ltc
195,2014/10/21,980,,litecoin,ltc
196,2014/10/22,674,,litecoin,ltc
197,2014/10/23,761,,litecoin,ltc
198,2014/10/24,609,,litecoin,ltc
199,2014/10/25,1043,,litecoin,ltc
200,2014/10/26,949,,litecoin,ltc
201,2014/10/27,939,,litecoin,ltc
202,2014/10/28,981,,litecoin,ltc
203,2014/10/29,742,,litecoin,ltc
204,2014/10/30,1291,,litecoin,ltc
205,2014/10/31,690,,litecoin,ltc
206,2014/11/01,607,,litecoin,ltc
207,2014/11/02,1349,,litecoin,ltc
208,2014/11/03,728,,litecoin,ltc
209,2014/11/04,776,,litecoin,ltc
210,2014/11/05,612,,litecoin,ltc
211,2014/11/06,970,,litecoin,ltc
212,2014/11/07,802,,litecoin,ltc
213,2014/11/08,730,,litecoin,ltc
214,2014/11/09,884,,litecoin,ltc
215,2014/11/10,555,,litecoin,ltc
216,2014/11/11,627,,litecoin,ltc
217,2014/11/12,1409,,litecoin,ltc
218,2014/11/13,671,,litecoin,ltc
219,2014/11/14,733,,litecoin,ltc
220,2014/11/15,671,,litecoin,ltc
221,2014/11/16,805,,litecoin,ltc
222,2014/11/17,845,,litecoin,ltc
223,2014/11/18,800,,litecoin,ltc
224,2014/11/19,861,,litecoin,ltc
225,2014/11/20,830,,litecoin,ltc
226,2014/11/21,756,,litecoin,ltc
227,2014/11/22,677,,litecoin,ltc
228,2014/11/23,578,,litecoin,ltc
229,2014/11/24,743,,litecoin,ltc
230,2014/11/25,594,,litecoin,ltc
231,2014/11/26,491,,litecoin,ltc
232,2014/11/27,543,,litecoin,ltc
233,2014/11/28,552,,litecoin,ltc
234,2014/11/29,535,,litecoin,ltc
235,2014/11/30,395,,litecoin,ltc
236,2014/12/01,771,,litecoin,ltc
237,2014/12/02,670,,litecoin,ltc
238,2014/12/03,575,,litecoin,ltc
239,2014/12/04,554,,litecoin,ltc
240,2014/12/05,549,,litecoin,ltc
241,2014/12/06,447,,litecoin,ltc
242,2014/12/07,611,,litecoin,ltc
243,2014/12/08,541,,litecoin,ltc
244,2014/12/09,809,,litecoin,ltc
245,2014/12/10,1227,,litecoin,ltc
246,2014/12/11,1306,,litecoin,ltc
247,2014/12/12,635,,litecoin,ltc
248,2014/12/13,723,,litecoin,ltc
249,2014/12/14,800,,litecoin,ltc
250,2014/12/15,894,,litecoin,ltc
251,2014/12/16,1037,,litecoin,ltc
252,2014/12/17,948,,litecoin,ltc
253,2014/12/18,1056,,litecoin,ltc
254,2014/12/19,636,,litecoin,ltc
255,2014/12/20,510,,litecoin,ltc
256,2014/12/21,535,,litecoin,ltc
257,2014/12/22,612,,litecoin,ltc
258,2014/12/23,582,,litecoin,ltc
259,2014/12/24,460,,litecoin,ltc
260,2014/12/25,530,,litecoin,ltc
261,2014/12/26,451,,litecoin,ltc
262,2014/12/27,490,,litecoin,ltc
263,2014/12/28,829,,litecoin,ltc
264,2014/12/29,507,,litecoin,ltc
265,2014/12/30,491,,litecoin,ltc
266,2014/12/31,543,,litecoin,ltc
267,2015/01/01,593,,litecoin,ltc
268,2015/01/02,395,,litecoin,ltc
269,2015/01/03,null,,litecoin,ltc
270,2015/01/04,301,,litecoin,ltc
271,2015/01/05,613,,litecoin,ltc
272,2015/01/06,1538,,litecoin,ltc
273,2015/01/07,2125,,litecoin,ltc
274,2015/01/08,1477,,litecoin,ltc
275,2015/01/09,2967,,litecoin,ltc
276,2015/01/10,3071,,litecoin,ltc
277,2015/01/11,1298,,litecoin,ltc
278,2015/01/12,456,,litecoin,ltc
279,2015/01/13,460,,litecoin,ltc
280,2015/01/14,418,,litecoin,ltc
281,2015/01/15,413,,litecoin,ltc
282,2015/01/16,382,,litecoin,ltc
283,2015/01/17,541,,litecoin,ltc
284,2015/01/18,434,,litecoin,ltc
285,2015/01/19,764,,litecoin,ltc
286,2015/01/20,578,,litecoin,ltc
287,2015/01/21,702,,litecoin,ltc
288,2015/01/22,537,,litecoin,ltc
289,2015/01/23,619,,litecoin,ltc
290,2015/01/24,551,,litecoin,ltc
291,2015/01/25,736,,litecoin,ltc
292,2015/01/26,715,,litecoin,ltc
293,2015/01/27,572,,litecoin,ltc
294,2015/01/28,574,,litecoin,ltc
295,2015/01/29,788,,litecoin,ltc
296,2015/01/30,588,,litecoin,ltc
297,2015/01/31,494,,litecoin,ltc
298,2015/02/01,689,,litecoin,ltc
299,2015/02/02,574,,litecoin,ltc
300,2015/02/03,761,,litecoin,ltc
301,2015/02/04,678,,litecoin,ltc
302,2015/02/05,659,,litecoin,ltc
303,2015/02/06,676,,litecoin,ltc
304,2015/02/07,706,,litecoin,ltc
305,2015/02/08,804,,litecoin,ltc
306,2015/02/09,782,,litecoin,ltc
307,2015/02/10,741,,litecoin,ltc
308,2015/02/11,899,,litecoin,ltc
309,2015/02/12,609,,litecoin,ltc
310,2015/02/13,776,,litecoin,ltc
311,2015/02/14,457,,litecoin,ltc
312,2015/02/15,448,,litecoin,ltc
313,2015/02/16,537,,litecoin,ltc
314,2015/02/17,1837,,litecoin,ltc
315,2015/02/18,695,,litecoin,ltc
316,2015/02/19,669,,litecoin,ltc
317,2015/02/20,720,,litecoin,ltc
318,2015/02/21,613,,litecoin,ltc
319,2015/02/22,727,,litecoin,ltc
320,2015/02/23,784,,litecoin,ltc
321,2015/02/24,772,,litecoin,ltc
322,2015/02/25,785,,litecoin,ltc
323,2015/02/26,730,,litecoin,ltc
324,2015/02/27,759,,litecoin,ltc
325,2015/02/28,593,,litecoin,ltc
326,2015/03/01,504,,litecoin,ltc
327,2015/03/02,537,,litecoin,ltc
328,2015/03/03,512,,litecoin,ltc
329,2015/03/04,446,,litecoin,ltc
330,2015/03/05,611,,litecoin,ltc
331,2015/03/06,937,,litecoin,ltc
332,2015/03/07,415,,litecoin,ltc
333,2015/03/08,393,,litecoin,ltc
334,2015/03/09,458,,litecoin,ltc
335,2015/03/10,462,,litecoin,ltc
336,2015/03/11,579,,litecoin,ltc
337,2015/03/12,572,,litecoin,ltc
338,2015/03/13,1842,,litecoin,ltc
339,2015/03/14,529,,litecoin,ltc
340,2015/03/15,412,,litecoin,ltc
341,2015/03/16,539,,litecoin,ltc
342,2015/03/17,518,,litecoin,ltc
343,2015/03/18,460,,litecoin,ltc
344,2015/03/19,581,,litecoin,ltc
345,2015/03/20,428,,litecoin,ltc
346,2015/03/21,373,,litecoin,ltc
347,2015/03/22,349,,litecoin,ltc
348,2015/03/23,437,,litecoin,ltc
349,2015/03/24,359,,litecoin,ltc
350,2015/03/25,420,,litecoin,ltc
351,2015/03/26,1801,,litecoin,ltc
352,2015/03/27,380,,litecoin,ltc
353,2015/03/28,464,,litecoin,ltc
354,2015/03/29,435,,litecoin,ltc
355,2015/03/30,439,,litecoin,ltc
356,2015/03/31,433,,litecoin,ltc
357,2015/04/01,434,,litecoin,ltc
358,2015/04/02,428,,litecoin,ltc
359,2015/04/03,481,,litecoin,ltc
360,2015/04/04,2948,,litecoin,ltc
361,2015/04/05,397,,litecoin,ltc
362,2015/04/06,403,,litecoin,ltc
363,2015/04/07,416,,litecoin,ltc
364,2015/04/08,439,,litecoin,ltc
365,2015/04/09,502,,litecoin,ltc
366,2015/04/10,370,,litecoin,ltc
367,2015/04/11,407,,litecoin,ltc
368,2015/04/12,397,,litecoin,ltc
369,2015/04/13,423,,litecoin,ltc
370,2015/04/14,415,,litecoin,ltc
371,2015/04/15,456,,litecoin,ltc
372,2015/04/16,400,,litecoin,ltc
373,2015/04/17,363,,litecoin,ltc
374,2015/04/18,332,,litecoin,ltc
375,2015/04/19,438,,litecoin,ltc
376,2015/04/20,385,,litecoin,ltc
377,2015/04/21,401,,litecoin,ltc
378,2015/04/22,282,,litecoin,ltc
379,2015/04/23,323,,litecoin,ltc
380,2015/04/24,366,,litecoin,ltc
381,2015/04/25,303,,litecoin,ltc
382,2015/04/26,330,,litecoin,ltc
383,2015/04/27,388,,litecoin,ltc
384,2015/04/28,365,,litecoin,ltc
385,2015/04/29,365,,litecoin,ltc
386,2015/04/30,440,,litecoin,ltc
387,2015/05/01,311,,litecoin,ltc
388,2015/05/02,315,,litecoin,ltc
389,2015/05/03,278,,litecoin,ltc
390,2015/05/04,507,,litecoin,ltc
391,2015/05/05,380,,litecoin,ltc
392,2015/05/06,343,,litecoin,ltc
393,2015/05/07,1053,,litecoin,ltc
394,2015/05/08,376,,litecoin,ltc
395,2015/05/09,462,,litecoin,ltc
396,2015/05/10,216,,litecoin,ltc
397,2015/05/11,273,,litecoin,ltc
398,2015/05/12,245,,litecoin,ltc
399,2015/05/13,281,,litecoin,ltc
400,2015/05/14,362,,litecoin,ltc
401,2015/05/15,297,,litecoin,ltc
402,2015/05/16,272,,litecoin,ltc
403,2015/05/17,229,,litecoin,ltc
404,2015/05/18,416,,litecoin,ltc
405,2015/05/19,290,,litecoin,ltc
406,2015/05/20,308,,litecoin,ltc
407,2015/05/21,863,,litecoin,ltc
408,2015/05/22,432,,litecoin,ltc
409,2015/05/23,287,,litecoin,ltc
410,2015/05/24,282,,litecoin,ltc
411,2015/05/25,375,,litecoin,ltc
412,2015/05/26,317,,litecoin,ltc
413,2015/05/27,450,,litecoin,ltc
414,2015/05/28,319,,litecoin,ltc
415,2015/05/29,351,,litecoin,ltc
416,2015/05/30,227,,litecoin,ltc
417,2015/05/31,326,,litecoin,ltc
418,2015/06/01,449,,litecoin,ltc
419,2015/06/02,457,,litecoin,ltc
420,2015/06/03,322,,litecoin,ltc
421,2015/06/04,367,,litecoin,ltc
422,2015/06/05,601,,litecoin,ltc
423,2015/06/06,2219,,litecoin,ltc
424,2015/06/07,1479,,litecoin,ltc
425,2015/06/08,5356,,litecoin,ltc
426,2015/06/09,388,,litecoin,ltc
427,2015/06/10,381,,litecoin,ltc
428,2015/06/11,7683,,litecoin,ltc
429,2015/06/12,2739,,litecoin,ltc
430,2015/06/13,379,,litecoin,ltc
431,2015/06/14,631,,litecoin,ltc
432,2015/06/15,537,,litecoin,ltc
433,2015/06/16,878,,litecoin,ltc
434,2015/06/17,536,,litecoin,ltc
435,2015/06/18,390,,litecoin,ltc
436,2015/06/19,898,,litecoin,ltc
437,2015/06/20,296,,litecoin,ltc
438,2015/06/21,360,,litecoin,ltc
439,2015/06/22,445,,litecoin,ltc
440,2015/06/23,381,,litecoin,ltc
441,2015/06/24,403,,litecoin,ltc
442,2015/06/25,383,,litecoin,ltc
443,2015/06/26,347,,litecoin,ltc
444,2015/06/27,350,,litecoin,ltc
445,2015/06/28,360,,litecoin,ltc
446,2015/06/29,650,,litecoin,ltc
447,2015/06/30,1089,,litecoin,ltc
448,2015/07/01,767,,litecoin,ltc
449,2015/07/02,722,,litecoin,ltc
450,2015/07/03,581,,litecoin,ltc
451,2015/07/04,735,,litecoin,ltc
452,2015/07/05,871,,litecoin,ltc
453,2015/07/06,1172,,litecoin,ltc
454,2015/07/07,1052,,litecoin,ltc
455,2015/07/08,1179,,litecoin,ltc
456,2015/07/09,1764,,litecoin,ltc
457,2015/07/10,2024,,litecoin,ltc
458,2015/07/11,1377,,litecoin,ltc
459,2015/07/12,1145,,litecoin,ltc
460,2015/07/13,1144,,litecoin,ltc
461,2015/07/14,1077,,litecoin,ltc
462,2015/07/15,1164,,litecoin,ltc
463,2015/07/16,1435,,litecoin,ltc
464,2015/07/17,1341,,litecoin,ltc
465,2015/07/18,1059,,litecoin,ltc
466,2015/07/19,1071,,litecoin,ltc
467,2015/07/20,1117,,litecoin,ltc
468,2015/07/21,1304,,litecoin,ltc
469,2015/07/22,1120,,litecoin,ltc
470,2015/07/23,899,,litecoin,ltc
471,2015/07/24,910,,litecoin,ltc
472,2015/07/25,716,,litecoin,ltc
473,2015/07/26,460,,litecoin,ltc
474,2015/07/27,1119,,litecoin,ltc
475,2015/07/28,836,,litecoin,ltc
476,2015/07/29,743,,litecoin,ltc
477,2015/07/30,872,,litecoin,ltc
478,2015/07/31,796,,litecoin,ltc
479,2015/08/01,679,,litecoin,ltc
480,2015/08/02,682,,litecoin,ltc
481,2015/08/03,1347,,litecoin,ltc
482,2015/08/04,749,,litecoin,ltc
483,2015/08/05,669,,litecoin,ltc
484,2015/08/06,697,,litecoin,ltc
485,2015/08/07,684,,litecoin,ltc
486,2015/08/08,639,,litecoin,ltc
487,2015/08/09,617,,litecoin,ltc
488,2015/08/10,822,,litecoin,ltc
489,2015/08/11,815,,litecoin,ltc
490,2015/08/12,838,,litecoin,ltc
491,2015/08/13,738,,litecoin,ltc
492,2015/08/14,762,,litecoin,ltc
493,2015/08/15,691,,litecoin,ltc
494,2015/08/16,795,,litecoin,ltc
495,2015/08/17,832,,litecoin,ltc
496,2015/08/18,705,,litecoin,ltc
497,2015/08/19,810,,litecoin,ltc
498,2015/08/20,695,,litecoin,ltc
499,2015/08/21,759,,litecoin,ltc
500,2015/08/22,780,,litecoin,ltc
501,2015/08/23,1084,,litecoin,ltc
502,2015/08/24,797,,litecoin,ltc
503,2015/08/25,907,,litecoin,ltc
504,2015/08/26,800,,litecoin,ltc
505,2015/08/27,744,,litecoin,ltc
506,2015/08/28,717,,litecoin,ltc
507,2015/08/29,305,,litecoin,ltc
508,2015/08/30,598,,litecoin,ltc
509,2015/08/31,694,,litecoin,ltc
510,2015/09/01,675,,litecoin,ltc
511,2015/09/02,699,,litecoin,ltc
512,2015/09/03,740,,litecoin,ltc
513,2015/09/04,594,,litecoin,ltc
514,2015/09/05,618,,litecoin,ltc
515,2015/09/06,739,,litecoin,ltc
516,2015/09/07,668,,litecoin,ltc
517,2015/09/08,704,,litecoin,ltc
518,2015/09/09,296,,litecoin,ltc
519,2015/09/10,689,,litecoin,ltc
520,2015/09/11,687,,litecoin,ltc
521,2015/09/12,837,,litecoin,ltc
522,2015/09/13,710,,litecoin,ltc
523,2015/09/14,161,,litecoin,ltc
524,2015/09/15,877,,litecoin,ltc
525,2015/09/16,945,,litecoin,ltc
526,2015/09/17,652,,litecoin,ltc
527,2015/09/18,698,,litecoin,ltc
528,2015/09/19,849,,litecoin,ltc
529,2015/09/20,815,,litecoin,ltc
530,2015/09/21,662,,litecoin,ltc
531,2015/09/22,710,,litecoin,ltc
532,2015/09/23,736,,litecoin,ltc
533,2015/09/24,671,,litecoin,ltc
534,2015/09/25,662,,litecoin,ltc
535,2015/09/26,541,,litecoin,ltc
536,2015/09/27,595,,litecoin,ltc
537,2015/09/28,732,,litecoin,ltc
538,2015/09/29,714,,litecoin,ltc
539,2015/09/30,914,,litecoin,ltc
540,2015/10/01,619,,litecoin,ltc
541,2015/10/02,591,,litecoin,ltc
542,2015/10/03,527,,litecoin,ltc
543,2015/10/04,577,,litecoin,ltc
544,2015/10/05,605,,litecoin,ltc
545,2015/10/06,733,,litecoin,ltc
546,2015/10/07,579,,litecoin,ltc
547,2015/10/08,532,,litecoin,ltc
548,2015/10/09,556,,litecoin,ltc
549,2015/10/10,577,,litecoin,ltc
550,2015/10/11,588,,litecoin,ltc
551,2015/10/12,621,,litecoin,ltc
552,2015/10/13,672,,litecoin,ltc
553,2015/10/14,641,,litecoin,ltc
554,2015/10/15,591,,litecoin,ltc
555,2015/10/16,445,,litecoin,ltc
556,2015/10/17,578,,litecoin,ltc
557,2015/10/18,563,,litecoin,ltc
558,2015/10/19,506,,litecoin,ltc
559,2015/10/20,493,,litecoin,ltc
560,2015/10/21,506,,litecoin,ltc
561,2015/10/22,456,,litecoin,ltc
562,2015/10/23,500,,litecoin,ltc
563,2015/10/24,479,,litecoin,ltc
564,2015/10/25,493,,litecoin,ltc
565,2015/10/26,536,,litecoin,ltc
566,2015/10/27,636,,litecoin,ltc
567,2015/10/28,662,,litecoin,ltc
568,2015/10/29,688,,litecoin,ltc
569,2015/10/30,832,,litecoin,ltc
570,2015/10/31,681,,litecoin,ltc
571,2015/11/01,977,,litecoin,ltc
572,2015/11/02,710,,litecoin,ltc
573,2015/11/03,847,,litecoin,ltc
574,2015/11/04,988,,litecoin,ltc
575,2015/11/05,1100,,litecoin,ltc
576,2015/11/06,873,,litecoin,ltc
577,2015/11/07,643,,litecoin,ltc
578,2015/11/08,766,,litecoin,ltc
579,2015/11/09,744,,litecoin,ltc
580,2015/11/10,1364,,litecoin,ltc
581,2015/11/11,503,,litecoin,ltc
582,2015/11/12,522,,litecoin,ltc
583,2015/11/13,814,,litecoin,ltc
584,2015/11/14,632,,litecoin,ltc
585,2015/11/15,609,,litecoin,ltc
586,2015/11/16,703,,litecoin,ltc
587,2015/11/17,898,,litecoin,ltc
588,2015/11/18,831,,litecoin,ltc
589,2015/11/19,691,,litecoin,ltc
590,2015/11/20,899,,litecoin,ltc
591,2015/11/21,705,,litecoin,ltc
592,2015/11/22,866,,litecoin,ltc
593,2015/11/23,512,,litecoin,ltc
594,2015/11/24,480,,litecoin,ltc
595,2015/11/25,635,,litecoin,ltc
596,2015/11/26,675,,litecoin,ltc
597,2015/11/27,668,,litecoin,ltc
598,2015/11/28,606,,litecoin,ltc
599,2015/11/29,558,,litecoin,ltc
600,2015/11/30,569,,litecoin,ltc
601,2015/12/01,596,,litecoin,ltc
602,2015/12/02,586,,litecoin,ltc
603,2015/12/03,556,,litecoin,ltc
604,2015/12/04,539,,litecoin,ltc
605,2015/12/05,644,,litecoin,ltc
606,2015/12/06,668,,litecoin,ltc
607,2015/12/07,723,,litecoin,ltc
608,2015/12/08,596,,litecoin,ltc
609,2015/12/09,672,,litecoin,ltc
610,2015/12/10,630,,litecoin,ltc
611,2015/12/11,667,,litecoin,ltc
612,2015/12/12,489,,litecoin,ltc
613,2015/12/13,430,,litecoin,ltc
614,2015/12/14,511,,litecoin,ltc
615,2015/12/15,603,,litecoin,ltc
616,2015/12/16,543,,litecoin,ltc
617,2015/12/17,459,,litecoin,ltc
618,2015/12/18,508,,litecoin,ltc
619,2015/12/19,431,,litecoin,ltc
620,2015/12/20,481,,litecoin,ltc
621,2015/12/21,478,,litecoin,ltc
622,2015/12/22,501,,litecoin,ltc
623,2015/12/23,509,,litecoin,ltc
624,2015/12/24,480,,litecoin,ltc
625,2015/12/25,690,,litecoin,ltc
626,2015/12/26,672,,litecoin,ltc
627,2015/12/27,441,,litecoin,ltc
628,2015/12/28,438,,litecoin,ltc
629,2015/12/29,398,,litecoin,ltc
630,2015/12/30,413,,litecoin,ltc
631,2015/12/31,433,,litecoin,ltc
632,2016/01/01,350,,litecoin,ltc
633,2016/01/02,317,,litecoin,ltc
634,2016/01/03,420,,litecoin,ltc
635,2016/01/04,458,,litecoin,ltc
636,2016/01/05,400,,litecoin,ltc
637,2016/01/06,478,,litecoin,ltc
638,2016/01/07,392,,litecoin,ltc
639,2016/01/08,1854,,litecoin,ltc
640,2016/01/09,365,,litecoin,ltc
641,2016/01/10,423,,litecoin,ltc
642,2016/01/11,569,,litecoin,ltc
643,2016/01/12,466,,litecoin,ltc
644,2016/01/13,519,,litecoin,ltc
645,2016/01/14,671,,litecoin,ltc
646,2016/01/15,661,,litecoin,ltc
647,2016/01/16,618,,litecoin,ltc
648,2016/01/17,387,,litecoin,ltc
649,2016/01/18,395,,litecoin,ltc
650,2016/01/19,381,,litecoin,ltc
651,2016/01/20,396,,litecoin,ltc
652,2016/01/21,441,,litecoin,ltc
653,2016/01/22,396,,litecoin,ltc
654,2016/01/23,337,,litecoin,ltc
655,2016/01/24,668,,litecoin,ltc
656,2016/01/25,484,,litecoin,ltc
657,2016/01/26,463,,litecoin,ltc
658,2016/01/27,428,,litecoin,ltc
659,2016/01/28,510,,litecoin,ltc
660,2016/01/29,554,,litecoin,ltc
661,2016/01/30,628,,litecoin,ltc
662,2016/01/31,663,,litecoin,ltc
663,2016/02/01,2518,,litecoin,ltc
664,2016/02/02,933,,litecoin,ltc
665,2016/02/03,595,,litecoin,ltc
666,2016/02/04,498,,litecoin,ltc
667,2016/02/05,587,,litecoin,ltc
668,2016/02/06,409,,litecoin,ltc
669,2016/02/07,759,,litecoin,ltc
670,2016/02/08,506,,litecoin,ltc
671,2016/02/09,334,,litecoin,ltc
672,2016/02/10,308,,litecoin,ltc
673,2016/02/11,296,,litecoin,ltc
674,2016/02/12,350,,litecoin,ltc
675,2016/02/13,232,,litecoin,ltc
676,2016/02/14,292,,litecoin,ltc
677,2016/02/15,336,,litecoin,ltc
678,2016/02/16,298,,litecoin,ltc
679,2016/02/17,291,,litecoin,ltc
680,2016/02/18,316,,litecoin,ltc
681,2016/02/19,294,,litecoin,ltc
682,2016/02/20,346,,litecoin,ltc
683,2016/02/21,381,,litecoin,ltc
684,2016/02/22,413,,litecoin,ltc
685,2016/02/23,391,,litecoin,ltc
686,2016/02/24,358,,litecoin,ltc
687,2016/02/25,423,,litecoin,ltc
688,2016/02/26,373,,litecoin,ltc
689,2016/02/27,321,,litecoin,ltc
690,2016/02/28,353,,litecoin,ltc
691,2016/02/29,422,,litecoin,ltc
692,2016/03/01,264,,litecoin,ltc
693,2016/03/02,429,,litecoin,ltc
694,2016/03/03,421,,litecoin,ltc
695,2016/03/04,392,,litecoin,ltc
696,2016/03/05,437,,litecoin,ltc
697,2016/03/06,291,,litecoin,ltc
698,2016/03/07,318,,litecoin,ltc
699,2016/03/08,319,,litecoin,ltc
700,2016/03/09,309,,litecoin,ltc
701,2016/03/10,346,,litecoin,ltc
702,2016/03/11,393,,litecoin,ltc
703,2016/03/12,341,,litecoin,ltc
704,2016/03/13,309,,litecoin,ltc
705,2016/03/14,322,,litecoin,ltc
706,2016/03/15,290,,litecoin,ltc
707,2016/03/16,259,,litecoin,ltc
708,2016/03/17,374,,litecoin,ltc
709,2016/03/18,342,,litecoin,ltc
710,2016/03/19,373,,litecoin,ltc
711,2016/03/20,348,,litecoin,ltc
712,2016/03/21,441,,litecoin,ltc
713,2016/03/22,310,,litecoin,ltc
714,2016/03/23,254,,litecoin,ltc
715,2016/03/24,261,,litecoin,ltc
716,2016/03/25,259,,litecoin,ltc
717,2016/03/26,224,,litecoin,ltc
718,2016/03/27,237,,litecoin,ltc
719,2016/03/28,274,,litecoin,ltc
720,2016/03/29,277,,litecoin,ltc
721,2016/03/30,394,,litecoin,ltc
722,2016/03/31,315,,litecoin,ltc
723,2016/04/01,258,,litecoin,ltc
724,2016/04/02,187,,litecoin,ltc
725,2016/04/03,261,,litecoin,ltc
726,2016/04/04,209,,litecoin,ltc
727,2016/04/05,234,,litecoin,ltc
728,2016/04/06,265,,litecoin,ltc
729,2016/04/07,237,,litecoin,ltc
730,2016/04/08,199,,litecoin,ltc
731,2016/04/09,236,,litecoin,ltc
732,2016/04/10,332,,litecoin,ltc
733,2016/04/11,234,,litecoin,ltc
734,2016/04/12,223,,litecoin,ltc
735,2016/04/13,162,,litecoin,ltc
736,2016/04/14,188,,litecoin,ltc
737,2016/04/15,233,,litecoin,ltc
738,2016/04/16,211,,litecoin,ltc
739,2016/04/17,241,,litecoin,ltc
740,2016/04/18,281,,litecoin,ltc
741,2016/04/19,213,,litecoin,ltc
742,2016/04/20,248,,litecoin,ltc
743,2016/04/21,220,,litecoin,ltc
744,2016/04/22,244,,litecoin,ltc
745,2016/04/23,179,,litecoin,ltc
746,2016/04/24,392,,litecoin,ltc
747,2016/04/25,365,,litecoin,ltc
748,2016/04/26,331,,litecoin,ltc
749,2016/04/27,457,,litecoin,ltc
750,2016/04/28,355,,litecoin,ltc
751,2016/04/29,298,,litecoin,ltc
752,2016/04/30,232,,litecoin,ltc
753,2016/05/01,262,,litecoin,ltc
754,2016/05/02,324,,litecoin,ltc
755,2016/05/03,1979,,litecoin,ltc
756,2016/05/04,574,,litecoin,ltc
757,2016/05/05,276,,litecoin,ltc
758,2016/05/06,283,,litecoin,ltc
759,2016/05/07,308,,litecoin,ltc
760,2016/05/08,265,,litecoin,ltc
761,2016/05/09,323,,litecoin,ltc
762,2016/05/10,284,,litecoin,ltc
763,2016/05/11,226,,litecoin,ltc
764,2016/05/12,270,,litecoin,ltc
765,2016/05/13,268,,litecoin,ltc
766,2016/05/14,278,,litecoin,ltc
767,2016/05/15,294,,litecoin,ltc
768,2016/05/16,332,,litecoin,ltc
769,2016/05/17,253,,litecoin,ltc
770,2016/05/18,297,,litecoin,ltc
771,2016/05/19,278,,litecoin,ltc
772,2016/05/20,348,,litecoin,ltc
773,2016/05/21,254,,litecoin,ltc
774,2016/05/22,281,,litecoin,ltc
775,2016/05/23,375,,litecoin,ltc
776,2016/05/24,221,,litecoin,ltc
777,2016/05/25,286,,litecoin,ltc
778,2016/05/26,261,,litecoin,ltc
779,2016/05/27,543,,litecoin,ltc
780,2016/05/28,329,,litecoin,ltc
781,2016/05/29,330,,litecoin,ltc
782,2016/05/30,313,,litecoin,ltc
783,2016/05/31,395,,litecoin,ltc
784,2016/06/01,398,,litecoin,ltc
785,2016/06/02,329,,litecoin,ltc
786,2016/06/03,295,,litecoin,ltc
787,2016/06/04,306,,litecoin,ltc
788,2016/06/05,254,,litecoin,ltc
789,2016/06/06,318,,litecoin,ltc
790,2016/06/07,331,,litecoin,ltc
791,2016/06/08,300,,litecoin,ltc
792,2016/06/09,272,,litecoin,ltc
793,2016/06/10,342,,litecoin,ltc
794,2016/06/11,264,,litecoin,ltc
795,2016/06/12,381,,litecoin,ltc
796,2016/06/13,395,,litecoin,ltc
797,2016/06/14,382,,litecoin,ltc
798,2016/06/15,279,,litecoin,ltc
799,2016/06/16,376,,litecoin,ltc
800,2016/06/17,500,,litecoin,ltc
801,2016/06/18,348,,litecoin,ltc
802,2016/06/19,324,,litecoin,ltc
803,2016/06/20,374,,litecoin,ltc
804,2016/06/21,382,,litecoin,ltc
805,2016/06/22,378,,litecoin,ltc
806,2016/06/23,458,,litecoin,ltc
807,2016/06/24,405,,litecoin,ltc
808,2016/06/25,337,,litecoin,ltc
809,2016/06/26,445,,litecoin,ltc
810,2016/06/27,433,,litecoin,ltc
811,2016/06/28,473,,litecoin,ltc
812,2016/06/29,316,,litecoin,ltc
813,2016/06/30,371,,litecoin,ltc
814,2016/07/01,334,,litecoin,ltc
815,2016/07/02,354,,litecoin,ltc
816,2016/07/03,415,,litecoin,ltc
817,2016/07/04,415,,litecoin,ltc
818,2016/07/05,422,,litecoin,ltc
819,2016/07/06,385,,litecoin,ltc
820,2016/07/07,442,,litecoin,ltc
821,2016/07/08,368,,litecoin,ltc
822,2016/07/09,367,,litecoin,ltc
823,2016/07/10,319,,litecoin,ltc
824,2016/07/11,361,,litecoin,ltc
825,2016/07/12,356,,litecoin,ltc
826,2016/07/13,295,,litecoin,ltc
827,2016/07/14,303,,litecoin,ltc
828,2016/07/15,299,,litecoin,ltc
829,2016/07/16,225,,litecoin,ltc
830,2016/07/17,308,,litecoin,ltc
831,2016/07/18,388,,litecoin,ltc
832,2016/07/19,386,,litecoin,ltc
833,2016/07/20,377,,litecoin,ltc
834,2016/07/21,398,,litecoin,ltc
835,2016/07/22,388,,litecoin,ltc
836,2016/07/23,288,,litecoin,ltc
837,2016/07/24,335,,litecoin,ltc
838,2016/07/25,332,,litecoin,ltc
839,2016/07/26,350,,litecoin,ltc
840,2016/07/27,329,,litecoin,ltc
841,2016/07/28,315,,litecoin,ltc
842,2016/07/29,309,,litecoin,ltc
843,2016/07/30,274,,litecoin,ltc
844,2016/07/31,307,,litecoin,ltc
845,2016/08/01,560,,litecoin,ltc
846,2016/08/02,525,,litecoin,ltc
847,2016/08/03,455,,litecoin,ltc
848,2016/08/04,447,,litecoin,ltc
849,2016/08/05,334,,litecoin,ltc
850,2016/08/06,331,,litecoin,ltc
851,2016/08/07,700,,litecoin,ltc
852,2016/08/08,387,,litecoin,ltc
853,2016/08/09,458,,litecoin,ltc
854,2016/08/10,394,,litecoin,ltc
855,2016/08/11,443,,litecoin,ltc
856,2016/08/12,356,,litecoin,ltc
857,2016/08/13,387,,litecoin,ltc
858,2016/08/14,344,,litecoin,ltc
859,2016/08/15,375,,litecoin,ltc
860,2016/08/16,403,,litecoin,ltc
861,2016/08/17,408,,litecoin,ltc
862,2016/08/18,374,,litecoin,ltc
863,2016/08/19,354,,litecoin,ltc
864,2016/08/20,297,,litecoin,ltc
865,2016/08/21,287,,litecoin,ltc
866,2016/08/22,343,,litecoin,ltc
867,2016/08/23,735,,litecoin,ltc
868,2016/08/24,566,,litecoin,ltc
869,2016/08/25,385,,litecoin,ltc
870,2016/08/26,326,,litecoin,ltc
871,2016/08/27,306,,litecoin,ltc
872,2016/08/28,516,,litecoin,ltc
873,2016/08/29,373,,litecoin,ltc
874,2016/08/30,372,,litecoin,ltc
875,2016/08/31,385,,litecoin,ltc
876,2016/09/01,407,,litecoin,ltc
877,2016/09/02,351,,litecoin,ltc
878,2016/09/03,364,,litecoin,ltc
879,2016/09/04,423,,litecoin,ltc
880,2016/09/05,290,,litecoin,ltc
881,2016/09/06,614,,litecoin,ltc
882,2016/09/07,358,,litecoin,ltc
883,2016/09/08,621,,litecoin,ltc
884,2016/09/09,319,,litecoin,ltc
885,2016/09/10,345,,litecoin,ltc
886,2016/09/11,298,,litecoin,ltc
887,2016/09/12,306,,litecoin,ltc
888,2016/09/13,335,,litecoin,ltc
889,2016/09/14,265,,litecoin,ltc
890,2016/09/15,272,,litecoin,ltc
891,2016/09/16,262,,litecoin,ltc
892,2016/09/17,272,,litecoin,ltc
893,2016/09/18,181,,litecoin,ltc
894,2016/09/19,176,,litecoin,ltc
895,2016/09/20,206,,litecoin,ltc
896,2016/09/21,328,,litecoin,ltc
897,2016/09/22,405,,litecoin,ltc
898,2016/09/23,350,,litecoin,ltc
899,2016/09/24,320,,litecoin,ltc
900,2016/09/25,241,,litecoin,ltc
901,2016/09/26,417,,litecoin,ltc
902,2016/09/27,399,,litecoin,ltc
903,2016/09/28,345,,litecoin,ltc
904,2016/09/29,319,,litecoin,ltc
905,2016/09/30,310,,litecoin,ltc
906,2016/10/01,275,,litecoin,ltc
907,2016/10/02,257,,litecoin,ltc
908,2016/10/03,249,,litecoin,ltc
909,2016/10/04,288,,litecoin,ltc
910,2016/10/05,433,,litecoin,ltc
911,2016/10/06,293,,litecoin,ltc
912,2016/10/07,290,,litecoin,ltc
913,2016/10/08,252,,litecoin,ltc
914,2016/10/09,498,,litecoin,ltc
915,2016/10/10,292,,litecoin,ltc
916,2016/10/11,342,,litecoin,ltc
917,2016/10/12,810,,litecoin,ltc
918,2016/10/13,295,,litecoin,ltc
919,2016/10/14,270,,litecoin,ltc
920,2016/10/15,268,,litecoin,ltc
921,2016/10/16,274,,litecoin,ltc
922,2016/10/17,254,,litecoin,ltc
923,2016/10/18,267,,litecoin,ltc
924,2016/10/19,289,,litecoin,ltc
925,2016/10/20,253,,litecoin,ltc
926,2016/10/21,246,,litecoin,ltc
927,2016/10/22,204,,litecoin,ltc
928,2016/10/23,256,,litecoin,ltc
929,2016/10/24,209,,litecoin,ltc
930,2016/10/25,245,,litecoin,ltc
931,2016/10/26,260,,litecoin,ltc
932,2016/10/27,285,,litecoin,ltc
933,2016/10/28,249,,litecoin,ltc
934,2016/10/29,284,,litecoin,ltc
935,2016/10/30,339,,litecoin,ltc
936,2016/10/31,317,,litecoin,ltc
937,2016/11/01,338,,litecoin,ltc
938,2016/11/02,379,,litecoin,ltc
939,2016/11/03,449,,litecoin,ltc
940,2016/11/04,343,,litecoin,ltc
941,2016/11/05,267,,litecoin,ltc
942,2016/11/06,2216,,litecoin,ltc
943,2016/11/07,279,,litecoin,ltc
944,2016/11/08,320,,litecoin,ltc
945,2016/11/09,323,,litecoin,ltc
946,2016/11/10,323,,litecoin,ltc
947,2016/11/11,261,,litecoin,ltc
948,2016/11/12,297,,litecoin,ltc
949,2016/11/13,324,,litecoin,ltc
950,2016/11/14,538,,litecoin,ltc
951,2016/11/15,372,,litecoin,ltc
952,2016/11/16,334,,litecoin,ltc
953,2016/11/17,320,,litecoin,ltc
954,2016/11/18,304,,litecoin,ltc
955,2016/11/19,250,,litecoin,ltc
956,2016/11/20,294,,litecoin,ltc
957,2016/11/21,327,,litecoin,ltc
958,2016/11/22,398,,litecoin,ltc
959,2016/11/23,313,,litecoin,ltc
960,2016/11/24,233,,litecoin,ltc
961,2016/11/25,209,,litecoin,ltc
962,2016/11/26,179,,litecoin,ltc
963,2016/11/27,189,,litecoin,ltc
964,2016/11/28,244,,litecoin,ltc
965,2016/11/29,369,,litecoin,ltc
966,2016/11/30,437,,litecoin,ltc
967,2016/12/01,366,,litecoin,ltc
968,2016/12/02,212,,litecoin,ltc
969,2016/12/03,237,,litecoin,ltc
970,2016/12/04,215,,litecoin,ltc
971,2016/12/05,240,,litecoin,ltc
972,2016/12/06,198,,litecoin,ltc
973,2016/12/07,208,,litecoin,ltc
974,2016/12/08,216,,litecoin,ltc
975,2016/12/09,192,,litecoin,ltc
976,2016/12/10,232,,litecoin,ltc
977,2016/12/11,192,,litecoin,ltc
978,2016/12/12,213,,litecoin,ltc
979,2016/12/13,229,,litecoin,ltc
980,2016/12/14,248,,litecoin,ltc
981,2016/12/15,216,,litecoin,ltc
982,2016/12/16,200,,litecoin,ltc
983,2016/12/17,213,,litecoin,ltc
984,2016/12/18,318,,litecoin,ltc
985,2016/12/19,278,,litecoin,ltc
986,2016/12/20,307,,litecoin,ltc
987,2016/12/21,641,,litecoin,ltc
988,2016/12/22,361,,litecoin,ltc
989,2016/12/23,535,,litecoin,ltc
990,2016/12/24,585,,litecoin,ltc
991,2016/12/25,301,,litecoin,ltc
992,2016/12/26,846,,litecoin,ltc
993,2016/12/27,872,,litecoin,ltc
994,2016/12/28,508,,litecoin,ltc
995,2016/12/29,365,,litecoin,ltc
996,2016/12/30,280,,litecoin,ltc
997,2016/12/31,224,,litecoin,ltc
998,2017/01/01,296,,litecoin,ltc
999,2017/01/02,220,,litecoin,ltc
1000,2017/01/03,285,,litecoin,ltc
1001,2017/01/04,304,,litecoin,ltc
1002,2017/01/05,774,,litecoin,ltc
1003,2017/01/06,516,,litecoin,ltc
1004,2017/01/07,263,,litecoin,ltc
1005,2017/01/08,249,,litecoin,ltc
1006,2017/01/09,307,,litecoin,ltc
1007,2017/01/10,328,,litecoin,ltc
1008,2017/01/11,247,,litecoin,ltc
1009,2017/01/12,223,,litecoin,ltc
1010,2017/01/13,203,,litecoin,ltc
1011,2017/01/14,243,,litecoin,ltc
1012,2017/01/15,211,,litecoin,ltc
1013,2017/01/16,283,,litecoin,ltc
1014,2017/01/17,341,,litecoin,ltc
1015,2017/01/18,318,,litecoin,ltc
1016,2017/01/19,281,,litecoin,ltc
1017,2017/01/20,438,,litecoin,ltc
1018,2017/01/21,258,,litecoin,ltc
1019,2017/01/22,249,,litecoin,ltc
1020,2017/01/23,288,,litecoin,ltc
1021,2017/01/24,420,,litecoin,ltc
1022,2017/01/25,285,,litecoin,ltc
1023,2017/01/26,289,,litecoin,ltc
1024,2017/01/27,297,,litecoin,ltc
1025,2017/01/28,303,,litecoin,ltc
1026,2017/01/29,242,,litecoin,ltc
1027,2017/01/30,309,,litecoin,ltc
1028,2017/01/31,394,,litecoin,ltc
1029,2017/02/01,301,,litecoin,ltc
1030,2017/02/02,311,,litecoin,ltc
1031,2017/02/03,367,,litecoin,ltc
1032,2017/02/04,366,,litecoin,ltc
1033,2017/02/05,371,,litecoin,ltc
1034,2017/02/06,784,,litecoin,ltc
1035,2017/02/07,867,,litecoin,ltc
1036,2017/02/08,338,,litecoin,ltc
1037,2017/02/09,304,,litecoin,ltc
1038,2017/02/10,287,,litecoin,ltc
1039,2017/02/11,265,,litecoin,ltc
1040,2017/02/12,289,,litecoin,ltc
1041,2017/02/13,379,,litecoin,ltc
1042,2017/02/14,467,,litecoin,ltc
1043,2017/02/15,347,,litecoin,ltc
1044,2017/02/16,291,,litecoin,ltc
1045,2017/02/17,262,,litecoin,ltc
1046,2017/02/18,287,,litecoin,ltc
1047,2017/02/19,229,,litecoin,ltc
1048,2017/02/20,232,,litecoin,ltc
1049,2017/02/21,250,,litecoin,ltc
1050,2017/02/22,246,,litecoin,ltc
1051,2017/02/23,296,,litecoin,ltc
1052,2017/02/24,335,,litecoin,ltc
1053,2017/02/25,306,,litecoin,ltc
1054,2017/02/26,250,,litecoin,ltc
1055,2017/02/27,374,,litecoin,ltc
1056,2017/02/28,442,,litecoin,ltc
1057,2017/03/01,301,,litecoin,ltc
1058,2017/03/02,262,,litecoin,ltc
1059,2017/03/03,235,,litecoin,ltc
1060,2017/03/04,227,,litecoin,ltc
1061,2017/03/05,293,,litecoin,ltc
1062,2017/03/06,304,,litecoin,ltc
1063,2017/03/07,263,,litecoin,ltc
1064,2017/03/08,199,,litecoin,ltc
1065,2017/03/09,217,,litecoin,ltc
1066,2017/03/10,227,,litecoin,ltc
1067,2017/03/11,349,,litecoin,ltc
1068,2017/03/12,194,,litecoin,ltc
1069,2017/03/13,320,,litecoin,ltc
1070,2017/03/14,350,,litecoin,ltc
1071,2017/03/15,302,,litecoin,ltc
1072,2017/03/16,357,,litecoin,ltc
1073,2017/03/17,383,,litecoin,ltc
1074,2017/03/18,378,,litecoin,ltc
1075,2017/03/19,364,,litecoin,ltc
1076,2017/03/20,404,,litecoin,ltc
1077,2017/03/21,340,,litecoin,ltc
1078,2017/03/22,296,,litecoin,ltc
1079,2017/03/23,381,,litecoin,ltc
1080,2017/03/24,293,,litecoin,ltc
1081,2017/03/25,295,,litecoin,ltc
1082,2017/03/26,223,,litecoin,ltc
1083,2017/03/27,303,,litecoin,ltc
1084,2017/03/28,243,,litecoin,ltc
1085,2017/03/29,268,,litecoin,ltc
1086,2017/03/30,701,,litecoin,ltc
1087,2017/03/31,455,,litecoin,ltc
1088,2017/04/01,565,,litecoin,ltc
1089,2017/04/02,535,,litecoin,ltc
1090,2017/04/03,640,,litecoin,ltc
1091,2017/04/04,822,,litecoin,ltc
1092,2017/04/05,2540,,litecoin,ltc
1093,2017/04/06,2546,,litecoin,ltc
1094,2017/04/07,990,,litecoin,ltc
1095,2017/04/08,593,,litecoin,ltc
1096,2017/04/09,572,,litecoin,ltc
1097,2017/04/10,658,,litecoin,ltc
1098,2017/04/11,652,,litecoin,ltc
1099,2017/04/12,1111,,litecoin,ltc
1100,2017/04/13,604,,litecoin,ltc
1101,2017/04/14,1570,,litecoin,ltc
1102,2017/04/15,795,,litecoin,ltc
1103,2017/04/16,463,,litecoin,ltc
1104,2017/04/17,791,,litecoin,ltc
1105,2017/04/18,568,,litecoin,ltc
1106,2017/04/19,737,,litecoin,ltc
1107,2017/04/20,656,,litecoin,ltc
1108,2017/04/21,920,,litecoin,ltc
1109,2017/04/22,957,,litecoin,ltc
1110,2017/04/23,881,,litecoin,ltc
1111,2017/04/24,1173,,litecoin,ltc
1112,2017/04/25,909,,litecoin,ltc
1113,2017/04/26,1177,,litecoin,ltc
1114,2017/04/27,987,,litecoin,ltc
1115,2017/04/28,855,,litecoin,ltc
1116,2017/04/29,836,,litecoin,ltc
1117,2017/04/30,753,,litecoin,ltc
1118,2017/05/01,766,,litecoin,ltc
1119,2017/05/02,1087,,litecoin,ltc
1120,2017/05/03,1615,,litecoin,ltc
1121,2017/05/04,1615,,litecoin,ltc
1122,2017/05/05,1057,,litecoin,ltc
1123,2017/05/06,914,,litecoin,ltc
1124,2017/05/07,891,,litecoin,ltc
1125,2017/05/08,729,,litecoin,ltc
1126,2017/05/09,761,,litecoin,ltc
1127,2017/05/10,1600,,litecoin,ltc
1128,2017/05/11,1315,,litecoin,ltc
1129,2017/05/12,1021,,litecoin,ltc
1130,2017/05/13,638,,litecoin,ltc
1131,2017/05/14,534,,litecoin,ltc
1132,2017/05/15,549,,litecoin,ltc
1133,2017/05/16,652,,litecoin,ltc
1134,2017/05/17,587,,litecoin,ltc
1135,2017/05/18,1244,,litecoin,ltc
1136,2017/05/19,1064,,litecoin,ltc
1137,2017/05/20,797,,litecoin,ltc
1138,2017/05/21,790,,litecoin,ltc
1139,2017/05/22,992,,litecoin,ltc
1140,2017/05/23,808,,litecoin,ltc
1141,2017/05/24,771,,litecoin,ltc
1142,2017/05/25,804,,litecoin,ltc
1143,2017/05/26,802,,litecoin,ltc
1144,2017/05/27,792,,litecoin,ltc
1145,2017/05/28,508,,litecoin,ltc
1146,2017/05/29,375,,litecoin,ltc
1147,2017/05/30,791,,litecoin,ltc
1148,2017/05/31,591,,litecoin,ltc
1149,2017/06/01,753,,litecoin,ltc
1150,2017/06/02,639,,litecoin,ltc
1151,2017/06/03,549,,litecoin,ltc
1152,2017/06/04,4045,,litecoin,ltc
1153,2017/06/05,746,,litecoin,ltc
1154,2017/06/06,4160,,litecoin,ltc
1155,2017/06/07,678,,litecoin,ltc
1156,2017/06/08,817,,litecoin,ltc
1157,2017/06/09,724,,litecoin,ltc
1158,2017/06/10,745,,litecoin,ltc
1159,2017/06/11,814,,litecoin,ltc
1160,2017/06/12,735,,litecoin,ltc
1161,2017/06/13,1018,,litecoin,ltc
1162,2017/06/14,821,,litecoin,ltc
1163,2017/06/15,1167,,litecoin,ltc
1164,2017/06/16,1296,,litecoin,ltc
1165,2017/06/17,2485,,litecoin,ltc
1166,2017/06/18,1393,,litecoin,ltc
1167,2017/06/19,1687,,litecoin,ltc
1168,2017/06/20,1008,,litecoin,ltc
1169,2017/06/21,945,,litecoin,ltc
1170,2017/06/22,1257,,litecoin,ltc
1171,2017/06/23,1833,,litecoin,ltc
1172,2017/06/24,null,,litecoin,ltc
1173,2017/06/25,null,,litecoin,ltc
1174,2017/06/26,null,,litecoin,ltc
1175,2017/06/27,null,,litecoin,ltc
1176,2017/06/28,null,,litecoin,ltc
1177,2017/06/29,null,,litecoin,ltc
1178,2017/06/30,null,,litecoin,ltc
1179,2017/07/01,null,,litecoin,ltc
1180,2017/07/02,null,,litecoin,ltc
1181,2017/07/03,null,,litecoin,ltc
1182,2017/07/04,null,,litecoin,ltc
1183,2017/07/05,null,,litecoin,ltc
1184,2017/07/06,null,,litecoin,ltc
1185,2017/07/07,null,,litecoin,ltc
1186,2017/07/08,null,,litecoin,ltc
1187,2017/07/09,null,,litecoin,ltc
1188,2017/07/10,null,,litecoin,ltc
1189,2017/07/11,null,,litecoin,ltc
1190,2017/07/12,1139,,litecoin,ltc
1191,2017/07/13,1011,,litecoin,ltc
1192,2017/07/14,1057,,litecoin,ltc
1193,2017/07/15,1133,,litecoin,ltc
1194,2017/07/16,1042,,litecoin,ltc
1195,2017/07/17,1034,,litecoin,ltc
1196,2017/07/18,973,,litecoin,ltc
1197,2017/07/19,994,,litecoin,ltc
1198,2017/07/20,1215,,litecoin,ltc
1199,2017/07/21,983,,litecoin,ltc
1200,2017/07/22,1086,,litecoin,ltc
1201,2017/07/23,856,,litecoin,ltc
1202,2017/07/24,1134,,litecoin,ltc
1203,2017/07/25,1355,,litecoin,ltc
1204,2017/07/26,1184,,litecoin,ltc
1205,2017/07/27,1343,,litecoin,ltc
1206,2017/07/28,1395,,litecoin,ltc
1207,2017/07/29,1089,,litecoin,ltc
1208,2017/07/30,1015,,litecoin,ltc
1209,2017/07/31,1329,,litecoin,ltc
1210,2017/08/01,1202,,litecoin,ltc
1211,2017/08/02,1060,,litecoin,ltc
1212,2017/08/03,1149,,litecoin,ltc
1213,2017/08/04,951,,litecoin,ltc
1214,2017/08/05,1099,,litecoin,ltc
1215,2017/08/06,1180,,litecoin,ltc
1216,2017/08/07,1233,,litecoin,ltc
1217,2017/08/08,1581,,litecoin,ltc
1218,2017/08/09,1767,,litecoin,ltc
1219,2017/08/10,1096,,litecoin,ltc
1220,2017/08/11,1141,,litecoin,ltc
1221,2017/08/12,975,,litecoin,ltc
1222,2017/08/13,1626,,litecoin,ltc
1223,2017/08/14,905,,litecoin,ltc
1224,2017/08/15,1306,,litecoin,ltc
1225,2017/08/16,1197,,litecoin,ltc
1226,2017/08/17,1887,,litecoin,ltc
1227,2017/08/18,1200,,litecoin,ltc
1228,2017/08/19,1225,,litecoin,ltc
1229,2017/08/20,1496,,litecoin,ltc
1230,2017/08/21,1419,,litecoin,ltc
1231,2017/08/22,1602,,litecoin,ltc
1232,2017/08/23,1639,,litecoin,ltc
1233,2017/08/24,1889,,litecoin,ltc
1234,2017/08/25,1353,,litecoin,ltc
1235,2017/08/26,1850,,litecoin,ltc
1236,2017/08/27,3042,,litecoin,ltc
1237,2017/08/28,2260,,litecoin,ltc
1238,2017/08/29,2709,,litecoin,ltc
1239,2017/08/30,2029,,litecoin,ltc
1240,2017/08/31,3341,,litecoin,ltc
1241,2017/09/01,6562,,litecoin,ltc
1242,2017/09/02,4651,,litecoin,ltc
1243,2017/09/03,2468,,litecoin,ltc
1244,2017/09/04,3648,,litecoin,ltc
1245,2017/09/05,2677,,litecoin,ltc
1246,2017/09/06,4293,,litecoin,ltc
1247,2017/09/07,2922,,litecoin,ltc
1248,2017/09/08,2806,,litecoin,ltc
1249,2017/09/09,2096,,litecoin,ltc
1250,2017/09/10,2051,,litecoin,ltc
1251,2017/09/11,2994,,litecoin,ltc
1252,2017/09/12,2657,,litecoin,ltc
1253,2017/09/13,2688,,litecoin,ltc
1254,2017/09/14,5221,,litecoin,ltc
1255,2017/09/15,3829,,litecoin,ltc
1256,2017/09/16,2723,,litecoin,ltc
1257,2017/09/17,2707,,litecoin,ltc
1258,2017/09/18,2732,,litecoin,ltc
1259,2017/09/19,2200,,litecoin,ltc
1260,2017/09/20,1806,,litecoin,ltc
1261,2017/09/21,2279,,litecoin,ltc
1262,2017/09/22,2527,,litecoin,ltc
1263,2017/09/23,2290,,litecoin,ltc
1264,2017/09/24,2956,,litecoin,ltc
1265,2017/09/25,3460,,litecoin,ltc
1266,2017/09/26,2493,,litecoin,ltc
1267,2017/09/27,4617,,litecoin,ltc
1268,2017/09/28,3093,,litecoin,ltc
1269,2017/09/29,4700,,litecoin,ltc
1270,2017/09/30,2430,,litecoin,ltc
1271,2017/10/01,2318,,litecoin,ltc
1272,2017/10/02,1959,,litecoin,ltc
1273,2017/10/03,1618,,litecoin,ltc
1274,2017/10/04,2296,,litecoin,ltc
1275,2017/10/05,2147,,litecoin,ltc
1276,2017/10/06,3738,,litecoin,ltc
1277,2017/10/07,2024,,litecoin,ltc
1278,2017/10/08,3000,,litecoin,ltc
1279,2017/10/09,2072,,litecoin,ltc
1280,2017/10/10,2627,,litecoin,ltc
1281,2017/10/11,2572,,litecoin,ltc
1282,2017/10/12,2719,,litecoin,ltc
1283,2017/10/13,3716,,litecoin,ltc
1284,2017/10/14,3480,,litecoin,ltc
1285,2017/10/15,3728,,litecoin,ltc
1286,2017/10/16,2564,,litecoin,ltc
1287,2017/10/17,3017,,litecoin,ltc
1288,2017/10/18,2553,,litecoin,ltc
1289,2017/10/19,2619,,litecoin,ltc
1290,2017/10/20,3420,,litecoin,ltc
1291,2017/10/21,2208,,litecoin,ltc
1292,2017/10/22,1829,,litecoin,ltc
1293,2017/10/23,2043,,litecoin,ltc
1294,2017/10/24,2264,,litecoin,ltc
1295,2017/10/25,2138,,litecoin,ltc
1296,2017/10/26,2877,,litecoin,ltc
1297,2017/10/27,3003,,litecoin,ltc
1298,2017/10/28,1874,,litecoin,ltc
1299,2017/10/29,2249,,litecoin,ltc
1300,2017/10/30,2282,,litecoin,ltc
1301,2017/10/31,2326,,litecoin,ltc
1302,2017/11/01,2352,,litecoin,ltc
1303,2017/11/02,3066,,litecoin,ltc
1304,2017/11/03,2419,,litecoin,ltc
1305,2017/11/04,3446,,litecoin,ltc
1306,2017/11/05,2716,,litecoin,ltc
1307,2017/11/06,2530,,litecoin,ltc
1308,2017/11/07,3288,,litecoin,ltc
1309,2017/11/08,2669,,litecoin,ltc
1310,2017/11/09,2284,,litecoin,ltc
1311,2017/11/10,2720,,litecoin,ltc
1312,2017/11/11,1941,,litecoin,ltc
1313,2017/11/12,1853,,litecoin,ltc
1314,2017/11/13,2135,,litecoin,ltc
1315,2017/11/14,2115,,litecoin,ltc
1316,2017/11/15,2844,,litecoin,ltc
1317,2017/11/16,3735,,litecoin,ltc
1318,2017/11/17,4039,,litecoin,ltc
1319,2017/11/18,2554,,litecoin,ltc
1320,2017/11/19,3099,,litecoin,ltc
1321,2017/11/20,3394,,litecoin,ltc
1322,2017/11/21,3905,,litecoin,ltc
1323,2017/11/22,3870,,litecoin,ltc
1324,2017/11/23,4200,,litecoin,ltc
1325,2017/11/24,3496,,litecoin,ltc
1326,2017/11/25,5745,,litecoin,ltc
1327,2017/11/26,5444,,litecoin,ltc
1328,2017/11/27,6086,,litecoin,ltc
1329,2017/11/28,4906,,litecoin,ltc
1330,2017/11/29,5655,,litecoin,ltc
1331,2017/11/30,5199,,litecoin,ltc
1332,2017/12/01,5555,,litecoin,ltc
1333,2017/12/02,5045,,litecoin,ltc
1334,2017/12/03,4917,,litecoin,ltc
1335,2017/12/04,4008,,litecoin,ltc
1336,2017/12/05,3931,,litecoin,ltc
1337,2017/12/06,6733,,litecoin,ltc
1338,2017/12/07,7353,,litecoin,ltc
1339,2017/12/08,8641,,litecoin,ltc
1340,2017/12/09,31007,,litecoin,ltc
1341,2017/12/10,7861,,litecoin,ltc
1342,2017/12/11,13391,,litecoin,ltc
1343,2017/12/12,29743,,litecoin,ltc
1344,2017/12/13,14896,,litecoin,ltc
1345,2017/12/14,9849,,litecoin,ltc
1346,2017/12/15,16017,,litecoin,ltc
1347,2017/12/16,7274,,litecoin,ltc
1348,2017/12/17,9471,,litecoin,ltc
1349,2017/12/18,7346,,litecoin,ltc
1350,2017/12/19,7261,,litecoin,ltc
1351,2017/12/20,9669,,litecoin,ltc
1352,2017/12/21,7361,,litecoin,ltc
1353,2017/12/22,12520,,litecoin,ltc
1354,2017/12/23,7087,,litecoin,ltc
1355,2017/12/24,6494,,litecoin,ltc
1356,2017/12/25,8207,,litecoin,ltc
1357,2017/12/26,7360,,litecoin,ltc
1358,2017/12/27,7304,,litecoin,ltc
1359,2017/12/28,7794,,litecoin,ltc
1360,2017/12/29,7683,,litecoin,ltc
1361,2017/12/30,7814,,litecoin,ltc
1362,2017/12/31,7581,,litecoin,ltc
1363,2018/01/01,5568,,litecoin,ltc
1364,2018/01/02,7242,,litecoin,ltc
1365,2018/01/03,6429,,litecoin,ltc
1366,2018/01/04,7333,,litecoin,ltc
1367,2018/01/05,7330,,litecoin,ltc
1368,2018/01/06,11213,,litecoin,ltc
1369,2018/01/07,6626,,litecoin,ltc
1370,2018/01/08,3117,,litecoin,ltc
1371,2018/01/09,8405,,litecoin,ltc
1372,2018/01/10,6252,,litecoin,ltc
1373,2018/01/11,15733,,litecoin,ltc
1374,2018/01/12,6900,,litecoin,ltc
1375,2018/01/13,7197,,litecoin,ltc
1376,2018/01/14,7996,,litecoin,ltc
1377,2018/01/15,6961,,litecoin,ltc
1378,2018/01/16,9185,,litecoin,ltc
1379,2018/01/17,7883,,litecoin,ltc
1380,2018/01/18,6134,,litecoin,ltc
1381,2018/01/19,3091,,litecoin,ltc
1382,2018/01/20,4419,,litecoin,ltc
1383,2018/01/21,4964,,litecoin,ltc
1384,2018/01/22,5420,,litecoin,ltc
1385,2018/01/23,4991,,litecoin,ltc
1386,2018/01/24,5320,,litecoin,ltc
1387,2018/01/25,4399,,litecoin,ltc
1388,2018/01/26,4938,,litecoin,ltc
1389,2018/01/27,4354,,litecoin,ltc
1390,2018/01/28,4991,,litecoin,ltc
1391,2018/01/29,4711,,litecoin,ltc
1392,2018/01/30,6211,,litecoin,ltc
1393,2018/01/31,5533,,litecoin,ltc
1394,2018/02/01,5934,,litecoin,ltc
1395,2018/02/02,5309,,litecoin,ltc
1396,2018/02/03,5213,,litecoin,ltc
1397,2018/02/04,7262,,litecoin,ltc
1398,2018/02/05,5396,,litecoin,ltc
1399,2018/02/06,6965,,litecoin,ltc
1400,2018/02/07,6672,,litecoin,ltc
1401,2018/02/08,6779,,litecoin,ltc
1402,2018/02/09,6201,,litecoin,ltc
1403,2018/02/10,4915,,litecoin,ltc
1404,2018/02/11,4632,,litecoin,ltc
1405,2018/02/12,6314,,litecoin,ltc
1406,2018/02/13,6010,,litecoin,ltc
1407,2018/02/14,11934,,litecoin,ltc
1408,2018/02/15,9337,,litecoin,ltc
1409,2018/02/16,7727,,litecoin,ltc
1410,2018/02/17,6974,,litecoin,ltc
1411,2018/02/18,10814,,litecoin,ltc
1412,2018/02/19,8146,,litecoin,ltc
1413,2018/02/20,13778,,litecoin,ltc
1414,2018/02/21,6642,,litecoin,ltc
1415,2018/02/22,6201,,litecoin,ltc
1416,2018/02/23,4959,,litecoin,ltc
1417,2018/02/24,4708,,litecoin,ltc
1418,2018/02/25,6787,,litecoin,ltc
1419,2018/02/26,9387,,litecoin,ltc
1420,2018/02/27,6723,,litecoin,ltc
1421,2018/02/28,5778,,litecoin,ltc
1422,2018/03/01,7164,,litecoin,ltc
1423,2018/03/02,5683,,litecoin,ltc
1424,2018/03/03,null,,litecoin,ltc
1425,2018/03/04,null,,litecoin,ltc
1426,2018/03/05,null,,litecoin,ltc
1427,2018/03/06,null,,litecoin,ltc
1428,2018/03/07,null,,litecoin,ltc
1429,2018/03/08,null,,litecoin,ltc
1430,2018/03/09,null,,litecoin,ltc
1431,2018/03/10,null,,litecoin,ltc
1432,2018/03/11,null,,litecoin,ltc
1433,2018/03/12,null,,litecoin,ltc
1434,2018/03/13,null,,litecoin,ltc
1435,2018/03/14,null,,litecoin,ltc
1436,2018/03/15,null,,litecoin,ltc
1437,2018/03/16,null,,litecoin,ltc
1438,2018/03/17,null,,litecoin,ltc
1439,2018/03/18,null,,litecoin,ltc
1440,2018/03/19,null,,litecoin,ltc
1441,2018/03/20,null,,litecoin,ltc
1442,2018/03/21,null,,litecoin,ltc
1443,2018/03/22,null,,litecoin,ltc
1444,2018/03/23,null,,litecoin,ltc
1445,2018/03/24,null,,litecoin,ltc
1446,2018/03/25,null,,litecoin,ltc
1447,2018/03/26,null,,litecoin,ltc
1448,2018/03/27,null,,litecoin,ltc
1449,2018/03/28,null,,litecoin,ltc
1450,2018/03/29,null,,litecoin,ltc
1451,2018/03/30,null,,litecoin,ltc
1452,2018/03/31,null,,litecoin,ltc
1453,2018/04/01,null,,litecoin,ltc
1454,2018/04/02,null,,litecoin,ltc
1455,2018/04/03,null,,litecoin,ltc
1456,2018/04/04,null,,litecoin,ltc
1457,2018/04/05,null,,litecoin,ltc
1458,2018/04/06,null,,litecoin,ltc
1459,2018/04/07,5313,,litecoin,ltc
1460,2018/04/08,4220,,litecoin,ltc
1461,2018/04/09,5459,,litecoin,ltc
1462,2018/04/10,4879,,litecoin,ltc
1463,2018/04/11,4859,,litecoin,ltc
1464,2018/04/12,4937,,litecoin,ltc
1465,2018/04/13,5246,,litecoin,ltc
1466,2018/04/14,3470,,litecoin,ltc
1467,2018/04/15,3340,,litecoin,ltc
1468,2018/04/16,3470,,litecoin,ltc
1469,2018/04/17,4633,,litecoin,ltc
1470,2018/04/18,3678,,litecoin,ltc
1471,2018/04/19,3957,,litecoin,ltc
1472,2018/04/20,6254,,litecoin,ltc
1473,2018/04/21,3782,,litecoin,ltc
1474,2018/04/22,3646,,litecoin,ltc
1475,2018/04/23,3670,,litecoin,ltc
1476,2018/04/24,5045,,litecoin,ltc
1477,2018/04/25,5556,,litecoin,ltc
1478,2018/04/26,6021,,litecoin,ltc
1479,2018/04/27,4961,,litecoin,ltc
1480,2018/04/28,4173,,litecoin,ltc
1481,2018/04/29,4130,,litecoin,ltc
1482,2018/04/30,3899,,litecoin,ltc
1483,2018/05/01,4012,,litecoin,ltc
1484,2018/05/02,4613,,litecoin,ltc
1485,2018/05/03,4574,,litecoin,ltc
1486,2018/05/04,4463,,litecoin,ltc
1487,2018/05/05,4720,,litecoin,ltc
1488,2018/05/06,3508,,litecoin,ltc
1489,2018/05/07,3712,,litecoin,ltc
1490,2018/05/08,3737,,litecoin,ltc
1491,2018/05/09,4122,,litecoin,ltc
1492,2018/05/10,3601,,litecoin,ltc
1493,2018/05/11,3565,,litecoin,ltc
1494,2018/05/12,3117,,litecoin,ltc
1495,2018/05/13,3612,,litecoin,ltc
1496,2018/05/14,4389,,litecoin,ltc
1497,2018/05/15,3917,,litecoin,ltc
1498,2018/05/16,3193,,litecoin,ltc
1499,2018/05/17,3643,,litecoin,ltc
1500,2018/05/18,3191,,litecoin,ltc
1501,2018/05/19,2830,,litecoin,ltc
1502,2018/05/20,2824,,litecoin,ltc
1503,2018/05/21,3666,,litecoin,ltc
1504,2018/05/22,3339,,litecoin,ltc
1505,2018/05/23,3463,,litecoin,ltc
1506,2018/05/24,2256,,litecoin,ltc
1507,2018/05/25,2093,,litecoin,ltc
1508,2018/05/26,3004,,litecoin,ltc
1509,2018/05/27,2354,,litecoin,ltc
1510,2018/05/28,2458,,litecoin,ltc
1511,2018/05/29,2701,,litecoin,ltc
1512,2018/05/30,2815,,litecoin,ltc
1513,2018/05/31,2562,,litecoin,ltc
1514,2018/06/01,2517,,litecoin,ltc
1515,2018/06/02,2542,,litecoin,ltc
1516,2018/06/03,2500,,litecoin,ltc
1517,2018/06/04,2520,,litecoin,ltc
1518,2018/06/05,2832,,litecoin,ltc
1519,2018/06/06,2850,,litecoin,ltc
1520,2018/06/07,2861,,litecoin,ltc
1521,2018/06/08,3028,,litecoin,ltc
1522,2018/06/09,2676,,litecoin,ltc
1523,2018/06/10,2723,,litecoin,ltc
1524,2018/06/11,3537,,litecoin,ltc
1525,2018/06/12,3178,,litecoin,ltc
1526,2018/06/13,3138,,litecoin,ltc
1527,2018/06/14,3267,,litecoin,ltc
1528,2018/06/15,2523,,litecoin,ltc
1529,2018/06/16,2392,,litecoin,ltc
1530,2018/06/17,2181,,litecoin,ltc
1531,2018/06/18,2341,,litecoin,ltc
1532,2018/06/19,2602,,litecoin,ltc
1533,2018/06/20,2936,,litecoin,ltc
1534,2018/06/21,3910,,litecoin,ltc
1535,2018/06/22,3867,,litecoin,ltc
1536,2018/06/23,1888,,litecoin,ltc
1537,2018/06/24,2036,,litecoin,ltc
1538,2018/06/25,2289,,litecoin,ltc
1539,2018/06/26,2461,,litecoin,ltc
1540,2018/06/27,2628,,litecoin,ltc
1541,2018/06/28,2257,,litecoin,ltc
1542,2018/06/29,2440,,litecoin,ltc
1543,2018/06/30,2190,,litecoin,ltc
1544,2018/07/01,1990,,litecoin,ltc
1545,2018/07/02,2374,,litecoin,ltc
1546,2018/07/03,2147,,litecoin,ltc
1547,2018/07/04,1787,,litecoin,ltc
1548,2018/07/05,1890,,litecoin,ltc
1549,2018/07/06,2076,,litecoin,ltc
1550,2018/07/07,1882,,litecoin,ltc
1551,2018/07/08,2147,,litecoin,ltc
1552,2018/07/09,2028,,litecoin,ltc
1553,2018/07/10,2643,,litecoin,ltc
1554,2018/07/11,3800,,litecoin,ltc
1555,2018/07/12,3394,,litecoin,ltc
1556,2018/07/13,3889,,litecoin,ltc
1557,2018/07/14,17403,,litecoin,ltc
1558,2018/07/15,12046,,litecoin,ltc
1559,2018/07/16,4677,,litecoin,ltc
1560,2018/07/17,3109,,litecoin,ltc
1561,2018/07/18,2925,,litecoin,ltc
1562,2018/07/19,2622,,litecoin,ltc
1563,2018/07/20,2725,,litecoin,ltc
1564,2018/07/21,2287,,litecoin,ltc
1565,2018/07/22,2339,,litecoin,ltc
1566,2018/07/23,2343,,litecoin,ltc
1567,2018/07/24,2555,,litecoin,ltc
1568,2018/07/25,1977,,litecoin,ltc
1569,2018/07/26,1953,,litecoin,ltc
1570,2018/07/27,2039,,litecoin,ltc
1571,2018/07/28,1935,,litecoin,ltc
1572,2018/07/29,1993,,litecoin,ltc
1573,2018/07/30,2524,,litecoin,ltc
1574,2018/07/31,2415,,litecoin,ltc
1575,2018/08/01,2382,,litecoin,ltc
1576,2018/08/02,2512,,litecoin,ltc
1577,2018/08/03,2357,,litecoin,ltc
1578,2018/08/04,1870,,litecoin,ltc
1579,2018/08/05,1917,,litecoin,ltc
1580,2018/08/06,2160,,litecoin,ltc
1581,2018/08/07,1807,,litecoin,ltc
1582,2018/08/08,2174,,litecoin,ltc
1583,2018/08/09,2073,,litecoin,ltc
1584,2018/08/10,2028,,litecoin,ltc
1585,2018/08/11,1808,,litecoin,ltc
1586,2018/08/12,1693,,litecoin,ltc
1587,2018/08/13,1869,,litecoin,ltc
1588,2018/08/14,1908,,litecoin,ltc
1589,2018/08/15,1831,,litecoin,ltc
1590,2018/08/16,1593,,litecoin,ltc
1591,2018/08/17,1682,,litecoin,ltc
1592,2018/08/18,1810,,litecoin,ltc
1593,2018/08/19,1832,,litecoin,ltc
1594,2018/08/20,2065,,litecoin,ltc
1595,2018/08/21,1983,,litecoin,ltc
1596,2018/08/22,1855,,litecoin,ltc
1597,2018/08/23,1936,,litecoin,ltc
1598,2018/08/24,1630,,litecoin,ltc
1599,2018/08/25,1627,,litecoin,ltc
1600,2018/08/26,1597,,litecoin,ltc
1601,2018/08/27,1745,,litecoin,ltc
1602,2018/08/28,2162,,litecoin,ltc
1603,2018/08/29,2193,,litecoin,ltc
1604,2018/08/30,2505,,litecoin,ltc
1605,2018/08/31,2099,,litecoin,ltc
1606,2018/09/01,2159,,litecoin,ltc
1607,2018/09/02,1920,,litecoin,ltc
1608,2018/09/03,1846,,litecoin,ltc
1609,2018/09/04,2093,,litecoin,ltc
1610,2018/09/05,1953,,litecoin,ltc
1611,2018/09/06,1954,,litecoin,ltc
1612,2018/09/07,1994,,litecoin,ltc
1613,2018/09/08,1944,,litecoin,ltc
1614,2018/09/09,2211,,litecoin,ltc
1615,2018/09/10,2628,,litecoin,ltc
1616,2018/09/11,2070,,litecoin,ltc
1617,2018/09/12,2129,,litecoin,ltc
1618,2018/09/13,1824,,litecoin,ltc
1619,2018/09/14,2575,,litecoin,ltc
1620,2018/09/15,2155,,litecoin,ltc
1621,2018/09/16,2136,,litecoin,ltc
1622,2018/09/17,2272,,litecoin,ltc
1623,2018/09/18,2226,,litecoin,ltc
1624,2018/09/19,2167,,litecoin,ltc
1625,2018/09/20,2629,,litecoin,ltc
1626,2018/09/21,2666,,litecoin,ltc
1627,2018/09/22,2192,,litecoin,ltc
1628,2018/09/23,3900,,litecoin,ltc
1629,2018/09/24,2589,,litecoin,ltc
1630,2018/09/25,2751,,litecoin,ltc
1631,2018/09/26,2556,,litecoin,ltc
1632,2018/09/27,2939,,litecoin,ltc
1633,2018/09/28,2666,,litecoin,ltc
1634,2018/09/29,2766,,litecoin,ltc
1635,2018/09/30,2657,,litecoin,ltc
1636,2018/10/01,2577,,litecoin,ltc
1637,2018/10/02,2646,,litecoin,ltc
1638,2018/10/03,2721,,litecoin,ltc
1639,2018/10/04,2306,,litecoin,ltc
1640,2018/10/05,2598,,litecoin,ltc
1641,2018/10/06,2358,,litecoin,ltc
1642,2018/10/07,1970,,litecoin,ltc
1643,2018/10/08,2697,,litecoin,ltc
1644,2018/10/09,2284,,litecoin,ltc
1645,2018/10/10,2124,,litecoin,ltc
1646,2018/10/11,2402,,litecoin,ltc
1647,2018/10/12,2618,,litecoin,ltc
1648,2018/10/13,2722,,litecoin,ltc
1649,2018/10/14,2751,,litecoin,ltc
1650,2018/10/15,1902,,litecoin,ltc
1651,2018/10/16,1815,,litecoin,ltc
1652,2018/10/17,1863,,litecoin,ltc
1653,2018/10/18,1591,,litecoin,ltc
1654,2018/10/19,1743,,litecoin,ltc
1655,2018/10/20,1710,,litecoin,ltc
1656,2018/10/21,1759,,litecoin,ltc
1657,2018/10/22,1464,,litecoin,ltc
1658,2018/10/23,1715,,litecoin,ltc
1659,2018/10/24,1307,,litecoin,ltc
1660,2018/10/25,1379,,litecoin,ltc
1661,2018/10/26,1410,,litecoin,ltc
1662,2018/10/27,1394,,litecoin,ltc
1663,2018/10/28,1207,,litecoin,ltc
1664,2018/10/29,1675,,litecoin,ltc
1665,2018/10/30,1326,,litecoin,ltc
1666,2018/10/31,1331,,litecoin,ltc
1667,2018/11/01,1514,,litecoin,ltc
1668,2018/11/02,1537,,litecoin,ltc
1669,2018/11/03,1291,,litecoin,ltc
1670,2018/11/04,1605,,litecoin,ltc
1671,2018/11/05,1832,,litecoin,ltc
1672,2018/11/06,1906,,litecoin,ltc
1673,2018/11/07,1712,,litecoin,ltc
1674,2018/11/08,1811,,litecoin,ltc
1675,2018/11/09,1668,,litecoin,ltc
1676,2018/11/10,1465,,litecoin,ltc
1677,2018/11/11,1395,,litecoin,ltc
1678,2018/11/12,1118,,litecoin,ltc
1679,2018/11/13,1153,,litecoin,ltc
1680,2018/11/14,1372,,litecoin,ltc
1681,2018/11/15,1226,,litecoin,ltc
1682,2018/11/16,1307,,litecoin,ltc
1683,2018/11/17,1116,,litecoin,ltc
1684,2018/11/18,1066,,litecoin,ltc
1685,2018/11/19,1477,,litecoin,ltc
1686,2018/11/20,1399,,litecoin,ltc
1687,2018/11/21,1332,,litecoin,ltc
1688,2018/11/22,1241,,litecoin,ltc
1689,2018/11/23,1232,,litecoin,ltc
1690,2018/11/24,1413,,litecoin,ltc
1691,2018/11/25,1359,,litecoin,ltc
1692,2018/11/26,1362,,litecoin,ltc
1693,2018/11/27,1172,,litecoin,ltc
1694,2018/11/28,1509,,litecoin,ltc
1695,2018/11/29,1716,,litecoin,ltc
1696,2018/11/30,1663,,litecoin,ltc
1697,2018/12/01,1473,,litecoin,ltc
1698,2018/12/02,1261,,litecoin,ltc
1699,2018/12/03,1477,,litecoin,ltc
1700,2018/12/04,1243,,litecoin,ltc
1701,2018/12/05,1176,,litecoin,ltc
1702,2018/12/06,null,,litecoin,ltc
1703,2018/12/07,1286,,litecoin,ltc
1704,2018/12/08,984,,litecoin,ltc
1705,2018/12/09,986,,litecoin,ltc
1706,2018/12/10,1077,,litecoin,ltc
1707,2018/12/11,1153,,litecoin,ltc
1708,2018/12/12,1084,,litecoin,ltc
1709,2018/12/13,1274,,litecoin,ltc
1710,2018/12/14,1211,,litecoin,ltc
1711,2018/12/15,1293,,litecoin,ltc
1712,2018/12/16,1657,,litecoin,ltc
1713,2018/12/17,1589,,litecoin,ltc
1714,2018/12/18,1198,,litecoin,ltc
1715,2018/12/19,1318,,litecoin,ltc
1716,2018/12/20,1347,,litecoin,ltc
1717,2018/12/21,1212,,litecoin,ltc
1718,2018/12/22,1037,,litecoin,ltc
1719,2018/12/23,1292,,litecoin,ltc
1720,2018/12/24,1276,,litecoin,ltc
1721,2018/12/25,1028,,litecoin,ltc
1722,2018/12/26,1154,,litecoin,ltc
1723,2018/12/27,1800,,litecoin,ltc
1724,2018/12/28,1559,,litecoin,ltc
1725,2018/12/29,1139,,litecoin,ltc
1726,2018/12/30,2214,,litecoin,ltc
1727,2018/12/31,1148,,litecoin,ltc
1728,2019/01/01,1100,,litecoin,ltc
1729,2019/01/02,1250,,litecoin,ltc
1730,2019/01/03,1235,,litecoin,ltc
1731,2019/01/04,1118,,litecoin,ltc
1732,2019/01/05,1422,,litecoin,ltc
1733,2019/01/06,1707,,litecoin,ltc
1734,2019/01/07,1336,,litecoin,ltc
1735,2019/01/08,1314,,litecoin,ltc
1736,2019/01/09,1220,,litecoin,ltc
1737,2019/01/10,1376,,litecoin,ltc
1738,2019/01/11,1397,,litecoin,ltc
1739,2019/01/12,1256,,litecoin,ltc
1740,2019/01/13,1267,,litecoin,ltc
1741,2019/01/14,1151,,litecoin,ltc
1742,2019/01/15,1082,,litecoin,ltc
1743,2019/01/16,1009,,litecoin,ltc
1744,2019/01/17,1253,,litecoin,ltc
1745,2019/01/18,1079,,litecoin,ltc
1746,2019/01/19,1139,,litecoin,ltc
1747,2019/01/20,1069,,litecoin,ltc
1748,2019/01/21,978,,litecoin,ltc
1749,2019/01/22,1207,,litecoin,ltc
1750,2019/01/23,1172,,litecoin,ltc
1751,2019/01/24,1051,,litecoin,ltc
1752,2019/01/25,1149,,litecoin,ltc
1753,2019/01/26,973,,litecoin,ltc
1754,2019/01/27,1096,,litecoin,ltc
1755,2019/01/28,1121,,litecoin,ltc
1756,2019/01/29,1217,,litecoin,ltc
1757,2019/01/30,1314,,litecoin,ltc
1758,2019/01/31,1620,,litecoin,ltc
1759,2019/02/01,1207,,litecoin,ltc
1760,2019/02/02,1309,,litecoin,ltc
1761,2019/02/03,1641,,litecoin,ltc
1762,2019/02/04,1929,,litecoin,ltc
1763,2019/02/05,1261,,litecoin,ltc
1764,2019/02/06,1434,,litecoin,ltc
1765,2019/02/07,1574,,litecoin,ltc
1766,2019/02/08,3066,,litecoin,ltc
1767,2019/02/09,2101,,litecoin,ltc
1768,2019/02/10,1769,,litecoin,ltc
1769,2019/02/11,1516,,litecoin,ltc
1770,2019/02/12,1274,,litecoin,ltc
1771,2019/02/13,1327,,litecoin,ltc
1772,2019/02/14,1212,,litecoin,ltc
1773,2019/02/15,1476,,litecoin,ltc
1774,2019/02/16,1238,,litecoin,ltc
1775,2019/02/17,1154,,litecoin,ltc
1776,2019/02/18,1443,,litecoin,ltc
1777,2019/02/19,1249,,litecoin,ltc
1778,2019/02/20,1522,,litecoin,ltc
1779,2019/02/21,1118,,litecoin,ltc
1780,2019/02/22,1464,,litecoin,ltc
1781,2019/02/23,1458,,litecoin,ltc
1782,2019/02/24,1353,,litecoin,ltc
1783,2019/02/25,1252,,litecoin,ltc
1784,2019/02/26,1257,,litecoin,ltc
1785,2019/02/27,1330,,litecoin,ltc
1786,2019/02/28,996,,litecoin,ltc
1787,2019/03/01,1178,,litecoin,ltc
1788,2019/03/02,1198,,litecoin,ltc
1789,2019/03/03,1010,,litecoin,ltc
1790,2019/03/04,1147,,litecoin,ltc
1791,2019/03/05,1559,,litecoin,ltc
1792,2019/03/06,1663,,litecoin,ltc
1793,2019/03/07,1826,,litecoin,ltc
1794,2019/03/08,1477,,litecoin,ltc
1795,2019/03/09,1303,,litecoin,ltc
1796,2019/03/10,1129,,litecoin,ltc
1797,2019/03/11,1374,,litecoin,ltc
1798,2019/03/12,1355,,litecoin,ltc
1799,2019/03/13,1203,,litecoin,ltc
1800,2019/03/14,1163,,litecoin,ltc
1801,2019/03/15,1230,,litecoin,ltc
1802,2019/03/16,1565,,litecoin,ltc
1803,2019/03/17,1197,,litecoin,ltc
1804,2019/03/18,1509,,litecoin,ltc
1805,2019/03/19,1103,,litecoin,ltc
1806,2019/03/20,1217,,litecoin,ltc
1807,2019/03/21,1095,,litecoin,ltc
1808,2019/03/22,925,,litecoin,ltc
1809,2019/03/23,880,,litecoin,ltc
1810,2019/03/24,1157,,litecoin,ltc
1811,2019/03/25,1101,,litecoin,ltc
1812,2019/03/26,1124,,litecoin,ltc
1813,2019/03/27,1240,,litecoin,ltc
1814,2019/03/28,1106,,litecoin,ltc
1815,2019/03/29,1078,,litecoin,ltc
1816,2019/03/30,1025,,litecoin,ltc
1817,2019/03/31,981,,litecoin,ltc
1818,2019/04/01,1071,,litecoin,ltc
1819,2019/04/02,1857,,litecoin,ltc
1820,2019/04/03,2555,,litecoin,ltc
1821,2019/04/04,1451,,litecoin,ltc
1822,2019/04/05,1535,,litecoin,ltc
1823,2019/04/06,1951,,litecoin,ltc
1824,2019/04/07,1825,,litecoin,ltc
1825,2019/04/08,1672,,litecoin,ltc
1826,2019/04/09,1456,,litecoin,ltc
1827,2019/04/10,1368,,litecoin,ltc
1828,2019/04/11,1566,,litecoin,ltc
1829,2019/04/12,1220,,litecoin,ltc
1830,2019/04/13,1073,,litecoin,ltc
1831,2019/04/14,962,,litecoin,ltc
1832,2019/04/15,1083,,litecoin,ltc
1833,2019/04/16,1091,,litecoin,ltc
1834,2019/04/17,999,,litecoin,ltc
1835,2019/04/18,1010,,litecoin,ltc
1836,2019/04/19,873,,litecoin,ltc
1837,2019/04/20,747,,litecoin,ltc
1838,2019/04/21,972,,litecoin,ltc
1839,2019/04/22,1013,,litecoin,ltc
1840,2019/04/23,1730,,litecoin,ltc
1841,2019/04/24,1797,,litecoin,ltc
1842,2019/04/25,1649,,litecoin,ltc
1843,2019/04/26,1574,,litecoin,ltc
1844,2019/04/27,1372,,litecoin,ltc
1845,2019/04/28,1427,,litecoin,ltc
1846,2019/04/29,1629,,litecoin,ltc
1847,2019/04/30,1812,,litecoin,ltc
1848,2019/05/01,1579,,litecoin,ltc
1849,2019/05/02,1523,,litecoin,ltc
1850,2019/05/03,2006,,litecoin,ltc
1851,2019/05/04,1613,,litecoin,ltc
1852,2019/05/05,1364,,litecoin,ltc
1853,2019/05/06,1682,,litecoin,ltc
1854,2019/05/07,1515,,litecoin,ltc
1855,2019/05/08,1425,,litecoin,ltc
1856,2019/05/09,1760,,litecoin,ltc
1857,2019/05/10,1628,,litecoin,ltc
1858,2019/05/11,2179,,litecoin,ltc
1859,2019/05/12,1649,,litecoin,ltc
1860,2019/05/13,2038,,litecoin,ltc
1861,2019/05/14,2071,,litecoin,ltc
1862,2019/05/15,2413,,litecoin,ltc
1863,2019/05/16,2125,,litecoin,ltc
1864,2019/05/17,1574,,litecoin,ltc
1865,2019/05/18,1473,,litecoin,ltc
1866,2019/05/19,1895,,litecoin,ltc
1867,2019/05/20,2254,,litecoin,ltc
1868,2019/05/21,1737,,litecoin,ltc
1869,2019/05/22,1589,,litecoin,ltc
1870,2019/05/23,1033,,litecoin,ltc
1871,2019/05/24,1612,,litecoin,ltc
1872,2019/05/25,1387,,litecoin,ltc
1873,2019/05/26,1989,,litecoin,ltc
1874,2019/05/27,2356,,litecoin,ltc
1875,2019/05/28,1895,,litecoin,ltc
1876,2019/05/29,1844,,litecoin,ltc
1877,2019/05/30,1849,,litecoin,ltc
1878,2019/05/31,1658,,litecoin,ltc
1879,2019/06/01,1624,,litecoin,ltc
1880,2019/06/02,1489,,litecoin,ltc
1881,2019/06/03,1804,,litecoin,ltc
1882,2019/06/04,1706,,litecoin,ltc
1883,2019/06/05,1657,,litecoin,ltc
1884,2019/06/06,1657,,litecoin,ltc
1885,2019/06/07,2216,,litecoin,ltc
1886,2019/06/08,1639,,litecoin,ltc
1887,2019/06/09,1629,,litecoin,ltc
1888,2019/06/10,2544,,litecoin,ltc
1889,2019/06/11,3132,,litecoin,ltc
1890,2019/06/12,3173,,litecoin,ltc
1891,2019/06/13,2289,,litecoin,ltc
1892,2019/06/14,1825,,litecoin,ltc
1893,2019/06/15,1759,,litecoin,ltc
1894,2019/06/16,1835,,litecoin,ltc
1895,2019/06/17,2001,,litecoin,ltc
1896,2019/06/18,2126,,litecoin,ltc
1897,2019/06/19,2217,,litecoin,ltc
1898,2019/06/20,2291,,litecoin,ltc
1899,2019/06/21,2225,,litecoin,ltc
1900,2019/06/22,2240,,litecoin,ltc
1901,2019/06/23,2876,,litecoin,ltc
1902,2019/06/24,2709,,litecoin,ltc
1903,2019/06/25,2782,,litecoin,ltc
1904,2019/06/26,2833,,litecoin,ltc
1905,2019/06/27,2825,,litecoin,ltc
1906,2019/06/28,2643,,litecoin,ltc
1907,2019/06/29,3323,,litecoin,ltc
1908,2019/06/30,2461,,litecoin,ltc
1909,2019/07/01,1881,,litecoin,ltc
1910,2019/07/02,2282,,litecoin,ltc
1911,2019/07/03,2024,,litecoin,ltc
1912,2019/07/04,2074,,litecoin,ltc
1913,2019/07/05,1717,,litecoin,ltc
1914,2019/07/06,1826,,litecoin,ltc
1915,2019/07/07,1840,,litecoin,ltc
1916,2019/07/08,1792,,litecoin,ltc
1917,2019/07/09,1645,,litecoin,ltc
1918,2019/07/10,1772,,litecoin,ltc
1919,2019/07/11,1846,,litecoin,ltc
1920,2019/07/12,1943,,litecoin,ltc
1921,2019/07/13,1853,,litecoin,ltc
1922,2019/07/14,1790,,litecoin,ltc
1923,2019/07/15,1685,,litecoin,ltc
1924,2019/07/16,1616,,litecoin,ltc
1925,2019/07/17,1855,,litecoin,ltc
1926,2019/07/18,2129,,litecoin,ltc
1927,2019/07/19,1754,,litecoin,ltc
1928,2019/07/20,1826,,litecoin,ltc
1929,2019/07/21,1596,,litecoin,ltc
1930,2019/07/22,1284,,litecoin,ltc
1931,2019/07/23,1056,,litecoin,ltc
1932,2019/07/24,997,,litecoin,ltc
1933,2019/07/25,1035,,litecoin,ltc
1934,2019/07/26,1155,,litecoin,ltc
1935,2019/07/27,908,,litecoin,ltc
1936,2019/07/28,764,,litecoin,ltc
1937,2019/07/29,883,,litecoin,ltc
1938,2019/07/30,1028,,litecoin,ltc
1939,2019/07/31,1238,,litecoin,ltc
1940,2019/08/01,1168,,litecoin,ltc
1941,2019/08/02,1799,,litecoin,ltc
1942,2019/08/03,1450,,litecoin,ltc
1943,2019/08/04,1176,,litecoin,ltc
1944,2019/08/05,2407,,litecoin,ltc
1945,2019/08/06,2333,,litecoin,ltc
1946,2019/08/07,1578,,litecoin,ltc
1947,2019/08/08,1258,,litecoin,ltc
1948,2019/08/09,1543,,litecoin,ltc
1949,2019/08/10,1403,,litecoin,ltc
1950,2019/08/11,1701,,litecoin,ltc
1951,2019/08/12,1560,,litecoin,ltc
1952,2019/08/13,1605,,litecoin,ltc
1953,2019/08/14,1398,,litecoin,ltc
1954,2019/08/15,1337,,litecoin,ltc
1955,2019/08/16,1041,,litecoin,ltc
1956,2019/08/17,1048,,litecoin,ltc
1957,2019/08/18,1124,,litecoin,ltc
1958,2019/08/19,1141,,litecoin,ltc
1959,2019/08/20,1012,,litecoin,ltc
1960,2019/08/21,1021,,litecoin,ltc
1961,2019/08/22,1152,,litecoin,ltc
1962,2019/08/23,1139,,litecoin,ltc
1963,2019/08/24,951,,litecoin,ltc
1964,2019/08/25,836,,litecoin,ltc
1965,2019/08/26,856,,litecoin,ltc
1966,2019/08/27,935,,litecoin,ltc
1967,2019/08/28,1033,,litecoin,ltc
1968,2019/08/29,1018,,litecoin,ltc
1969,2019/08/30,1038,,litecoin,ltc
1970,2019/08/31,910,,litecoin,ltc
1971,2019/09/01,867,,litecoin,ltc
1972,2019/09/02,843,,litecoin,ltc
1973,2019/09/03,1113,,litecoin,ltc
1974,2019/09/04,1009,,litecoin,ltc
1975,2019/09/05,862,,litecoin,ltc
1976,2019/09/06,881,,litecoin,ltc
1977,2019/09/07,786,,litecoin,ltc
1978,2019/09/08,830,,litecoin,ltc
1979,2019/09/09,932,,litecoin,ltc
1980,2019/09/10,982,,litecoin,ltc
1981,2019/09/11,853,,litecoin,ltc
1982,2019/09/12,884,,litecoin,ltc
1983,2019/09/13,1348,,litecoin,ltc
1984,2019/09/14,987,,litecoin,ltc
1985,2019/09/15,953,,litecoin,ltc
1986,2019/09/16,1104,,litecoin,ltc
1987,2019/09/17,1026,,litecoin,ltc
1988,2019/09/18,1050,,litecoin,ltc
1989,2019/09/19,1452,,litecoin,ltc
1990,2019/09/20,1011,,litecoin,ltc
1991,2019/09/21,970,,litecoin,ltc
1992,2019/09/22,1047,,litecoin,ltc
1993,2019/09/23,1170,,litecoin,ltc
1994,2019/09/24,1208,,litecoin,ltc
1995,2019/09/25,1083,,litecoin,ltc
1996,2019/09/26,1029,,litecoin,ltc
1997,2019/09/27,1031,,litecoin,ltc
1998,2019/09/28,1025,,litecoin,ltc
1999,2019/09/29,882,,litecoin,ltc
2000,2019/09/30,869,,litecoin,ltc
2001,2019/10/01,942,,litecoin,ltc
2002,2019/10/02,820,,litecoin,ltc
2003,2019/10/03,915,,litecoin,ltc
2004,2019/10/04,844,,litecoin,ltc
2005,2019/10/05,929,,litecoin,ltc
2006,2019/10/06,1084,,litecoin,ltc
2007,2019/10/07,1037,,litecoin,ltc
2008,2019/10/08,881,,litecoin,ltc
2009,2019/10/09,993,,litecoin,ltc
2010,2019/10/10,989,,litecoin,ltc
2011,2019/10/11,1028,,litecoin,ltc
2012,2019/10/12,923,,litecoin,ltc
2013,2019/10/13,988,,litecoin,ltc
2014,2019/10/14,1607,,litecoin,ltc
2015,2019/10/15,1869,,litecoin,ltc
2016,2019/10/16,1194,,litecoin,ltc
2017,2019/10/17,1099,,litecoin,ltc
2018,2019/10/18,951,,litecoin,ltc
2019,2019/10/19,778,,litecoin,ltc
2020,2019/10/20,729,,litecoin,ltc
2021,2019/10/21,878,,litecoin,ltc
2022,2019/10/22,1220,,litecoin,ltc
2023,2019/10/23,1033,,litecoin,ltc
2024,2019/10/24,1070,,litecoin,ltc
2025,2019/10/25,1064,,litecoin,ltc
2026,2019/10/26,1098,,litecoin,ltc
2027,2019/10/27,1088,,litecoin,ltc
2028,2019/10/28,1463,,litecoin,ltc
2029,2019/10/29,1649,,litecoin,ltc
2030,2019/10/30,1350,,litecoin,ltc
2031,2019/10/31,1638,,litecoin,ltc
2032,2019/11/01,1067,,litecoin,ltc
2033,2019/11/02,964,,litecoin,ltc
2034,2019/11/03,1266,,litecoin,ltc
2035,2019/11/04,1185,,litecoin,ltc
2036,2019/11/05,1136,,litecoin,ltc
2037,2019/11/06,1502,,litecoin,ltc
2038,2019/11/07,966,,litecoin,ltc
2039,2019/11/08,825,,litecoin,ltc
2040,2019/11/09,1126,,litecoin,ltc
2041,2019/11/10,957,,litecoin,ltc
2042,2019/11/11,1313,,litecoin,ltc
2043,2019/11/12,1620,,litecoin,ltc
2044,2019/11/13,1121,,litecoin,ltc
2045,2019/11/14,1006,,litecoin,ltc
2046,2019/11/15,845,,litecoin,ltc
2047,2019/11/16,927,,litecoin,ltc
2048,2019/11/17,922,,litecoin,ltc
2049,2019/11/18,826,,litecoin,ltc
2050,2019/11/19,1269,,litecoin,ltc
2051,2019/11/20,881,,litecoin,ltc
2052,2019/11/21,907,,litecoin,ltc
2053,2019/11/22,1083,,litecoin,ltc
2054,2019/11/23,926,,litecoin,ltc
2055,2019/11/24,961,,litecoin,ltc
2056,2019/11/25,1066,,litecoin,ltc
2057,2019/11/26,804,,litecoin,ltc
2058,2019/11/27,1156,,litecoin,ltc
2059,2019/11/28,797,,litecoin,ltc
2060,2019/11/29,726,,litecoin,ltc
2061,2019/11/30,777,,litecoin,ltc
2062,2019/12/01,735,,litecoin,ltc
2063,2019/12/02,865,,litecoin,ltc
2064,2019/12/03,1013,,litecoin,ltc
2065,2019/12/04,800,,litecoin,ltc
2066,2019/12/05,727,,litecoin,ltc
2067,2019/12/06,769,,litecoin,ltc
2068,2019/12/07,837,,litecoin,ltc
2069,2019/12/08,833,,litecoin,ltc
2070,2019/12/09,777,,litecoin,ltc
2071,2019/12/10,589,,litecoin,ltc
2072,2019/12/11,982,,litecoin,ltc
2073,2019/12/12,1194,,litecoin,ltc
2074,2019/12/13,689,,litecoin,ltc
2075,2019/12/14,649,,litecoin,ltc
2076,2019/12/15,624,,litecoin,ltc
2077,2019/12/16,812,,litecoin,ltc
2078,2019/12/17,757,,litecoin,ltc
2079,2019/12/18,885,,litecoin,ltc
2080,2019/12/19,1261,,litecoin,ltc
2081,2019/12/20,1114,,litecoin,ltc
2082,2019/12/21,838,,litecoin,ltc
2083,2019/12/22,1371,,litecoin,ltc
2084,2019/12/23,1245,,litecoin,ltc
2085,2019/12/24,1154,,litecoin,ltc
2086,2019/12/25,932,,litecoin,ltc
2087,2019/12/26,883,,litecoin,ltc
2088,2019/12/27,818,,litecoin,ltc
2089,2019/12/28,839,,litecoin,ltc
2090,2019/12/29,893,,litecoin,ltc
2091,2019/12/30,1417,,litecoin,ltc
2092,2019/12/31,1033,,litecoin,ltc
2093,2020/01/01,1023,,litecoin,ltc
2094,2020/01/02,1401,,litecoin,ltc
2095,2020/01/03,1444,,litecoin,ltc
2096,2020/01/04,1279,,litecoin,ltc
2097,2020/01/05,1227,,litecoin,ltc
2098,2020/01/06,1886,,litecoin,ltc
2099,2020/01/07,1108,,litecoin,ltc
2100,2020/01/08,1103,,litecoin,ltc
2101,2020/01/09,1078,,litecoin,ltc
2102,2020/01/10,1059,,litecoin,ltc
2103,2020/01/11,1162,,litecoin,ltc
2104,2020/01/12,1006,,litecoin,ltc
2105,2020/01/13,864,,litecoin,ltc
2106,2020/01/14,1128,,litecoin,ltc
2107,2020/01/15,893,,litecoin,ltc
2108,2020/01/16,814,,litecoin,ltc
2109,2020/01/17,839,,litecoin,ltc
2110,2020/01/18,826,,litecoin,ltc
2111,2020/01/19,896,,litecoin,ltc
2112,2020/01/20,807,,litecoin,ltc
2113,2020/01/21,823,,litecoin,ltc
2114,2020/01/22,839,,litecoin,ltc
2115,2020/01/23,959,,litecoin,ltc
2116,2020/01/24,1021,,litecoin,ltc
2117,2020/01/25,1276,,litecoin,ltc
2118,2020/01/26,1219,,litecoin,ltc
2119,2020/01/27,869,,litecoin,ltc
2120,2020/01/28,883,,litecoin,ltc
2121,2020/01/29,846,,litecoin,ltc
2122,2020/01/30,1399,,litecoin,ltc
2123,2020/01/31,1334,,litecoin,ltc
2124,2020/02/01,969,,litecoin,ltc
2125,2020/02/02,1583,,litecoin,ltc
2126,2020/02/03,879,,litecoin,ltc
2127,2020/02/04,870,,litecoin,ltc
2128,2020/02/05,831,,litecoin,ltc
2129,2020/02/06,824,,litecoin,ltc
2130,2020/02/07,726,,litecoin,ltc
2131,2020/02/08,987,,litecoin,ltc
2132,2020/02/09,732,,litecoin,ltc
2133,2020/02/10,795,,litecoin,ltc
2134,2020/02/11,876,,litecoin,ltc
2135,2020/02/12,1177,,litecoin,ltc
2136,2020/02/13,1138,,litecoin,ltc
2137,2020/02/14,941,,litecoin,ltc
2138,2020/02/15,902,,litecoin,ltc
2139,2020/02/16,1100,,litecoin,ltc
2140,2020/02/17,863,,litecoin,ltc
2141,2020/02/18,952,,litecoin,ltc
2142,2020/02/19,1131,,litecoin,ltc
2143,2020/02/20,885,,litecoin,ltc
2144,2020/02/21,916,,litecoin,ltc
2145,2020/02/22,878,,litecoin,ltc
2146,2020/02/23,707,,litecoin,ltc
2147,2020/02/24,843,,litecoin,ltc
2148,2020/02/25,1103,,litecoin,ltc
2149,2020/02/26,1058,,litecoin,ltc
2150,2020/02/27,983,,litecoin,ltc
2151,2020/02/28,946,,litecoin,ltc
2152,2020/02/29,664,,litecoin,ltc
2153,2020/03/01,653,,litecoin,ltc
2154,2020/03/02,763,,litecoin,ltc
2155,2020/03/03,1063,,litecoin,ltc
2156,2020/03/04,938,,litecoin,ltc
2157,2020/03/05,687,,litecoin,ltc
2158,2020/03/06,1138,,litecoin,ltc
2159,2020/03/07,909,,litecoin,ltc
2160,2020/03/08,670,,litecoin,ltc
2161,2020/03/09,618,,litecoin,ltc
2162,2020/03/10,573,,litecoin,ltc
2163,2020/03/11,565,,litecoin,ltc
2164,2020/03/12,571,,litecoin,ltc
2165,2020/03/13,616,,litecoin,ltc
2166,2020/03/14,472,,litecoin,ltc
2167,2020/03/15,344,,litecoin,ltc
2168,2020/03/16,475,,litecoin,ltc
2169,2020/03/17,433,,litecoin,ltc
2170,2020/03/18,391,,litecoin,ltc
2171,2020/03/19,502,,litecoin,ltc
2172,2020/03/20,483,,litecoin,ltc
2173,2020/03/21,439,,litecoin,ltc
2174,2020/03/22,447,,litecoin,ltc
2175,2020/03/23,436,,litecoin,ltc
2176,2020/03/24,509,,litecoin,ltc
2177,2020/03/25,466,,litecoin,ltc
2178,2020/03/26,391,,litecoin,ltc
2179,2020/03/27,432,,litecoin,ltc
2180,2020/03/28,523,,litecoin,ltc
2181,2020/03/29,488,,litecoin,ltc
2182,2020/03/30,468,,litecoin,ltc
2183,2020/03/31,440,,litecoin,ltc
2184,2020/04/01,407,,litecoin,ltc
2185,2020/04/02,446,,litecoin,ltc
2186,2020/04/03,510,,litecoin,ltc
2187,2020/04/04,803,,litecoin,ltc
2188,2020/04/05,986,,litecoin,ltc
2189,2020/04/06,599,,litecoin,ltc
2190,2020/04/07,620,,litecoin,ltc
2191,2020/04/08,452,,litecoin,ltc
2192,2020/04/09,555,,litecoin,ltc
2193,2020/04/10,499,,litecoin,ltc
2194,2020/04/11,477,,litecoin,ltc
2195,2020/04/12,496,,litecoin,ltc
2196,2020/04/13,487,,litecoin,ltc
2197,2020/04/14,507,,litecoin,ltc
2198,2020/04/15,498,,litecoin,ltc
2199,2020/04/16,604,,litecoin,ltc
2200,2020/04/17,766,,litecoin,ltc
2201,2020/04/18,963,,litecoin,ltc
2202,2020/04/19,405,,litecoin,ltc
2203,2020/04/20,489,,litecoin,ltc
2204,2020/04/21,561,,litecoin,ltc
2205,2020/04/22,522,,litecoin,ltc
2206,2020/04/23,559,,litecoin,ltc
2207,2020/04/24,677,,litecoin,ltc
2208,2020/04/25,648,,litecoin,ltc
2209,2020/04/26,727,,litecoin,ltc
2210,2020/04/27,822,,litecoin,ltc
2211,2020/04/28,890,,litecoin,ltc
2212,2020/04/29,877,,litecoin,ltc
2213,2020/04/30,677,,litecoin,ltc
2214,2020/05/01,527,,litecoin,ltc
2215,2020/05/02,584,,litecoin,ltc
2216,2020/05/03,684,,litecoin,ltc
2217,2020/05/04,719,,litecoin,ltc
2218,2020/05/05,634,,litecoin,ltc
2219,2020/05/06,602,,litecoin,ltc
2220,2020/05/07,662,,litecoin,ltc
2221,2020/05/08,662,,litecoin,ltc
2222,2020/05/09,611,,litecoin,ltc
2223,2020/05/10,543,,litecoin,ltc
2224,2020/05/11,694,,litecoin,ltc
2225,2020/05/12,578,,litecoin,ltc
2226,2020/05/13,727,,litecoin,ltc
2227,2020/05/14,1225,,litecoin,ltc
2228,2020/05/15,1036,,litecoin,ltc
2229,2020/05/16,568,,litecoin,ltc
2230,2020/05/17,595,,litecoin,ltc
2231,2020/05/18,748,,litecoin,ltc
2232,2020/05/19,1401,,litecoin,ltc
2233,2020/05/20,1738,,litecoin,ltc
2234,2020/05/21,557,,litecoin,ltc
2235,2020/05/22,648,,litecoin,ltc
2236,2020/05/23,695,,litecoin,ltc
2237,2020/05/24,573,,litecoin,ltc
2238,2020/05/25,518,,litecoin,ltc
2239,2020/05/26,503,,litecoin,ltc
2240,2020/05/27,872,,litecoin,ltc
2241,2020/05/28,571,,litecoin,ltc
2242,2020/05/29,637,,litecoin,ltc
2243,2020/05/30,922,,litecoin,ltc
2244,2020/05/31,780,,litecoin,ltc
2245,2020/06/01,848,,litecoin,ltc
2246,2020/06/02,893,,litecoin,ltc
2247,2020/06/03,1026,,litecoin,ltc
2248,2020/06/04,1543,,litecoin,ltc
2249,2020/06/05,619,,litecoin,ltc
2250,2020/06/06,1273,,litecoin,ltc
2251,2020/06/07,730,,litecoin,ltc
2252,2020/06/08,572,,litecoin,ltc
2253,2020/06/09,571,,litecoin,ltc
2254,2020/06/10,932,,litecoin,ltc
2255,2020/06/11,1423,,litecoin,ltc
2256,2020/06/12,553,,litecoin,ltc
2257,2020/06/13,515,,litecoin,ltc
2258,2020/06/14,786,,litecoin,ltc
2259,2020/06/15,807,,litecoin,ltc
2260,2020/06/16,792,,litecoin,ltc
2261,2020/06/17,702,,litecoin,ltc
2262,2020/06/18,455,,litecoin,ltc
2263,2020/06/19,537,,litecoin,ltc
2264,2020/06/20,650,,litecoin,ltc
2265,2020/06/21,440,,litecoin,ltc
2266,2020/06/22,505,,litecoin,ltc
2267,2020/06/23,469,,litecoin,ltc
2268,2020/06/24,441,,litecoin,ltc
2269,2020/06/25,530,,litecoin,ltc
2270,2020/06/26,465,,litecoin,ltc
2271,2020/06/27,670,,litecoin,ltc
2272,2020/06/28,540,,litecoin,ltc
2273,2020/06/29,532,,litecoin,ltc
2274,2020/06/30,768,,litecoin,ltc
2275,2020/07/01,612,,litecoin,ltc
2276,2020/07/02,612,,litecoin,ltc
2277,2020/07/03,464,,litecoin,ltc
2278,2020/07/04,540,,litecoin,ltc
2279,2020/07/05,463,,litecoin,ltc
2280,2020/07/06,651,,litecoin,ltc
2281,2020/07/07,533,,litecoin,ltc
2282,2020/07/08,970,,litecoin,ltc
2283,2020/07/09,623,,litecoin,ltc
2284,2020/07/10,559,,litecoin,ltc
2285,2020/07/11,888,,litecoin,ltc
2286,2020/07/12,441,,litecoin,ltc
2287,2020/07/13,510,,litecoin,ltc
2288,2020/07/14,369,,litecoin,ltc
2289,2020/07/15,405,,litecoin,ltc
2290,2020/07/16,385,,litecoin,ltc
2291,2020/07/17,360,,litecoin,ltc
2292,2020/07/18,null,,litecoin,ltc
2293,2020/07/19,367,,litecoin,ltc
2294,2020/07/20,444,,litecoin,ltc
2295,2020/07/21,607,,litecoin,ltc
2296,2020/07/22,592,,litecoin,ltc
2297,2020/07/23,887,,litecoin,ltc
2298,2020/07/24,752,,litecoin,ltc
2299,2020/07/25,1242,,litecoin,ltc
2300,2020/07/26,2698,,litecoin,ltc
2301,2020/07/27,2884,,litecoin,ltc
2302,2020/07/28,2803,,litecoin,ltc
2303,2020/07/29,2687,,litecoin,ltc
2304,2020/07/30,2399,,litecoin,ltc
2305,2020/07/31,2085,,litecoin,ltc
2306,2020/08/01,1264,,litecoin,ltc
2307,2020/08/02,797,,litecoin,ltc
2308,2020/08/03,638,,litecoin,ltc
2309,2020/08/04,605,,litecoin,ltc
2310,2020/08/05,1061,,litecoin,ltc
2311,2020/08/06,604,,litecoin,ltc
2312,2020/08/07,876,,litecoin,ltc
2313,2020/08/08,753,,litecoin,ltc
2314,2020/08/09,692,,litecoin,ltc
2315,2020/08/10,809,,litecoin,ltc
2316,2020/08/11,592,,litecoin,ltc
2317,2020/08/12,505,,litecoin,ltc
2318,2020/08/13,558,,litecoin,ltc
2319,2020/08/14,1018,,litecoin,ltc
2320,2020/08/15,1291,,litecoin,ltc
2321,2020/08/16,1408,,litecoin,ltc
2322,2020/08/17,1665,,litecoin,ltc
2323,2020/08/18,1253,,litecoin,ltc
2324,2020/08/19,868,,litecoin,ltc
2325,2020/08/20,1154,,litecoin,ltc
2326,2020/08/21,775,,litecoin,ltc
2327,2020/08/22,1350,,litecoin,ltc
2328,2020/08/23,719,,litecoin,ltc
2329,2020/08/24,1282,,litecoin,ltc
2330,2020/08/25,699,,litecoin,ltc
2331,2020/08/26,1185,,litecoin,ltc
2332,2020/08/27,651,,litecoin,ltc
2333,2020/08/28,551,,litecoin,ltc
2334,2020/08/29,527,,litecoin,ltc
2335,2020/08/30,1061,,litecoin,ltc
2336,2020/08/31,629,,litecoin,ltc
2337,2020/09/01,1202,,litecoin,ltc
2338,2020/09/02,897,,litecoin,ltc
2339,2020/09/03,828,,litecoin,ltc
2340,2020/09/04,1479,,litecoin,ltc
2341,2020/09/05,1900,,litecoin,ltc
2342,2020/09/06,1690,,litecoin,ltc
2343,2020/09/07,1839,,litecoin,ltc
2344,2020/09/08,1746,,litecoin,ltc
2345,2020/09/09,931,,litecoin,ltc
2346,2020/09/10,546,,litecoin,ltc
2347,2020/09/11,532,,litecoin,ltc
2348,2020/09/12,548,,litecoin,ltc
2349,2020/09/13,402,,litecoin,ltc
2350,2020/09/14,427,,litecoin,ltc
2351,2020/09/15,1072,,litecoin,ltc
2352,2020/09/16,757,,litecoin,ltc
2353,2020/09/17,615,,litecoin,ltc
2354,2020/09/18,477,,litecoin,ltc
2355,2020/09/19,456,,litecoin,ltc
2356,2020/09/20,324,,litecoin,ltc
2357,2020/09/21,870,,litecoin,ltc
2358,2020/09/22,461,,litecoin,ltc
2359,2020/09/23,426,,litecoin,ltc
2360,2020/09/24,556,,litecoin,ltc
2361,2020/09/25,665,,litecoin,ltc
2362,2020/09/26,645,,litecoin,ltc
2363,2020/09/27,486,,litecoin,ltc
2364,2020/09/28,496,,litecoin,ltc
2365,2020/09/29,390,,litecoin,ltc
2366,2020/09/30,519,,litecoin,ltc
2367,2020/10/01,864,,litecoin,ltc
2368,2020/10/02,686,,litecoin,ltc
2369,2020/10/03,495,,litecoin,ltc
2370,2020/10/04,755,,litecoin,ltc
2371,2020/10/05,674,,litecoin,ltc
2372,2020/10/06,542,,litecoin,ltc
2373,2020/10/07,490,,litecoin,ltc
2374,2020/10/08,436,,litecoin,ltc
2375,2020/10/09,451,,litecoin,ltc
2376,2020/10/10,582,,litecoin,ltc
2377,2020/10/11,535,,litecoin,ltc
2378,2020/10/12,1158,,litecoin,ltc
2379,2020/10/13,929,,litecoin,ltc
2380,2020/10/14,801,,litecoin,ltc
2381,2020/10/15,710,,litecoin,ltc
2382,2020/10/16,495,,litecoin,ltc
2383,2020/10/17,772,,litecoin,ltc
2384,2020/10/18,421,,litecoin,ltc
2385,2020/10/19,438,,litecoin,ltc
2386,2020/10/20,453,,litecoin,ltc
2387,2020/10/21,1189,,litecoin,ltc
2388,2020/10/22,774,,litecoin,ltc
2389,2020/10/23,621,,litecoin,ltc
2390,2020/10/24,948,,litecoin,ltc
2391,2020/10/25,861,,litecoin,ltc
2392,2020/10/26,496,,litecoin,ltc
2393,2020/10/27,617,,litecoin,ltc
2394,2020/10/28,707,,litecoin,ltc
2395,2020/10/29,552,,litecoin,ltc
2396,2020/10/30,390,,litecoin,ltc
2397,2020/10/31,513,,litecoin,ltc
2398,2020/11/01,805,,litecoin,ltc
2399,2020/11/02,1902,,litecoin,ltc
2400,2020/11/03,857,,litecoin,ltc
2401,2020/11/04,638,,litecoin,ltc
2402,2020/11/05,1007,,litecoin,ltc
2403,2020/11/06,980,,litecoin,ltc
2404,2020/11/07,1299,,litecoin,ltc
2405,2020/11/08,578,,litecoin,ltc
2406,2020/11/09,738,,litecoin,ltc
2407,2020/11/10,771,,litecoin,ltc
2408,2020/11/11,678,,litecoin,ltc
2409,2020/11/12,529,,litecoin,ltc
2410,2020/11/13,1280,,litecoin,ltc
2411,2020/11/14,667,,litecoin,ltc
2412,2020/11/15,1744,,litecoin,ltc
2413,2020/11/16,2341,,litecoin,ltc
2414,2020/11/17,2708,,litecoin,ltc
2415,2020/11/18,2363,,litecoin,ltc
2416,2020/11/19,1752,,litecoin,ltc
2417,2020/11/20,2345,,litecoin,ltc
2418,2020/11/21,978,,litecoin,ltc
2419,2020/11/22,624,,litecoin,ltc
2420,2020/11/23,645,,litecoin,ltc
2421,2020/11/24,960,,litecoin,ltc
2422,2020/11/25,599,,litecoin,ltc
2423,2020/11/26,611,,litecoin,ltc
2424,2020/11/27,737,,litecoin,ltc
2425,2020/11/28,835,,litecoin,ltc
2426,2020/11/29,679,,litecoin,ltc
2427,2020/11/30,732,,litecoin,ltc
2428,2020/12/01,674,,litecoin,ltc
2429,2020/12/02,667,,litecoin,ltc
2430,2020/12/03,850,,litecoin,ltc
2431,2020/12/04,646,,litecoin,ltc
2432,2020/12/05,547,,litecoin,ltc
2433,2020/12/06,445,,litecoin,ltc
2434,2020/12/07,662,,litecoin,ltc
2435,2020/12/08,634,,litecoin,ltc
2436,2020/12/09,635,,litecoin,ltc
2437,2020/12/10,596,,litecoin,ltc
2438,2020/12/11,553,,litecoin,ltc
2439,2020/12/12,2493,,litecoin,ltc
2440,2020/12/13,1320,,litecoin,ltc
2441,2020/12/14,2020,,litecoin,ltc
2442,2020/12/15,966,,litecoin,ltc
2443,2020/12/16,778,,litecoin,ltc
2444,2020/12/17,1177,,litecoin,ltc
2445,2020/12/18,1172,,litecoin,ltc
2446,2020/12/19,1484,,litecoin,ltc
2447,2020/12/20,931,,litecoin,ltc
2448,2020/12/21,708,,litecoin,ltc
2449,2020/12/22,757,,litecoin,ltc
2450,2020/12/23,741,,litecoin,ltc
2451,2020/12/24,572,,litecoin,ltc
2452,2020/12/25,870,,litecoin,ltc
2453,2020/12/26,1141,,litecoin,ltc
2454,2020/12/27,1105,,litecoin,ltc
2455,2020/12/28,798,,litecoin,ltc
2456,2020/12/29,1278,,litecoin,ltc
2457,2020/12/30,696,,litecoin,ltc
2458,2020/12/31,552,,litecoin,ltc
2459,2021/01/01,536,,litecoin,ltc
2460,2021/01/02,1287,,litecoin,ltc
2461,2021/01/03,1754,,litecoin,ltc
2462,2021/01/04,1290,,litecoin,ltc
2463,2021/01/05,1004,,litecoin,ltc
2464,2021/01/06,1317,,litecoin,ltc
2465,2021/01/07,1977,,litecoin,ltc
2466,2021/01/08,2031,,litecoin,ltc
2467,2021/01/09,1246,,litecoin,ltc
2468,2021/01/10,1037,,litecoin,ltc
2469,2021/01/11,964,,litecoin,ltc
2470,2021/01/12,1006,,litecoin,ltc
2471,2021/01/13,1455,,litecoin,ltc
2472,2021/01/14,982,,litecoin,ltc
2473,2021/01/15,820,,litecoin,ltc
2474,2021/01/16,760,,litecoin,ltc
2475,2021/01/17,788,,litecoin,ltc
2476,2021/01/18,924,,litecoin,ltc
2477,2021/01/19,1027,,litecoin,ltc
2478,2021/01/20,678,,litecoin,ltc
2479,2021/01/21,936,,litecoin,ltc
2480,2021/01/22,737,,litecoin,ltc
2481,2021/01/23,1375,,litecoin,ltc
2482,2021/01/24,1745,,litecoin,ltc
2483,2021/01/25,808,,litecoin,ltc
2484,2021/01/26,623,,litecoin,ltc
2485,2021/01/27,837,,litecoin,ltc
2486,2021/01/28,1326,,litecoin,ltc
2487,2021/01/29,1225,,litecoin,ltc
2488,2021/01/30,1079,,litecoin,ltc
2489,2021/01/31,973,,litecoin,ltc
2490,2021/02/01,1159,,litecoin,ltc
2491,2021/02/02,1325,,litecoin,ltc
2492,2021/02/03,1482,,litecoin,ltc
2493,2021/02/04,994,,litecoin,ltc
2494,2021/02/05,1555,,litecoin,ltc
2495,2021/02/06,1504,,litecoin,ltc
2496,2021/02/07,1416,,litecoin,ltc
2497,2021/02/08,2543,,litecoin,ltc
2498,2021/02/09,1951,,litecoin,ltc
2499,2021/02/10,2160,,litecoin,ltc
2500,2021/02/11,1905,,litecoin,ltc
2501,2021/02/12,2040,,litecoin,ltc
2502,2021/02/13,5847,,litecoin,ltc
2503,2021/02/14,2710,,litecoin,ltc
2504,2021/02/15,2036,,litecoin,ltc
2505,2021/02/16,1340,,litecoin,ltc
2506,2021/02/17,1896,,litecoin,ltc
2507,2021/02/18,1664,,litecoin,ltc
2508,2021/02/19,1696,,litecoin,ltc
2509,2021/02/20,1781,,litecoin,ltc
2510,2021/02/21,1419,,litecoin,ltc
2511,2021/02/22,1216,,litecoin,ltc
2512,2021/02/23,1736,,litecoin,ltc
2513,2021/02/24,5779,,litecoin,ltc
2514,2021/02/25,4473,,litecoin,ltc
2515,2021/02/26,2014,,litecoin,ltc
2516,2021/02/27,1841,,litecoin,ltc
2517,2021/02/28,1508,,litecoin,ltc
2518,2021/03/01,1499,,litecoin,ltc
2519,2021/03/02,1890,,litecoin,ltc
2520,2021/03/03,2270,,litecoin,ltc
2521,2021/03/04,1269,,litecoin,ltc
2522,2021/03/05,1499,,litecoin,ltc
2523,2021/03/06,1232,,litecoin,ltc
2524,2021/03/07,1330,,litecoin,ltc
2525,2021/03/08,1124,,litecoin,ltc
2526,2021/03/09,1875,,litecoin,ltc
2527,2021/03/10,1471,,litecoin,ltc
2528,2021/03/11,1537,,litecoin,ltc
2529,2021/03/12,2625,,litecoin,ltc
2530,2021/03/13,1866,,litecoin,ltc
2531,2021/03/14,1748,,litecoin,ltc
2532,2021/03/15,1723,,litecoin,ltc
2533,2021/03/16,1704,,litecoin,ltc
2534,2021/03/17,1559,,litecoin,ltc
2535,2021/03/18,2449,,litecoin,ltc
2536,2021/03/19,1794,,litecoin,ltc
2537,2021/03/20,1497,,litecoin,ltc
2538,2021/03/21,1377,,litecoin,ltc
2539,2021/03/22,1864,,litecoin,ltc
2540,2021/03/23,1350,,litecoin,ltc
2541,2021/03/24,1888,,litecoin,ltc
2542,2021/03/25,1863,,litecoin,ltc
2543,2021/03/26,2257,,litecoin,ltc
2544,2021/03/27,2176,,litecoin,ltc
2545,2021/03/28,3465,,litecoin,ltc
2546,2021/03/29,1942,,litecoin,ltc
2547,2021/03/30,2306,,litecoin,ltc
2548,2021/03/31,1313,,litecoin,ltc
2549,2021/04/01,622,,litecoin,ltc
2550,2021/04/02,408,,litecoin,ltc
2551,2021/04/03,1336,,litecoin,ltc
2552,2021/04/04,852,,litecoin,ltc
2553,2021/04/05,1389,,litecoin,ltc
2554,2021/04/06,815,,litecoin,ltc
2555,2021/04/07,2057,,litecoin,ltc
2556,2021/04/08,1384,,litecoin,ltc
2557,2021/04/09,967,,litecoin,ltc
2558,2021/04/10,2587,,litecoin,ltc
2559,2021/04/11,2125,,litecoin,ltc
2560,2021/04/12,1288,,litecoin,ltc
2561,2021/04/13,1751,,litecoin,ltc
2562,2021/04/14,2515,,litecoin,ltc
2563,2021/04/15,2832,,litecoin,ltc
2564,2021/04/16,3786,,litecoin,ltc
2565,2021/04/17,2689,,litecoin,ltc
2566,2021/04/18,1350,,litecoin,ltc
2567,2021/04/19,1082,,litecoin,ltc
2568,2021/04/20,1625,,litecoin,ltc
2569,2021/04/21,1462,,litecoin,ltc
2570,2021/04/22,1281,,litecoin,ltc
2571,2021/04/23,1296,,litecoin,ltc
2572,2021/04/24,1513,,litecoin,ltc
2573,2021/04/25,1276,,litecoin,ltc
2574,2021/04/26,1283,,litecoin,ltc
2575,2021/04/27,1076,,litecoin,ltc
2576,2021/04/28,1212,,litecoin,ltc
2577,2021/04/29,1701,,litecoin,ltc
2578,2021/04/30,1452,,litecoin,ltc
2579,2021/05/01,1097,,litecoin,ltc
2580,2021/05/02,813,,litecoin,ltc
2581,2021/05/03,1813,,litecoin,ltc
2582,2021/05/04,2553,,litecoin,ltc
2583,2021/05/05,3963,,litecoin,ltc
2584,2021/05/06,2410,,litecoin,ltc
2585,2021/05/07,2205,,litecoin,ltc
2586,2021/05/08,1293,,litecoin,ltc
2587,2021/05/09,2260,,litecoin,ltc
2588,2021/05/10,3804,,litecoin,ltc
2589,2021/05/11,1626,,litecoin,ltc
2590,2021/05/12,1584,,litecoin,ltc
2591,2021/05/13,1998,,litecoin,ltc
2592,2021/05/14,1697,,litecoin,ltc
2593,2021/05/15,1288,,litecoin,ltc
2594,2021/05/16,1517,,litecoin,ltc
2595,2021/05/17,1533,,litecoin,ltc
2596,2021/05/18,2419,,litecoin,ltc
2597,2021/05/19,1913,,litecoin,ltc
2598,2021/05/20,1863,,litecoin,ltc
2599,2021/05/21,1518,,litecoin,ltc
2600,2021/05/22,1427,,litecoin,ltc
2601,2021/05/23,1376,,litecoin,ltc
2602,2021/05/24,912,,litecoin,ltc
2603,2021/05/25,1179,,litecoin,ltc
2604,2021/05/26,1582,,litecoin,ltc
2605,2021/05/27,1753,,litecoin,ltc
2606,2021/05/28,1156,,litecoin,ltc
2607,2021/05/29,847,,litecoin,ltc
2608,2021/05/30,1422,,litecoin,ltc
2609,2021/05/31,1033,,litecoin,ltc
2610,2021/06/01,1193,,litecoin,ltc
2611,2021/06/02,1195,,litecoin,ltc
2612,2021/06/03,797,,litecoin,ltc
2613,2021/06/04,919,,litecoin,ltc
2614,2021/06/05,924,,litecoin,ltc
2615,2021/06/06,745,,litecoin,ltc
2616,2021/06/07,797,,litecoin,ltc
2617,2021/06/08,718,,litecoin,ltc
2618,2021/06/09,960,,litecoin,ltc
2619,2021/06/10,771,,litecoin,ltc
2620,2021/06/11,724,,litecoin,ltc
2621,2021/06/12,755,,litecoin,ltc
2622,2021/06/13,694,,litecoin,ltc
2623,2021/06/14,789,,litecoin,ltc
2624,2021/06/15,752,,litecoin,ltc
2625,2021/06/16,826,,litecoin,ltc
2626,2021/06/17,1165,,litecoin,ltc
2627,2021/06/18,834,,litecoin,ltc
2628,2021/06/19,790,,litecoin,ltc
2629,2021/06/20,822,,litecoin,ltc
2630,2021/06/21,991,,litecoin,ltc
2631,2021/06/22,1216,,litecoin,ltc
2632,2021/06/23,857,,litecoin,ltc
2633,2021/06/24,978,,litecoin,ltc
2634,2021/06/25,1034,,litecoin,ltc
2635,2021/06/26,1213,,litecoin,ltc
2636,2021/06/27,823,,litecoin,ltc
2637,2021/06/28,638,,litecoin,ltc
2638,2021/06/29,1075,,litecoin,ltc
2639,2021/06/30,680,,litecoin,ltc
2640,2021/07/01,682,,litecoin,ltc
2641,2021/07/02,764,,litecoin,ltc
2642,2021/07/03,922,,litecoin,ltc
2643,2021/07/04,774,,litecoin,ltc
2644,2021/07/05,663,,litecoin,ltc
2645,2021/07/06,773,,litecoin,ltc
2646,2021/07/07,924,,litecoin,ltc
2647,2021/07/08,900,,litecoin,ltc
2648,2021/07/09,796,,litecoin,ltc
2649,2021/07/10,662,,litecoin,ltc
2650,2021/07/11,762,,litecoin,ltc
2651,2021/07/12,714,,litecoin,ltc
2652,2021/07/13,723,,litecoin,ltc
2653,2021/07/14,668,,litecoin,ltc
2654,2021/07/15,696,,litecoin,ltc
2655,2021/07/16,700,,litecoin,ltc
2656,2021/07/17,1285,,litecoin,ltc
2657,2021/07/18,941,,litecoin,ltc
2658,2021/07/19,567,,litecoin,ltc
2659,2021/07/20,721,,litecoin,ltc
2660,2021/07/21,742,,litecoin,ltc
2661,2021/07/22,1012,,litecoin,ltc
2662,2021/07/23,979,,litecoin,ltc
2663,2021/07/24,1043,,litecoin,ltc
2664,2021/07/25,857,,litecoin,ltc
2665,2021/07/26,3327,,litecoin,ltc
2666,2021/07/27,676,,litecoin,ltc
2667,2021/07/28,1084,,litecoin,ltc
2668,2021/07/29,942,,litecoin,ltc
2669,2021/07/30,901,,litecoin,ltc
2670,2021/07/31,824,,litecoin,ltc
2671,2021/08/01,781,,litecoin,ltc
2672,2021/08/02,823,,litecoin,ltc
2673,2021/08/03,662,,litecoin,ltc
2674,2021/08/04,683,,litecoin,ltc
2675,2021/08/05,588,,litecoin,ltc
2676,2021/08/06,793,,litecoin,ltc
2677,2021/08/07,1068,,litecoin,ltc
2678,2021/08/08,1019,,litecoin,ltc
2679,2021/08/09,2910,,litecoin,ltc
2680,2021/08/10,1231,,litecoin,ltc
2681,2021/08/11,1306,,litecoin,ltc
2682,2021/08/12,984,,litecoin,ltc
2683,2021/08/13,1016,,litecoin,ltc
2684,2021/08/14,778,,litecoin,ltc
2685,2021/08/15,717,,litecoin,ltc
2686,2021/08/16,1152,,litecoin,ltc
2687,2021/08/17,1047,,litecoin,ltc
2688,2021/08/18,801,,litecoin,ltc
2689,2021/08/19,873,,litecoin,ltc
2690,2021/08/20,910,,litecoin,ltc
2691,2021/08/21,1061,,litecoin,ltc
2692,2021/08/22,1220,,litecoin,ltc
2693,2021/08/23,1295,,litecoin,ltc
2694,2021/08/24,813,,litecoin,ltc
2695,2021/08/25,927,,litecoin,ltc
2696,2021/08/26,686,,litecoin,ltc
2697,2021/08/27,1115,,litecoin,ltc
2698,2021/08/28,796,,litecoin,ltc
2699,2021/08/29,955,,litecoin,ltc
2700,2021/08/30,751,,litecoin,ltc
2701,2021/08/31,763,,litecoin,ltc
2702,2021/09/01,1144,,litecoin,ltc
2703,2021/09/02,1414,,litecoin,ltc
2704,2021/09/03,2717,,litecoin,ltc
2705,2021/09/04,2430,,litecoin,ltc
2706,2021/09/05,1879,,litecoin,ltc
2707,2021/09/06,1528,,litecoin,ltc
2708,2021/09/07,1721,,litecoin,ltc
2709,2021/09/08,1473,,litecoin,ltc
2710,2021/09/09,1357,,litecoin,ltc
2711,2021/09/10,1256,,litecoin,ltc
2712,2021/09/11,1617,,litecoin,ltc
2713,2021/09/12,1602,,litecoin,ltc
2714,2021/09/13,10533,,litecoin,ltc
2715,2021/09/14,3164,,litecoin,ltc
2716,2021/09/15,1555,,litecoin,ltc
2717,2021/09/16,2727,,litecoin,ltc
2718,2021/09/17,2348,,litecoin,ltc
2719,2021/09/18,1363,,litecoin,ltc
2720,2021/09/19,1691,,litecoin,ltc
2721,2021/09/20,1448,,litecoin,ltc
2722,2021/09/21,891,,litecoin,ltc
2723,2021/09/22,1194,,litecoin,ltc
2724,2021/09/23,1151,,litecoin,ltc
2725,2021/09/24,1370,,litecoin,ltc
2726,2021/09/25,1007,,litecoin,ltc
2727,2021/09/26,997,,litecoin,ltc
2728,2021/09/27,1109,,litecoin,ltc
2729,2021/09/28,1074,,litecoin,ltc
2730,2021/09/29,1774,,litecoin,ltc
2731,2021/09/30,1297,,litecoin,ltc
2732,2021/10/01,1892,,litecoin,ltc
2733,2021/10/02,1555,,litecoin,ltc
2734,2021/10/03,1282,,litecoin,ltc
2735,2021/10/04,1041,,litecoin,ltc
2736,2021/10/05,1391,,litecoin,ltc
2737,2021/10/06,1765,,litecoin,ltc
2738,2021/10/07,2145,,litecoin,ltc
2739,2021/10/08,1576,,litecoin,ltc
2740,2021/10/09,1356,,litecoin,ltc
2741,2021/10/10,1600,,litecoin,ltc
2742,2021/10/11,1588,,litecoin,ltc
2743,2021/10/12,1544,,litecoin,ltc
2744,2021/10/13,5224,,litecoin,ltc
2745,2021/10/14,2470,,litecoin,ltc
2746,2021/10/15,2017,,litecoin,ltc
2747,2021/10/16,1538,,litecoin,ltc
2748,2021/10/17,1670,,litecoin,ltc
2749,2021/10/18,1627,,litecoin,ltc
2750,2021/10/19,1606,,litecoin,ltc
2751,2021/10/20,3323,,litecoin,ltc
2752,2021/10/21,2080,,litecoin,ltc
2753,2021/10/22,1478,,litecoin,ltc
2754,2021/10/23,1429,,litecoin,ltc
2755,2021/10/24,2006,,litecoin,ltc
2756,2021/10/25,1862,,litecoin,ltc
2757,2021/10/26,1359,,litecoin,ltc
2758,2021/10/27,1714,,litecoin,ltc
2759,2021/10/28,1872,,litecoin,ltc
2760,2021/10/29,1452,,litecoin,ltc
2761,2021/10/30,2786,,litecoin,ltc
2762,2021/10/31,1822,,litecoin,ltc
2763,2021/11/01,1627,,litecoin,ltc
2764,2021/11/02,1646,,litecoin,ltc
2765,2021/11/03,1715,,litecoin,ltc
2766,2021/11/04,1661,,litecoin,ltc
2767,2021/11/05,1239,,litecoin,ltc
2768,2021/11/06,1206,,litecoin,ltc
2769,2021/11/07,2753,,litecoin,ltc
2770,2021/11/08,4612,,litecoin,ltc
2771,2021/11/09,13107,,litecoin,ltc
2772,2021/11/10,8042,,litecoin,ltc
2773,2021/11/11,2324,,litecoin,ltc
2774,2021/11/12,2730,,litecoin,ltc
2775,2021/11/13,2025,,litecoin,ltc
2776,2021/11/14,3272,,litecoin,ltc
2777,2021/11/15,3479,,litecoin,ltc
2778,2021/11/16,1524,,litecoin,ltc
