,google_trends,date,tweets,full_name,coin
0,,2021/06/09,1,mask network,mask
1,,2021/06/10,null,mask network,mask
2,,2021/06/11,5,mask network,mask
3,,2021/06/12,null,mask network,mask
4,,2021/06/13,null,mask network,mask
5,,2021/06/14,3,mask network,mask
6,,2021/06/15,null,mask network,mask
7,,2021/06/16,null,mask network,mask
8,,2021/06/17,null,mask network,mask
9,,2021/06/18,null,mask network,mask
10,,2021/06/19,null,mask network,mask
11,,2021/06/20,1,mask network,mask
12,,2021/06/21,null,mask network,mask
13,,2021/06/22,1,mask network,mask
14,,2021/06/23,3,mask network,mask
15,,2021/06/24,null,mask network,mask
16,,2021/06/25,null,mask network,mask
17,,2021/06/26,null,mask network,mask
18,,2021/06/27,null,mask network,mask
19,,2021/06/28,null,mask network,mask
20,,2021/06/29,null,mask network,mask
21,,2021/06/30,null,mask network,mask
22,,2021/07/01,null,mask network,mask
23,,2021/07/02,1,mask network,mask
24,,2021/07/03,null,mask network,mask
25,,2021/07/04,null,mask network,mask
26,,2021/07/05,null,mask network,mask
27,,2021/07/06,null,mask network,mask
28,,2021/07/07,null,mask network,mask
29,,2021/07/08,null,mask network,mask
30,,2021/07/09,null,mask network,mask
31,,2021/07/10,null,mask network,mask
32,,2021/07/11,null,mask network,mask
33,,2021/07/12,null,mask network,mask
34,,2021/07/13,2,mask network,mask
35,,2021/07/14,5,mask network,mask
36,,2021/07/15,null,mask network,mask
37,,2021/07/16,null,mask network,mask
38,,2021/07/17,1,mask network,mask
39,,2021/07/18,1,mask network,mask
40,,2021/07/19,1,mask network,mask
41,,2021/07/20,null,mask network,mask
42,,2021/07/21,3,mask network,mask
43,,2021/07/22,1,mask network,mask
44,,2021/07/23,1,mask network,mask
45,,2021/07/24,2,mask network,mask
46,,2021/07/25,1,mask network,mask
47,,2021/07/26,null,mask network,mask
48,,2021/07/27,1,mask network,mask
49,,2021/07/28,null,mask network,mask
50,,2021/07/29,null,mask network,mask
51,,2021/07/30,3,mask network,mask
52,,2021/07/31,90,mask network,mask
53,,2021/08/01,94,mask network,mask
54,,2021/08/02,null,mask network,mask
55,,2021/08/03,20,mask network,mask
56,,2021/08/04,6,mask network,mask
57,,2021/08/05,1,mask network,mask
58,,2021/08/06,null,mask network,mask
59,,2021/08/07,6,mask network,mask
60,,2021/08/08,5,mask network,mask
61,,2021/08/09,null,mask network,mask
62,,2021/08/10,1,mask network,mask
63,,2021/08/11,2,mask network,mask
64,,2021/08/12,2,mask network,mask
65,,2021/08/13,null,mask network,mask
66,,2021/08/14,null,mask network,mask
67,,2021/08/15,null,mask network,mask
68,,2021/08/16,2,mask network,mask
69,,2021/08/17,null,mask network,mask
70,,2021/08/18,null,mask network,mask
71,,2021/08/19,3,mask network,mask
72,,2021/08/20,null,mask network,mask
73,,2021/08/21,1,mask network,mask
74,,2021/08/22,null,mask network,mask
75,,2021/08/23,2,mask network,mask
76,,2021/08/24,4,mask network,mask
77,,2021/08/25,9,mask network,mask
78,,2021/08/26,5,mask network,mask
79,,2021/08/27,2,mask network,mask
80,,2021/08/28,null,mask network,mask
81,,2021/08/29,null,mask network,mask
82,,2021/08/30,6,mask network,mask
83,,2021/08/31,4,mask network,mask
84,,2021/09/01,6,mask network,mask
85,,2021/09/02,7,mask network,mask
86,,2021/09/03,null,mask network,mask
87,,2021/09/04,1,mask network,mask
88,,2021/09/05,1,mask network,mask
89,,2021/09/06,null,mask network,mask
90,,2021/09/07,null,mask network,mask
91,,2021/09/08,2,mask network,mask
92,,2021/09/09,1,mask network,mask
93,,2021/09/10,2,mask network,mask
94,,2021/09/11,1,mask network,mask
95,,2021/09/12,5,mask network,mask
96,,2021/09/13,2,mask network,mask
97,,2021/09/14,2,mask network,mask
98,,2021/09/15,7,mask network,mask
99,,2021/09/16,1,mask network,mask
100,,2021/09/17,1,mask network,mask
101,,2021/09/18,7,mask network,mask
102,,2021/09/19,null,mask network,mask
103,,2021/09/20,null,mask network,mask
104,,2021/09/21,1,mask network,mask
105,,2021/09/22,1,mask network,mask
106,,2021/09/23,null,mask network,mask
107,,2021/09/24,2,mask network,mask
108,,2021/09/25,1,mask network,mask
109,,2021/09/26,null,mask network,mask
110,,2021/09/27,null,mask network,mask
111,,2021/09/28,9,mask network,mask
112,,2021/09/29,1,mask network,mask
113,,2021/09/30,null,mask network,mask
114,,2021/10/01,null,mask network,mask
115,,2021/10/02,8,mask network,mask
116,,2021/10/03,2,mask network,mask
117,,2021/10/04,1,mask network,mask
118,,2021/10/05,7,mask network,mask
119,,2021/10/06,null,mask network,mask
120,,2021/10/07,null,mask network,mask
121,,2021/10/08,3,mask network,mask
122,,2021/10/09,null,mask network,mask
123,,2021/10/10,null,mask network,mask
124,,2021/10/11,null,mask network,mask
125,,2021/10/12,null,mask network,mask
126,,2021/10/13,null,mask network,mask
127,,2021/10/14,1,mask network,mask
128,,2021/10/15,null,mask network,mask
129,,2021/10/16,null,mask network,mask
130,,2021/10/17,null,mask network,mask
131,,2021/10/18,null,mask network,mask
132,,2021/10/19,null,mask network,mask
133,,2021/10/20,47,mask network,mask
134,,2021/10/21,14,mask network,mask
135,,2021/10/22,8,mask network,mask
136,,2021/10/23,null,mask network,mask
137,,2021/10/24,3,mask network,mask
138,,2021/10/25,17,mask network,mask
139,,2021/10/26,3,mask network,mask
140,,2021/10/27,23,mask network,mask
141,,2021/10/28,7,mask network,mask
142,,2021/10/29,null,mask network,mask
143,,2021/10/30,4,mask network,mask
144,,2021/10/31,5,mask network,mask
145,,2021/11/01,2,mask network,mask
146,,2021/11/02,8,mask network,mask
147,,2021/11/03,2,mask network,mask
148,,2021/11/04,2,mask network,mask
149,,2021/11/05,2,mask network,mask
150,,2021/11/06,33,mask network,mask
151,,2021/11/07,4,mask network,mask
152,,2021/11/08,1,mask network,mask
153,,2021/11/09,1,mask network,mask
154,,2021/11/10,5,mask network,mask
155,,2021/11/11,14,mask network,mask
156,,2021/11/12,4,mask network,mask
157,,2021/11/13,null,mask network,mask
158,,2021/11/14,3,mask network,mask
159,,2021/11/15,1,mask network,mask
160,,2021/11/16,1,mask network,mask
