,google_trends,date,tweets,full_name,coin
0,,2018/12/18,1,medicalchain,mtn
1,,2018/12/19,1,medicalchain,mtn
2,,2018/12/20,null,medicalchain,mtn
3,,2018/12/21,null,medicalchain,mtn
4,,2018/12/22,1,medicalchain,mtn
5,,2018/12/23,null,medicalchain,mtn
6,,2018/12/24,1,medicalchain,mtn
7,,2018/12/25,2,medicalchain,mtn
8,,2018/12/26,null,medicalchain,mtn
9,,2018/12/27,1,medicalchain,mtn
10,,2018/12/28,null,medicalchain,mtn
11,,2018/12/29,null,medicalchain,mtn
12,,2018/12/30,null,medicalchain,mtn
13,,2018/12/31,null,medicalchain,mtn
14,,2019/01/01,1,medicalchain,mtn
15,,2019/01/02,null,medicalchain,mtn
16,,2019/01/03,3,medicalchain,mtn
17,,2019/01/04,2,medicalchain,mtn
18,,2019/01/05,null,medicalchain,mtn
19,,2019/01/06,1,medicalchain,mtn
20,,2019/01/07,null,medicalchain,mtn
21,,2019/01/08,null,medicalchain,mtn
22,,2019/01/09,null,medicalchain,mtn
23,,2019/01/10,null,medicalchain,mtn
24,,2019/01/11,null,medicalchain,mtn
25,,2019/01/12,null,medicalchain,mtn
26,,2019/01/13,null,medicalchain,mtn
27,,2019/01/14,1,medicalchain,mtn
28,,2019/01/15,null,medicalchain,mtn
29,,2019/01/16,1,medicalchain,mtn
30,,2019/01/17,2,medicalchain,mtn
31,,2019/01/18,2,medicalchain,mtn
32,,2019/01/19,5,medicalchain,mtn
33,,2019/01/20,1,medicalchain,mtn
34,,2019/01/21,null,medicalchain,mtn
35,,2019/01/22,null,medicalchain,mtn
36,,2019/01/23,null,medicalchain,mtn
37,,2019/01/24,null,medicalchain,mtn
38,,2019/01/25,null,medicalchain,mtn
39,,2019/01/26,null,medicalchain,mtn
40,,2019/01/27,1,medicalchain,mtn
41,,2019/01/28,null,medicalchain,mtn
42,,2019/01/29,1,medicalchain,mtn
43,,2019/01/30,1,medicalchain,mtn
44,,2019/01/31,null,medicalchain,mtn
45,,2019/02/01,1,medicalchain,mtn
46,,2019/02/02,2,medicalchain,mtn
47,,2019/02/03,null,medicalchain,mtn
48,,2019/02/04,1,medicalchain,mtn
49,,2019/02/05,3,medicalchain,mtn
50,,2019/02/06,2,medicalchain,mtn
51,,2019/02/07,null,medicalchain,mtn
52,,2019/02/08,null,medicalchain,mtn
53,,2019/02/09,1,medicalchain,mtn
54,,2019/02/10,null,medicalchain,mtn
55,,2019/02/11,null,medicalchain,mtn
56,,2019/02/12,1,medicalchain,mtn
57,,2019/02/13,2,medicalchain,mtn
58,,2019/02/14,null,medicalchain,mtn
59,,2019/02/15,null,medicalchain,mtn
60,,2019/02/16,null,medicalchain,mtn
61,,2019/02/17,null,medicalchain,mtn
62,,2019/02/18,1,medicalchain,mtn
63,,2019/02/19,1,medicalchain,mtn
64,,2019/02/20,null,medicalchain,mtn
65,,2019/02/21,null,medicalchain,mtn
66,,2019/02/22,null,medicalchain,mtn
67,,2019/02/23,null,medicalchain,mtn
68,,2019/02/24,null,medicalchain,mtn
69,,2019/02/25,null,medicalchain,mtn
70,,2019/02/26,null,medicalchain,mtn
71,,2019/02/27,2,medicalchain,mtn
72,,2019/02/28,1,medicalchain,mtn
73,,2019/03/01,2,medicalchain,mtn
74,,2019/03/02,19,medicalchain,mtn
75,,2019/03/03,6,medicalchain,mtn
76,,2019/03/04,1,medicalchain,mtn
77,,2019/03/05,1,medicalchain,mtn
78,,2019/03/06,1,medicalchain,mtn
79,,2019/03/07,4,medicalchain,mtn
80,,2019/03/08,3,medicalchain,mtn
81,,2019/03/09,1,medicalchain,mtn
82,,2019/03/10,6,medicalchain,mtn
83,,2019/03/11,2,medicalchain,mtn
84,,2019/03/12,8,medicalchain,mtn
85,,2019/03/13,5,medicalchain,mtn
86,,2019/03/14,6,medicalchain,mtn
87,,2019/03/15,7,medicalchain,mtn
88,,2019/03/16,10,medicalchain,mtn
89,,2019/03/17,5,medicalchain,mtn
90,,2019/03/18,3,medicalchain,mtn
91,,2019/03/19,1,medicalchain,mtn
92,,2019/03/20,1,medicalchain,mtn
93,,2019/03/21,1,medicalchain,mtn
94,,2019/03/22,null,medicalchain,mtn
95,,2019/03/23,2,medicalchain,mtn
96,,2019/03/24,null,medicalchain,mtn
97,,2019/03/25,null,medicalchain,mtn
98,,2019/03/26,3,medicalchain,mtn
99,,2019/03/27,1,medicalchain,mtn
100,,2019/03/28,4,medicalchain,mtn
101,,2019/03/29,5,medicalchain,mtn
102,,2019/03/30,7,medicalchain,mtn
103,,2019/03/31,1,medicalchain,mtn
104,,2019/04/01,8,medicalchain,mtn
105,,2019/04/02,6,medicalchain,mtn
106,,2019/04/03,null,medicalchain,mtn
107,,2019/04/04,null,medicalchain,mtn
108,,2019/04/05,null,medicalchain,mtn
109,,2019/04/06,null,medicalchain,mtn
110,,2019/04/07,2,medicalchain,mtn
111,,2019/04/08,2,medicalchain,mtn
112,,2019/04/09,4,medicalchain,mtn
113,,2019/04/10,1,medicalchain,mtn
114,,2019/04/11,5,medicalchain,mtn
115,,2019/04/12,1,medicalchain,mtn
116,,2019/04/13,2,medicalchain,mtn
117,,2019/04/14,1,medicalchain,mtn
118,,2019/04/15,3,medicalchain,mtn
119,,2019/04/16,null,medicalchain,mtn
120,,2019/04/17,1,medicalchain,mtn
121,,2019/04/18,null,medicalchain,mtn
122,,2019/04/19,null,medicalchain,mtn
123,,2019/04/20,1,medicalchain,mtn
124,,2019/04/21,1,medicalchain,mtn
125,,2019/04/22,null,medicalchain,mtn
126,,2019/04/23,null,medicalchain,mtn
127,,2019/04/24,null,medicalchain,mtn
128,,2019/04/25,null,medicalchain,mtn
129,,2019/04/26,null,medicalchain,mtn
130,,2019/04/27,1,medicalchain,mtn
131,,2019/04/28,3,medicalchain,mtn
132,,2019/04/29,1,medicalchain,mtn
133,,2019/04/30,2,medicalchain,mtn
134,,2019/05/01,null,medicalchain,mtn
135,,2019/05/02,null,medicalchain,mtn
136,,2019/05/03,null,medicalchain,mtn
137,,2019/05/04,null,medicalchain,mtn
138,,2019/05/05,null,medicalchain,mtn
139,,2019/05/06,1,medicalchain,mtn
140,,2019/05/07,null,medicalchain,mtn
141,,2019/05/08,null,medicalchain,mtn
142,,2019/05/09,null,medicalchain,mtn
143,,2019/05/10,1,medicalchain,mtn
144,,2019/05/11,null,medicalchain,mtn
145,,2019/05/12,null,medicalchain,mtn
146,,2019/05/13,1,medicalchain,mtn
147,,2019/05/14,1,medicalchain,mtn
148,,2019/05/15,null,medicalchain,mtn
149,,2019/05/16,4,medicalchain,mtn
150,,2019/05/17,null,medicalchain,mtn
151,,2019/05/18,null,medicalchain,mtn
152,,2019/05/19,null,medicalchain,mtn
153,,2019/05/20,1,medicalchain,mtn
154,,2019/05/21,null,medicalchain,mtn
155,,2019/05/22,1,medicalchain,mtn
156,,2019/05/23,1,medicalchain,mtn
157,,2019/05/24,null,medicalchain,mtn
158,,2019/05/25,null,medicalchain,mtn
159,,2019/05/26,8,medicalchain,mtn
160,,2019/05/27,3,medicalchain,mtn
161,,2019/05/28,null,medicalchain,mtn
162,,2019/05/29,null,medicalchain,mtn
163,,2019/05/30,2,medicalchain,mtn
164,,2019/05/31,8,medicalchain,mtn
165,,2019/06/01,null,medicalchain,mtn
166,,2019/06/02,null,medicalchain,mtn
167,,2019/06/03,null,medicalchain,mtn
168,,2019/06/04,null,medicalchain,mtn
169,,2019/06/05,null,medicalchain,mtn
170,,2019/06/06,null,medicalchain,mtn
171,,2019/06/07,2,medicalchain,mtn
172,,2019/06/08,2,medicalchain,mtn
173,,2019/06/09,null,medicalchain,mtn
174,,2019/06/10,1,medicalchain,mtn
175,,2019/06/11,6,medicalchain,mtn
176,,2019/06/12,null,medicalchain,mtn
177,,2019/06/13,null,medicalchain,mtn
178,,2019/06/14,null,medicalchain,mtn
179,,2019/06/15,1,medicalchain,mtn
180,,2019/06/16,3,medicalchain,mtn
181,,2019/06/17,4,medicalchain,mtn
182,,2019/06/18,null,medicalchain,mtn
183,,2019/06/19,null,medicalchain,mtn
184,,2019/06/20,null,medicalchain,mtn
185,,2019/06/21,null,medicalchain,mtn
186,,2019/06/22,null,medicalchain,mtn
187,,2019/06/23,null,medicalchain,mtn
188,,2019/06/24,null,medicalchain,mtn
189,,2019/06/25,null,medicalchain,mtn
190,,2019/06/26,null,medicalchain,mtn
191,,2019/06/27,null,medicalchain,mtn
192,,2019/06/28,null,medicalchain,mtn
193,,2019/06/29,null,medicalchain,mtn
194,,2019/06/30,null,medicalchain,mtn
195,,2019/07/01,null,medicalchain,mtn
196,,2019/07/02,1,medicalchain,mtn
197,,2019/07/03,2,medicalchain,mtn
198,,2019/07/04,null,medicalchain,mtn
199,,2019/07/05,null,medicalchain,mtn
200,,2019/07/06,null,medicalchain,mtn
201,,2019/07/07,null,medicalchain,mtn
202,,2019/07/08,null,medicalchain,mtn
203,,2019/07/09,6,medicalchain,mtn
204,,2019/07/10,null,medicalchain,mtn
205,,2019/07/11,null,medicalchain,mtn
206,,2019/07/12,1,medicalchain,mtn
207,,2019/07/13,null,medicalchain,mtn
208,,2019/07/14,null,medicalchain,mtn
209,,2019/07/15,1,medicalchain,mtn
210,,2019/07/16,4,medicalchain,mtn
211,,2019/07/17,1,medicalchain,mtn
212,,2019/07/18,null,medicalchain,mtn
213,,2019/07/19,null,medicalchain,mtn
214,,2019/07/20,null,medicalchain,mtn
215,,2019/07/21,null,medicalchain,mtn
216,,2019/07/22,null,medicalchain,mtn
217,,2019/07/23,null,medicalchain,mtn
218,,2019/07/24,null,medicalchain,mtn
219,,2019/07/25,null,medicalchain,mtn
220,,2019/07/26,null,medicalchain,mtn
221,,2019/07/27,null,medicalchain,mtn
222,,2019/07/28,null,medicalchain,mtn
223,,2019/07/29,null,medicalchain,mtn
224,,2019/07/30,null,medicalchain,mtn
225,,2019/07/31,null,medicalchain,mtn
226,,2019/08/01,null,medicalchain,mtn
227,,2019/08/02,null,medicalchain,mtn
228,,2019/08/03,null,medicalchain,mtn
229,,2019/08/04,null,medicalchain,mtn
230,,2019/08/05,2,medicalchain,mtn
231,,2019/08/06,null,medicalchain,mtn
232,,2019/08/07,null,medicalchain,mtn
233,,2019/08/08,null,medicalchain,mtn
234,,2019/08/09,null,medicalchain,mtn
235,,2019/08/10,null,medicalchain,mtn
236,,2019/08/11,5,medicalchain,mtn
237,,2019/08/12,2,medicalchain,mtn
238,,2019/08/13,null,medicalchain,mtn
239,,2019/08/14,1,medicalchain,mtn
240,,2019/08/15,1,medicalchain,mtn
241,,2019/08/16,1,medicalchain,mtn
242,,2019/08/17,null,medicalchain,mtn
243,,2019/08/18,null,medicalchain,mtn
244,,2019/08/19,null,medicalchain,mtn
245,,2019/08/20,null,medicalchain,mtn
246,,2019/08/21,null,medicalchain,mtn
247,,2019/08/22,null,medicalchain,mtn
248,,2019/08/23,null,medicalchain,mtn
249,,2019/08/24,null,medicalchain,mtn
250,,2019/08/25,null,medicalchain,mtn
251,,2019/08/26,null,medicalchain,mtn
252,,2019/08/27,null,medicalchain,mtn
253,,2019/08/28,2,medicalchain,mtn
254,,2019/08/29,null,medicalchain,mtn
255,,2019/08/30,null,medicalchain,mtn
256,,2019/08/31,null,medicalchain,mtn
257,,2019/09/01,null,medicalchain,mtn
258,,2019/09/02,null,medicalchain,mtn
259,,2019/09/03,null,medicalchain,mtn
260,,2019/09/04,null,medicalchain,mtn
261,,2019/09/05,null,medicalchain,mtn
262,,2019/09/06,null,medicalchain,mtn
263,,2019/09/07,null,medicalchain,mtn
264,,2019/09/08,null,medicalchain,mtn
265,,2019/09/09,null,medicalchain,mtn
266,,2019/09/10,null,medicalchain,mtn
267,,2019/09/11,null,medicalchain,mtn
268,,2019/09/12,null,medicalchain,mtn
269,,2019/09/13,null,medicalchain,mtn
270,,2019/09/14,null,medicalchain,mtn
271,,2019/09/15,null,medicalchain,mtn
272,,2019/09/16,null,medicalchain,mtn
273,,2019/09/17,1,medicalchain,mtn
274,,2019/09/18,null,medicalchain,mtn
275,,2019/09/19,1,medicalchain,mtn
276,,2019/09/20,null,medicalchain,mtn
277,,2019/09/21,null,medicalchain,mtn
278,,2019/09/22,null,medicalchain,mtn
279,,2019/09/23,null,medicalchain,mtn
280,,2019/09/24,null,medicalchain,mtn
281,,2019/09/25,null,medicalchain,mtn
282,,2019/09/26,null,medicalchain,mtn
283,,2019/09/27,null,medicalchain,mtn
284,,2019/09/28,null,medicalchain,mtn
285,,2019/09/29,null,medicalchain,mtn
286,,2019/09/30,1,medicalchain,mtn
287,,2019/10/01,null,medicalchain,mtn
288,,2019/10/02,null,medicalchain,mtn
289,,2019/10/03,null,medicalchain,mtn
290,,2019/10/04,null,medicalchain,mtn
291,,2019/10/05,null,medicalchain,mtn
292,,2019/10/06,null,medicalchain,mtn
293,,2019/10/07,null,medicalchain,mtn
294,,2019/10/08,null,medicalchain,mtn
295,,2019/10/09,null,medicalchain,mtn
296,,2019/10/10,null,medicalchain,mtn
297,,2019/10/11,null,medicalchain,mtn
298,,2019/10/12,null,medicalchain,mtn
299,,2019/10/13,null,medicalchain,mtn
300,,2019/10/14,null,medicalchain,mtn
301,,2019/10/15,null,medicalchain,mtn
302,,2019/10/16,null,medicalchain,mtn
303,,2019/10/17,null,medicalchain,mtn
304,,2019/10/18,null,medicalchain,mtn
305,,2019/10/19,null,medicalchain,mtn
306,,2019/10/20,null,medicalchain,mtn
307,,2019/10/21,null,medicalchain,mtn
308,,2019/10/22,null,medicalchain,mtn
309,,2019/10/23,null,medicalchain,mtn
310,,2019/10/24,null,medicalchain,mtn
311,,2019/10/25,null,medicalchain,mtn
312,,2019/10/26,null,medicalchain,mtn
313,,2019/10/27,null,medicalchain,mtn
314,,2019/10/28,null,medicalchain,mtn
315,,2019/10/29,null,medicalchain,mtn
316,,2019/10/30,2,medicalchain,mtn
317,,2019/10/31,null,medicalchain,mtn
318,,2019/11/01,null,medicalchain,mtn
319,,2019/11/02,null,medicalchain,mtn
320,,2019/11/03,null,medicalchain,mtn
321,,2019/11/04,null,medicalchain,mtn
322,,2019/11/05,null,medicalchain,mtn
323,,2019/11/06,null,medicalchain,mtn
324,,2019/11/07,null,medicalchain,mtn
325,,2019/11/08,null,medicalchain,mtn
326,,2019/11/09,null,medicalchain,mtn
327,,2019/11/10,null,medicalchain,mtn
328,,2019/11/11,3,medicalchain,mtn
329,,2019/11/12,1,medicalchain,mtn
330,,2019/11/13,1,medicalchain,mtn
331,,2019/11/14,null,medicalchain,mtn
332,,2019/11/15,null,medicalchain,mtn
333,,2019/11/16,null,medicalchain,mtn
334,,2019/11/17,null,medicalchain,mtn
335,,2019/11/18,null,medicalchain,mtn
336,,2019/11/19,1,medicalchain,mtn
337,,2019/11/20,2,medicalchain,mtn
338,,2019/11/21,null,medicalchain,mtn
339,,2019/11/22,null,medicalchain,mtn
340,,2019/11/23,null,medicalchain,mtn
341,,2019/11/24,null,medicalchain,mtn
342,,2019/11/25,null,medicalchain,mtn
343,,2019/11/26,null,medicalchain,mtn
344,,2019/11/27,null,medicalchain,mtn
345,,2019/11/28,2,medicalchain,mtn
346,,2019/11/29,3,medicalchain,mtn
347,,2019/11/30,null,medicalchain,mtn
348,,2019/12/01,null,medicalchain,mtn
349,,2019/12/02,null,medicalchain,mtn
350,,2019/12/03,3,medicalchain,mtn
351,,2019/12/04,1,medicalchain,mtn
352,,2019/12/05,1,medicalchain,mtn
353,,2019/12/06,2,medicalchain,mtn
354,,2019/12/07,null,medicalchain,mtn
355,,2019/12/08,2,medicalchain,mtn
356,,2019/12/09,3,medicalchain,mtn
357,,2019/12/10,1,medicalchain,mtn
358,,2019/12/11,4,medicalchain,mtn
359,,2019/12/12,null,medicalchain,mtn
360,,2019/12/13,2,medicalchain,mtn
361,,2019/12/14,null,medicalchain,mtn
362,,2019/12/15,null,medicalchain,mtn
363,,2019/12/16,null,medicalchain,mtn
364,,2019/12/17,3,medicalchain,mtn
365,,2019/12/18,1,medicalchain,mtn
366,,2019/12/19,null,medicalchain,mtn
367,,2019/12/20,null,medicalchain,mtn
368,,2019/12/21,null,medicalchain,mtn
369,,2019/12/22,null,medicalchain,mtn
370,,2019/12/23,null,medicalchain,mtn
371,,2019/12/24,null,medicalchain,mtn
372,,2019/12/25,null,medicalchain,mtn
373,,2019/12/26,null,medicalchain,mtn
374,,2019/12/27,null,medicalchain,mtn
375,,2019/12/28,null,medicalchain,mtn
376,,2019/12/29,null,medicalchain,mtn
377,,2019/12/30,null,medicalchain,mtn
378,,2019/12/31,null,medicalchain,mtn
379,,2020/01/01,null,medicalchain,mtn
380,,2020/01/02,null,medicalchain,mtn
381,,2020/01/03,null,medicalchain,mtn
382,,2020/01/04,null,medicalchain,mtn
383,,2020/01/05,null,medicalchain,mtn
384,,2020/01/06,null,medicalchain,mtn
385,,2020/01/07,null,medicalchain,mtn
386,,2020/01/08,null,medicalchain,mtn
387,,2020/01/09,null,medicalchain,mtn
388,,2020/01/10,null,medicalchain,mtn
389,,2020/01/11,null,medicalchain,mtn
390,,2020/01/12,null,medicalchain,mtn
391,,2020/01/13,null,medicalchain,mtn
392,,2020/01/14,null,medicalchain,mtn
393,,2020/01/15,null,medicalchain,mtn
394,,2020/01/16,null,medicalchain,mtn
395,,2020/01/17,null,medicalchain,mtn
396,,2020/01/18,null,medicalchain,mtn
397,,2020/01/19,null,medicalchain,mtn
398,,2020/01/20,null,medicalchain,mtn
399,,2020/01/21,null,medicalchain,mtn
400,,2020/01/22,null,medicalchain,mtn
401,,2020/01/23,null,medicalchain,mtn
402,,2020/01/24,null,medicalchain,mtn
403,,2020/01/25,null,medicalchain,mtn
404,,2020/01/26,null,medicalchain,mtn
405,,2020/01/27,null,medicalchain,mtn
406,,2020/01/28,null,medicalchain,mtn
407,,2020/01/29,null,medicalchain,mtn
408,,2020/01/30,null,medicalchain,mtn
409,,2020/01/31,null,medicalchain,mtn
410,,2020/02/01,null,medicalchain,mtn
411,,2020/02/02,null,medicalchain,mtn
412,,2020/02/03,null,medicalchain,mtn
413,,2020/02/04,null,medicalchain,mtn
414,,2020/02/05,null,medicalchain,mtn
415,,2020/02/06,null,medicalchain,mtn
416,,2020/02/07,null,medicalchain,mtn
417,,2020/02/08,null,medicalchain,mtn
418,,2020/02/09,null,medicalchain,mtn
419,,2020/02/10,null,medicalchain,mtn
420,,2020/02/11,null,medicalchain,mtn
421,,2020/02/12,null,medicalchain,mtn
422,,2020/02/13,null,medicalchain,mtn
423,,2020/02/14,null,medicalchain,mtn
424,,2020/02/15,null,medicalchain,mtn
425,,2020/02/16,null,medicalchain,mtn
426,,2020/02/17,null,medicalchain,mtn
427,,2020/02/18,null,medicalchain,mtn
428,,2020/02/19,null,medicalchain,mtn
429,,2020/02/20,null,medicalchain,mtn
430,,2020/02/21,null,medicalchain,mtn
431,,2020/02/22,null,medicalchain,mtn
432,,2020/02/23,null,medicalchain,mtn
433,,2020/02/24,null,medicalchain,mtn
434,,2020/02/25,null,medicalchain,mtn
435,,2020/02/26,null,medicalchain,mtn
436,,2020/02/27,null,medicalchain,mtn
437,,2020/02/28,null,medicalchain,mtn
438,,2020/02/29,null,medicalchain,mtn
439,,2020/03/01,null,medicalchain,mtn
440,,2020/03/02,null,medicalchain,mtn
441,,2020/03/03,null,medicalchain,mtn
442,,2020/03/04,null,medicalchain,mtn
443,,2020/03/05,null,medicalchain,mtn
444,,2020/03/06,null,medicalchain,mtn
445,,2020/03/07,null,medicalchain,mtn
446,,2020/03/08,null,medicalchain,mtn
447,,2020/03/09,null,medicalchain,mtn
448,,2020/03/10,null,medicalchain,mtn
449,,2020/03/11,null,medicalchain,mtn
450,,2020/03/12,null,medicalchain,mtn
451,,2020/03/13,null,medicalchain,mtn
452,,2020/03/14,null,medicalchain,mtn
453,,2020/03/15,null,medicalchain,mtn
454,,2020/03/16,null,medicalchain,mtn
455,,2020/03/17,null,medicalchain,mtn
456,,2020/03/18,null,medicalchain,mtn
457,,2020/03/19,null,medicalchain,mtn
458,,2020/03/20,null,medicalchain,mtn
459,,2020/03/21,null,medicalchain,mtn
460,,2020/03/22,null,medicalchain,mtn
461,,2020/03/23,null,medicalchain,mtn
462,,2020/03/24,null,medicalchain,mtn
463,,2020/03/25,null,medicalchain,mtn
464,,2020/03/26,null,medicalchain,mtn
465,,2020/03/27,null,medicalchain,mtn
466,,2020/03/28,null,medicalchain,mtn
467,,2020/03/29,null,medicalchain,mtn
468,,2020/03/30,null,medicalchain,mtn
469,,2020/03/31,null,medicalchain,mtn
470,,2020/04/01,null,medicalchain,mtn
471,,2020/04/02,null,medicalchain,mtn
472,,2020/04/03,null,medicalchain,mtn
473,,2020/04/04,null,medicalchain,mtn
474,,2020/04/05,null,medicalchain,mtn
475,,2020/04/06,null,medicalchain,mtn
476,,2020/04/07,null,medicalchain,mtn
477,,2020/04/08,null,medicalchain,mtn
478,,2020/04/09,null,medicalchain,mtn
479,,2020/04/10,null,medicalchain,mtn
480,,2020/04/11,null,medicalchain,mtn
481,,2020/04/12,null,medicalchain,mtn
482,,2020/04/13,null,medicalchain,mtn
483,,2020/04/14,null,medicalchain,mtn
484,,2020/04/15,null,medicalchain,mtn
485,,2020/04/16,null,medicalchain,mtn
486,,2020/04/17,null,medicalchain,mtn
487,,2020/04/18,null,medicalchain,mtn
488,,2020/04/19,null,medicalchain,mtn
489,,2020/04/20,null,medicalchain,mtn
490,,2020/04/21,null,medicalchain,mtn
491,,2020/04/22,null,medicalchain,mtn
492,,2020/04/23,null,medicalchain,mtn
493,,2020/04/24,null,medicalchain,mtn
494,,2020/04/25,null,medicalchain,mtn
495,,2020/04/26,null,medicalchain,mtn
496,,2020/04/27,null,medicalchain,mtn
497,,2020/04/28,2,medicalchain,mtn
498,,2020/04/29,3,medicalchain,mtn
499,,2020/04/30,null,medicalchain,mtn
500,,2020/05/01,2,medicalchain,mtn
501,,2020/05/02,null,medicalchain,mtn
502,,2020/05/03,null,medicalchain,mtn
503,,2020/05/04,null,medicalchain,mtn
504,,2020/05/05,null,medicalchain,mtn
505,,2020/05/06,null,medicalchain,mtn
506,,2020/05/07,null,medicalchain,mtn
507,,2020/05/08,null,medicalchain,mtn
508,,2020/05/09,null,medicalchain,mtn
509,,2020/05/10,null,medicalchain,mtn
510,,2020/05/11,null,medicalchain,mtn
511,,2020/05/12,null,medicalchain,mtn
512,,2020/05/13,null,medicalchain,mtn
513,,2020/05/14,null,medicalchain,mtn
514,,2020/05/15,1,medicalchain,mtn
515,,2020/05/16,null,medicalchain,mtn
516,,2020/05/17,null,medicalchain,mtn
517,,2020/05/18,null,medicalchain,mtn
518,,2020/05/19,null,medicalchain,mtn
519,,2020/05/20,null,medicalchain,mtn
520,,2020/05/21,null,medicalchain,mtn
521,,2020/05/22,null,medicalchain,mtn
522,,2020/05/23,null,medicalchain,mtn
523,,2020/05/24,null,medicalchain,mtn
524,,2020/05/25,null,medicalchain,mtn
525,,2020/05/26,null,medicalchain,mtn
526,,2020/05/27,null,medicalchain,mtn
527,,2020/05/28,null,medicalchain,mtn
528,,2020/05/29,null,medicalchain,mtn
529,,2020/05/30,null,medicalchain,mtn
530,,2020/05/31,null,medicalchain,mtn
531,,2020/06/01,null,medicalchain,mtn
532,,2020/06/02,null,medicalchain,mtn
533,,2020/06/03,null,medicalchain,mtn
534,,2020/06/04,null,medicalchain,mtn
535,,2020/06/05,null,medicalchain,mtn
536,,2020/06/06,null,medicalchain,mtn
537,,2020/06/07,null,medicalchain,mtn
538,,2020/06/08,null,medicalchain,mtn
539,,2020/06/09,null,medicalchain,mtn
540,,2020/06/10,null,medicalchain,mtn
541,,2020/06/11,null,medicalchain,mtn
542,,2020/06/12,null,medicalchain,mtn
543,,2020/06/13,null,medicalchain,mtn
544,,2020/06/14,null,medicalchain,mtn
545,,2020/06/15,null,medicalchain,mtn
546,,2020/06/16,null,medicalchain,mtn
547,,2020/06/17,null,medicalchain,mtn
548,,2020/06/18,null,medicalchain,mtn
549,,2020/06/19,null,medicalchain,mtn
550,,2020/06/20,null,medicalchain,mtn
551,,2020/06/21,null,medicalchain,mtn
552,,2020/06/22,null,medicalchain,mtn
553,,2020/06/23,null,medicalchain,mtn
554,,2020/06/24,null,medicalchain,mtn
555,,2020/06/25,null,medicalchain,mtn
556,,2020/06/26,null,medicalchain,mtn
557,,2020/06/27,null,medicalchain,mtn
558,,2020/06/28,null,medicalchain,mtn
559,,2020/06/29,null,medicalchain,mtn
560,,2020/06/30,null,medicalchain,mtn
561,,2020/07/01,null,medicalchain,mtn
562,,2020/07/02,null,medicalchain,mtn
563,,2020/07/03,null,medicalchain,mtn
564,,2020/07/04,null,medicalchain,mtn
565,,2020/07/05,null,medicalchain,mtn
566,,2020/07/06,null,medicalchain,mtn
567,,2020/07/07,null,medicalchain,mtn
568,,2020/07/08,null,medicalchain,mtn
569,,2020/07/09,null,medicalchain,mtn
570,,2020/07/10,null,medicalchain,mtn
571,,2020/07/11,null,medicalchain,mtn
572,,2020/07/12,null,medicalchain,mtn
573,,2020/07/13,null,medicalchain,mtn
574,,2020/07/14,null,medicalchain,mtn
575,,2020/07/15,null,medicalchain,mtn
576,,2020/07/16,null,medicalchain,mtn
577,,2020/07/17,null,medicalchain,mtn
578,,2020/07/18,null,medicalchain,mtn
579,,2020/07/19,null,medicalchain,mtn
580,,2020/07/20,null,medicalchain,mtn
581,,2020/07/21,null,medicalchain,mtn
582,,2020/07/22,null,medicalchain,mtn
583,,2020/07/23,null,medicalchain,mtn
584,,2020/07/24,null,medicalchain,mtn
585,,2020/07/25,null,medicalchain,mtn
586,,2020/07/26,null,medicalchain,mtn
587,,2020/07/27,null,medicalchain,mtn
588,,2020/07/28,null,medicalchain,mtn
589,,2020/07/29,null,medicalchain,mtn
590,,2020/07/30,null,medicalchain,mtn
591,,2020/07/31,null,medicalchain,mtn
592,,2020/08/01,null,medicalchain,mtn
593,,2020/08/02,null,medicalchain,mtn
594,,2020/08/03,null,medicalchain,mtn
595,,2020/08/04,null,medicalchain,mtn
596,,2020/08/05,null,medicalchain,mtn
597,,2020/08/06,null,medicalchain,mtn
598,,2020/08/07,null,medicalchain,mtn
599,,2020/08/08,null,medicalchain,mtn
600,,2020/08/09,null,medicalchain,mtn
601,,2020/08/10,null,medicalchain,mtn
602,,2020/08/11,null,medicalchain,mtn
603,,2020/08/12,null,medicalchain,mtn
604,,2020/08/13,null,medicalchain,mtn
605,,2020/08/14,null,medicalchain,mtn
606,,2020/08/15,null,medicalchain,mtn
607,,2020/08/16,null,medicalchain,mtn
608,,2020/08/17,null,medicalchain,mtn
609,,2020/08/18,null,medicalchain,mtn
610,,2020/08/19,null,medicalchain,mtn
611,,2020/08/20,null,medicalchain,mtn
612,,2020/08/21,null,medicalchain,mtn
613,,2020/08/22,null,medicalchain,mtn
614,,2020/08/23,null,medicalchain,mtn
615,,2020/08/24,null,medicalchain,mtn
616,,2020/08/25,null,medicalchain,mtn
617,,2020/08/26,null,medicalchain,mtn
618,,2020/08/27,null,medicalchain,mtn
619,,2020/08/28,null,medicalchain,mtn
620,,2020/08/29,null,medicalchain,mtn
621,,2020/08/30,null,medicalchain,mtn
622,,2020/08/31,null,medicalchain,mtn
623,,2020/09/01,null,medicalchain,mtn
624,,2020/09/02,null,medicalchain,mtn
625,,2020/09/03,null,medicalchain,mtn
626,,2020/09/04,null,medicalchain,mtn
627,,2020/09/05,null,medicalchain,mtn
628,,2020/09/06,null,medicalchain,mtn
629,,2020/09/07,null,medicalchain,mtn
630,,2020/09/08,null,medicalchain,mtn
631,,2020/09/09,null,medicalchain,mtn
632,,2020/09/10,null,medicalchain,mtn
633,,2020/09/11,null,medicalchain,mtn
634,,2020/09/12,null,medicalchain,mtn
635,,2020/09/13,null,medicalchain,mtn
636,,2020/09/14,null,medicalchain,mtn
637,,2020/09/15,null,medicalchain,mtn
638,,2020/09/16,null,medicalchain,mtn
639,,2020/09/17,null,medicalchain,mtn
640,,2020/09/18,null,medicalchain,mtn
641,,2020/09/19,null,medicalchain,mtn
642,,2020/09/20,null,medicalchain,mtn
643,,2020/09/21,null,medicalchain,mtn
644,,2020/09/22,null,medicalchain,mtn
645,,2020/09/23,null,medicalchain,mtn
646,,2020/09/24,null,medicalchain,mtn
647,,2020/09/25,null,medicalchain,mtn
648,,2020/09/26,null,medicalchain,mtn
649,,2020/09/27,null,medicalchain,mtn
650,,2020/09/28,null,medicalchain,mtn
651,,2020/09/29,null,medicalchain,mtn
652,,2020/09/30,null,medicalchain,mtn
653,,2020/10/01,null,medicalchain,mtn
654,,2020/10/02,null,medicalchain,mtn
655,,2020/10/03,null,medicalchain,mtn
656,,2020/10/04,null,medicalchain,mtn
657,,2020/10/05,null,medicalchain,mtn
658,,2020/10/06,null,medicalchain,mtn
659,,2020/10/07,null,medicalchain,mtn
660,,2020/10/08,null,medicalchain,mtn
661,,2020/10/09,null,medicalchain,mtn
662,,2020/10/10,null,medicalchain,mtn
663,,2020/10/11,null,medicalchain,mtn
664,,2020/10/12,null,medicalchain,mtn
665,,2020/10/13,null,medicalchain,mtn
666,,2020/10/14,null,medicalchain,mtn
667,,2020/10/15,null,medicalchain,mtn
668,,2020/10/16,null,medicalchain,mtn
669,,2020/10/17,null,medicalchain,mtn
670,,2020/10/18,null,medicalchain,mtn
671,,2020/10/19,null,medicalchain,mtn
672,,2020/10/20,null,medicalchain,mtn
673,,2020/10/21,null,medicalchain,mtn
674,,2020/10/22,null,medicalchain,mtn
675,,2020/10/23,null,medicalchain,mtn
676,,2020/10/24,null,medicalchain,mtn
677,,2020/10/25,null,medicalchain,mtn
678,,2020/10/26,null,medicalchain,mtn
679,,2020/10/27,null,medicalchain,mtn
680,,2020/10/28,null,medicalchain,mtn
681,,2020/10/29,null,medicalchain,mtn
682,,2020/10/30,null,medicalchain,mtn
683,,2020/10/31,null,medicalchain,mtn
684,,2020/11/01,null,medicalchain,mtn
685,,2020/11/02,null,medicalchain,mtn
686,,2020/11/03,null,medicalchain,mtn
687,,2020/11/04,null,medicalchain,mtn
688,,2020/11/05,null,medicalchain,mtn
689,,2020/11/06,null,medicalchain,mtn
690,,2020/11/07,null,medicalchain,mtn
691,,2020/11/08,null,medicalchain,mtn
692,,2020/11/09,null,medicalchain,mtn
693,,2020/11/10,null,medicalchain,mtn
694,,2020/11/11,null,medicalchain,mtn
695,,2020/11/12,null,medicalchain,mtn
696,,2020/11/13,null,medicalchain,mtn
697,,2020/11/14,null,medicalchain,mtn
698,,2020/11/15,null,medicalchain,mtn
699,,2020/11/16,null,medicalchain,mtn
700,,2020/11/17,null,medicalchain,mtn
701,,2020/11/18,null,medicalchain,mtn
702,,2020/11/19,null,medicalchain,mtn
703,,2020/11/20,null,medicalchain,mtn
704,,2020/11/21,null,medicalchain,mtn
705,,2020/11/22,null,medicalchain,mtn
706,,2020/11/23,null,medicalchain,mtn
707,,2020/11/24,null,medicalchain,mtn
708,,2020/11/25,null,medicalchain,mtn
709,,2020/11/26,null,medicalchain,mtn
710,,2020/11/27,null,medicalchain,mtn
711,,2020/11/28,null,medicalchain,mtn
712,,2020/11/29,null,medicalchain,mtn
713,,2020/11/30,null,medicalchain,mtn
714,,2020/12/01,null,medicalchain,mtn
715,,2020/12/02,null,medicalchain,mtn
716,,2020/12/03,null,medicalchain,mtn
717,,2020/12/04,null,medicalchain,mtn
718,,2020/12/05,null,medicalchain,mtn
719,,2020/12/06,null,medicalchain,mtn
720,,2020/12/07,null,medicalchain,mtn
721,,2020/12/08,null,medicalchain,mtn
722,,2020/12/09,null,medicalchain,mtn
723,,2020/12/10,null,medicalchain,mtn
724,,2020/12/11,null,medicalchain,mtn
725,,2020/12/12,null,medicalchain,mtn
726,,2020/12/13,null,medicalchain,mtn
727,,2020/12/14,null,medicalchain,mtn
728,,2020/12/15,null,medicalchain,mtn
729,,2020/12/16,null,medicalchain,mtn
730,,2020/12/17,null,medicalchain,mtn
731,,2020/12/18,null,medicalchain,mtn
732,,2020/12/19,null,medicalchain,mtn
733,,2020/12/20,null,medicalchain,mtn
734,,2020/12/21,null,medicalchain,mtn
735,,2020/12/22,null,medicalchain,mtn
736,,2020/12/23,null,medicalchain,mtn
737,,2020/12/24,null,medicalchain,mtn
738,,2020/12/25,null,medicalchain,mtn
739,,2020/12/26,null,medicalchain,mtn
740,,2020/12/27,null,medicalchain,mtn
741,,2020/12/28,null,medicalchain,mtn
742,,2020/12/29,null,medicalchain,mtn
743,,2020/12/30,null,medicalchain,mtn
744,,2020/12/31,null,medicalchain,mtn
745,,2021/01/01,null,medicalchain,mtn
746,,2021/01/02,null,medicalchain,mtn
747,,2021/01/03,null,medicalchain,mtn
748,,2021/01/04,null,medicalchain,mtn
749,,2021/01/05,null,medicalchain,mtn
750,,2021/01/06,null,medicalchain,mtn
751,,2021/01/07,null,medicalchain,mtn
752,,2021/01/08,null,medicalchain,mtn
753,,2021/01/09,null,medicalchain,mtn
754,,2021/01/10,null,medicalchain,mtn
755,,2021/01/11,null,medicalchain,mtn
756,,2021/01/12,null,medicalchain,mtn
757,,2021/01/13,null,medicalchain,mtn
758,,2021/01/14,null,medicalchain,mtn
759,,2021/01/15,null,medicalchain,mtn
760,,2021/01/16,null,medicalchain,mtn
761,,2021/01/17,null,medicalchain,mtn
762,,2021/01/18,null,medicalchain,mtn
763,,2021/01/19,null,medicalchain,mtn
764,,2021/01/20,null,medicalchain,mtn
765,,2021/01/21,null,medicalchain,mtn
766,,2021/01/22,null,medicalchain,mtn
767,,2021/01/23,null,medicalchain,mtn
768,,2021/01/24,null,medicalchain,mtn
769,,2021/01/25,null,medicalchain,mtn
770,,2021/01/26,null,medicalchain,mtn
771,,2021/01/27,null,medicalchain,mtn
772,,2021/01/28,null,medicalchain,mtn
773,,2021/01/29,null,medicalchain,mtn
774,,2021/01/30,null,medicalchain,mtn
775,,2021/01/31,null,medicalchain,mtn
776,,2021/02/01,null,medicalchain,mtn
777,,2021/02/02,null,medicalchain,mtn
778,,2021/02/03,null,medicalchain,mtn
779,,2021/02/04,null,medicalchain,mtn
780,,2021/02/05,null,medicalchain,mtn
781,,2021/02/06,null,medicalchain,mtn
782,,2021/02/07,null,medicalchain,mtn
783,,2021/02/08,null,medicalchain,mtn
784,,2021/02/09,null,medicalchain,mtn
785,,2021/02/10,null,medicalchain,mtn
786,,2021/02/11,null,medicalchain,mtn
787,,2021/02/12,null,medicalchain,mtn
788,,2021/02/13,null,medicalchain,mtn
789,,2021/02/14,null,medicalchain,mtn
790,,2021/02/15,null,medicalchain,mtn
791,,2021/02/16,null,medicalchain,mtn
792,,2021/02/17,null,medicalchain,mtn
793,,2021/02/18,null,medicalchain,mtn
794,,2021/02/19,null,medicalchain,mtn
795,,2021/02/20,null,medicalchain,mtn
796,,2021/02/21,null,medicalchain,mtn
797,,2021/02/22,null,medicalchain,mtn
798,,2021/02/23,null,medicalchain,mtn
799,,2021/02/24,null,medicalchain,mtn
800,,2021/02/25,null,medicalchain,mtn
801,,2021/02/26,null,medicalchain,mtn
802,,2021/02/27,null,medicalchain,mtn
803,,2021/02/28,null,medicalchain,mtn
804,,2021/03/01,null,medicalchain,mtn
805,,2021/03/02,null,medicalchain,mtn
806,,2021/03/03,null,medicalchain,mtn
807,,2021/03/04,null,medicalchain,mtn
808,,2021/03/05,null,medicalchain,mtn
809,,2021/03/06,null,medicalchain,mtn
810,,2021/03/07,null,medicalchain,mtn
811,,2021/03/08,null,medicalchain,mtn
812,,2021/03/09,null,medicalchain,mtn
813,,2021/03/10,null,medicalchain,mtn
814,,2021/03/11,null,medicalchain,mtn
815,,2021/03/12,null,medicalchain,mtn
816,,2021/03/13,null,medicalchain,mtn
817,,2021/03/14,null,medicalchain,mtn
818,,2021/03/15,null,medicalchain,mtn
819,,2021/03/16,null,medicalchain,mtn
820,,2021/03/17,null,medicalchain,mtn
821,,2021/03/18,null,medicalchain,mtn
822,,2021/03/19,null,medicalchain,mtn
823,,2021/03/20,null,medicalchain,mtn
824,,2021/03/21,null,medicalchain,mtn
825,,2021/03/22,null,medicalchain,mtn
826,,2021/03/23,null,medicalchain,mtn
827,,2021/03/24,null,medicalchain,mtn
828,,2021/03/25,null,medicalchain,mtn
829,,2021/03/26,null,medicalchain,mtn
830,,2021/03/27,null,medicalchain,mtn
831,,2021/03/28,null,medicalchain,mtn
832,,2021/03/29,null,medicalchain,mtn
833,,2021/03/30,null,medicalchain,mtn
834,,2021/03/31,null,medicalchain,mtn
835,,2021/04/01,null,medicalchain,mtn
836,,2021/04/02,null,medicalchain,mtn
837,,2021/04/03,null,medicalchain,mtn
838,,2021/04/04,null,medicalchain,mtn
839,,2021/04/05,null,medicalchain,mtn
840,,2021/04/06,null,medicalchain,mtn
841,,2021/04/07,null,medicalchain,mtn
842,,2021/04/08,null,medicalchain,mtn
843,,2021/04/09,null,medicalchain,mtn
844,,2021/04/10,null,medicalchain,mtn
845,,2021/04/11,null,medicalchain,mtn
846,,2021/04/12,null,medicalchain,mtn
847,,2021/04/13,null,medicalchain,mtn
848,,2021/04/14,null,medicalchain,mtn
849,,2021/04/15,null,medicalchain,mtn
850,,2021/04/16,null,medicalchain,mtn
851,,2021/04/17,null,medicalchain,mtn
852,,2021/04/18,null,medicalchain,mtn
853,,2021/04/19,null,medicalchain,mtn
854,,2021/04/20,null,medicalchain,mtn
855,,2021/04/21,null,medicalchain,mtn
856,,2021/04/22,null,medicalchain,mtn
857,,2021/04/23,null,medicalchain,mtn
858,,2021/04/24,null,medicalchain,mtn
859,,2021/04/25,null,medicalchain,mtn
860,,2021/04/26,null,medicalchain,mtn
861,,2021/04/27,null,medicalchain,mtn
862,,2021/04/28,null,medicalchain,mtn
863,,2021/04/29,null,medicalchain,mtn
864,,2021/04/30,null,medicalchain,mtn
865,,2021/05/01,null,medicalchain,mtn
866,,2021/05/02,null,medicalchain,mtn
867,,2021/05/03,null,medicalchain,mtn
868,,2021/05/04,null,medicalchain,mtn
869,,2021/05/05,null,medicalchain,mtn
870,,2021/05/06,null,medicalchain,mtn
871,,2021/05/07,null,medicalchain,mtn
872,,2021/05/08,null,medicalchain,mtn
873,,2021/05/09,null,medicalchain,mtn
874,,2021/05/10,null,medicalchain,mtn
875,,2021/05/11,8,medicalchain,mtn
