,google_trends,date,tweets,full_name,coin
0,,2019/01/03,1,medishares,mds
1,,2019/01/04,null,medishares,mds
2,,2019/01/05,null,medishares,mds
3,,2019/01/06,null,medishares,mds
4,,2019/01/07,null,medishares,mds
5,,2019/01/08,null,medishares,mds
6,,2019/01/09,null,medishares,mds
7,,2019/01/10,null,medishares,mds
8,,2019/01/11,null,medishares,mds
9,,2019/01/12,1,medishares,mds
10,,2019/01/13,null,medishares,mds
11,,2019/01/14,null,medishares,mds
12,,2019/01/15,null,medishares,mds
13,,2019/01/16,null,medishares,mds
14,,2019/01/17,null,medishares,mds
15,,2019/01/18,null,medishares,mds
16,,2019/01/19,null,medishares,mds
17,,2019/01/20,null,medishares,mds
18,,2019/01/21,null,medishares,mds
19,,2019/01/22,null,medishares,mds
20,,2019/01/23,null,medishares,mds
21,,2019/01/24,null,medishares,mds
22,,2019/01/25,null,medishares,mds
23,,2019/01/26,null,medishares,mds
24,,2019/01/27,null,medishares,mds
25,,2019/01/28,null,medishares,mds
26,,2019/01/29,null,medishares,mds
27,,2019/01/30,null,medishares,mds
28,,2019/01/31,null,medishares,mds
29,,2019/02/01,null,medishares,mds
30,,2019/02/02,null,medishares,mds
31,,2019/02/03,null,medishares,mds
32,,2019/02/04,null,medishares,mds
33,,2019/02/05,null,medishares,mds
34,,2019/02/06,null,medishares,mds
35,,2019/02/07,null,medishares,mds
36,,2019/02/08,null,medishares,mds
37,,2019/02/09,null,medishares,mds
38,,2019/02/10,null,medishares,mds
39,,2019/02/11,null,medishares,mds
40,,2019/02/12,null,medishares,mds
41,,2019/02/13,null,medishares,mds
42,,2019/02/14,null,medishares,mds
43,,2019/02/15,null,medishares,mds
44,,2019/02/16,null,medishares,mds
45,,2019/02/17,null,medishares,mds
46,,2019/02/18,null,medishares,mds
47,,2019/02/19,null,medishares,mds
48,,2019/02/20,null,medishares,mds
49,,2019/02/21,null,medishares,mds
50,,2019/02/22,null,medishares,mds
51,,2019/02/23,null,medishares,mds
52,,2019/02/24,null,medishares,mds
53,,2019/02/25,null,medishares,mds
54,,2019/02/26,null,medishares,mds
55,,2019/02/27,null,medishares,mds
56,,2019/02/28,null,medishares,mds
57,,2019/03/01,null,medishares,mds
58,,2019/03/02,null,medishares,mds
59,,2019/03/03,null,medishares,mds
60,,2019/03/04,null,medishares,mds
61,,2019/03/05,null,medishares,mds
62,,2019/03/06,null,medishares,mds
63,,2019/03/07,null,medishares,mds
64,,2019/03/08,null,medishares,mds
65,,2019/03/09,null,medishares,mds
66,,2019/03/10,null,medishares,mds
67,,2019/03/11,null,medishares,mds
68,,2019/03/12,null,medishares,mds
69,,2019/03/13,null,medishares,mds
70,,2019/03/14,null,medishares,mds
71,,2019/03/15,null,medishares,mds
72,,2019/03/16,null,medishares,mds
73,,2019/03/17,null,medishares,mds
74,,2019/03/18,null,medishares,mds
75,,2019/03/19,null,medishares,mds
76,,2019/03/20,null,medishares,mds
77,,2019/03/21,null,medishares,mds
78,,2019/03/22,null,medishares,mds
79,,2019/03/23,null,medishares,mds
80,,2019/03/24,null,medishares,mds
81,,2019/03/25,null,medishares,mds
82,,2019/03/26,null,medishares,mds
83,,2019/03/27,null,medishares,mds
84,,2019/03/28,null,medishares,mds
85,,2019/03/29,null,medishares,mds
86,,2019/03/30,null,medishares,mds
87,,2019/03/31,null,medishares,mds
88,,2019/04/01,null,medishares,mds
89,,2019/04/02,null,medishares,mds
90,,2019/04/03,null,medishares,mds
91,,2019/04/04,null,medishares,mds
92,,2019/04/05,null,medishares,mds
93,,2019/04/06,null,medishares,mds
94,,2019/04/07,null,medishares,mds
95,,2019/04/08,null,medishares,mds
96,,2019/04/09,null,medishares,mds
97,,2019/04/10,null,medishares,mds
98,,2019/04/11,null,medishares,mds
99,,2019/04/12,null,medishares,mds
100,,2019/04/13,null,medishares,mds
101,,2019/04/14,null,medishares,mds
102,,2019/04/15,null,medishares,mds
103,,2019/04/16,null,medishares,mds
104,,2019/04/17,null,medishares,mds
105,,2019/04/18,null,medishares,mds
106,,2019/04/19,null,medishares,mds
107,,2019/04/20,null,medishares,mds
108,,2019/04/21,null,medishares,mds
109,,2019/04/22,null,medishares,mds
110,,2019/04/23,null,medishares,mds
111,,2019/04/24,null,medishares,mds
112,,2019/04/25,null,medishares,mds
113,,2019/04/26,null,medishares,mds
114,,2019/04/27,null,medishares,mds
115,,2019/04/28,null,medishares,mds
116,,2019/04/29,null,medishares,mds
117,,2019/04/30,null,medishares,mds
118,,2019/05/01,null,medishares,mds
119,,2019/05/02,null,medishares,mds
120,,2019/05/03,null,medishares,mds
121,,2019/05/04,null,medishares,mds
122,,2019/05/05,null,medishares,mds
123,,2019/05/06,null,medishares,mds
124,,2019/05/07,null,medishares,mds
125,,2019/05/08,null,medishares,mds
126,,2019/05/09,null,medishares,mds
127,,2019/05/10,null,medishares,mds
128,,2019/05/11,null,medishares,mds
129,,2019/05/12,null,medishares,mds
130,,2019/05/13,null,medishares,mds
131,,2019/05/14,null,medishares,mds
132,,2019/05/15,null,medishares,mds
133,,2019/05/16,null,medishares,mds
134,,2019/05/17,null,medishares,mds
135,,2019/05/18,null,medishares,mds
136,,2019/05/19,null,medishares,mds
137,,2019/05/20,null,medishares,mds
138,,2019/05/21,null,medishares,mds
139,,2019/05/22,null,medishares,mds
140,,2019/05/23,null,medishares,mds
141,,2019/05/24,null,medishares,mds
142,,2019/05/25,null,medishares,mds
143,,2019/05/26,null,medishares,mds
144,,2019/05/27,null,medishares,mds
145,,2019/05/28,null,medishares,mds
146,,2019/05/29,null,medishares,mds
147,,2019/05/30,null,medishares,mds
148,,2019/05/31,null,medishares,mds
149,,2019/06/01,null,medishares,mds
150,,2019/06/02,null,medishares,mds
151,,2019/06/03,null,medishares,mds
152,,2019/06/04,null,medishares,mds
153,,2019/06/05,null,medishares,mds
154,,2019/06/06,null,medishares,mds
155,,2019/06/07,null,medishares,mds
156,,2019/06/08,null,medishares,mds
157,,2019/06/09,null,medishares,mds
158,,2019/06/10,null,medishares,mds
159,,2019/06/11,null,medishares,mds
160,,2019/06/12,null,medishares,mds
161,,2019/06/13,null,medishares,mds
162,,2019/06/14,null,medishares,mds
163,,2019/06/15,null,medishares,mds
164,,2019/06/16,null,medishares,mds
165,,2019/06/17,null,medishares,mds
166,,2019/06/18,null,medishares,mds
167,,2019/06/19,null,medishares,mds
168,,2019/06/20,1,medishares,mds
169,,2019/06/21,null,medishares,mds
170,,2019/06/22,null,medishares,mds
171,,2019/06/23,null,medishares,mds
172,,2019/06/24,null,medishares,mds
173,,2019/06/25,null,medishares,mds
174,,2019/06/26,null,medishares,mds
175,,2019/06/27,null,medishares,mds
176,,2019/06/28,null,medishares,mds
177,,2019/06/29,null,medishares,mds
178,,2019/06/30,null,medishares,mds
179,,2019/07/01,null,medishares,mds
180,,2019/07/02,null,medishares,mds
181,,2019/07/03,null,medishares,mds
182,,2019/07/04,1,medishares,mds
183,,2019/07/05,null,medishares,mds
184,,2019/07/06,null,medishares,mds
185,,2019/07/07,null,medishares,mds
186,,2019/07/08,null,medishares,mds
187,,2019/07/09,null,medishares,mds
188,,2019/07/10,null,medishares,mds
189,,2019/07/11,null,medishares,mds
190,,2019/07/12,null,medishares,mds
191,,2019/07/13,null,medishares,mds
192,,2019/07/14,null,medishares,mds
193,,2019/07/15,null,medishares,mds
194,,2019/07/16,null,medishares,mds
195,,2019/07/17,null,medishares,mds
196,,2019/07/18,null,medishares,mds
197,,2019/07/19,null,medishares,mds
198,,2019/07/20,null,medishares,mds
199,,2019/07/21,null,medishares,mds
200,,2019/07/22,null,medishares,mds
201,,2019/07/23,null,medishares,mds
202,,2019/07/24,null,medishares,mds
203,,2019/07/25,null,medishares,mds
204,,2019/07/26,null,medishares,mds
205,,2019/07/27,null,medishares,mds
206,,2019/07/28,null,medishares,mds
207,,2019/07/29,null,medishares,mds
208,,2019/07/30,null,medishares,mds
209,,2019/07/31,null,medishares,mds
210,,2019/08/01,null,medishares,mds
211,,2019/08/02,null,medishares,mds
212,,2019/08/03,null,medishares,mds
213,,2019/08/04,null,medishares,mds
214,,2019/08/05,null,medishares,mds
215,,2019/08/06,null,medishares,mds
216,,2019/08/07,null,medishares,mds
217,,2019/08/08,null,medishares,mds
218,,2019/08/09,null,medishares,mds
219,,2019/08/10,1,medishares,mds
220,,2019/08/11,null,medishares,mds
221,,2019/08/12,null,medishares,mds
222,,2019/08/13,null,medishares,mds
223,,2019/08/14,null,medishares,mds
224,,2019/08/15,null,medishares,mds
225,,2019/08/16,null,medishares,mds
226,,2019/08/17,null,medishares,mds
227,,2019/08/18,null,medishares,mds
228,,2019/08/19,null,medishares,mds
229,,2019/08/20,null,medishares,mds
230,,2019/08/21,null,medishares,mds
231,,2019/08/22,null,medishares,mds
232,,2019/08/23,null,medishares,mds
233,,2019/08/24,null,medishares,mds
234,,2019/08/25,null,medishares,mds
235,,2019/08/26,null,medishares,mds
236,,2019/08/27,null,medishares,mds
237,,2019/08/28,null,medishares,mds
238,,2019/08/29,null,medishares,mds
239,,2019/08/30,null,medishares,mds
240,,2019/08/31,null,medishares,mds
241,,2019/09/01,null,medishares,mds
242,,2019/09/02,null,medishares,mds
243,,2019/09/03,null,medishares,mds
244,,2019/09/04,null,medishares,mds
245,,2019/09/05,null,medishares,mds
246,,2019/09/06,null,medishares,mds
247,,2019/09/07,null,medishares,mds
248,,2019/09/08,null,medishares,mds
249,,2019/09/09,null,medishares,mds
250,,2019/09/10,null,medishares,mds
251,,2019/09/11,null,medishares,mds
252,,2019/09/12,null,medishares,mds
253,,2019/09/13,null,medishares,mds
254,,2019/09/14,null,medishares,mds
255,,2019/09/15,null,medishares,mds
256,,2019/09/16,null,medishares,mds
257,,2019/09/17,null,medishares,mds
258,,2019/09/18,null,medishares,mds
259,,2019/09/19,null,medishares,mds
260,,2019/09/20,null,medishares,mds
261,,2019/09/21,null,medishares,mds
262,,2019/09/22,null,medishares,mds
263,,2019/09/23,null,medishares,mds
264,,2019/09/24,null,medishares,mds
265,,2019/09/25,null,medishares,mds
266,,2019/09/26,null,medishares,mds
267,,2019/09/27,null,medishares,mds
268,,2019/09/28,null,medishares,mds
269,,2019/09/29,null,medishares,mds
270,,2019/09/30,null,medishares,mds
271,,2019/10/01,null,medishares,mds
272,,2019/10/02,null,medishares,mds
273,,2019/10/03,null,medishares,mds
274,,2019/10/04,null,medishares,mds
275,,2019/10/05,null,medishares,mds
276,,2019/10/06,null,medishares,mds
277,,2019/10/07,null,medishares,mds
278,,2019/10/08,null,medishares,mds
279,,2019/10/09,null,medishares,mds
280,,2019/10/10,null,medishares,mds
281,,2019/10/11,null,medishares,mds
282,,2019/10/12,null,medishares,mds
283,,2019/10/13,null,medishares,mds
284,,2019/10/14,null,medishares,mds
285,,2019/10/15,null,medishares,mds
286,,2019/10/16,null,medishares,mds
287,,2019/10/17,null,medishares,mds
288,,2019/10/18,null,medishares,mds
289,,2019/10/19,null,medishares,mds
290,,2019/10/20,null,medishares,mds
291,,2019/10/21,null,medishares,mds
292,,2019/10/22,null,medishares,mds
293,,2019/10/23,null,medishares,mds
294,,2019/10/24,null,medishares,mds
295,,2019/10/25,null,medishares,mds
296,,2019/10/26,null,medishares,mds
297,,2019/10/27,null,medishares,mds
298,,2019/10/28,null,medishares,mds
299,,2019/10/29,null,medishares,mds
300,,2019/10/30,null,medishares,mds
301,,2019/10/31,null,medishares,mds
302,,2019/11/01,null,medishares,mds
303,,2019/11/02,null,medishares,mds
304,,2019/11/03,null,medishares,mds
305,,2019/11/04,null,medishares,mds
306,,2019/11/05,null,medishares,mds
307,,2019/11/06,null,medishares,mds
308,,2019/11/07,null,medishares,mds
309,,2019/11/08,null,medishares,mds
310,,2019/11/09,null,medishares,mds
311,,2019/11/10,null,medishares,mds
312,,2019/11/11,null,medishares,mds
313,,2019/11/12,null,medishares,mds
314,,2019/11/13,null,medishares,mds
315,,2019/11/14,null,medishares,mds
316,,2019/11/15,null,medishares,mds
317,,2019/11/16,null,medishares,mds
318,,2019/11/17,null,medishares,mds
319,,2019/11/18,null,medishares,mds
320,,2019/11/19,null,medishares,mds
321,,2019/11/20,null,medishares,mds
322,,2019/11/21,null,medishares,mds
323,,2019/11/22,null,medishares,mds
324,,2019/11/23,null,medishares,mds
325,,2019/11/24,null,medishares,mds
326,,2019/11/25,null,medishares,mds
327,,2019/11/26,null,medishares,mds
328,,2019/11/27,null,medishares,mds
329,,2019/11/28,null,medishares,mds
330,,2019/11/29,null,medishares,mds
331,,2019/11/30,null,medishares,mds
332,,2019/12/01,null,medishares,mds
333,,2019/12/02,2,medishares,mds
334,,2019/12/03,null,medishares,mds
335,,2019/12/04,null,medishares,mds
336,,2019/12/05,null,medishares,mds
337,,2019/12/06,null,medishares,mds
338,,2019/12/07,null,medishares,mds
339,,2019/12/08,null,medishares,mds
340,,2019/12/09,null,medishares,mds
341,,2019/12/10,null,medishares,mds
342,,2019/12/11,null,medishares,mds
343,,2019/12/12,null,medishares,mds
344,,2019/12/13,null,medishares,mds
345,,2019/12/14,null,medishares,mds
346,,2019/12/15,null,medishares,mds
347,,2019/12/16,null,medishares,mds
348,,2019/12/17,null,medishares,mds
349,,2019/12/18,null,medishares,mds
350,,2019/12/19,null,medishares,mds
351,,2019/12/20,null,medishares,mds
352,,2019/12/21,null,medishares,mds
353,,2019/12/22,null,medishares,mds
354,,2019/12/23,null,medishares,mds
355,,2019/12/24,null,medishares,mds
356,,2019/12/25,null,medishares,mds
357,,2019/12/26,null,medishares,mds
358,,2019/12/27,null,medishares,mds
359,,2019/12/28,null,medishares,mds
360,,2019/12/29,null,medishares,mds
361,,2019/12/30,null,medishares,mds
362,,2019/12/31,null,medishares,mds
363,,2020/01/01,null,medishares,mds
364,,2020/01/02,null,medishares,mds
365,,2020/01/03,null,medishares,mds
366,,2020/01/04,null,medishares,mds
367,,2020/01/05,null,medishares,mds
368,,2020/01/06,null,medishares,mds
369,,2020/01/07,null,medishares,mds
370,,2020/01/08,null,medishares,mds
371,,2020/01/09,null,medishares,mds
372,,2020/01/10,null,medishares,mds
373,,2020/01/11,null,medishares,mds
374,,2020/01/12,null,medishares,mds
375,,2020/01/13,null,medishares,mds
376,,2020/01/14,null,medishares,mds
377,,2020/01/15,null,medishares,mds
378,,2020/01/16,null,medishares,mds
379,,2020/01/17,null,medishares,mds
380,,2020/01/18,null,medishares,mds
381,,2020/01/19,null,medishares,mds
382,,2020/01/20,null,medishares,mds
383,,2020/01/21,null,medishares,mds
384,,2020/01/22,null,medishares,mds
385,,2020/01/23,null,medishares,mds
386,,2020/01/24,null,medishares,mds
387,,2020/01/25,null,medishares,mds
388,,2020/01/26,null,medishares,mds
389,,2020/01/27,null,medishares,mds
390,,2020/01/28,null,medishares,mds
391,,2020/01/29,null,medishares,mds
392,,2020/01/30,null,medishares,mds
393,,2020/01/31,null,medishares,mds
394,,2020/02/01,null,medishares,mds
395,,2020/02/02,null,medishares,mds
396,,2020/02/03,null,medishares,mds
397,,2020/02/04,null,medishares,mds
398,,2020/02/05,null,medishares,mds
399,,2020/02/06,null,medishares,mds
400,,2020/02/07,null,medishares,mds
401,,2020/02/08,1,medishares,mds
402,,2020/02/09,null,medishares,mds
403,,2020/02/10,null,medishares,mds
404,,2020/02/11,null,medishares,mds
405,,2020/02/12,null,medishares,mds
406,,2020/02/13,null,medishares,mds
407,,2020/02/14,null,medishares,mds
408,,2020/02/15,1,medishares,mds
409,,2020/02/16,null,medishares,mds
410,,2020/02/17,null,medishares,mds
411,,2020/02/18,null,medishares,mds
412,,2020/02/19,null,medishares,mds
413,,2020/02/20,null,medishares,mds
414,,2020/02/21,null,medishares,mds
415,,2020/02/22,null,medishares,mds
416,,2020/02/23,null,medishares,mds
417,,2020/02/24,null,medishares,mds
418,,2020/02/25,null,medishares,mds
419,,2020/02/26,null,medishares,mds
420,,2020/02/27,null,medishares,mds
421,,2020/02/28,null,medishares,mds
422,,2020/02/29,null,medishares,mds
423,,2020/03/01,null,medishares,mds
424,,2020/03/02,null,medishares,mds
425,,2020/03/03,null,medishares,mds
426,,2020/03/04,null,medishares,mds
427,,2020/03/05,null,medishares,mds
428,,2020/03/06,null,medishares,mds
429,,2020/03/07,null,medishares,mds
430,,2020/03/08,null,medishares,mds
431,,2020/03/09,null,medishares,mds
432,,2020/03/10,null,medishares,mds
433,,2020/03/11,null,medishares,mds
434,,2020/03/12,null,medishares,mds
435,,2020/03/13,null,medishares,mds
436,,2020/03/14,null,medishares,mds
437,,2020/03/15,null,medishares,mds
438,,2020/03/16,null,medishares,mds
439,,2020/03/17,null,medishares,mds
440,,2020/03/18,null,medishares,mds
441,,2020/03/19,null,medishares,mds
442,,2020/03/20,null,medishares,mds
443,,2020/03/21,null,medishares,mds
444,,2020/03/22,null,medishares,mds
445,,2020/03/23,null,medishares,mds
446,,2020/03/24,null,medishares,mds
447,,2020/03/25,null,medishares,mds
448,,2020/03/26,null,medishares,mds
449,,2020/03/27,null,medishares,mds
450,,2020/03/28,null,medishares,mds
451,,2020/03/29,null,medishares,mds
452,,2020/03/30,null,medishares,mds
453,,2020/03/31,null,medishares,mds
454,,2020/04/01,null,medishares,mds
455,,2020/04/02,null,medishares,mds
456,,2020/04/03,null,medishares,mds
457,,2020/04/04,null,medishares,mds
458,,2020/04/05,null,medishares,mds
459,,2020/04/06,null,medishares,mds
460,,2020/04/07,null,medishares,mds
461,,2020/04/08,null,medishares,mds
462,,2020/04/09,null,medishares,mds
463,,2020/04/10,null,medishares,mds
464,,2020/04/11,null,medishares,mds
465,,2020/04/12,null,medishares,mds
466,,2020/04/13,null,medishares,mds
467,,2020/04/14,null,medishares,mds
468,,2020/04/15,2,medishares,mds
469,,2020/04/16,null,medishares,mds
470,,2020/04/17,null,medishares,mds
471,,2020/04/18,null,medishares,mds
472,,2020/04/19,null,medishares,mds
473,,2020/04/20,null,medishares,mds
474,,2020/04/21,null,medishares,mds
475,,2020/04/22,null,medishares,mds
476,,2020/04/23,null,medishares,mds
477,,2020/04/24,null,medishares,mds
478,,2020/04/25,null,medishares,mds
479,,2020/04/26,null,medishares,mds
480,,2020/04/27,null,medishares,mds
481,,2020/04/28,null,medishares,mds
482,,2020/04/29,null,medishares,mds
483,,2020/04/30,null,medishares,mds
484,,2020/05/01,null,medishares,mds
485,,2020/05/02,null,medishares,mds
486,,2020/05/03,null,medishares,mds
487,,2020/05/04,null,medishares,mds
488,,2020/05/05,null,medishares,mds
489,,2020/05/06,null,medishares,mds
490,,2020/05/07,null,medishares,mds
491,,2020/05/08,null,medishares,mds
492,,2020/05/09,null,medishares,mds
493,,2020/05/10,null,medishares,mds
494,,2020/05/11,null,medishares,mds
495,,2020/05/12,null,medishares,mds
496,,2020/05/13,null,medishares,mds
497,,2020/05/14,null,medishares,mds
498,,2020/05/15,null,medishares,mds
499,,2020/05/16,2,medishares,mds
500,,2020/05/17,null,medishares,mds
501,,2020/05/18,null,medishares,mds
502,,2020/05/19,null,medishares,mds
503,,2020/05/20,null,medishares,mds
504,,2020/05/21,null,medishares,mds
505,,2020/05/22,null,medishares,mds
506,,2020/05/23,null,medishares,mds
507,,2020/05/24,null,medishares,mds
508,,2020/05/25,null,medishares,mds
509,,2020/05/26,null,medishares,mds
510,,2020/05/27,null,medishares,mds
511,,2020/05/28,null,medishares,mds
512,,2020/05/29,null,medishares,mds
513,,2020/05/30,null,medishares,mds
514,,2020/05/31,null,medishares,mds
515,,2020/06/01,null,medishares,mds
516,,2020/06/02,null,medishares,mds
517,,2020/06/03,null,medishares,mds
518,,2020/06/04,null,medishares,mds
519,,2020/06/05,null,medishares,mds
520,,2020/06/06,null,medishares,mds
521,,2020/06/07,null,medishares,mds
522,,2020/06/08,null,medishares,mds
523,,2020/06/09,null,medishares,mds
524,,2020/06/10,null,medishares,mds
525,,2020/06/11,null,medishares,mds
526,,2020/06/12,null,medishares,mds
527,,2020/06/13,null,medishares,mds
528,,2020/06/14,null,medishares,mds
529,,2020/06/15,null,medishares,mds
530,,2020/06/16,null,medishares,mds
531,,2020/06/17,null,medishares,mds
532,,2020/06/18,null,medishares,mds
533,,2020/06/19,null,medishares,mds
534,,2020/06/20,null,medishares,mds
535,,2020/06/21,null,medishares,mds
536,,2020/06/22,null,medishares,mds
537,,2020/06/23,null,medishares,mds
538,,2020/06/24,null,medishares,mds
539,,2020/06/25,1,medishares,mds
540,,2020/06/26,null,medishares,mds
541,,2020/06/27,1,medishares,mds
542,,2020/06/28,null,medishares,mds
543,,2020/06/29,null,medishares,mds
544,,2020/06/30,null,medishares,mds
545,,2020/07/01,null,medishares,mds
546,,2020/07/02,null,medishares,mds
547,,2020/07/03,null,medishares,mds
548,,2020/07/04,null,medishares,mds
549,,2020/07/05,null,medishares,mds
550,,2020/07/06,null,medishares,mds
551,,2020/07/07,null,medishares,mds
552,,2020/07/08,null,medishares,mds
553,,2020/07/09,null,medishares,mds
554,,2020/07/10,null,medishares,mds
555,,2020/07/11,null,medishares,mds
556,,2020/07/12,null,medishares,mds
557,,2020/07/13,null,medishares,mds
558,,2020/07/14,null,medishares,mds
559,,2020/07/15,null,medishares,mds
560,,2020/07/16,null,medishares,mds
561,,2020/07/17,null,medishares,mds
562,,2020/07/18,null,medishares,mds
563,,2020/07/19,null,medishares,mds
564,,2020/07/20,null,medishares,mds
565,,2020/07/21,null,medishares,mds
566,,2020/07/22,null,medishares,mds
567,,2020/07/23,null,medishares,mds
568,,2020/07/24,null,medishares,mds
569,,2020/07/25,null,medishares,mds
570,,2020/07/26,null,medishares,mds
571,,2020/07/27,null,medishares,mds
572,,2020/07/28,null,medishares,mds
573,,2020/07/29,null,medishares,mds
574,,2020/07/30,null,medishares,mds
575,,2020/07/31,null,medishares,mds
576,,2020/08/01,null,medishares,mds
577,,2020/08/02,null,medishares,mds
578,,2020/08/03,null,medishares,mds
579,,2020/08/04,null,medishares,mds
580,,2020/08/05,null,medishares,mds
581,,2020/08/06,2,medishares,mds
582,,2020/08/07,1,medishares,mds
583,,2020/08/08,null,medishares,mds
584,,2020/08/09,null,medishares,mds
585,,2020/08/10,null,medishares,mds
586,,2020/08/11,null,medishares,mds
587,,2020/08/12,null,medishares,mds
588,,2020/08/13,null,medishares,mds
589,,2020/08/14,null,medishares,mds
590,,2020/08/15,null,medishares,mds
591,,2020/08/16,null,medishares,mds
592,,2020/08/17,null,medishares,mds
593,,2020/08/18,null,medishares,mds
594,,2020/08/19,null,medishares,mds
595,,2020/08/20,null,medishares,mds
596,,2020/08/21,null,medishares,mds
597,,2020/08/22,null,medishares,mds
598,,2020/08/23,null,medishares,mds
599,,2020/08/24,null,medishares,mds
600,,2020/08/25,null,medishares,mds
601,,2020/08/26,null,medishares,mds
602,,2020/08/27,null,medishares,mds
603,,2020/08/28,null,medishares,mds
604,,2020/08/29,null,medishares,mds
605,,2020/08/30,null,medishares,mds
606,,2020/08/31,1,medishares,mds
607,,2020/09/01,null,medishares,mds
608,,2020/09/02,1,medishares,mds
609,,2020/09/03,null,medishares,mds
610,,2020/09/04,1,medishares,mds
611,,2020/09/05,null,medishares,mds
612,,2020/09/06,null,medishares,mds
613,,2020/09/07,null,medishares,mds
614,,2020/09/08,null,medishares,mds
615,,2020/09/09,null,medishares,mds
616,,2020/09/10,null,medishares,mds
617,,2020/09/11,null,medishares,mds
618,,2020/09/12,null,medishares,mds
619,,2020/09/13,null,medishares,mds
620,,2020/09/14,null,medishares,mds
621,,2020/09/15,null,medishares,mds
622,,2020/09/16,null,medishares,mds
623,,2020/09/17,null,medishares,mds
624,,2020/09/18,null,medishares,mds
625,,2020/09/19,null,medishares,mds
626,,2020/09/20,null,medishares,mds
627,,2020/09/21,null,medishares,mds
628,,2020/09/22,null,medishares,mds
629,,2020/09/23,null,medishares,mds
630,,2020/09/24,null,medishares,mds
631,,2020/09/25,1,medishares,mds
632,,2020/09/26,null,medishares,mds
633,,2020/09/27,null,medishares,mds
634,,2020/09/28,null,medishares,mds
635,,2020/09/29,null,medishares,mds
636,,2020/09/30,null,medishares,mds
637,,2020/10/01,null,medishares,mds
638,,2020/10/02,null,medishares,mds
639,,2020/10/03,null,medishares,mds
640,,2020/10/04,null,medishares,mds
641,,2020/10/05,null,medishares,mds
642,,2020/10/06,null,medishares,mds
643,,2020/10/07,null,medishares,mds
644,,2020/10/08,null,medishares,mds
645,,2020/10/09,null,medishares,mds
646,,2020/10/10,null,medishares,mds
647,,2020/10/11,null,medishares,mds
648,,2020/10/12,null,medishares,mds
649,,2020/10/13,null,medishares,mds
650,,2020/10/14,null,medishares,mds
651,,2020/10/15,null,medishares,mds
652,,2020/10/16,null,medishares,mds
653,,2020/10/17,null,medishares,mds
654,,2020/10/18,null,medishares,mds
655,,2020/10/19,null,medishares,mds
656,,2020/10/20,null,medishares,mds
657,,2020/10/21,null,medishares,mds
658,,2020/10/22,null,medishares,mds
659,,2020/10/23,null,medishares,mds
660,,2020/10/24,null,medishares,mds
661,,2020/10/25,null,medishares,mds
662,,2020/10/26,null,medishares,mds
663,,2020/10/27,null,medishares,mds
664,,2020/10/28,null,medishares,mds
665,,2020/10/29,null,medishares,mds
666,,2020/10/30,null,medishares,mds
667,,2020/10/31,null,medishares,mds
668,,2020/11/01,null,medishares,mds
669,,2020/11/02,null,medishares,mds
670,,2020/11/03,null,medishares,mds
671,,2020/11/04,null,medishares,mds
672,,2020/11/05,null,medishares,mds
673,,2020/11/06,null,medishares,mds
674,,2020/11/07,null,medishares,mds
675,,2020/11/08,null,medishares,mds
676,,2020/11/09,null,medishares,mds
677,,2020/11/10,null,medishares,mds
678,,2020/11/11,null,medishares,mds
679,,2020/11/12,null,medishares,mds
680,,2020/11/13,null,medishares,mds
681,,2020/11/14,null,medishares,mds
682,,2020/11/15,null,medishares,mds
683,,2020/11/16,null,medishares,mds
684,,2020/11/17,null,medishares,mds
685,,2020/11/18,null,medishares,mds
686,,2020/11/19,null,medishares,mds
687,,2020/11/20,null,medishares,mds
688,,2020/11/21,null,medishares,mds
689,,2020/11/22,null,medishares,mds
690,,2020/11/23,null,medishares,mds
691,,2020/11/24,null,medishares,mds
692,,2020/11/25,null,medishares,mds
693,,2020/11/26,null,medishares,mds
694,,2020/11/27,null,medishares,mds
695,,2020/11/28,null,medishares,mds
696,,2020/11/29,null,medishares,mds
697,,2020/11/30,null,medishares,mds
698,,2020/12/01,null,medishares,mds
699,,2020/12/02,1,medishares,mds
700,,2020/12/03,null,medishares,mds
701,,2020/12/04,null,medishares,mds
702,,2020/12/05,null,medishares,mds
703,,2020/12/06,null,medishares,mds
704,,2020/12/07,null,medishares,mds
705,,2020/12/08,null,medishares,mds
706,,2020/12/09,null,medishares,mds
707,,2020/12/10,null,medishares,mds
708,,2020/12/11,null,medishares,mds
709,,2020/12/12,null,medishares,mds
710,,2020/12/13,null,medishares,mds
711,,2020/12/14,null,medishares,mds
712,,2020/12/15,null,medishares,mds
713,,2020/12/16,null,medishares,mds
714,,2020/12/17,null,medishares,mds
715,,2020/12/18,null,medishares,mds
716,,2020/12/19,null,medishares,mds
717,,2020/12/20,null,medishares,mds
718,,2020/12/21,null,medishares,mds
719,,2020/12/22,null,medishares,mds
720,,2020/12/23,null,medishares,mds
721,,2020/12/24,null,medishares,mds
722,,2020/12/25,null,medishares,mds
723,,2020/12/26,null,medishares,mds
724,,2020/12/27,null,medishares,mds
725,,2020/12/28,null,medishares,mds
726,,2020/12/29,null,medishares,mds
727,,2020/12/30,null,medishares,mds
728,,2020/12/31,null,medishares,mds
729,,2021/01/01,null,medishares,mds
730,,2021/01/02,null,medishares,mds
731,,2021/01/03,null,medishares,mds
732,,2021/01/04,null,medishares,mds
733,,2021/01/05,null,medishares,mds
734,,2021/01/06,null,medishares,mds
735,,2021/01/07,null,medishares,mds
736,,2021/01/08,null,medishares,mds
737,,2021/01/09,null,medishares,mds
738,,2021/01/10,null,medishares,mds
739,,2021/01/11,null,medishares,mds
740,,2021/01/12,null,medishares,mds
741,,2021/01/13,null,medishares,mds
742,,2021/01/14,null,medishares,mds
743,,2021/01/15,null,medishares,mds
744,,2021/01/16,null,medishares,mds
745,,2021/01/17,null,medishares,mds
746,,2021/01/18,null,medishares,mds
747,,2021/01/19,null,medishares,mds
748,,2021/01/20,null,medishares,mds
749,,2021/01/21,null,medishares,mds
750,,2021/01/22,null,medishares,mds
751,,2021/01/23,null,medishares,mds
752,,2021/01/24,null,medishares,mds
753,,2021/01/25,null,medishares,mds
754,,2021/01/26,null,medishares,mds
755,,2021/01/27,null,medishares,mds
756,,2021/01/28,null,medishares,mds
757,,2021/01/29,null,medishares,mds
758,,2021/01/30,null,medishares,mds
759,,2021/01/31,null,medishares,mds
760,,2021/02/01,null,medishares,mds
761,,2021/02/02,null,medishares,mds
762,,2021/02/03,null,medishares,mds
763,,2021/02/04,null,medishares,mds
764,,2021/02/05,null,medishares,mds
765,,2021/02/06,null,medishares,mds
766,,2021/02/07,null,medishares,mds
767,,2021/02/08,null,medishares,mds
768,,2021/02/09,null,medishares,mds
769,,2021/02/10,null,medishares,mds
770,,2021/02/11,null,medishares,mds
771,,2021/02/12,null,medishares,mds
772,,2021/02/13,null,medishares,mds
773,,2021/02/14,null,medishares,mds
774,,2021/02/15,null,medishares,mds
775,,2021/02/16,null,medishares,mds
776,,2021/02/17,null,medishares,mds
777,,2021/02/18,null,medishares,mds
778,,2021/02/19,null,medishares,mds
779,,2021/02/20,null,medishares,mds
780,,2021/02/21,null,medishares,mds
781,,2021/02/22,null,medishares,mds
782,,2021/02/23,null,medishares,mds
783,,2021/02/24,null,medishares,mds
784,,2021/02/25,null,medishares,mds
785,,2021/02/26,null,medishares,mds
786,,2021/02/27,null,medishares,mds
787,,2021/02/28,null,medishares,mds
788,,2021/03/01,null,medishares,mds
789,,2021/03/02,null,medishares,mds
790,,2021/03/03,null,medishares,mds
791,,2021/03/04,null,medishares,mds
792,,2021/03/05,null,medishares,mds
793,,2021/03/06,1,medishares,mds
794,,2021/03/07,null,medishares,mds
795,,2021/03/08,null,medishares,mds
796,,2021/03/09,null,medishares,mds
797,,2021/03/10,null,medishares,mds
798,,2021/03/11,null,medishares,mds
799,,2021/03/12,null,medishares,mds
800,,2021/03/13,null,medishares,mds
801,,2021/03/14,null,medishares,mds
802,,2021/03/15,null,medishares,mds
803,,2021/03/16,null,medishares,mds
804,,2021/03/17,null,medishares,mds
805,,2021/03/18,null,medishares,mds
806,,2021/03/19,null,medishares,mds
807,,2021/03/20,null,medishares,mds
808,,2021/03/21,null,medishares,mds
809,,2021/03/22,null,medishares,mds
810,,2021/03/23,null,medishares,mds
811,,2021/03/24,1,medishares,mds
812,,2021/03/25,null,medishares,mds
813,,2021/03/26,null,medishares,mds
814,,2021/03/27,null,medishares,mds
815,,2021/03/28,null,medishares,mds
816,,2021/03/29,null,medishares,mds
817,,2021/03/30,null,medishares,mds
818,,2021/03/31,null,medishares,mds
819,,2021/04/01,null,medishares,mds
820,,2021/04/02,null,medishares,mds
821,,2021/04/03,null,medishares,mds
822,,2021/04/04,null,medishares,mds
823,,2021/04/05,null,medishares,mds
824,,2021/04/06,null,medishares,mds
825,,2021/04/07,null,medishares,mds
826,,2021/04/08,null,medishares,mds
827,,2021/04/09,null,medishares,mds
828,,2021/04/10,null,medishares,mds
829,,2021/04/11,null,medishares,mds
830,,2021/04/12,null,medishares,mds
831,,2021/04/13,null,medishares,mds
832,,2021/04/14,null,medishares,mds
833,,2021/04/15,null,medishares,mds
834,,2021/04/16,null,medishares,mds
835,,2021/04/17,null,medishares,mds
836,,2021/04/18,null,medishares,mds
837,,2021/04/19,null,medishares,mds
838,,2021/04/20,null,medishares,mds
839,,2021/04/21,null,medishares,mds
840,,2021/04/22,null,medishares,mds
841,,2021/04/23,null,medishares,mds
842,,2021/04/24,null,medishares,mds
843,,2021/04/25,null,medishares,mds
844,,2021/04/26,null,medishares,mds
845,,2021/04/27,null,medishares,mds
846,,2021/04/28,null,medishares,mds
847,,2021/04/29,null,medishares,mds
848,,2021/04/30,null,medishares,mds
849,,2021/05/01,null,medishares,mds
850,,2021/05/02,null,medishares,mds
851,,2021/05/03,null,medishares,mds
852,,2021/05/04,null,medishares,mds
853,,2021/05/05,null,medishares,mds
854,,2021/05/06,null,medishares,mds
855,,2021/05/07,null,medishares,mds
856,,2021/05/08,null,medishares,mds
857,,2021/05/09,null,medishares,mds
858,,2021/05/10,null,medishares,mds
859,,2021/05/11,null,medishares,mds
860,,2021/05/12,null,medishares,mds
861,,2021/05/13,null,medishares,mds
862,,2021/05/14,null,medishares,mds
863,,2021/05/15,null,medishares,mds
864,,2021/05/16,null,medishares,mds
865,,2021/05/17,null,medishares,mds
866,,2021/05/18,null,medishares,mds
867,,2021/05/19,null,medishares,mds
868,,2021/05/20,null,medishares,mds
869,,2021/05/21,null,medishares,mds
870,,2021/05/22,null,medishares,mds
871,,2021/05/23,null,medishares,mds
872,,2021/05/24,null,medishares,mds
873,,2021/05/25,null,medishares,mds
874,,2021/05/26,null,medishares,mds
875,,2021/05/27,null,medishares,mds
876,,2021/05/28,null,medishares,mds
877,,2021/05/29,null,medishares,mds
878,,2021/05/30,null,medishares,mds
879,,2021/05/31,null,medishares,mds
880,,2021/06/01,null,medishares,mds
881,,2021/06/02,null,medishares,mds
882,,2021/06/03,null,medishares,mds
883,,2021/06/04,null,medishares,mds
884,,2021/06/05,null,medishares,mds
885,,2021/06/06,null,medishares,mds
886,,2021/06/07,null,medishares,mds
887,,2021/06/08,null,medishares,mds
888,,2021/06/09,null,medishares,mds
889,,2021/06/10,null,medishares,mds
890,,2021/06/11,null,medishares,mds
891,,2021/06/12,null,medishares,mds
892,,2021/06/13,null,medishares,mds
893,,2021/06/14,null,medishares,mds
894,,2021/06/15,null,medishares,mds
895,,2021/06/16,null,medishares,mds
896,,2021/06/17,null,medishares,mds
897,,2021/06/18,null,medishares,mds
898,,2021/06/19,null,medishares,mds
899,,2021/06/20,null,medishares,mds
900,,2021/06/21,null,medishares,mds
901,,2021/06/22,null,medishares,mds
902,,2021/06/23,null,medishares,mds
903,,2021/06/24,null,medishares,mds
904,,2021/06/25,null,medishares,mds
905,,2021/06/26,null,medishares,mds
906,,2021/06/27,null,medishares,mds
907,,2021/06/28,null,medishares,mds
908,,2021/06/29,null,medishares,mds
909,,2021/06/30,null,medishares,mds
910,,2021/07/01,null,medishares,mds
911,,2021/07/02,null,medishares,mds
912,,2021/07/03,null,medishares,mds
913,,2021/07/04,null,medishares,mds
914,,2021/07/05,null,medishares,mds
915,,2021/07/06,null,medishares,mds
916,,2021/07/07,null,medishares,mds
917,,2021/07/08,null,medishares,mds
918,,2021/07/09,null,medishares,mds
919,,2021/07/10,null,medishares,mds
920,,2021/07/11,null,medishares,mds
921,,2021/07/12,null,medishares,mds
922,,2021/07/13,null,medishares,mds
923,,2021/07/14,null,medishares,mds
924,,2021/07/15,null,medishares,mds
925,,2021/07/16,null,medishares,mds
926,,2021/07/17,null,medishares,mds
927,,2021/07/18,null,medishares,mds
928,,2021/07/19,null,medishares,mds
929,,2021/07/20,null,medishares,mds
930,,2021/07/21,null,medishares,mds
931,,2021/07/22,null,medishares,mds
932,,2021/07/23,null,medishares,mds
933,,2021/07/24,null,medishares,mds
934,,2021/07/25,null,medishares,mds
935,,2021/07/26,null,medishares,mds
936,,2021/07/27,null,medishares,mds
937,,2021/07/28,null,medishares,mds
938,,2021/07/29,null,medishares,mds
939,,2021/07/30,null,medishares,mds
940,,2021/07/31,null,medishares,mds
941,,2021/08/01,null,medishares,mds
942,,2021/08/02,null,medishares,mds
943,,2021/08/03,null,medishares,mds
944,,2021/08/04,null,medishares,mds
945,,2021/08/05,null,medishares,mds
946,,2021/08/06,null,medishares,mds
947,,2021/08/07,null,medishares,mds
948,,2021/08/08,null,medishares,mds
949,,2021/08/09,null,medishares,mds
950,,2021/08/10,null,medishares,mds
951,,2021/08/11,3,medishares,mds
