,date,tweets,google_trends,full_name,coin
0,2018/01/09,6,,memetic,meme
1,2018/01/10,21,,memetic,meme
2,2018/01/11,8,,memetic,meme
3,2018/01/12,8,,memetic,meme
4,2018/01/13,null,,memetic,meme
5,2018/01/14,null,,memetic,meme
6,2018/01/15,null,,memetic,meme
7,2018/01/16,null,,memetic,meme
8,2018/01/17,null,,memetic,meme
9,2018/01/18,null,,memetic,meme
10,2018/01/19,null,,memetic,meme
11,2018/01/20,null,,memetic,meme
12,2018/01/21,null,,memetic,meme
13,2018/01/22,null,,memetic,meme
14,2018/01/23,null,,memetic,meme
15,2018/01/24,null,,memetic,meme
16,2018/01/25,null,,memetic,meme
17,2018/01/26,null,,memetic,meme
18,2018/01/27,null,,memetic,meme
19,2018/01/28,null,,memetic,meme
20,2018/01/29,null,,memetic,meme
21,2018/01/30,null,,memetic,meme
22,2018/01/31,null,,memetic,meme
23,2018/02/01,null,,memetic,meme
24,2018/02/02,null,,memetic,meme
25,2018/02/03,null,,memetic,meme
26,2018/02/04,null,,memetic,meme
27,2018/02/05,null,,memetic,meme
28,2018/02/06,null,,memetic,meme
29,2018/02/07,null,,memetic,meme
30,2018/02/08,null,,memetic,meme
31,2018/02/09,null,,memetic,meme
32,2018/02/10,null,,memetic,meme
33,2018/02/11,null,,memetic,meme
34,2018/02/12,null,,memetic,meme
35,2018/02/13,null,,memetic,meme
36,2018/02/14,null,,memetic,meme
37,2018/02/15,null,,memetic,meme
38,2018/02/16,null,,memetic,meme
39,2018/02/17,null,,memetic,meme
40,2018/02/18,null,,memetic,meme
41,2018/02/19,null,,memetic,meme
42,2018/02/20,null,,memetic,meme
43,2018/02/21,null,,memetic,meme
44,2018/02/22,null,,memetic,meme
45,2018/02/23,null,,memetic,meme
46,2018/02/24,null,,memetic,meme
47,2018/02/25,null,,memetic,meme
48,2018/02/26,null,,memetic,meme
49,2018/02/27,null,,memetic,meme
50,2018/02/28,null,,memetic,meme
51,2018/03/01,null,,memetic,meme
52,2018/03/02,null,,memetic,meme
53,2018/03/03,null,,memetic,meme
54,2018/03/04,null,,memetic,meme
55,2018/03/05,null,,memetic,meme
56,2018/03/06,null,,memetic,meme
57,2018/03/07,null,,memetic,meme
58,2018/03/08,null,,memetic,meme
59,2018/03/09,null,,memetic,meme
60,2018/03/10,null,,memetic,meme
61,2018/03/11,null,,memetic,meme
62,2018/03/12,null,,memetic,meme
63,2018/03/13,null,,memetic,meme
64,2018/03/14,null,,memetic,meme
65,2018/03/15,null,,memetic,meme
66,2018/03/16,null,,memetic,meme
67,2018/03/17,null,,memetic,meme
68,2018/03/18,null,,memetic,meme
69,2018/03/19,null,,memetic,meme
70,2018/03/20,null,,memetic,meme
71,2018/03/21,null,,memetic,meme
72,2018/03/22,null,,memetic,meme
73,2018/03/23,null,,memetic,meme
74,2018/03/24,null,,memetic,meme
75,2018/03/25,null,,memetic,meme
76,2018/03/26,null,,memetic,meme
77,2018/03/27,null,,memetic,meme
78,2018/03/28,null,,memetic,meme
79,2018/03/29,null,,memetic,meme
80,2018/03/30,null,,memetic,meme
81,2018/03/31,null,,memetic,meme
82,2018/04/01,null,,memetic,meme
83,2018/04/02,null,,memetic,meme
84,2018/04/03,null,,memetic,meme
85,2018/04/04,null,,memetic,meme
86,2018/04/05,null,,memetic,meme
87,2018/04/06,null,,memetic,meme
88,2018/04/07,2,,memetic,meme
89,2018/04/08,5,,memetic,meme
90,2018/04/09,12,,memetic,meme
91,2018/04/10,1,,memetic,meme
92,2018/04/11,2,,memetic,meme
93,2018/04/12,1,,memetic,meme
94,2018/04/13,14,,memetic,meme
95,2018/04/14,10,,memetic,meme
96,2018/04/15,5,,memetic,meme
97,2018/04/16,2,,memetic,meme
98,2018/04/17,1,,memetic,meme
99,2018/04/18,2,,memetic,meme
100,2018/04/19,2,,memetic,meme
101,2018/04/20,5,,memetic,meme
102,2018/04/21,2,,memetic,meme
103,2018/04/22,4,,memetic,meme
104,2018/04/23,9,,memetic,meme
105,2018/04/24,1,,memetic,meme
106,2018/04/25,3,,memetic,meme
107,2018/04/26,12,,memetic,meme
108,2018/04/27,null,,memetic,meme
109,2018/04/28,1,,memetic,meme
110,2018/04/29,1,,memetic,meme
111,2018/04/30,1,,memetic,meme
112,2018/05/01,1,,memetic,meme
113,2018/05/02,1,,memetic,meme
114,2018/05/03,null,,memetic,meme
115,2018/05/04,1,,memetic,meme
116,2018/05/05,null,,memetic,meme
117,2018/05/06,null,,memetic,meme
118,2018/05/07,1,,memetic,meme
119,2018/05/08,1,,memetic,meme
120,2018/05/09,4,,memetic,meme
121,2018/05/10,null,,memetic,meme
122,2018/05/11,1,,memetic,meme
123,2018/05/12,1,,memetic,meme
124,2018/05/13,null,,memetic,meme
125,2018/05/14,1,,memetic,meme
126,2018/05/15,null,,memetic,meme
127,2018/05/16,2,,memetic,meme
128,2018/05/17,null,,memetic,meme
129,2018/05/18,4,,memetic,meme
130,2018/05/19,3,,memetic,meme
131,2018/05/20,null,,memetic,meme
132,2018/05/21,1,,memetic,meme
133,2018/05/22,null,,memetic,meme
134,2018/05/23,2,,memetic,meme
135,2018/05/24,null,,memetic,meme
136,2018/05/25,null,,memetic,meme
137,2018/05/26,1,,memetic,meme
138,2018/05/27,null,,memetic,meme
139,2018/05/28,null,,memetic,meme
140,2018/05/29,null,,memetic,meme
141,2018/05/30,null,,memetic,meme
142,2018/05/31,8,,memetic,meme
143,2018/06/01,null,,memetic,meme
144,2018/06/02,null,,memetic,meme
145,2018/06/03,null,,memetic,meme
146,2018/06/04,null,,memetic,meme
147,2018/06/05,null,,memetic,meme
148,2018/06/06,1,,memetic,meme
149,2018/06/07,2,,memetic,meme
150,2018/06/08,2,,memetic,meme
151,2018/06/09,2,,memetic,meme
152,2018/06/10,null,,memetic,meme
153,2018/06/11,null,,memetic,meme
154,2018/06/12,null,,memetic,meme
155,2018/06/13,null,,memetic,meme
156,2018/06/14,null,,memetic,meme
157,2018/06/15,null,,memetic,meme
158,2018/06/16,null,,memetic,meme
159,2018/06/17,2,,memetic,meme
160,2018/06/18,1,,memetic,meme
161,2018/06/19,1,,memetic,meme
162,2018/06/20,null,,memetic,meme
163,2018/06/21,null,,memetic,meme
164,2018/06/22,null,,memetic,meme
165,2018/06/23,2,,memetic,meme
166,2018/06/24,1,,memetic,meme
167,2018/06/25,null,,memetic,meme
168,2018/06/26,3,,memetic,meme
169,2018/06/27,null,,memetic,meme
170,2018/06/28,13,,memetic,meme
171,2018/06/29,null,,memetic,meme
172,2018/06/30,null,,memetic,meme
173,2018/07/01,null,,memetic,meme
174,2018/07/02,null,,memetic,meme
175,2018/07/03,12,,memetic,meme
176,2018/07/04,null,,memetic,meme
177,2018/07/05,null,,memetic,meme
178,2018/07/06,2,,memetic,meme
179,2018/07/07,null,,memetic,meme
180,2018/07/08,null,,memetic,meme
181,2018/07/09,2,,memetic,meme
182,2018/07/10,null,,memetic,meme
183,2018/07/11,2,,memetic,meme
184,2018/07/12,1,,memetic,meme
185,2018/07/13,1,,memetic,meme
186,2018/07/14,1,,memetic,meme
187,2018/07/15,1,,memetic,meme
188,2018/07/16,null,,memetic,meme
189,2018/07/17,null,,memetic,meme
190,2018/07/18,1,,memetic,meme
191,2018/07/19,null,,memetic,meme
192,2018/07/20,null,,memetic,meme
193,2018/07/21,1,,memetic,meme
194,2018/07/22,null,,memetic,meme
195,2018/07/23,null,,memetic,meme
196,2018/07/24,2,,memetic,meme
197,2018/07/25,null,,memetic,meme
198,2018/07/26,null,,memetic,meme
199,2018/07/27,null,,memetic,meme
200,2018/07/28,6,,memetic,meme
201,2018/07/29,2,,memetic,meme
202,2018/07/30,4,,memetic,meme
203,2018/07/31,1,,memetic,meme
204,2018/08/01,1,,memetic,meme
205,2018/08/02,1,,memetic,meme
206,2018/08/03,1,,memetic,meme
207,2018/08/04,1,,memetic,meme
208,2018/08/05,2,,memetic,meme
209,2018/08/06,1,,memetic,meme
210,2018/08/07,null,,memetic,meme
211,2018/08/08,1,,memetic,meme
212,2018/08/09,1,,memetic,meme
213,2018/08/10,3,,memetic,meme
214,2018/08/11,1,,memetic,meme
215,2018/08/12,1,,memetic,meme
216,2018/08/13,1,,memetic,meme
217,2018/08/14,3,,memetic,meme
218,2018/08/15,1,,memetic,meme
219,2018/08/16,4,,memetic,meme
220,2018/08/17,1,,memetic,meme
221,2018/08/18,1,,memetic,meme
222,2018/08/19,null,,memetic,meme
223,2018/08/20,1,,memetic,meme
224,2018/08/21,2,,memetic,meme
225,2018/08/22,1,,memetic,meme
226,2018/08/23,2,,memetic,meme
227,2018/08/24,2,,memetic,meme
228,2018/08/25,1,,memetic,meme
229,2018/08/26,1,,memetic,meme
230,2018/08/27,1,,memetic,meme
231,2018/08/28,1,,memetic,meme
232,2018/08/29,2,,memetic,meme
233,2018/08/30,null,,memetic,meme
234,2018/08/31,null,,memetic,meme
235,2018/09/01,3,,memetic,meme
236,2018/09/02,3,,memetic,meme
237,2018/09/03,1,,memetic,meme
238,2018/09/04,2,,memetic,meme
239,2018/09/05,null,,memetic,meme
240,2018/09/06,2,,memetic,meme
241,2018/09/07,2,,memetic,meme
242,2018/09/08,1,,memetic,meme
243,2018/09/09,1,,memetic,meme
244,2018/09/10,1,,memetic,meme
245,2018/09/11,1,,memetic,meme
246,2018/09/12,1,,memetic,meme
247,2018/09/13,4,,memetic,meme
248,2018/09/14,4,,memetic,meme
249,2018/09/15,null,,memetic,meme
250,2018/09/16,2,,memetic,meme
251,2018/09/17,2,,memetic,meme
252,2018/09/18,1,,memetic,meme
253,2018/09/19,1,,memetic,meme
254,2018/09/20,1,,memetic,meme
255,2018/09/21,1,,memetic,meme
256,2018/09/22,1,,memetic,meme
257,2018/09/23,1,,memetic,meme
258,2018/09/24,1,,memetic,meme
259,2018/09/25,1,,memetic,meme
260,2018/09/26,null,,memetic,meme
261,2018/09/27,2,,memetic,meme
262,2018/09/28,1,,memetic,meme
263,2018/09/29,3,,memetic,meme
264,2018/09/30,1,,memetic,meme
265,2018/10/01,2,,memetic,meme
266,2018/10/02,1,,memetic,meme
267,2018/10/03,23,,memetic,meme
268,2018/10/04,1,,memetic,meme
269,2018/10/05,3,,memetic,meme
270,2018/10/06,1,,memetic,meme
271,2018/10/07,1,,memetic,meme
272,2018/10/08,null,,memetic,meme
273,2018/10/09,1,,memetic,meme
274,2018/10/10,null,,memetic,meme
275,2018/10/11,null,,memetic,meme
276,2018/10/12,1,,memetic,meme
277,2018/10/13,null,,memetic,meme
278,2018/10/14,null,,memetic,meme
279,2018/10/15,null,,memetic,meme
280,2018/10/16,null,,memetic,meme
281,2018/10/17,1,,memetic,meme
282,2018/10/18,1,,memetic,meme
283,2018/10/19,null,,memetic,meme
284,2018/10/20,1,,memetic,meme
285,2018/10/21,1,,memetic,meme
286,2018/10/22,null,,memetic,meme
287,2018/10/23,null,,memetic,meme
288,2018/10/24,2,,memetic,meme
289,2018/10/25,3,,memetic,meme
290,2018/10/26,null,,memetic,meme
291,2018/10/27,1,,memetic,meme
292,2018/10/28,null,,memetic,meme
293,2018/10/29,null,,memetic,meme
294,2018/10/30,1,,memetic,meme
295,2018/10/31,null,,memetic,meme
296,2018/11/01,3,,memetic,meme
297,2018/11/02,1,,memetic,meme
298,2018/11/03,null,,memetic,meme
299,2018/11/04,null,,memetic,meme
300,2018/11/05,1,,memetic,meme
301,2018/11/06,null,,memetic,meme
302,2018/11/07,8,,memetic,meme
303,2018/11/08,null,,memetic,meme
304,2018/11/09,null,,memetic,meme
305,2018/11/10,null,,memetic,meme
306,2018/11/11,1,,memetic,meme
307,2018/11/12,null,,memetic,meme
308,2018/11/13,null,,memetic,meme
309,2018/11/14,1,,memetic,meme
310,2018/11/15,null,,memetic,meme
311,2018/11/16,null,,memetic,meme
312,2018/11/17,null,,memetic,meme
313,2018/11/18,null,,memetic,meme
314,2018/11/19,5,,memetic,meme
315,2018/11/20,3,,memetic,meme
316,2018/11/21,null,,memetic,meme
317,2018/11/22,1,,memetic,meme
318,2018/11/23,null,,memetic,meme
319,2018/11/24,1,,memetic,meme
320,2018/11/25,null,,memetic,meme
321,2018/11/26,null,,memetic,meme
322,2018/11/27,null,,memetic,meme
323,2018/11/28,2,,memetic,meme
324,2018/11/29,null,,memetic,meme
325,2018/11/30,2,,memetic,meme
326,2018/12/01,null,,memetic,meme
327,2018/12/02,2,,memetic,meme
328,2018/12/03,1,,memetic,meme
329,2018/12/04,null,,memetic,meme
330,2018/12/05,null,,memetic,meme
331,2018/12/06,null,,memetic,meme
332,2018/12/07,null,,memetic,meme
333,2018/12/08,null,,memetic,meme
334,2018/12/09,null,,memetic,meme
335,2018/12/10,1,,memetic,meme
336,2018/12/11,3,,memetic,meme
337,2018/12/12,null,,memetic,meme
338,2018/12/13,null,,memetic,meme
339,2018/12/14,null,,memetic,meme
340,2018/12/15,null,,memetic,meme
341,2018/12/16,null,,memetic,meme
342,2018/12/17,null,,memetic,meme
343,2018/12/18,null,,memetic,meme
344,2018/12/19,null,,memetic,meme
345,2018/12/20,null,,memetic,meme
346,2018/12/21,null,,memetic,meme
347,2018/12/22,null,,memetic,meme
348,2018/12/23,null,,memetic,meme
349,2018/12/24,null,,memetic,meme
350,2018/12/25,null,,memetic,meme
351,2018/12/26,null,,memetic,meme
352,2018/12/27,null,,memetic,meme
353,2018/12/28,null,,memetic,meme
354,2018/12/29,null,,memetic,meme
355,2018/12/30,null,,memetic,meme
356,2018/12/31,null,,memetic,meme
357,2019/01/01,null,,memetic,meme
358,2019/01/02,null,,memetic,meme
359,2019/01/03,null,,memetic,meme
360,2019/01/04,null,,memetic,meme
361,2019/01/05,null,,memetic,meme
362,2019/01/06,null,,memetic,meme
363,2019/01/07,null,,memetic,meme
364,2019/01/08,null,,memetic,meme
365,2019/01/09,1,,memetic,meme
366,2019/01/10,null,,memetic,meme
367,2019/01/11,null,,memetic,meme
368,2019/01/12,null,,memetic,meme
369,2019/01/13,null,,memetic,meme
370,2019/01/14,null,,memetic,meme
371,2019/01/15,null,,memetic,meme
372,2019/01/16,null,,memetic,meme
373,2019/01/17,null,,memetic,meme
374,2019/01/18,null,,memetic,meme
375,2019/01/19,null,,memetic,meme
376,2019/01/20,null,,memetic,meme
377,2019/01/21,2,,memetic,meme
378,2019/01/22,1,,memetic,meme
379,2019/01/23,null,,memetic,meme
380,2019/01/24,1,,memetic,meme
381,2019/01/25,null,,memetic,meme
382,2019/01/26,null,,memetic,meme
383,2019/01/27,null,,memetic,meme
384,2019/01/28,null,,memetic,meme
385,2019/01/29,null,,memetic,meme
386,2019/01/30,null,,memetic,meme
387,2019/01/31,null,,memetic,meme
388,2019/02/01,1,,memetic,meme
389,2019/02/02,2,,memetic,meme
390,2019/02/03,null,,memetic,meme
391,2019/02/04,null,,memetic,meme
392,2019/02/05,null,,memetic,meme
393,2019/02/06,null,,memetic,meme
394,2019/02/07,null,,memetic,meme
395,2019/02/08,null,,memetic,meme
396,2019/02/09,null,,memetic,meme
397,2019/02/10,null,,memetic,meme
398,2019/02/11,null,,memetic,meme
399,2019/02/12,null,,memetic,meme
400,2019/02/13,null,,memetic,meme
401,2019/02/14,null,,memetic,meme
402,2019/02/15,null,,memetic,meme
403,2019/02/16,null,,memetic,meme
404,2019/02/17,null,,memetic,meme
405,2019/02/18,null,,memetic,meme
406,2019/02/19,null,,memetic,meme
407,2019/02/20,null,,memetic,meme
408,2019/02/21,null,,memetic,meme
409,2019/02/22,null,,memetic,meme
410,2019/02/23,null,,memetic,meme
411,2019/02/24,null,,memetic,meme
412,2019/02/25,null,,memetic,meme
413,2019/02/26,null,,memetic,meme
414,2019/02/27,null,,memetic,meme
415,2019/02/28,null,,memetic,meme
416,2019/03/01,null,,memetic,meme
417,2019/03/02,null,,memetic,meme
418,2019/03/03,null,,memetic,meme
419,2019/03/04,null,,memetic,meme
420,2019/03/05,null,,memetic,meme
421,2019/03/06,5,,memetic,meme
422,2019/03/07,2,,memetic,meme
423,2019/03/08,3,,memetic,meme
424,2019/03/09,null,,memetic,meme
425,2019/03/10,null,,memetic,meme
426,2019/03/11,null,,memetic,meme
427,2019/03/12,null,,memetic,meme
428,2019/03/13,null,,memetic,meme
429,2019/03/14,null,,memetic,meme
430,2019/03/15,null,,memetic,meme
431,2019/03/16,null,,memetic,meme
432,2019/03/17,null,,memetic,meme
433,2019/03/18,null,,memetic,meme
434,2019/03/19,null,,memetic,meme
435,2019/03/20,null,,memetic,meme
436,2019/03/21,null,,memetic,meme
437,2019/03/22,null,,memetic,meme
438,2019/03/23,null,,memetic,meme
439,2019/03/24,null,,memetic,meme
440,2019/03/25,null,,memetic,meme
441,2019/03/26,null,,memetic,meme
442,2019/03/27,null,,memetic,meme
443,2019/03/28,null,,memetic,meme
444,2019/03/29,null,,memetic,meme
445,2019/03/30,null,,memetic,meme
446,2019/03/31,null,,memetic,meme
447,2019/04/01,null,,memetic,meme
448,2019/04/02,null,,memetic,meme
449,2019/04/03,null,,memetic,meme
450,2019/04/04,null,,memetic,meme
451,2019/04/05,null,,memetic,meme
452,2019/04/06,null,,memetic,meme
453,2019/04/07,null,,memetic,meme
454,2019/04/08,null,,memetic,meme
455,2019/04/09,null,,memetic,meme
456,2019/04/10,null,,memetic,meme
457,2019/04/11,null,,memetic,meme
458,2019/04/12,null,,memetic,meme
459,2019/04/13,null,,memetic,meme
460,2019/04/14,null,,memetic,meme
461,2019/04/15,null,,memetic,meme
462,2019/04/16,null,,memetic,meme
463,2019/04/17,null,,memetic,meme
464,2019/04/18,null,,memetic,meme
465,2019/04/19,null,,memetic,meme
466,2019/04/20,null,,memetic,meme
467,2019/04/21,null,,memetic,meme
468,2019/04/22,null,,memetic,meme
469,2019/04/23,null,,memetic,meme
470,2019/04/24,null,,memetic,meme
471,2019/04/25,null,,memetic,meme
472,2019/04/26,5,,memetic,meme
473,2019/04/27,null,,memetic,meme
474,2019/04/28,null,,memetic,meme
475,2019/04/29,null,,memetic,meme
476,2019/04/30,null,,memetic,meme
477,2019/05/01,null,,memetic,meme
478,2019/05/02,null,,memetic,meme
479,2019/05/03,null,,memetic,meme
480,2019/05/04,null,,memetic,meme
481,2019/05/05,null,,memetic,meme
482,2019/05/06,null,,memetic,meme
483,2019/05/07,3,,memetic,meme
484,2019/05/08,null,,memetic,meme
485,2019/05/09,null,,memetic,meme
486,2019/05/10,null,,memetic,meme
487,2019/05/11,null,,memetic,meme
488,2019/05/12,null,,memetic,meme
489,2019/05/13,1,,memetic,meme
490,2019/05/14,1,,memetic,meme
491,2019/05/15,null,,memetic,meme
492,2019/05/16,null,,memetic,meme
493,2019/05/17,null,,memetic,meme
494,2019/05/18,null,,memetic,meme
495,2019/05/19,null,,memetic,meme
496,2019/05/20,null,,memetic,meme
497,2019/05/21,null,,memetic,meme
498,2019/05/22,null,,memetic,meme
499,2019/05/23,null,,memetic,meme
500,2019/05/24,null,,memetic,meme
501,2019/05/25,null,,memetic,meme
502,2019/05/26,null,,memetic,meme
503,2019/05/27,null,,memetic,meme
504,2019/05/28,null,,memetic,meme
505,2019/05/29,null,,memetic,meme
506,2019/05/30,null,,memetic,meme
507,2019/05/31,null,,memetic,meme
508,2019/06/01,null,,memetic,meme
509,2019/06/02,null,,memetic,meme
510,2019/06/03,9,,memetic,meme
511,2019/06/04,3,,memetic,meme
512,2019/06/05,null,,memetic,meme
513,2019/06/06,null,,memetic,meme
514,2019/06/07,null,,memetic,meme
515,2019/06/08,1,,memetic,meme
516,2019/06/09,1,,memetic,meme
517,2019/06/10,null,,memetic,meme
518,2019/06/11,null,,memetic,meme
519,2019/06/12,null,,memetic,meme
520,2019/06/13,null,,memetic,meme
521,2019/06/14,null,,memetic,meme
522,2019/06/15,null,,memetic,meme
523,2019/06/16,null,,memetic,meme
524,2019/06/17,null,,memetic,meme
525,2019/06/18,null,,memetic,meme
526,2019/06/19,null,,memetic,meme
527,2019/06/20,null,,memetic,meme
528,2019/06/21,null,,memetic,meme
529,2019/06/22,null,,memetic,meme
530,2019/06/23,null,,memetic,meme
531,2019/06/24,null,,memetic,meme
532,2019/06/25,null,,memetic,meme
533,2019/06/26,null,,memetic,meme
534,2019/06/27,null,,memetic,meme
535,2019/06/28,null,,memetic,meme
536,2019/06/29,null,,memetic,meme
537,2019/06/30,null,,memetic,meme
538,2019/07/01,null,,memetic,meme
539,2019/07/02,null,,memetic,meme
540,2019/07/03,null,,memetic,meme
541,2019/07/04,null,,memetic,meme
542,2019/07/05,null,,memetic,meme
543,2019/07/06,null,,memetic,meme
544,2019/07/07,null,,memetic,meme
545,2019/07/08,null,,memetic,meme
546,2019/07/09,null,,memetic,meme
547,2019/07/10,null,,memetic,meme
548,2019/07/11,null,,memetic,meme
549,2019/07/12,null,,memetic,meme
550,2019/07/13,null,,memetic,meme
551,2019/07/14,null,,memetic,meme
552,2019/07/15,null,,memetic,meme
553,2019/07/16,null,,memetic,meme
554,2019/07/17,null,,memetic,meme
555,2019/07/18,null,,memetic,meme
556,2019/07/19,null,,memetic,meme
557,2019/07/20,null,,memetic,meme
558,2019/07/21,null,,memetic,meme
559,2019/07/22,null,,memetic,meme
560,2019/07/23,null,,memetic,meme
561,2019/07/24,null,,memetic,meme
562,2019/07/25,null,,memetic,meme
563,2019/07/26,null,,memetic,meme
564,2019/07/27,null,,memetic,meme
565,2019/07/28,null,,memetic,meme
566,2019/07/29,null,,memetic,meme
567,2019/07/30,null,,memetic,meme
568,2019/07/31,null,,memetic,meme
569,2019/08/01,null,,memetic,meme
570,2019/08/02,null,,memetic,meme
571,2019/08/03,null,,memetic,meme
572,2019/08/04,null,,memetic,meme
573,2019/08/05,null,,memetic,meme
574,2019/08/06,null,,memetic,meme
575,2019/08/07,null,,memetic,meme
576,2019/08/08,null,,memetic,meme
577,2019/08/09,null,,memetic,meme
578,2019/08/10,null,,memetic,meme
579,2019/08/11,null,,memetic,meme
580,2019/08/12,null,,memetic,meme
581,2019/08/13,null,,memetic,meme
582,2019/08/14,null,,memetic,meme
583,2019/08/15,null,,memetic,meme
584,2019/08/16,null,,memetic,meme
585,2019/08/17,null,,memetic,meme
586,2019/08/18,null,,memetic,meme
587,2019/08/19,null,,memetic,meme
588,2019/08/20,null,,memetic,meme
589,2019/08/21,null,,memetic,meme
590,2019/08/22,null,,memetic,meme
591,2019/08/23,null,,memetic,meme
592,2019/08/24,null,,memetic,meme
593,2019/08/25,null,,memetic,meme
594,2019/08/26,null,,memetic,meme
595,2019/08/27,null,,memetic,meme
596,2019/08/28,null,,memetic,meme
597,2019/08/29,null,,memetic,meme
598,2019/08/30,null,,memetic,meme
599,2019/08/31,null,,memetic,meme
600,2019/09/01,null,,memetic,meme
601,2019/09/02,null,,memetic,meme
602,2019/09/03,null,,memetic,meme
603,2019/09/04,null,,memetic,meme
604,2019/09/05,null,,memetic,meme
605,2019/09/06,null,,memetic,meme
606,2019/09/07,null,,memetic,meme
607,2019/09/08,null,,memetic,meme
608,2019/09/09,null,,memetic,meme
609,2019/09/10,null,,memetic,meme
610,2019/09/11,null,,memetic,meme
611,2019/09/12,null,,memetic,meme
612,2019/09/13,null,,memetic,meme
613,2019/09/14,null,,memetic,meme
614,2019/09/15,null,,memetic,meme
615,2019/09/16,null,,memetic,meme
616,2019/09/17,null,,memetic,meme
617,2019/09/18,null,,memetic,meme
618,2019/09/19,null,,memetic,meme
619,2019/09/20,null,,memetic,meme
620,2019/09/21,null,,memetic,meme
621,2019/09/22,2,,memetic,meme
622,2019/09/23,null,,memetic,meme
623,2019/09/24,null,,memetic,meme
624,2019/09/25,null,,memetic,meme
625,2019/09/26,null,,memetic,meme
626,2019/09/27,null,,memetic,meme
627,2019/09/28,null,,memetic,meme
628,2019/09/29,null,,memetic,meme
629,2019/09/30,null,,memetic,meme
630,2019/10/01,null,,memetic,meme
631,2019/10/02,null,,memetic,meme
632,2019/10/03,null,,memetic,meme
633,2019/10/04,null,,memetic,meme
634,2019/10/05,null,,memetic,meme
635,2019/10/06,null,,memetic,meme
636,2019/10/07,null,,memetic,meme
637,2019/10/08,null,,memetic,meme
638,2019/10/09,null,,memetic,meme
639,2019/10/10,null,,memetic,meme
640,2019/10/11,4,,memetic,meme
641,2019/10/12,null,,memetic,meme
642,2019/10/13,null,,memetic,meme
643,2019/10/14,3,,memetic,meme
644,2019/10/15,3,,memetic,meme
645,2019/10/16,null,,memetic,meme
646,2019/10/17,null,,memetic,meme
647,2019/10/18,1,,memetic,meme
648,2019/10/19,null,,memetic,meme
649,2019/10/20,null,,memetic,meme
650,2019/10/21,null,,memetic,meme
651,2019/10/22,null,,memetic,meme
652,2019/10/23,null,,memetic,meme
653,2019/10/24,null,,memetic,meme
654,2019/10/25,null,,memetic,meme
655,2019/10/26,null,,memetic,meme
656,2019/10/27,null,,memetic,meme
657,2019/10/28,null,,memetic,meme
658,2019/10/29,null,,memetic,meme
659,2019/10/30,null,,memetic,meme
660,2019/10/31,null,,memetic,meme
661,2019/11/01,null,,memetic,meme
662,2019/11/02,null,,memetic,meme
663,2019/11/03,null,,memetic,meme
664,2019/11/04,null,,memetic,meme
665,2019/11/05,null,,memetic,meme
666,2019/11/06,null,,memetic,meme
667,2019/11/07,null,,memetic,meme
668,2019/11/08,null,,memetic,meme
669,2019/11/09,null,,memetic,meme
670,2019/11/10,null,,memetic,meme
671,2019/11/11,null,,memetic,meme
672,2019/11/12,null,,memetic,meme
673,2019/11/13,null,,memetic,meme
674,2019/11/14,null,,memetic,meme
675,2019/11/15,null,,memetic,meme
676,2019/11/16,null,,memetic,meme
677,2019/11/17,null,,memetic,meme
678,2019/11/18,null,,memetic,meme
679,2019/11/19,null,,memetic,meme
680,2019/11/20,null,,memetic,meme
681,2019/11/21,null,,memetic,meme
682,2019/11/22,null,,memetic,meme
683,2019/11/23,null,,memetic,meme
684,2019/11/24,null,,memetic,meme
685,2019/11/25,null,,memetic,meme
686,2019/11/26,null,,memetic,meme
687,2019/11/27,null,,memetic,meme
688,2019/11/28,null,,memetic,meme
689,2019/11/29,null,,memetic,meme
690,2019/11/30,null,,memetic,meme
691,2019/12/01,null,,memetic,meme
692,2019/12/02,null,,memetic,meme
693,2019/12/03,null,,memetic,meme
694,2019/12/04,null,,memetic,meme
695,2019/12/05,null,,memetic,meme
696,2019/12/06,null,,memetic,meme
697,2019/12/07,null,,memetic,meme
698,2019/12/08,null,,memetic,meme
699,2019/12/09,null,,memetic,meme
700,2019/12/10,null,,memetic,meme
701,2019/12/11,null,,memetic,meme
702,2019/12/12,null,,memetic,meme
703,2019/12/13,null,,memetic,meme
704,2019/12/14,null,,memetic,meme
705,2019/12/15,null,,memetic,meme
706,2019/12/16,null,,memetic,meme
707,2019/12/17,null,,memetic,meme
708,2019/12/18,null,,memetic,meme
709,2019/12/19,null,,memetic,meme
710,2019/12/20,null,,memetic,meme
711,2019/12/21,null,,memetic,meme
712,2019/12/22,null,,memetic,meme
713,2019/12/23,null,,memetic,meme
714,2019/12/24,null,,memetic,meme
715,2019/12/25,null,,memetic,meme
716,2019/12/26,null,,memetic,meme
717,2019/12/27,null,,memetic,meme
718,2019/12/28,null,,memetic,meme
719,2019/12/29,null,,memetic,meme
720,2019/12/30,null,,memetic,meme
721,2019/12/31,null,,memetic,meme
722,2020/01/01,null,,memetic,meme
723,2020/01/02,null,,memetic,meme
724,2020/01/03,null,,memetic,meme
725,2020/01/04,null,,memetic,meme
726,2020/01/05,null,,memetic,meme
727,2020/01/06,null,,memetic,meme
728,2020/01/07,null,,memetic,meme
729,2020/01/08,null,,memetic,meme
730,2020/01/09,null,,memetic,meme
731,2020/01/10,null,,memetic,meme
732,2020/01/11,null,,memetic,meme
733,2020/01/12,null,,memetic,meme
734,2020/01/13,null,,memetic,meme
735,2020/01/14,null,,memetic,meme
736,2020/01/15,null,,memetic,meme
737,2020/01/16,null,,memetic,meme
738,2020/01/17,null,,memetic,meme
739,2020/01/18,null,,memetic,meme
740,2020/01/19,null,,memetic,meme
741,2020/01/20,null,,memetic,meme
742,2020/01/21,null,,memetic,meme
743,2020/01/22,null,,memetic,meme
744,2020/01/23,null,,memetic,meme
745,2020/01/24,null,,memetic,meme
746,2020/01/25,null,,memetic,meme
747,2020/01/26,null,,memetic,meme
748,2020/01/27,null,,memetic,meme
749,2020/01/28,null,,memetic,meme
750,2020/01/29,null,,memetic,meme
751,2020/01/30,null,,memetic,meme
752,2020/01/31,null,,memetic,meme
753,2020/02/01,null,,memetic,meme
754,2020/02/02,null,,memetic,meme
755,2020/02/03,null,,memetic,meme
756,2020/02/04,null,,memetic,meme
757,2020/02/05,null,,memetic,meme
758,2020/02/06,null,,memetic,meme
759,2020/02/07,null,,memetic,meme
760,2020/02/08,null,,memetic,meme
761,2020/02/09,null,,memetic,meme
762,2020/02/10,null,,memetic,meme
763,2020/02/11,null,,memetic,meme
764,2020/02/12,null,,memetic,meme
765,2020/02/13,null,,memetic,meme
766,2020/02/14,null,,memetic,meme
767,2020/02/15,null,,memetic,meme
768,2020/02/16,null,,memetic,meme
769,2020/02/17,null,,memetic,meme
770,2020/02/18,null,,memetic,meme
771,2020/02/19,null,,memetic,meme
772,2020/02/20,null,,memetic,meme
773,2020/02/21,null,,memetic,meme
774,2020/02/22,null,,memetic,meme
775,2020/02/23,null,,memetic,meme
776,2020/02/24,null,,memetic,meme
777,2020/02/25,null,,memetic,meme
778,2020/02/26,null,,memetic,meme
779,2020/02/27,null,,memetic,meme
780,2020/02/28,null,,memetic,meme
781,2020/02/29,null,,memetic,meme
782,2020/03/01,null,,memetic,meme
783,2020/03/02,null,,memetic,meme
784,2020/03/03,null,,memetic,meme
785,2020/03/04,null,,memetic,meme
786,2020/03/05,null,,memetic,meme
787,2020/03/06,null,,memetic,meme
788,2020/03/07,null,,memetic,meme
789,2020/03/08,null,,memetic,meme
790,2020/03/09,null,,memetic,meme
791,2020/03/10,null,,memetic,meme
792,2020/03/11,null,,memetic,meme
793,2020/03/12,null,,memetic,meme
794,2020/03/13,null,,memetic,meme
795,2020/03/14,null,,memetic,meme
796,2020/03/15,null,,memetic,meme
797,2020/03/16,null,,memetic,meme
798,2020/03/17,null,,memetic,meme
799,2020/03/18,null,,memetic,meme
800,2020/03/19,null,,memetic,meme
801,2020/03/20,null,,memetic,meme
802,2020/03/21,null,,memetic,meme
803,2020/03/22,null,,memetic,meme
804,2020/03/23,null,,memetic,meme
805,2020/03/24,null,,memetic,meme
806,2020/03/25,null,,memetic,meme
807,2020/03/26,null,,memetic,meme
808,2020/03/27,null,,memetic,meme
809,2020/03/28,null,,memetic,meme
810,2020/03/29,null,,memetic,meme
811,2020/03/30,null,,memetic,meme
812,2020/03/31,null,,memetic,meme
813,2020/04/01,null,,memetic,meme
814,2020/04/02,null,,memetic,meme
815,2020/04/03,null,,memetic,meme
816,2020/04/04,null,,memetic,meme
817,2020/04/05,null,,memetic,meme
818,2020/04/06,null,,memetic,meme
819,2020/04/07,null,,memetic,meme
820,2020/04/08,null,,memetic,meme
821,2020/04/09,null,,memetic,meme
822,2020/04/10,null,,memetic,meme
823,2020/04/11,null,,memetic,meme
824,2020/04/12,null,,memetic,meme
825,2020/04/13,null,,memetic,meme
826,2020/04/14,null,,memetic,meme
827,2020/04/15,null,,memetic,meme
828,2020/04/16,null,,memetic,meme
829,2020/04/17,null,,memetic,meme
830,2020/04/18,null,,memetic,meme
831,2020/04/19,null,,memetic,meme
832,2020/04/20,null,,memetic,meme
833,2020/04/21,null,,memetic,meme
834,2020/04/22,null,,memetic,meme
835,2020/04/23,null,,memetic,meme
836,2020/04/24,null,,memetic,meme
837,2020/04/25,null,,memetic,meme
838,2020/04/26,null,,memetic,meme
839,2020/04/27,null,,memetic,meme
840,2020/04/28,null,,memetic,meme
841,2020/04/29,null,,memetic,meme
842,2020/04/30,null,,memetic,meme
843,2020/05/01,null,,memetic,meme
844,2020/05/02,null,,memetic,meme
845,2020/05/03,null,,memetic,meme
846,2020/05/04,null,,memetic,meme
847,2020/05/05,null,,memetic,meme
848,2020/05/06,null,,memetic,meme
849,2020/05/07,null,,memetic,meme
850,2020/05/08,null,,memetic,meme
851,2020/05/09,null,,memetic,meme
852,2020/05/10,null,,memetic,meme
853,2020/05/11,null,,memetic,meme
854,2020/05/12,null,,memetic,meme
855,2020/05/13,null,,memetic,meme
856,2020/05/14,null,,memetic,meme
857,2020/05/15,null,,memetic,meme
858,2020/05/16,null,,memetic,meme
859,2020/05/17,null,,memetic,meme
860,2020/05/18,null,,memetic,meme
861,2020/05/19,null,,memetic,meme
862,2020/05/20,null,,memetic,meme
863,2020/05/21,null,,memetic,meme
864,2020/05/22,null,,memetic,meme
865,2020/05/23,null,,memetic,meme
866,2020/05/24,null,,memetic,meme
867,2020/05/25,null,,memetic,meme
868,2020/05/26,null,,memetic,meme
869,2020/05/27,null,,memetic,meme
870,2020/05/28,null,,memetic,meme
871,2020/05/29,null,,memetic,meme
872,2020/05/30,null,,memetic,meme
873,2020/05/31,null,,memetic,meme
874,2020/06/01,null,,memetic,meme
875,2020/06/02,null,,memetic,meme
876,2020/06/03,null,,memetic,meme
877,2020/06/04,null,,memetic,meme
878,2020/06/05,null,,memetic,meme
879,2020/06/06,null,,memetic,meme
880,2020/06/07,null,,memetic,meme
881,2020/06/08,null,,memetic,meme
882,2020/06/09,null,,memetic,meme
883,2020/06/10,null,,memetic,meme
884,2020/06/11,null,,memetic,meme
885,2020/06/12,null,,memetic,meme
886,2020/06/13,null,,memetic,meme
887,2020/06/14,null,,memetic,meme
888,2020/06/15,null,,memetic,meme
889,2020/06/16,null,,memetic,meme
890,2020/06/17,null,,memetic,meme
891,2020/06/18,null,,memetic,meme
892,2020/06/19,null,,memetic,meme
893,2020/06/20,null,,memetic,meme
894,2020/06/21,null,,memetic,meme
895,2020/06/22,null,,memetic,meme
896,2020/06/23,null,,memetic,meme
897,2020/06/24,null,,memetic,meme
898,2020/06/25,null,,memetic,meme
899,2020/06/26,null,,memetic,meme
900,2020/06/27,null,,memetic,meme
901,2020/06/28,null,,memetic,meme
902,2020/06/29,null,,memetic,meme
903,2020/06/30,null,,memetic,meme
904,2020/07/01,null,,memetic,meme
905,2020/07/02,null,,memetic,meme
906,2020/07/03,null,,memetic,meme
907,2020/07/04,null,,memetic,meme
908,2020/07/05,null,,memetic,meme
909,2020/07/06,null,,memetic,meme
910,2020/07/07,null,,memetic,meme
911,2020/07/08,null,,memetic,meme
912,2020/07/09,null,,memetic,meme
913,2020/07/10,null,,memetic,meme
914,2020/07/11,null,,memetic,meme
915,2020/07/12,null,,memetic,meme
916,2020/07/13,null,,memetic,meme
917,2020/07/14,null,,memetic,meme
918,2020/07/15,null,,memetic,meme
919,2020/07/16,null,,memetic,meme
920,2020/07/17,null,,memetic,meme
921,2020/07/18,null,,memetic,meme
922,2020/07/19,null,,memetic,meme
923,2020/07/20,null,,memetic,meme
924,2020/07/21,null,,memetic,meme
925,2020/07/22,null,,memetic,meme
926,2020/07/23,null,,memetic,meme
927,2020/07/24,null,,memetic,meme
928,2020/07/25,null,,memetic,meme
929,2020/07/26,null,,memetic,meme
930,2020/07/27,null,,memetic,meme
931,2020/07/28,null,,memetic,meme
932,2020/07/29,null,,memetic,meme
933,2020/07/30,null,,memetic,meme
934,2020/07/31,null,,memetic,meme
935,2020/08/01,null,,memetic,meme
936,2020/08/02,null,,memetic,meme
937,2020/08/03,null,,memetic,meme
938,2020/08/04,null,,memetic,meme
939,2020/08/05,null,,memetic,meme
940,2020/08/06,null,,memetic,meme
941,2020/08/07,null,,memetic,meme
942,2020/08/08,null,,memetic,meme
943,2020/08/09,null,,memetic,meme
944,2020/08/10,null,,memetic,meme
945,2020/08/11,null,,memetic,meme
946,2020/08/12,null,,memetic,meme
947,2020/08/13,null,,memetic,meme
948,2020/08/14,null,,memetic,meme
949,2020/08/15,null,,memetic,meme
950,2020/08/16,null,,memetic,meme
951,2020/08/17,null,,memetic,meme
952,2020/08/18,null,,memetic,meme
953,2020/08/19,null,,memetic,meme
954,2020/08/20,null,,memetic,meme
955,2020/08/21,null,,memetic,meme
956,2020/08/22,null,,memetic,meme
957,2020/08/23,null,,memetic,meme
958,2020/08/24,null,,memetic,meme
959,2020/08/25,null,,memetic,meme
960,2020/08/26,null,,memetic,meme
961,2020/08/27,null,,memetic,meme
962,2020/08/28,null,,memetic,meme
963,2020/08/29,null,,memetic,meme
964,2020/08/30,null,,memetic,meme
965,2020/08/31,null,,memetic,meme
966,2020/09/01,null,,memetic,meme
967,2020/09/02,null,,memetic,meme
968,2020/09/03,null,,memetic,meme
969,2020/09/04,null,,memetic,meme
970,2020/09/05,null,,memetic,meme
971,2020/09/06,null,,memetic,meme
972,2020/09/07,null,,memetic,meme
973,2020/09/08,null,,memetic,meme
974,2020/09/09,null,,memetic,meme
975,2020/09/10,null,,memetic,meme
976,2020/09/11,null,,memetic,meme
977,2020/09/12,null,,memetic,meme
978,2020/09/13,null,,memetic,meme
979,2020/09/14,null,,memetic,meme
980,2020/09/15,null,,memetic,meme
981,2020/09/16,null,,memetic,meme
982,2020/09/17,null,,memetic,meme
983,2020/09/18,null,,memetic,meme
984,2020/09/19,null,,memetic,meme
985,2020/09/20,null,,memetic,meme
986,2020/09/21,null,,memetic,meme
987,2020/09/22,null,,memetic,meme
988,2020/09/23,null,,memetic,meme
989,2020/09/24,null,,memetic,meme
990,2020/09/25,null,,memetic,meme
991,2020/09/26,null,,memetic,meme
992,2020/09/27,null,,memetic,meme
993,2020/09/28,null,,memetic,meme
994,2020/09/29,null,,memetic,meme
995,2020/09/30,null,,memetic,meme
996,2020/10/01,1,,memetic,meme
997,2020/10/02,null,,memetic,meme
998,2020/10/03,null,,memetic,meme
999,2020/10/04,null,,memetic,meme
1000,2020/10/05,null,,memetic,meme
1001,2020/10/06,null,,memetic,meme
1002,2020/10/07,null,,memetic,meme
1003,2020/10/08,null,,memetic,meme
1004,2020/10/09,null,,memetic,meme
1005,2020/10/10,null,,memetic,meme
1006,2020/10/11,null,,memetic,meme
1007,2020/10/12,null,,memetic,meme
1008,2020/10/13,null,,memetic,meme
1009,2020/10/14,null,,memetic,meme
1010,2020/10/15,null,,memetic,meme
1011,2020/10/16,null,,memetic,meme
1012,2020/10/17,null,,memetic,meme
1013,2020/10/18,null,,memetic,meme
1014,2020/10/19,null,,memetic,meme
1015,2020/10/20,null,,memetic,meme
1016,2020/10/21,null,,memetic,meme
1017,2020/10/22,null,,memetic,meme
1018,2020/10/23,null,,memetic,meme
1019,2020/10/24,null,,memetic,meme
1020,2020/10/25,null,,memetic,meme
1021,2020/10/26,null,,memetic,meme
1022,2020/10/27,null,,memetic,meme
1023,2020/10/28,null,,memetic,meme
1024,2020/10/29,null,,memetic,meme
1025,2020/10/30,null,,memetic,meme
1026,2020/10/31,null,,memetic,meme
1027,2020/11/01,null,,memetic,meme
1028,2020/11/02,null,,memetic,meme
1029,2020/11/03,null,,memetic,meme
1030,2020/11/04,null,,memetic,meme
1031,2020/11/05,null,,memetic,meme
1032,2020/11/06,null,,memetic,meme
1033,2020/11/07,null,,memetic,meme
1034,2020/11/08,null,,memetic,meme
1035,2020/11/09,null,,memetic,meme
1036,2020/11/10,null,,memetic,meme
1037,2020/11/11,null,,memetic,meme
1038,2020/11/12,null,,memetic,meme
1039,2020/11/13,null,,memetic,meme
1040,2020/11/14,null,,memetic,meme
1041,2020/11/15,null,,memetic,meme
1042,2020/11/16,null,,memetic,meme
1043,2020/11/17,null,,memetic,meme
1044,2020/11/18,null,,memetic,meme
1045,2020/11/19,null,,memetic,meme
1046,2020/11/20,null,,memetic,meme
1047,2020/11/21,null,,memetic,meme
1048,2020/11/22,null,,memetic,meme
1049,2020/11/23,null,,memetic,meme
1050,2020/11/24,null,,memetic,meme
1051,2020/11/25,null,,memetic,meme
1052,2020/11/26,null,,memetic,meme
1053,2020/11/27,null,,memetic,meme
1054,2020/11/28,null,,memetic,meme
1055,2020/11/29,null,,memetic,meme
1056,2020/11/30,null,,memetic,meme
1057,2020/12/01,null,,memetic,meme
1058,2020/12/02,null,,memetic,meme
1059,2020/12/03,null,,memetic,meme
1060,2020/12/04,null,,memetic,meme
1061,2020/12/05,null,,memetic,meme
1062,2020/12/06,null,,memetic,meme
1063,2020/12/07,null,,memetic,meme
1064,2020/12/08,null,,memetic,meme
1065,2020/12/09,null,,memetic,meme
1066,2020/12/10,null,,memetic,meme
1067,2020/12/11,null,,memetic,meme
1068,2020/12/12,null,,memetic,meme
1069,2020/12/13,null,,memetic,meme
1070,2020/12/14,null,,memetic,meme
1071,2020/12/15,null,,memetic,meme
1072,2020/12/16,null,,memetic,meme
1073,2020/12/17,null,,memetic,meme
1074,2020/12/18,null,,memetic,meme
1075,2020/12/19,null,,memetic,meme
1076,2020/12/20,null,,memetic,meme
1077,2020/12/21,null,,memetic,meme
1078,2020/12/22,null,,memetic,meme
1079,2020/12/23,null,,memetic,meme
1080,2020/12/24,null,,memetic,meme
1081,2020/12/25,null,,memetic,meme
1082,2020/12/26,null,,memetic,meme
1083,2020/12/27,null,,memetic,meme
1084,2020/12/28,null,,memetic,meme
1085,2020/12/29,null,,memetic,meme
1086,2020/12/30,null,,memetic,meme
1087,2020/12/31,null,,memetic,meme
1088,2021/01/01,null,,memetic,meme
1089,2021/01/02,null,,memetic,meme
1090,2021/01/03,null,,memetic,meme
1091,2021/01/04,null,,memetic,meme
1092,2021/01/05,null,,memetic,meme
1093,2021/01/06,null,,memetic,meme
1094,2021/01/07,null,,memetic,meme
1095,2021/01/08,null,,memetic,meme
1096,2021/01/09,null,,memetic,meme
1097,2021/01/10,null,,memetic,meme
1098,2021/01/11,null,,memetic,meme
1099,2021/01/12,null,,memetic,meme
1100,2021/01/13,null,,memetic,meme
1101,2021/01/14,null,,memetic,meme
1102,2021/01/15,null,,memetic,meme
1103,2021/01/16,null,,memetic,meme
1104,2021/01/17,null,,memetic,meme
1105,2021/01/18,null,,memetic,meme
1106,2021/01/19,null,,memetic,meme
1107,2021/01/20,null,,memetic,meme
1108,2021/01/21,null,,memetic,meme
1109,2021/01/22,null,,memetic,meme
1110,2021/01/23,null,,memetic,meme
1111,2021/01/24,null,,memetic,meme
1112,2021/01/25,null,,memetic,meme
1113,2021/01/26,null,,memetic,meme
1114,2021/01/27,null,,memetic,meme
1115,2021/01/28,null,,memetic,meme
1116,2021/01/29,null,,memetic,meme
1117,2021/01/30,null,,memetic,meme
1118,2021/01/31,3,,memetic,meme
