,google_trends,date,tweets,full_name,coin
0,,2017/04/20,207,monero,xmr
1,,2017/04/21,213,monero,xmr
2,,2017/04/22,210,monero,xmr
3,,2017/04/23,198,monero,xmr
4,,2017/04/24,206,monero,xmr
5,,2017/04/25,221,monero,xmr
6,,2017/04/26,216,monero,xmr
7,,2017/04/27,216,monero,xmr
8,,2017/04/28,215,monero,xmr
9,,2017/04/29,228,monero,xmr
10,,2017/04/30,267,monero,xmr
11,,2017/05/01,231,monero,xmr
12,,2017/05/02,214,monero,xmr
13,,2017/05/03,252,monero,xmr
14,,2017/05/04,408,monero,xmr
15,,2017/05/05,284,monero,xmr
16,,2017/05/06,238,monero,xmr
17,,2017/05/07,239,monero,xmr
18,,2017/05/08,207,monero,xmr
19,,2017/05/09,231,monero,xmr
20,,2017/05/10,238,monero,xmr
21,,2017/05/11,318,monero,xmr
22,,2017/05/12,289,monero,xmr
23,,2017/05/13,366,monero,xmr
24,,2017/05/14,297,monero,xmr
25,,2017/05/15,285,monero,xmr
26,,2017/05/16,377,monero,xmr
27,,2017/05/17,435,monero,xmr
28,,2017/05/18,401,monero,xmr
29,,2017/05/19,269,monero,xmr
30,,2017/05/20,397,monero,xmr
31,,2017/05/21,435,monero,xmr
32,,2017/05/22,410,monero,xmr
33,,2017/05/23,345,monero,xmr
34,,2017/05/24,557,monero,xmr
35,,2017/05/25,742,monero,xmr
36,,2017/05/26,473,monero,xmr
37,,2017/05/27,320,monero,xmr
38,,2017/05/28,323,monero,xmr
39,,2017/05/29,338,monero,xmr
40,,2017/05/30,344,monero,xmr
41,,2017/05/31,299,monero,xmr
42,,2017/06/01,264,monero,xmr
43,,2017/06/02,305,monero,xmr
44,,2017/06/03,283,monero,xmr
45,,2017/06/04,3668,monero,xmr
46,,2017/06/05,411,monero,xmr
47,,2017/06/06,463,monero,xmr
48,,2017/06/07,344,monero,xmr
49,,2017/06/08,266,monero,xmr
50,,2017/06/09,240,monero,xmr
51,,2017/06/10,279,monero,xmr
52,,2017/06/11,310,monero,xmr
53,,2017/06/12,344,monero,xmr
54,,2017/06/13,319,monero,xmr
55,,2017/06/14,290,monero,xmr
56,,2017/06/15,237,monero,xmr
57,,2017/06/16,326,monero,xmr
58,,2017/06/17,269,monero,xmr
59,,2017/06/18,269,monero,xmr
60,,2017/06/19,244,monero,xmr
61,,2017/06/20,280,monero,xmr
62,,2017/06/21,337,monero,xmr
63,,2017/06/22,392,monero,xmr
64,,2017/06/23,352,monero,xmr
65,,2017/06/24,null,monero,xmr
66,,2017/06/25,null,monero,xmr
67,,2017/06/26,null,monero,xmr
68,,2017/06/27,null,monero,xmr
69,,2017/06/28,null,monero,xmr
70,,2017/06/29,null,monero,xmr
71,,2017/06/30,null,monero,xmr
72,,2017/07/01,null,monero,xmr
73,,2017/07/02,null,monero,xmr
74,,2017/07/03,null,monero,xmr
75,,2017/07/04,null,monero,xmr
76,,2017/07/05,null,monero,xmr
77,,2017/07/06,null,monero,xmr
78,,2017/07/07,null,monero,xmr
79,,2017/07/08,null,monero,xmr
80,,2017/07/09,null,monero,xmr
81,,2017/07/10,null,monero,xmr
82,,2017/07/11,null,monero,xmr
83,,2017/07/12,294,monero,xmr
84,,2017/07/13,270,monero,xmr
85,,2017/07/14,204,monero,xmr
86,,2017/07/15,254,monero,xmr
87,,2017/07/16,223,monero,xmr
88,,2017/07/17,276,monero,xmr
89,,2017/07/18,232,monero,xmr
90,,2017/07/19,259,monero,xmr
91,,2017/07/20,355,monero,xmr
92,,2017/07/21,333,monero,xmr
93,,2017/07/22,316,monero,xmr
94,,2017/07/23,319,monero,xmr
95,,2017/07/24,299,monero,xmr
96,,2017/07/25,313,monero,xmr
97,,2017/07/26,361,monero,xmr
98,,2017/07/27,359,monero,xmr
99,,2017/07/28,318,monero,xmr
100,,2017/07/29,258,monero,xmr
101,,2017/07/30,280,monero,xmr
102,,2017/07/31,261,monero,xmr
103,,2017/08/01,298,monero,xmr
104,,2017/08/02,395,monero,xmr
105,,2017/08/03,327,monero,xmr
106,,2017/08/04,371,monero,xmr
107,,2017/08/05,353,monero,xmr
108,,2017/08/06,349,monero,xmr
109,,2017/08/07,427,monero,xmr
110,,2017/08/08,393,monero,xmr
111,,2017/08/09,427,monero,xmr
112,,2017/08/10,315,monero,xmr
113,,2017/08/11,280,monero,xmr
114,,2017/08/12,274,monero,xmr
115,,2017/08/13,341,monero,xmr
116,,2017/08/14,808,monero,xmr
117,,2017/08/15,371,monero,xmr
118,,2017/08/16,301,monero,xmr
119,,2017/08/17,384,monero,xmr
120,,2017/08/18,415,monero,xmr
121,,2017/08/19,462,monero,xmr
122,,2017/08/20,363,monero,xmr
123,,2017/08/21,1194,monero,xmr
124,,2017/08/22,742,monero,xmr
125,,2017/08/23,677,monero,xmr
126,,2017/08/24,657,monero,xmr
127,,2017/08/25,675,monero,xmr
128,,2017/08/26,1232,monero,xmr
129,,2017/08/27,792,monero,xmr
130,,2017/08/28,860,monero,xmr
131,,2017/08/29,787,monero,xmr
132,,2017/08/30,787,monero,xmr
133,,2017/08/31,645,monero,xmr
134,,2017/09/01,670,monero,xmr
135,,2017/09/02,676,monero,xmr
136,,2017/09/03,660,monero,xmr
137,,2017/09/04,708,monero,xmr
138,,2017/09/05,650,monero,xmr
139,,2017/09/06,865,monero,xmr
140,,2017/09/07,817,monero,xmr
141,,2017/09/08,641,monero,xmr
142,,2017/09/09,622,monero,xmr
143,,2017/09/10,591,monero,xmr
144,,2017/09/11,666,monero,xmr
145,,2017/09/12,489,monero,xmr
146,,2017/09/13,818,monero,xmr
147,,2017/09/14,791,monero,xmr
148,,2017/09/15,832,monero,xmr
149,,2017/09/16,807,monero,xmr
150,,2017/09/17,1346,monero,xmr
151,,2017/09/18,1096,monero,xmr
152,,2017/09/19,905,monero,xmr
153,,2017/09/20,1052,monero,xmr
154,,2017/09/21,682,monero,xmr
155,,2017/09/22,660,monero,xmr
156,,2017/09/23,590,monero,xmr
157,,2017/09/24,677,monero,xmr
158,,2017/09/25,853,monero,xmr
159,,2017/09/26,1036,monero,xmr
160,,2017/09/27,751,monero,xmr
161,,2017/09/28,770,monero,xmr
162,,2017/09/29,806,monero,xmr
163,,2017/09/30,625,monero,xmr
164,,2017/10/01,580,monero,xmr
165,,2017/10/02,718,monero,xmr
166,,2017/10/03,694,monero,xmr
167,,2017/10/04,815,monero,xmr
168,,2017/10/05,882,monero,xmr
169,,2017/10/06,603,monero,xmr
170,,2017/10/07,618,monero,xmr
171,,2017/10/08,518,monero,xmr
172,,2017/10/09,528,monero,xmr
173,,2017/10/10,484,monero,xmr
174,,2017/10/11,554,monero,xmr
175,,2017/10/12,388,monero,xmr
176,,2017/10/13,564,monero,xmr
177,,2017/10/14,532,monero,xmr
178,,2017/10/15,653,monero,xmr
179,,2017/10/16,693,monero,xmr
180,,2017/10/17,609,monero,xmr
181,,2017/10/18,599,monero,xmr
182,,2017/10/19,557,monero,xmr
183,,2017/10/20,432,monero,xmr
184,,2017/10/21,469,monero,xmr
185,,2017/10/22,483,monero,xmr
186,,2017/10/23,537,monero,xmr
187,,2017/10/24,581,monero,xmr
188,,2017/10/25,445,monero,xmr
189,,2017/10/26,510,monero,xmr
190,,2017/10/27,564,monero,xmr
191,,2017/10/28,567,monero,xmr
192,,2017/10/29,512,monero,xmr
193,,2017/10/30,780,monero,xmr
194,,2017/10/31,1102,monero,xmr
195,,2017/11/01,706,monero,xmr
196,,2017/11/02,761,monero,xmr
197,,2017/11/03,793,monero,xmr
198,,2017/11/04,787,monero,xmr
199,,2017/11/05,642,monero,xmr
200,,2017/11/06,845,monero,xmr
201,,2017/11/07,790,monero,xmr
202,,2017/11/08,693,monero,xmr
203,,2017/11/09,751,monero,xmr
204,,2017/11/10,983,monero,xmr
205,,2017/11/11,874,monero,xmr
206,,2017/11/12,790,monero,xmr
207,,2017/11/13,765,monero,xmr
208,,2017/11/14,759,monero,xmr
209,,2017/11/15,703,monero,xmr
210,,2017/11/16,659,monero,xmr
211,,2017/11/17,894,monero,xmr
212,,2017/11/18,668,monero,xmr
213,,2017/11/19,664,monero,xmr
214,,2017/11/20,774,monero,xmr
215,,2017/11/21,733,monero,xmr
216,,2017/11/22,1114,monero,xmr
217,,2017/11/23,911,monero,xmr
218,,2017/11/24,1157,monero,xmr
219,,2017/11/25,805,monero,xmr
220,,2017/11/26,670,monero,xmr
221,,2017/11/27,885,monero,xmr
222,,2017/11/28,1034,monero,xmr
223,,2017/11/29,867,monero,xmr
224,,2017/11/30,947,monero,xmr
225,,2017/12/01,987,monero,xmr
226,,2017/12/02,1021,monero,xmr
227,,2017/12/03,826,monero,xmr
228,,2017/12/04,754,monero,xmr
229,,2017/12/05,1497,monero,xmr
230,,2017/12/06,1517,monero,xmr
231,,2017/12/07,1443,monero,xmr
232,,2017/12/08,753,monero,xmr
233,,2017/12/09,783,monero,xmr
234,,2017/12/10,4419,monero,xmr
235,,2017/12/11,2838,monero,xmr
236,,2017/12/12,1229,monero,xmr
237,,2017/12/13,980,monero,xmr
238,,2017/12/14,932,monero,xmr
239,,2017/12/15,842,monero,xmr
240,,2017/12/16,932,monero,xmr
241,,2017/12/17,1074,monero,xmr
242,,2017/12/18,1484,monero,xmr
243,,2017/12/19,988,monero,xmr
244,,2017/12/20,1079,monero,xmr
245,,2017/12/21,1316,monero,xmr
246,,2017/12/22,1011,monero,xmr
247,,2017/12/23,1048,monero,xmr
248,,2017/12/24,976,monero,xmr
249,,2017/12/25,1203,monero,xmr
250,,2017/12/26,1100,monero,xmr
251,,2017/12/27,1136,monero,xmr
252,,2017/12/28,1153,monero,xmr
253,,2017/12/29,1262,monero,xmr
254,,2017/12/30,1251,monero,xmr
255,,2017/12/31,1041,monero,xmr
256,,2018/01/01,903,monero,xmr
257,,2018/01/02,1645,monero,xmr
258,,2018/01/03,1459,monero,xmr
259,,2018/01/04,1178,monero,xmr
260,,2018/01/05,1219,monero,xmr
261,,2018/01/06,840,monero,xmr
262,,2018/01/07,1413,monero,xmr
263,,2018/01/08,562,monero,xmr
264,,2018/01/09,1470,monero,xmr
265,,2018/01/10,1219,monero,xmr
266,,2018/01/11,1180,monero,xmr
267,,2018/01/12,1318,monero,xmr
268,,2018/01/13,976,monero,xmr
269,,2018/01/14,974,monero,xmr
270,,2018/01/15,1148,monero,xmr
271,,2018/01/16,1118,monero,xmr
272,,2018/01/17,931,monero,xmr
273,,2018/01/18,852,monero,xmr
274,,2018/01/19,627,monero,xmr
275,,2018/01/20,898,monero,xmr
276,,2018/01/21,926,monero,xmr
277,,2018/01/22,958,monero,xmr
278,,2018/01/23,779,monero,xmr
279,,2018/01/24,1240,monero,xmr
280,,2018/01/25,932,monero,xmr
281,,2018/01/26,1043,monero,xmr
282,,2018/01/27,1079,monero,xmr
283,,2018/01/28,1109,monero,xmr
284,,2018/01/29,1260,monero,xmr
285,,2018/01/30,1028,monero,xmr
286,,2018/01/31,1086,monero,xmr
287,,2018/02/01,1402,monero,xmr
288,,2018/02/02,1258,monero,xmr
289,,2018/02/03,1259,monero,xmr
290,,2018/02/04,1248,monero,xmr
291,,2018/02/05,1129,monero,xmr
292,,2018/02/06,1099,monero,xmr
293,,2018/02/07,1029,monero,xmr
294,,2018/02/08,1251,monero,xmr
295,,2018/02/09,1208,monero,xmr
296,,2018/02/10,1023,monero,xmr
297,,2018/02/11,1117,monero,xmr
298,,2018/02/12,1313,monero,xmr
299,,2018/02/13,1215,monero,xmr
300,,2018/02/14,1257,monero,xmr
301,,2018/02/15,1115,monero,xmr
302,,2018/02/16,1459,monero,xmr
303,,2018/02/17,2051,monero,xmr
304,,2018/02/18,1183,monero,xmr
305,,2018/02/19,1171,monero,xmr
306,,2018/02/20,1227,monero,xmr
307,,2018/02/21,1900,monero,xmr
308,,2018/02/22,1731,monero,xmr
309,,2018/02/23,1881,monero,xmr
310,,2018/02/24,872,monero,xmr
311,,2018/02/25,1057,monero,xmr
312,,2018/02/26,960,monero,xmr
313,,2018/02/27,1090,monero,xmr
314,,2018/02/28,886,monero,xmr
315,,2018/03/01,954,monero,xmr
316,,2018/03/02,1098,monero,xmr
317,,2018/03/03,null,monero,xmr
318,,2018/03/04,null,monero,xmr
319,,2018/03/05,null,monero,xmr
320,,2018/03/06,null,monero,xmr
321,,2018/03/07,null,monero,xmr
322,,2018/03/08,null,monero,xmr
323,,2018/03/09,null,monero,xmr
324,,2018/03/10,null,monero,xmr
325,,2018/03/11,null,monero,xmr
326,,2018/03/12,null,monero,xmr
327,,2018/03/13,null,monero,xmr
328,,2018/03/14,null,monero,xmr
329,,2018/03/15,null,monero,xmr
330,,2018/03/16,null,monero,xmr
331,,2018/03/17,null,monero,xmr
332,,2018/03/18,null,monero,xmr
333,,2018/03/19,null,monero,xmr
334,,2018/03/20,null,monero,xmr
335,,2018/03/21,null,monero,xmr
336,,2018/03/22,null,monero,xmr
337,,2018/03/23,null,monero,xmr
338,,2018/03/24,null,monero,xmr
339,,2018/03/25,null,monero,xmr
340,,2018/03/26,null,monero,xmr
341,,2018/03/27,null,monero,xmr
342,,2018/03/28,null,monero,xmr
343,,2018/03/29,null,monero,xmr
344,,2018/03/30,null,monero,xmr
345,,2018/03/31,null,monero,xmr
346,,2018/04/01,null,monero,xmr
347,,2018/04/02,null,monero,xmr
348,,2018/04/03,null,monero,xmr
349,,2018/04/04,null,monero,xmr
350,,2018/04/05,null,monero,xmr
351,,2018/04/06,null,monero,xmr
352,,2018/04/07,941,monero,xmr
353,,2018/04/08,830,monero,xmr
354,,2018/04/09,1138,monero,xmr
355,,2018/04/10,860,monero,xmr
356,,2018/04/11,778,monero,xmr
357,,2018/04/12,758,monero,xmr
358,,2018/04/13,638,monero,xmr
359,,2018/04/14,548,monero,xmr
360,,2018/04/15,599,monero,xmr
361,,2018/04/16,826,monero,xmr
362,,2018/04/17,723,monero,xmr
363,,2018/04/18,906,monero,xmr
364,,2018/04/19,677,monero,xmr
365,,2018/04/20,534,monero,xmr
366,,2018/04/21,733,monero,xmr
367,,2018/04/22,642,monero,xmr
368,,2018/04/23,639,monero,xmr
369,,2018/04/24,616,monero,xmr
370,,2018/04/25,501,monero,xmr
371,,2018/04/26,667,monero,xmr
372,,2018/04/27,623,monero,xmr
373,,2018/04/28,647,monero,xmr
374,,2018/04/29,544,monero,xmr
375,,2018/04/30,833,monero,xmr
376,,2018/05/01,1210,monero,xmr
377,,2018/05/02,808,monero,xmr
378,,2018/05/03,800,monero,xmr
379,,2018/05/04,702,monero,xmr
380,,2018/05/05,755,monero,xmr
381,,2018/05/06,546,monero,xmr
382,,2018/05/07,674,monero,xmr
383,,2018/05/08,875,monero,xmr
384,,2018/05/09,736,monero,xmr
385,,2018/05/10,725,monero,xmr
386,,2018/05/11,559,monero,xmr
387,,2018/05/12,485,monero,xmr
388,,2018/05/13,581,monero,xmr
389,,2018/05/14,549,monero,xmr
390,,2018/05/15,468,monero,xmr
391,,2018/05/16,541,monero,xmr
392,,2018/05/17,526,monero,xmr
393,,2018/05/18,544,monero,xmr
394,,2018/05/19,519,monero,xmr
395,,2018/05/20,456,monero,xmr
396,,2018/05/21,680,monero,xmr
397,,2018/05/22,745,monero,xmr
398,,2018/05/23,820,monero,xmr
399,,2018/05/24,645,monero,xmr
400,,2018/05/25,877,monero,xmr
401,,2018/05/26,494,monero,xmr
402,,2018/05/27,496,monero,xmr
403,,2018/05/28,646,monero,xmr
404,,2018/05/29,637,monero,xmr
405,,2018/05/30,1148,monero,xmr
406,,2018/05/31,759,monero,xmr
407,,2018/06/01,614,monero,xmr
408,,2018/06/02,439,monero,xmr
409,,2018/06/03,434,monero,xmr
410,,2018/06/04,547,monero,xmr
411,,2018/06/05,529,monero,xmr
412,,2018/06/06,675,monero,xmr
413,,2018/06/07,833,monero,xmr
414,,2018/06/08,410,monero,xmr
415,,2018/06/09,359,monero,xmr
416,,2018/06/10,395,monero,xmr
417,,2018/06/11,536,monero,xmr
418,,2018/06/12,471,monero,xmr
419,,2018/06/13,406,monero,xmr
420,,2018/06/14,731,monero,xmr
421,,2018/06/15,489,monero,xmr
422,,2018/06/16,502,monero,xmr
423,,2018/06/17,398,monero,xmr
424,,2018/06/18,375,monero,xmr
425,,2018/06/19,544,monero,xmr
426,,2018/06/20,508,monero,xmr
427,,2018/06/21,444,monero,xmr
428,,2018/06/22,641,monero,xmr
429,,2018/06/23,446,monero,xmr
430,,2018/06/24,303,monero,xmr
431,,2018/06/25,531,monero,xmr
432,,2018/06/26,504,monero,xmr
433,,2018/06/27,474,monero,xmr
434,,2018/06/28,724,monero,xmr
435,,2018/06/29,594,monero,xmr
436,,2018/06/30,447,monero,xmr
437,,2018/07/01,461,monero,xmr
438,,2018/07/02,529,monero,xmr
439,,2018/07/03,564,monero,xmr
440,,2018/07/04,492,monero,xmr
441,,2018/07/05,496,monero,xmr
442,,2018/07/06,888,monero,xmr
443,,2018/07/07,417,monero,xmr
444,,2018/07/08,389,monero,xmr
445,,2018/07/09,1228,monero,xmr
446,,2018/07/10,974,monero,xmr
447,,2018/07/11,699,monero,xmr
448,,2018/07/12,433,monero,xmr
449,,2018/07/13,403,monero,xmr
450,,2018/07/14,425,monero,xmr
451,,2018/07/15,435,monero,xmr
452,,2018/07/16,456,monero,xmr
453,,2018/07/17,922,monero,xmr
454,,2018/07/18,450,monero,xmr
455,,2018/07/19,585,monero,xmr
456,,2018/07/20,565,monero,xmr
457,,2018/07/21,512,monero,xmr
458,,2018/07/22,770,monero,xmr
459,,2018/07/23,502,monero,xmr
460,,2018/07/24,536,monero,xmr
461,,2018/07/25,466,monero,xmr
462,,2018/07/26,801,monero,xmr
463,,2018/07/27,602,monero,xmr
464,,2018/07/28,565,monero,xmr
465,,2018/07/29,492,monero,xmr
466,,2018/07/30,581,monero,xmr
467,,2018/07/31,536,monero,xmr
468,,2018/08/01,732,monero,xmr
469,,2018/08/02,708,monero,xmr
470,,2018/08/03,528,monero,xmr
471,,2018/08/04,458,monero,xmr
472,,2018/08/05,470,monero,xmr
473,,2018/08/06,629,monero,xmr
474,,2018/08/07,652,monero,xmr
475,,2018/08/08,594,monero,xmr
476,,2018/08/09,513,monero,xmr
477,,2018/08/10,510,monero,xmr
478,,2018/08/11,515,monero,xmr
479,,2018/08/12,524,monero,xmr
480,,2018/08/13,488,monero,xmr
481,,2018/08/14,475,monero,xmr
482,,2018/08/15,566,monero,xmr
483,,2018/08/16,489,monero,xmr
484,,2018/08/17,460,monero,xmr
485,,2018/08/18,546,monero,xmr
486,,2018/08/19,474,monero,xmr
487,,2018/08/20,506,monero,xmr
488,,2018/08/21,521,monero,xmr
489,,2018/08/22,559,monero,xmr
490,,2018/08/23,501,monero,xmr
491,,2018/08/24,537,monero,xmr
492,,2018/08/25,507,monero,xmr
493,,2018/08/26,498,monero,xmr
494,,2018/08/27,490,monero,xmr
495,,2018/08/28,624,monero,xmr
496,,2018/08/29,586,monero,xmr
497,,2018/08/30,729,monero,xmr
498,,2018/08/31,887,monero,xmr
499,,2018/09/01,700,monero,xmr
500,,2018/09/02,429,monero,xmr
501,,2018/09/03,637,monero,xmr
502,,2018/09/04,737,monero,xmr
503,,2018/09/05,759,monero,xmr
504,,2018/09/06,645,monero,xmr
505,,2018/09/07,665,monero,xmr
506,,2018/09/08,508,monero,xmr
507,,2018/09/09,580,monero,xmr
508,,2018/09/10,800,monero,xmr
509,,2018/09/11,649,monero,xmr
510,,2018/09/12,650,monero,xmr
511,,2018/09/13,544,monero,xmr
512,,2018/09/14,557,monero,xmr
513,,2018/09/15,754,monero,xmr
514,,2018/09/16,586,monero,xmr
515,,2018/09/17,696,monero,xmr
516,,2018/09/18,728,monero,xmr
517,,2018/09/19,720,monero,xmr
518,,2018/09/20,749,monero,xmr
519,,2018/09/21,884,monero,xmr
520,,2018/09/22,636,monero,xmr
521,,2018/09/23,616,monero,xmr
522,,2018/09/24,645,monero,xmr
523,,2018/09/25,754,monero,xmr
524,,2018/09/26,853,monero,xmr
525,,2018/09/27,700,monero,xmr
526,,2018/09/28,636,monero,xmr
527,,2018/09/29,753,monero,xmr
528,,2018/09/30,579,monero,xmr
529,,2018/10/01,762,monero,xmr
530,,2018/10/02,673,monero,xmr
531,,2018/10/03,757,monero,xmr
532,,2018/10/04,738,monero,xmr
533,,2018/10/05,563,monero,xmr
534,,2018/10/06,519,monero,xmr
535,,2018/10/07,479,monero,xmr
536,,2018/10/08,658,monero,xmr
537,,2018/10/09,652,monero,xmr
538,,2018/10/10,687,monero,xmr
539,,2018/10/11,477,monero,xmr
540,,2018/10/12,575,monero,xmr
541,,2018/10/13,538,monero,xmr
542,,2018/10/14,556,monero,xmr
543,,2018/10/15,594,monero,xmr
544,,2018/10/16,650,monero,xmr
545,,2018/10/17,1009,monero,xmr
546,,2018/10/18,800,monero,xmr
547,,2018/10/19,647,monero,xmr
548,,2018/10/20,807,monero,xmr
549,,2018/10/21,652,monero,xmr
550,,2018/10/22,740,monero,xmr
551,,2018/10/23,706,monero,xmr
552,,2018/10/24,534,monero,xmr
553,,2018/10/25,433,monero,xmr
554,,2018/10/26,609,monero,xmr
555,,2018/10/27,405,monero,xmr
556,,2018/10/28,393,monero,xmr
557,,2018/10/29,480,monero,xmr
558,,2018/10/30,435,monero,xmr
559,,2018/10/31,419,monero,xmr
560,,2018/11/01,332,monero,xmr
561,,2018/11/02,413,monero,xmr
562,,2018/11/03,529,monero,xmr
563,,2018/11/04,550,monero,xmr
564,,2018/11/05,452,monero,xmr
565,,2018/11/06,407,monero,xmr
566,,2018/11/07,388,monero,xmr
567,,2018/11/08,440,monero,xmr
568,,2018/11/09,420,monero,xmr
569,,2018/11/10,329,monero,xmr
570,,2018/11/11,305,monero,xmr
571,,2018/11/12,351,monero,xmr
572,,2018/11/13,480,monero,xmr
573,,2018/11/14,548,monero,xmr
574,,2018/11/15,366,monero,xmr
575,,2018/11/16,317,monero,xmr
576,,2018/11/17,348,monero,xmr
577,,2018/11/18,295,monero,xmr
578,,2018/11/19,456,monero,xmr
579,,2018/11/20,403,monero,xmr
580,,2018/11/21,308,monero,xmr
581,,2018/11/22,310,monero,xmr
582,,2018/11/23,317,monero,xmr
583,,2018/11/24,305,monero,xmr
584,,2018/11/25,290,monero,xmr
585,,2018/11/26,315,monero,xmr
586,,2018/11/27,311,monero,xmr
587,,2018/11/28,331,monero,xmr
588,,2018/11/29,393,monero,xmr
589,,2018/11/30,396,monero,xmr
590,,2018/12/01,369,monero,xmr
591,,2018/12/02,292,monero,xmr
592,,2018/12/03,381,monero,xmr
593,,2018/12/04,352,monero,xmr
594,,2018/12/05,494,monero,xmr
595,,2018/12/06,null,monero,xmr
596,,2018/12/07,326,monero,xmr
597,,2018/12/08,296,monero,xmr
598,,2018/12/09,410,monero,xmr
599,,2018/12/10,335,monero,xmr
600,,2018/12/11,363,monero,xmr
601,,2018/12/12,432,monero,xmr
602,,2018/12/13,328,monero,xmr
603,,2018/12/14,315,monero,xmr
604,,2018/12/15,249,monero,xmr
605,,2018/12/16,326,monero,xmr
606,,2018/12/17,361,monero,xmr
607,,2018/12/18,370,monero,xmr
608,,2018/12/19,379,monero,xmr
609,,2018/12/20,494,monero,xmr
610,,2018/12/21,392,monero,xmr
611,,2018/12/22,304,monero,xmr
612,,2018/12/23,278,monero,xmr
613,,2018/12/24,359,monero,xmr
614,,2018/12/25,331,monero,xmr
615,,2018/12/26,401,monero,xmr
616,,2018/12/27,353,monero,xmr
617,,2018/12/28,327,monero,xmr
618,,2018/12/29,275,monero,xmr
619,,2018/12/30,290,monero,xmr
620,,2018/12/31,276,monero,xmr
621,,2019/01/01,359,monero,xmr
622,,2019/01/02,722,monero,xmr
623,,2019/01/03,416,monero,xmr
624,,2019/01/04,315,monero,xmr
625,,2019/01/05,390,monero,xmr
626,,2019/01/06,371,monero,xmr
627,,2019/01/07,454,monero,xmr
628,,2019/01/08,799,monero,xmr
629,,2019/01/09,677,monero,xmr
630,,2019/01/10,550,monero,xmr
631,,2019/01/11,438,monero,xmr
632,,2019/01/12,341,monero,xmr
633,,2019/01/13,288,monero,xmr
634,,2019/01/14,346,monero,xmr
635,,2019/01/15,477,monero,xmr
636,,2019/01/16,403,monero,xmr
637,,2019/01/17,390,monero,xmr
638,,2019/01/18,516,monero,xmr
639,,2019/01/19,643,monero,xmr
640,,2019/01/20,295,monero,xmr
641,,2019/01/21,288,monero,xmr
642,,2019/01/22,355,monero,xmr
643,,2019/01/23,340,monero,xmr
644,,2019/01/24,364,monero,xmr
645,,2019/01/25,372,monero,xmr
646,,2019/01/26,293,monero,xmr
647,,2019/01/27,309,monero,xmr
648,,2019/01/28,406,monero,xmr
649,,2019/01/29,339,monero,xmr
650,,2019/01/30,331,monero,xmr
651,,2019/01/31,279,monero,xmr
652,,2019/02/01,250,monero,xmr
653,,2019/02/02,268,monero,xmr
654,,2019/02/03,307,monero,xmr
655,,2019/02/04,305,monero,xmr
656,,2019/02/05,365,monero,xmr
657,,2019/02/06,399,monero,xmr
658,,2019/02/07,344,monero,xmr
659,,2019/02/08,419,monero,xmr
660,,2019/02/09,392,monero,xmr
661,,2019/02/10,330,monero,xmr
662,,2019/02/11,405,monero,xmr
663,,2019/02/12,357,monero,xmr
664,,2019/02/13,400,monero,xmr
665,,2019/02/14,374,monero,xmr
666,,2019/02/15,382,monero,xmr
667,,2019/02/16,345,monero,xmr
668,,2019/02/17,295,monero,xmr
669,,2019/02/18,338,monero,xmr
670,,2019/02/19,364,monero,xmr
671,,2019/02/20,403,monero,xmr
672,,2019/02/21,344,monero,xmr
673,,2019/02/22,372,monero,xmr
674,,2019/02/23,325,monero,xmr
675,,2019/02/24,351,monero,xmr
676,,2019/02/25,380,monero,xmr
677,,2019/02/26,381,monero,xmr
678,,2019/02/27,404,monero,xmr
679,,2019/02/28,409,monero,xmr
680,,2019/03/01,341,monero,xmr
681,,2019/03/02,382,monero,xmr
682,,2019/03/03,338,monero,xmr
683,,2019/03/04,464,monero,xmr
684,,2019/03/05,390,monero,xmr
685,,2019/03/06,420,monero,xmr
686,,2019/03/07,526,monero,xmr
687,,2019/03/08,363,monero,xmr
688,,2019/03/09,345,monero,xmr
689,,2019/03/10,313,monero,xmr
690,,2019/03/11,330,monero,xmr
691,,2019/03/12,313,monero,xmr
692,,2019/03/13,386,monero,xmr
693,,2019/03/14,323,monero,xmr
694,,2019/03/15,316,monero,xmr
695,,2019/03/16,302,monero,xmr
696,,2019/03/17,272,monero,xmr
697,,2019/03/18,403,monero,xmr
698,,2019/03/19,401,monero,xmr
699,,2019/03/20,396,monero,xmr
700,,2019/03/21,305,monero,xmr
701,,2019/03/22,307,monero,xmr
702,,2019/03/23,392,monero,xmr
703,,2019/03/24,349,monero,xmr
704,,2019/03/25,319,monero,xmr
705,,2019/03/26,318,monero,xmr
706,,2019/03/27,327,monero,xmr
707,,2019/03/28,326,monero,xmr
708,,2019/03/29,324,monero,xmr
709,,2019/03/30,217,monero,xmr
710,,2019/03/31,274,monero,xmr
711,,2019/04/01,403,monero,xmr
712,,2019/04/02,343,monero,xmr
713,,2019/04/03,347,monero,xmr
714,,2019/04/04,442,monero,xmr
715,,2019/04/05,313,monero,xmr
716,,2019/04/06,326,monero,xmr
717,,2019/04/07,287,monero,xmr
718,,2019/04/08,343,monero,xmr
719,,2019/04/09,384,monero,xmr
720,,2019/04/10,365,monero,xmr
721,,2019/04/11,348,monero,xmr
722,,2019/04/12,280,monero,xmr
723,,2019/04/13,276,monero,xmr
724,,2019/04/14,238,monero,xmr
725,,2019/04/15,293,monero,xmr
726,,2019/04/16,421,monero,xmr
727,,2019/04/17,340,monero,xmr
728,,2019/04/18,508,monero,xmr
729,,2019/04/19,318,monero,xmr
730,,2019/04/20,242,monero,xmr
731,,2019/04/21,264,monero,xmr
732,,2019/04/22,326,monero,xmr
733,,2019/04/23,304,monero,xmr
734,,2019/04/24,285,monero,xmr
735,,2019/04/25,291,monero,xmr
736,,2019/04/26,312,monero,xmr
737,,2019/04/27,284,monero,xmr
738,,2019/04/28,228,monero,xmr
739,,2019/04/29,239,monero,xmr
740,,2019/04/30,251,monero,xmr
741,,2019/05/01,321,monero,xmr
742,,2019/05/02,312,monero,xmr
743,,2019/05/03,292,monero,xmr
744,,2019/05/04,443,monero,xmr
745,,2019/05/05,258,monero,xmr
746,,2019/05/06,287,monero,xmr
747,,2019/05/07,286,monero,xmr
748,,2019/05/08,300,monero,xmr
749,,2019/05/09,324,monero,xmr
750,,2019/05/10,283,monero,xmr
751,,2019/05/11,390,monero,xmr
752,,2019/05/12,323,monero,xmr
753,,2019/05/13,287,monero,xmr
754,,2019/05/14,521,monero,xmr
755,,2019/05/15,374,monero,xmr
756,,2019/05/16,317,monero,xmr
757,,2019/05/17,295,monero,xmr
758,,2019/05/18,264,monero,xmr
759,,2019/05/19,238,monero,xmr
760,,2019/05/20,305,monero,xmr
761,,2019/05/21,286,monero,xmr
762,,2019/05/22,301,monero,xmr
763,,2019/05/23,232,monero,xmr
764,,2019/05/24,274,monero,xmr
765,,2019/05/25,218,monero,xmr
766,,2019/05/26,238,monero,xmr
767,,2019/05/27,278,monero,xmr
768,,2019/05/28,250,monero,xmr
769,,2019/05/29,300,monero,xmr
770,,2019/05/30,251,monero,xmr
771,,2019/05/31,241,monero,xmr
772,,2019/06/01,220,monero,xmr
773,,2019/06/02,213,monero,xmr
774,,2019/06/03,224,monero,xmr
775,,2019/06/04,259,monero,xmr
776,,2019/06/05,274,monero,xmr
777,,2019/06/06,242,monero,xmr
778,,2019/06/07,247,monero,xmr
779,,2019/06/08,265,monero,xmr
780,,2019/06/09,237,monero,xmr
781,,2019/06/10,259,monero,xmr
782,,2019/06/11,252,monero,xmr
783,,2019/06/12,323,monero,xmr
784,,2019/06/13,238,monero,xmr
785,,2019/06/14,254,monero,xmr
786,,2019/06/15,261,monero,xmr
787,,2019/06/16,263,monero,xmr
788,,2019/06/17,315,monero,xmr
789,,2019/06/18,326,monero,xmr
790,,2019/06/19,300,monero,xmr
791,,2019/06/20,275,monero,xmr
792,,2019/06/21,341,monero,xmr
793,,2019/06/22,398,monero,xmr
794,,2019/06/23,466,monero,xmr
795,,2019/06/24,340,monero,xmr
796,,2019/06/25,315,monero,xmr
797,,2019/06/26,336,monero,xmr
798,,2019/06/27,290,monero,xmr
799,,2019/06/28,302,monero,xmr
800,,2019/06/29,318,monero,xmr
801,,2019/06/30,326,monero,xmr
802,,2019/07/01,316,monero,xmr
803,,2019/07/02,324,monero,xmr
804,,2019/07/03,438,monero,xmr
805,,2019/07/04,372,monero,xmr
806,,2019/07/05,393,monero,xmr
807,,2019/07/06,417,monero,xmr
808,,2019/07/07,480,monero,xmr
809,,2019/07/08,455,monero,xmr
810,,2019/07/09,359,monero,xmr
811,,2019/07/10,381,monero,xmr
812,,2019/07/11,332,monero,xmr
813,,2019/07/12,331,monero,xmr
814,,2019/07/13,406,monero,xmr
815,,2019/07/14,399,monero,xmr
816,,2019/07/15,351,monero,xmr
817,,2019/07/16,311,monero,xmr
818,,2019/07/17,361,monero,xmr
819,,2019/07/18,415,monero,xmr
820,,2019/07/19,388,monero,xmr
821,,2019/07/20,332,monero,xmr
822,,2019/07/21,291,monero,xmr
823,,2019/07/22,328,monero,xmr
824,,2019/07/23,240,monero,xmr
825,,2019/07/24,230,monero,xmr
826,,2019/07/25,245,monero,xmr
827,,2019/07/26,248,monero,xmr
828,,2019/07/27,213,monero,xmr
829,,2019/07/28,263,monero,xmr
830,,2019/07/29,250,monero,xmr
831,,2019/07/30,244,monero,xmr
832,,2019/07/31,422,monero,xmr
833,,2019/08/01,424,monero,xmr
834,,2019/08/02,311,monero,xmr
835,,2019/08/03,271,monero,xmr
836,,2019/08/04,291,monero,xmr
837,,2019/08/05,400,monero,xmr
838,,2019/08/06,355,monero,xmr
839,,2019/08/07,368,monero,xmr
840,,2019/08/08,334,monero,xmr
841,,2019/08/09,321,monero,xmr
842,,2019/08/10,318,monero,xmr
843,,2019/08/11,322,monero,xmr
844,,2019/08/12,265,monero,xmr
845,,2019/08/13,326,monero,xmr
846,,2019/08/14,262,monero,xmr
847,,2019/08/15,298,monero,xmr
848,,2019/08/16,344,monero,xmr
849,,2019/08/17,257,monero,xmr
850,,2019/08/18,292,monero,xmr
851,,2019/08/19,278,monero,xmr
852,,2019/08/20,261,monero,xmr
853,,2019/08/21,311,monero,xmr
854,,2019/08/22,420,monero,xmr
855,,2019/08/23,359,monero,xmr
856,,2019/08/24,292,monero,xmr
857,,2019/08/25,309,monero,xmr
858,,2019/08/26,380,monero,xmr
859,,2019/08/27,321,monero,xmr
860,,2019/08/28,359,monero,xmr
861,,2019/08/29,473,monero,xmr
862,,2019/08/30,497,monero,xmr
863,,2019/08/31,424,monero,xmr
864,,2019/09/01,342,monero,xmr
865,,2019/09/02,348,monero,xmr
866,,2019/09/03,342,monero,xmr
867,,2019/09/04,320,monero,xmr
868,,2019/09/05,371,monero,xmr
869,,2019/09/06,341,monero,xmr
870,,2019/09/07,283,monero,xmr
871,,2019/09/08,288,monero,xmr
872,,2019/09/09,272,monero,xmr
873,,2019/09/10,370,monero,xmr
874,,2019/09/11,351,monero,xmr
875,,2019/09/12,269,monero,xmr
876,,2019/09/13,295,monero,xmr
877,,2019/09/14,256,monero,xmr
878,,2019/09/15,238,monero,xmr
879,,2019/09/16,348,monero,xmr
880,,2019/09/17,271,monero,xmr
881,,2019/09/18,272,monero,xmr
882,,2019/09/19,291,monero,xmr
883,,2019/09/20,275,monero,xmr
884,,2019/09/21,312,monero,xmr
885,,2019/09/22,254,monero,xmr
886,,2019/09/23,250,monero,xmr
887,,2019/09/24,254,monero,xmr
888,,2019/09/25,249,monero,xmr
889,,2019/09/26,237,monero,xmr
890,,2019/09/27,218,monero,xmr
891,,2019/09/28,215,monero,xmr
892,,2019/09/29,206,monero,xmr
893,,2019/09/30,232,monero,xmr
894,,2019/10/01,207,monero,xmr
895,,2019/10/02,222,monero,xmr
896,,2019/10/03,247,monero,xmr
897,,2019/10/04,205,monero,xmr
898,,2019/10/05,190,monero,xmr
899,,2019/10/06,235,monero,xmr
900,,2019/10/07,209,monero,xmr
901,,2019/10/08,252,monero,xmr
902,,2019/10/09,252,monero,xmr
903,,2019/10/10,221,monero,xmr
904,,2019/10/11,252,monero,xmr
905,,2019/10/12,189,monero,xmr
906,,2019/10/13,201,monero,xmr
907,,2019/10/14,226,monero,xmr
908,,2019/10/15,229,monero,xmr
909,,2019/10/16,235,monero,xmr
910,,2019/10/17,315,monero,xmr
911,,2019/10/18,279,monero,xmr
912,,2019/10/19,222,monero,xmr
913,,2019/10/20,230,monero,xmr
914,,2019/10/21,273,monero,xmr
915,,2019/10/22,273,monero,xmr
916,,2019/10/23,310,monero,xmr
917,,2019/10/24,271,monero,xmr
918,,2019/10/25,293,monero,xmr
919,,2019/10/26,264,monero,xmr
920,,2019/10/27,208,monero,xmr
921,,2019/10/28,247,monero,xmr
922,,2019/10/29,278,monero,xmr
923,,2019/10/30,271,monero,xmr
924,,2019/10/31,294,monero,xmr
925,,2019/11/01,358,monero,xmr
926,,2019/11/02,455,monero,xmr
927,,2019/11/03,325,monero,xmr
928,,2019/11/04,388,monero,xmr
929,,2019/11/05,381,monero,xmr
930,,2019/11/06,283,monero,xmr
931,,2019/11/07,279,monero,xmr
932,,2019/11/08,281,monero,xmr
933,,2019/11/09,213,monero,xmr
934,,2019/11/10,268,monero,xmr
935,,2019/11/11,290,monero,xmr
936,,2019/11/12,293,monero,xmr
937,,2019/11/13,254,monero,xmr
938,,2019/11/14,382,monero,xmr
939,,2019/11/15,274,monero,xmr
940,,2019/11/16,234,monero,xmr
941,,2019/11/17,199,monero,xmr
942,,2019/11/18,256,monero,xmr
943,,2019/11/19,502,monero,xmr
944,,2019/11/20,872,monero,xmr
945,,2019/11/21,377,monero,xmr
946,,2019/11/22,322,monero,xmr
947,,2019/11/23,201,monero,xmr
948,,2019/11/24,199,monero,xmr
949,,2019/11/25,230,monero,xmr
950,,2019/11/26,330,monero,xmr
951,,2019/11/27,385,monero,xmr
952,,2019/11/28,294,monero,xmr
953,,2019/11/29,377,monero,xmr
954,,2019/11/30,404,monero,xmr
955,,2019/12/01,361,monero,xmr
956,,2019/12/02,378,monero,xmr
957,,2019/12/03,329,monero,xmr
958,,2019/12/04,270,monero,xmr
959,,2019/12/05,311,monero,xmr
960,,2019/12/06,302,monero,xmr
961,,2019/12/07,215,monero,xmr
962,,2019/12/08,230,monero,xmr
963,,2019/12/09,242,monero,xmr
964,,2019/12/10,235,monero,xmr
965,,2019/12/11,254,monero,xmr
966,,2019/12/12,247,monero,xmr
967,,2019/12/13,217,monero,xmr
968,,2019/12/14,233,monero,xmr
969,,2019/12/15,211,monero,xmr
970,,2019/12/16,269,monero,xmr
971,,2019/12/17,231,monero,xmr
972,,2019/12/18,364,monero,xmr
973,,2019/12/19,271,monero,xmr
974,,2019/12/20,219,monero,xmr
975,,2019/12/21,211,monero,xmr
976,,2019/12/22,235,monero,xmr
977,,2019/12/23,218,monero,xmr
978,,2019/12/24,202,monero,xmr
979,,2019/12/25,197,monero,xmr
980,,2019/12/26,205,monero,xmr
981,,2019/12/27,217,monero,xmr
982,,2019/12/28,196,monero,xmr
983,,2019/12/29,215,monero,xmr
984,,2019/12/30,241,monero,xmr
985,,2019/12/31,237,monero,xmr
986,,2020/01/01,191,monero,xmr
987,,2020/01/02,319,monero,xmr
988,,2020/01/03,304,monero,xmr
989,,2020/01/04,299,monero,xmr
990,,2020/01/05,396,monero,xmr
991,,2020/01/06,380,monero,xmr
992,,2020/01/07,396,monero,xmr
993,,2020/01/08,286,monero,xmr
994,,2020/01/09,378,monero,xmr
995,,2020/01/10,421,monero,xmr
996,,2020/01/11,323,monero,xmr
997,,2020/01/12,263,monero,xmr
998,,2020/01/13,218,monero,xmr
999,,2020/01/14,234,monero,xmr
1000,,2020/01/15,292,monero,xmr
1001,,2020/01/16,323,monero,xmr
1002,,2020/01/17,223,monero,xmr
1003,,2020/01/18,244,monero,xmr
1004,,2020/01/19,198,monero,xmr
1005,,2020/01/20,247,monero,xmr
1006,,2020/01/21,249,monero,xmr
1007,,2020/01/22,220,monero,xmr
1008,,2020/01/23,228,monero,xmr
1009,,2020/01/24,261,monero,xmr
1010,,2020/01/25,232,monero,xmr
1011,,2020/01/26,239,monero,xmr
1012,,2020/01/27,275,monero,xmr
1013,,2020/01/28,236,monero,xmr
1014,,2020/01/29,211,monero,xmr
1015,,2020/01/30,271,monero,xmr
1016,,2020/01/31,257,monero,xmr
1017,,2020/02/01,204,monero,xmr
1018,,2020/02/02,495,monero,xmr
1019,,2020/02/03,500,monero,xmr
1020,,2020/02/04,301,monero,xmr
1021,,2020/02/05,269,monero,xmr
1022,,2020/02/06,327,monero,xmr
1023,,2020/02/07,305,monero,xmr
1024,,2020/02/08,206,monero,xmr
1025,,2020/02/09,295,monero,xmr
1026,,2020/02/10,186,monero,xmr
1027,,2020/02/11,217,monero,xmr
1028,,2020/02/12,345,monero,xmr
1029,,2020/02/13,296,monero,xmr
1030,,2020/02/14,340,monero,xmr
1031,,2020/02/15,234,monero,xmr
1032,,2020/02/16,233,monero,xmr
1033,,2020/02/17,243,monero,xmr
1034,,2020/02/18,240,monero,xmr
1035,,2020/02/19,244,monero,xmr
1036,,2020/02/20,217,monero,xmr
1037,,2020/02/21,204,monero,xmr
1038,,2020/02/22,195,monero,xmr
1039,,2020/02/23,195,monero,xmr
1040,,2020/02/24,201,monero,xmr
1041,,2020/02/25,213,monero,xmr
1042,,2020/02/26,212,monero,xmr
1043,,2020/02/27,226,monero,xmr
1044,,2020/02/28,209,monero,xmr
1045,,2020/02/29,190,monero,xmr
1046,,2020/03/01,179,monero,xmr
1047,,2020/03/02,232,monero,xmr
1048,,2020/03/03,178,monero,xmr
1049,,2020/03/04,199,monero,xmr
1050,,2020/03/05,238,monero,xmr
1051,,2020/03/06,168,monero,xmr
1052,,2020/03/07,184,monero,xmr
1053,,2020/03/08,173,monero,xmr
1054,,2020/03/09,168,monero,xmr
1055,,2020/03/10,360,monero,xmr
1056,,2020/03/11,357,monero,xmr
1057,,2020/03/12,215,monero,xmr
1058,,2020/03/13,184,monero,xmr
1059,,2020/03/14,197,monero,xmr
1060,,2020/03/15,145,monero,xmr
1061,,2020/03/16,178,monero,xmr
1062,,2020/03/17,220,monero,xmr
1063,,2020/03/18,208,monero,xmr
1064,,2020/03/19,161,monero,xmr
1065,,2020/03/20,160,monero,xmr
1066,,2020/03/21,182,monero,xmr
1067,,2020/03/22,157,monero,xmr
1068,,2020/03/23,172,monero,xmr
1069,,2020/03/24,194,monero,xmr
1070,,2020/03/25,204,monero,xmr
1071,,2020/03/26,255,monero,xmr
1072,,2020/03/27,213,monero,xmr
1073,,2020/03/28,182,monero,xmr
1074,,2020/03/29,178,monero,xmr
1075,,2020/03/30,233,monero,xmr
1076,,2020/03/31,193,monero,xmr
1077,,2020/04/01,255,monero,xmr
1078,,2020/04/02,203,monero,xmr
1079,,2020/04/03,312,monero,xmr
1080,,2020/04/04,276,monero,xmr
1081,,2020/04/05,207,monero,xmr
1082,,2020/04/06,176,monero,xmr
1083,,2020/04/07,284,monero,xmr
1084,,2020/04/08,217,monero,xmr
1085,,2020/04/09,278,monero,xmr
1086,,2020/04/10,236,monero,xmr
1087,,2020/04/11,248,monero,xmr
1088,,2020/04/12,236,monero,xmr
1089,,2020/04/13,319,monero,xmr
1090,,2020/04/14,291,monero,xmr
1091,,2020/04/15,274,monero,xmr
1092,,2020/04/16,252,monero,xmr
1093,,2020/04/17,433,monero,xmr
1094,,2020/04/18,487,monero,xmr
1095,,2020/04/19,226,monero,xmr
1096,,2020/04/20,254,monero,xmr
1097,,2020/04/21,242,monero,xmr
1098,,2020/04/22,209,monero,xmr
1099,,2020/04/23,231,monero,xmr
1100,,2020/04/24,217,monero,xmr
1101,,2020/04/25,211,monero,xmr
1102,,2020/04/26,208,monero,xmr
1103,,2020/04/27,394,monero,xmr
1104,,2020/04/28,266,monero,xmr
1105,,2020/04/29,232,monero,xmr
1106,,2020/04/30,195,monero,xmr
1107,,2020/05/01,224,monero,xmr
1108,,2020/05/02,219,monero,xmr
1109,,2020/05/03,183,monero,xmr
1110,,2020/05/04,193,monero,xmr
1111,,2020/05/05,235,monero,xmr
1112,,2020/05/06,251,monero,xmr
1113,,2020/05/07,214,monero,xmr
1114,,2020/05/08,994,monero,xmr
1115,,2020/05/09,398,monero,xmr
1116,,2020/05/10,386,monero,xmr
1117,,2020/05/11,274,monero,xmr
1118,,2020/05/12,241,monero,xmr
1119,,2020/05/13,269,monero,xmr
1120,,2020/05/14,414,monero,xmr
1121,,2020/05/15,328,monero,xmr
1122,,2020/05/16,517,monero,xmr
1123,,2020/05/17,395,monero,xmr
1124,,2020/05/18,375,monero,xmr
1125,,2020/05/19,403,monero,xmr
1126,,2020/05/20,794,monero,xmr
1127,,2020/05/21,359,monero,xmr
1128,,2020/05/22,809,monero,xmr
1129,,2020/05/23,391,monero,xmr
1130,,2020/05/24,228,monero,xmr
1131,,2020/05/25,324,monero,xmr
1132,,2020/05/26,250,monero,xmr
1133,,2020/05/27,215,monero,xmr
1134,,2020/05/28,451,monero,xmr
1135,,2020/05/29,906,monero,xmr
1136,,2020/05/30,393,monero,xmr
1137,,2020/05/31,283,monero,xmr
1138,,2020/06/01,177,monero,xmr
1139,,2020/06/02,174,monero,xmr
1140,,2020/06/03,174,monero,xmr
1141,,2020/06/04,243,monero,xmr
1142,,2020/06/05,220,monero,xmr
1143,,2020/06/06,184,monero,xmr
1144,,2020/06/07,189,monero,xmr
1145,,2020/06/08,239,monero,xmr
1146,,2020/06/09,239,monero,xmr
1147,,2020/06/10,236,monero,xmr
1148,,2020/06/11,212,monero,xmr
1149,,2020/06/12,217,monero,xmr
1150,,2020/06/13,260,monero,xmr
1151,,2020/06/14,175,monero,xmr
1152,,2020/06/15,163,monero,xmr
1153,,2020/06/16,181,monero,xmr
1154,,2020/06/17,201,monero,xmr
1155,,2020/06/18,340,monero,xmr
1156,,2020/06/19,167,monero,xmr
1157,,2020/06/20,229,monero,xmr
1158,,2020/06/21,297,monero,xmr
1159,,2020/06/22,245,monero,xmr
1160,,2020/06/23,328,monero,xmr
1161,,2020/06/24,923,monero,xmr
1162,,2020/06/25,397,monero,xmr
1163,,2020/06/26,276,monero,xmr
1164,,2020/06/27,203,monero,xmr
1165,,2020/06/28,291,monero,xmr
1166,,2020/06/29,233,monero,xmr
1167,,2020/06/30,200,monero,xmr
1168,,2020/07/01,223,monero,xmr
1169,,2020/07/02,245,monero,xmr
1170,,2020/07/03,242,monero,xmr
1171,,2020/07/04,254,monero,xmr
1172,,2020/07/05,143,monero,xmr
1173,,2020/07/06,235,monero,xmr
1174,,2020/07/07,182,monero,xmr
1175,,2020/07/08,286,monero,xmr
1176,,2020/07/09,218,monero,xmr
1177,,2020/07/10,206,monero,xmr
1178,,2020/07/11,184,monero,xmr
1179,,2020/07/12,270,monero,xmr
1180,,2020/07/13,279,monero,xmr
1181,,2020/07/14,231,monero,xmr
1182,,2020/07/15,235,monero,xmr
1183,,2020/07/16,301,monero,xmr
1184,,2020/07/17,179,monero,xmr
1185,,2020/07/18,null,monero,xmr
1186,,2020/07/19,270,monero,xmr
1187,,2020/07/20,353,monero,xmr
1188,,2020/07/21,532,monero,xmr
1189,,2020/07/22,270,monero,xmr
1190,,2020/07/23,411,monero,xmr
1191,,2020/07/24,299,monero,xmr
1192,,2020/07/25,229,monero,xmr
1193,,2020/07/26,268,monero,xmr
1194,,2020/07/27,268,monero,xmr
1195,,2020/07/28,586,monero,xmr
1196,,2020/07/29,1745,monero,xmr
1197,,2020/07/30,1027,monero,xmr
1198,,2020/07/31,273,monero,xmr
1199,,2020/08/01,285,monero,xmr
1200,,2020/08/02,274,monero,xmr
1201,,2020/08/03,262,monero,xmr
1202,,2020/08/04,215,monero,xmr
1203,,2020/08/05,203,monero,xmr
1204,,2020/08/06,341,monero,xmr
1205,,2020/08/07,263,monero,xmr
1206,,2020/08/08,241,monero,xmr
1207,,2020/08/09,216,monero,xmr
1208,,2020/08/10,175,monero,xmr
1209,,2020/08/11,214,monero,xmr
1210,,2020/08/12,204,monero,xmr
1211,,2020/08/13,165,monero,xmr
1212,,2020/08/14,161,monero,xmr
1213,,2020/08/15,168,monero,xmr
1214,,2020/08/16,164,monero,xmr
1215,,2020/08/17,261,monero,xmr
1216,,2020/08/18,291,monero,xmr
1217,,2020/08/19,205,monero,xmr
1218,,2020/08/20,293,monero,xmr
1219,,2020/08/21,389,monero,xmr
1220,,2020/08/22,226,monero,xmr
1221,,2020/08/23,200,monero,xmr
1222,,2020/08/24,270,monero,xmr
1223,,2020/08/25,226,monero,xmr
1224,,2020/08/26,200,monero,xmr
1225,,2020/08/27,150,monero,xmr
1226,,2020/08/28,167,monero,xmr
1227,,2020/08/29,151,monero,xmr
1228,,2020/08/30,137,monero,xmr
1229,,2020/08/31,291,monero,xmr
1230,,2020/09/01,307,monero,xmr
1231,,2020/09/02,220,monero,xmr
1232,,2020/09/03,176,monero,xmr
1233,,2020/09/04,166,monero,xmr
1234,,2020/09/05,119,monero,xmr
1235,,2020/09/06,131,monero,xmr
1236,,2020/09/07,148,monero,xmr
1237,,2020/09/08,143,monero,xmr
1238,,2020/09/09,178,monero,xmr
1239,,2020/09/10,214,monero,xmr
1240,,2020/09/11,378,monero,xmr
1241,,2020/09/12,239,monero,xmr
1242,,2020/09/13,250,monero,xmr
1243,,2020/09/14,321,monero,xmr
1244,,2020/09/15,224,monero,xmr
1245,,2020/09/16,231,monero,xmr
1246,,2020/09/17,165,monero,xmr
1247,,2020/09/18,214,monero,xmr
1248,,2020/09/19,217,monero,xmr
1249,,2020/09/20,158,monero,xmr
1250,,2020/09/21,160,monero,xmr
1251,,2020/09/22,188,monero,xmr
1252,,2020/09/23,284,monero,xmr
1253,,2020/09/24,228,monero,xmr
1254,,2020/09/25,172,monero,xmr
1255,,2020/09/26,147,monero,xmr
1256,,2020/09/27,178,monero,xmr
1257,,2020/09/28,190,monero,xmr
1258,,2020/09/29,194,monero,xmr
1259,,2020/09/30,247,monero,xmr
1260,,2020/10/01,341,monero,xmr
1261,,2020/10/02,217,monero,xmr
1262,,2020/10/03,198,monero,xmr
1263,,2020/10/04,233,monero,xmr
1264,,2020/10/05,219,monero,xmr
1265,,2020/10/06,459,monero,xmr
1266,,2020/10/07,349,monero,xmr
1267,,2020/10/08,232,monero,xmr
1268,,2020/10/09,1298,monero,xmr
1269,,2020/10/10,635,monero,xmr
1270,,2020/10/11,414,monero,xmr
1271,,2020/10/12,439,monero,xmr
1272,,2020/10/13,309,monero,xmr
1273,,2020/10/14,231,monero,xmr
1274,,2020/10/15,180,monero,xmr
1275,,2020/10/16,226,monero,xmr
1276,,2020/10/17,247,monero,xmr
1277,,2020/10/18,354,monero,xmr
1278,,2020/10/19,246,monero,xmr
1279,,2020/10/20,194,monero,xmr
1280,,2020/10/21,186,monero,xmr
1281,,2020/10/22,192,monero,xmr
1282,,2020/10/23,188,monero,xmr
1283,,2020/10/24,213,monero,xmr
1284,,2020/10/25,260,monero,xmr
1285,,2020/10/26,260,monero,xmr
1286,,2020/10/27,236,monero,xmr
1287,,2020/10/28,258,monero,xmr
1288,,2020/10/29,211,monero,xmr
1289,,2020/10/30,179,monero,xmr
1290,,2020/10/31,181,monero,xmr
1291,,2020/11/01,358,monero,xmr
1292,,2020/11/02,427,monero,xmr
1293,,2020/11/03,411,monero,xmr
1294,,2020/11/04,170,monero,xmr
1295,,2020/11/05,228,monero,xmr
1296,,2020/11/06,1091,monero,xmr
1297,,2020/11/07,547,monero,xmr
1298,,2020/11/08,332,monero,xmr
1299,,2020/11/09,195,monero,xmr
1300,,2020/11/10,208,monero,xmr
1301,,2020/11/11,287,monero,xmr
1302,,2020/11/12,175,monero,xmr
1303,,2020/11/13,139,monero,xmr
1304,,2020/11/14,168,monero,xmr
1305,,2020/11/15,155,monero,xmr
1306,,2020/11/16,149,monero,xmr
1307,,2020/11/17,182,monero,xmr
1308,,2020/11/18,165,monero,xmr
1309,,2020/11/19,158,monero,xmr
1310,,2020/11/20,1917,monero,xmr
1311,,2020/11/21,1885,monero,xmr
1312,,2020/11/22,293,monero,xmr
1313,,2020/11/23,252,monero,xmr
1314,,2020/11/24,222,monero,xmr
1315,,2020/11/25,222,monero,xmr
1316,,2020/11/26,298,monero,xmr
1317,,2020/11/27,176,monero,xmr
1318,,2020/11/28,149,monero,xmr
1319,,2020/11/29,165,monero,xmr
1320,,2020/11/30,189,monero,xmr
1321,,2020/12/01,148,monero,xmr
1322,,2020/12/02,146,monero,xmr
1323,,2020/12/03,209,monero,xmr
1324,,2020/12/04,372,monero,xmr
1325,,2020/12/05,244,monero,xmr
1326,,2020/12/06,281,monero,xmr
1327,,2020/12/07,256,monero,xmr
1328,,2020/12/08,190,monero,xmr
1329,,2020/12/09,260,monero,xmr
1330,,2020/12/10,222,monero,xmr
1331,,2020/12/11,870,monero,xmr
1332,,2020/12/12,564,monero,xmr
1333,,2020/12/13,282,monero,xmr
1334,,2020/12/14,230,monero,xmr
1335,,2020/12/15,844,monero,xmr
1336,,2020/12/16,311,monero,xmr
1337,,2020/12/17,209,monero,xmr
1338,,2020/12/18,185,monero,xmr
1339,,2020/12/19,141,monero,xmr
1340,,2020/12/20,171,monero,xmr
1341,,2020/12/21,255,monero,xmr
1342,,2020/12/22,277,monero,xmr
1343,,2020/12/23,244,monero,xmr
1344,,2020/12/24,197,monero,xmr
1345,,2020/12/25,263,monero,xmr
1346,,2020/12/26,190,monero,xmr
1347,,2020/12/27,155,monero,xmr
1348,,2020/12/28,233,monero,xmr
1349,,2020/12/29,227,monero,xmr
1350,,2020/12/30,172,monero,xmr
1351,,2020/12/31,210,monero,xmr
1352,,2021/01/01,591,monero,xmr
1353,,2021/01/02,435,monero,xmr
1354,,2021/01/03,301,monero,xmr
1355,,2021/01/04,338,monero,xmr
1356,,2021/01/05,266,monero,xmr
1357,,2021/01/06,269,monero,xmr
1358,,2021/01/07,266,monero,xmr
1359,,2021/01/08,268,monero,xmr
1360,,2021/01/09,250,monero,xmr
1361,,2021/01/10,422,monero,xmr
1362,,2021/01/11,384,monero,xmr
1363,,2021/01/12,280,monero,xmr
1364,,2021/01/13,302,monero,xmr
1365,,2021/01/14,270,monero,xmr
1366,,2021/01/15,328,monero,xmr
1367,,2021/01/16,199,monero,xmr
1368,,2021/01/17,207,monero,xmr
1369,,2021/01/18,193,monero,xmr
1370,,2021/01/19,196,monero,xmr
1371,,2021/01/20,224,monero,xmr
1372,,2021/01/21,204,monero,xmr
1373,,2021/01/22,224,monero,xmr
1374,,2021/01/23,249,monero,xmr
1375,,2021/01/24,200,monero,xmr
1376,,2021/01/25,195,monero,xmr
1377,,2021/01/26,181,monero,xmr
1378,,2021/01/27,191,monero,xmr
1379,,2021/01/28,337,monero,xmr
1380,,2021/01/29,351,monero,xmr
1381,,2021/01/30,772,monero,xmr
1382,,2021/01/31,418,monero,xmr
1383,,2021/02/01,392,monero,xmr
1384,,2021/02/02,223,monero,xmr
1385,,2021/02/03,394,monero,xmr
1386,,2021/02/04,373,monero,xmr
1387,,2021/02/05,332,monero,xmr
1388,,2021/02/06,381,monero,xmr
1389,,2021/02/07,262,monero,xmr
1390,,2021/02/08,251,monero,xmr
1391,,2021/02/09,378,monero,xmr
1392,,2021/02/10,781,monero,xmr
1393,,2021/02/11,340,monero,xmr
1394,,2021/02/12,399,monero,xmr
1395,,2021/02/13,491,monero,xmr
1396,,2021/02/14,374,monero,xmr
1397,,2021/02/15,395,monero,xmr
1398,,2021/02/16,364,monero,xmr
1399,,2021/02/17,379,monero,xmr
1400,,2021/02/18,287,monero,xmr
1401,,2021/02/19,353,monero,xmr
1402,,2021/02/20,261,monero,xmr
1403,,2021/02/21,231,monero,xmr
1404,,2021/02/22,236,monero,xmr
1405,,2021/02/23,402,monero,xmr
1406,,2021/02/24,296,monero,xmr
1407,,2021/02/25,255,monero,xmr
1408,,2021/02/26,295,monero,xmr
1409,,2021/02/27,280,monero,xmr
1410,,2021/02/28,269,monero,xmr
1411,,2021/03/01,272,monero,xmr
1412,,2021/03/02,345,monero,xmr
1413,,2021/03/03,246,monero,xmr
1414,,2021/03/04,488,monero,xmr
1415,,2021/03/05,385,monero,xmr
1416,,2021/03/06,207,monero,xmr
1417,,2021/03/07,275,monero,xmr
1418,,2021/03/08,343,monero,xmr
1419,,2021/03/09,471,monero,xmr
1420,,2021/03/10,301,monero,xmr
1421,,2021/03/11,236,monero,xmr
1422,,2021/03/12,244,monero,xmr
1423,,2021/03/13,251,monero,xmr
1424,,2021/03/14,233,monero,xmr
1425,,2021/03/15,242,monero,xmr
1426,,2021/03/16,220,monero,xmr
1427,,2021/03/17,279,monero,xmr
1428,,2021/03/18,317,monero,xmr
1429,,2021/03/19,274,monero,xmr
1430,,2021/03/20,381,monero,xmr
1431,,2021/03/21,249,monero,xmr
1432,,2021/03/22,273,monero,xmr
1433,,2021/03/23,263,monero,xmr
1434,,2021/03/24,198,monero,xmr
1435,,2021/03/25,244,monero,xmr
1436,,2021/03/26,276,monero,xmr
1437,,2021/03/27,269,monero,xmr
1438,,2021/03/28,215,monero,xmr
1439,,2021/03/29,231,monero,xmr
1440,,2021/03/30,292,monero,xmr
1441,,2021/03/31,288,monero,xmr
1442,,2021/04/01,140,monero,xmr
1443,,2021/04/02,102,monero,xmr
1444,,2021/04/03,245,monero,xmr
1445,,2021/04/04,308,monero,xmr
1446,,2021/04/05,99,monero,xmr
1447,,2021/04/06,69,monero,xmr
1448,,2021/04/07,256,monero,xmr
1449,,2021/04/08,277,monero,xmr
1450,,2021/04/09,361,monero,xmr
1451,,2021/04/10,340,monero,xmr
1452,,2021/04/11,452,monero,xmr
1453,,2021/04/12,364,monero,xmr
1454,,2021/04/13,263,monero,xmr
1455,,2021/04/14,536,monero,xmr
1456,,2021/04/15,717,monero,xmr
1457,,2021/04/16,387,monero,xmr
1458,,2021/04/17,389,monero,xmr
1459,,2021/04/18,375,monero,xmr
1460,,2021/04/19,472,monero,xmr
1461,,2021/04/20,617,monero,xmr
1462,,2021/04/21,684,monero,xmr
1463,,2021/04/22,473,monero,xmr
1464,,2021/04/23,432,monero,xmr
1465,,2021/04/24,458,monero,xmr
1466,,2021/04/25,467,monero,xmr
1467,,2021/04/26,341,monero,xmr
1468,,2021/04/27,469,monero,xmr
1469,,2021/04/28,500,monero,xmr
1470,,2021/04/29,479,monero,xmr
1471,,2021/04/30,439,monero,xmr
1472,,2021/05/01,443,monero,xmr
1473,,2021/05/02,337,monero,xmr
1474,,2021/05/03,319,monero,xmr
1475,,2021/05/04,248,monero,xmr
1476,,2021/05/05,463,monero,xmr
1477,,2021/05/06,458,monero,xmr
1478,,2021/05/07,787,monero,xmr
1479,,2021/05/08,424,monero,xmr
1480,,2021/05/09,934,monero,xmr
1481,,2021/05/10,396,monero,xmr
1482,,2021/05/11,350,monero,xmr
1483,,2021/05/12,415,monero,xmr
1484,,2021/05/13,436,monero,xmr
1485,,2021/05/14,679,monero,xmr
1486,,2021/05/15,498,monero,xmr
1487,,2021/05/16,403,monero,xmr
1488,,2021/05/17,328,monero,xmr
1489,,2021/05/18,450,monero,xmr
1490,,2021/05/19,483,monero,xmr
1491,,2021/05/20,578,monero,xmr
1492,,2021/05/21,820,monero,xmr
1493,,2021/05/22,482,monero,xmr
1494,,2021/05/23,408,monero,xmr
1495,,2021/05/24,343,monero,xmr
1496,,2021/05/25,324,monero,xmr
1497,,2021/05/26,319,monero,xmr
1498,,2021/05/27,249,monero,xmr
1499,,2021/05/28,754,monero,xmr
1500,,2021/05/29,648,monero,xmr
1501,,2021/05/30,445,monero,xmr
1502,,2021/05/31,506,monero,xmr
1503,,2021/06/01,458,monero,xmr
1504,,2021/06/02,451,monero,xmr
1505,,2021/06/03,503,monero,xmr
1506,,2021/06/04,207,monero,xmr
1507,,2021/06/05,191,monero,xmr
1508,,2021/06/06,283,monero,xmr
1509,,2021/06/07,338,monero,xmr
1510,,2021/06/08,443,monero,xmr
1511,,2021/06/09,388,monero,xmr
1512,,2021/06/10,345,monero,xmr
1513,,2021/06/11,252,monero,xmr
1514,,2021/06/12,262,monero,xmr
1515,,2021/06/13,421,monero,xmr
1516,,2021/06/14,481,monero,xmr
1517,,2021/06/15,423,monero,xmr
1518,,2021/06/16,283,monero,xmr
1519,,2021/06/17,285,monero,xmr
1520,,2021/06/18,453,monero,xmr
1521,,2021/06/19,287,monero,xmr
1522,,2021/06/20,392,monero,xmr
1523,,2021/06/21,273,monero,xmr
1524,,2021/06/22,427,monero,xmr
1525,,2021/06/23,365,monero,xmr
1526,,2021/06/24,314,monero,xmr
1527,,2021/06/25,298,monero,xmr
1528,,2021/06/26,365,monero,xmr
1529,,2021/06/27,244,monero,xmr
1530,,2021/06/28,344,monero,xmr
1531,,2021/06/29,243,monero,xmr
1532,,2021/06/30,281,monero,xmr
1533,,2021/07/01,363,monero,xmr
1534,,2021/07/02,339,monero,xmr
1535,,2021/07/03,229,monero,xmr
1536,,2021/07/04,307,monero,xmr
1537,,2021/07/05,252,monero,xmr
1538,,2021/07/06,308,monero,xmr
1539,,2021/07/07,475,monero,xmr
1540,,2021/07/08,337,monero,xmr
1541,,2021/07/09,322,monero,xmr
1542,,2021/07/10,179,monero,xmr
1543,,2021/07/11,193,monero,xmr
1544,,2021/07/12,216,monero,xmr
1545,,2021/07/13,251,monero,xmr
1546,,2021/07/14,251,monero,xmr
1547,,2021/07/15,240,monero,xmr
1548,,2021/07/16,263,monero,xmr
1549,,2021/07/17,216,monero,xmr
1550,,2021/07/18,242,monero,xmr
1551,,2021/07/19,201,monero,xmr
1552,,2021/07/20,191,monero,xmr
1553,,2021/07/21,226,monero,xmr
1554,,2021/07/22,262,monero,xmr
1555,,2021/07/23,250,monero,xmr
1556,,2021/07/24,158,monero,xmr
1557,,2021/07/25,170,monero,xmr
1558,,2021/07/26,198,monero,xmr
1559,,2021/07/27,366,monero,xmr
1560,,2021/07/28,281,monero,xmr
1561,,2021/07/29,2346,monero,xmr
1562,,2021/07/30,255,monero,xmr
1563,,2021/07/31,218,monero,xmr
1564,,2021/08/01,197,monero,xmr
1565,,2021/08/02,311,monero,xmr
1566,,2021/08/03,328,monero,xmr
1567,,2021/08/04,310,monero,xmr
1568,,2021/08/05,350,monero,xmr
1569,,2021/08/06,232,monero,xmr
1570,,2021/08/07,205,monero,xmr
1571,,2021/08/08,241,monero,xmr
1572,,2021/08/09,282,monero,xmr
1573,,2021/08/10,281,monero,xmr
1574,,2021/08/11,356,monero,xmr
1575,,2021/08/12,235,monero,xmr
1576,,2021/08/13,220,monero,xmr
1577,,2021/08/14,172,monero,xmr
1578,,2021/08/15,172,monero,xmr
1579,,2021/08/16,304,monero,xmr
1580,,2021/08/17,525,monero,xmr
1581,,2021/08/18,303,monero,xmr
1582,,2021/08/19,347,monero,xmr
1583,,2021/08/20,304,monero,xmr
1584,,2021/08/21,234,monero,xmr
1585,,2021/08/22,227,monero,xmr
1586,,2021/08/23,435,monero,xmr
1587,,2021/08/24,435,monero,xmr
1588,,2021/08/25,362,monero,xmr
1589,,2021/08/26,254,monero,xmr
1590,,2021/08/27,278,monero,xmr
1591,,2021/08/28,197,monero,xmr
1592,,2021/08/29,209,monero,xmr
1593,,2021/08/30,176,monero,xmr
1594,,2021/08/31,197,monero,xmr
1595,,2021/09/01,276,monero,xmr
1596,,2021/09/02,245,monero,xmr
1597,,2021/09/03,412,monero,xmr
1598,,2021/09/04,257,monero,xmr
1599,,2021/09/05,346,monero,xmr
1600,,2021/09/06,343,monero,xmr
1601,,2021/09/07,1818,monero,xmr
1602,,2021/09/08,607,monero,xmr
1603,,2021/09/09,537,monero,xmr
1604,,2021/09/10,328,monero,xmr
1605,,2021/09/11,302,monero,xmr
1606,,2021/09/12,218,monero,xmr
1607,,2021/09/13,204,monero,xmr
1608,,2021/09/14,225,monero,xmr
1609,,2021/09/15,212,monero,xmr
1610,,2021/09/16,193,monero,xmr
1611,,2021/09/17,228,monero,xmr
1612,,2021/09/18,235,monero,xmr
1613,,2021/09/19,200,monero,xmr
1614,,2021/09/20,245,monero,xmr
1615,,2021/09/21,260,monero,xmr
1616,,2021/09/22,248,monero,xmr
1617,,2021/09/23,255,monero,xmr
1618,,2021/09/24,274,monero,xmr
1619,,2021/09/25,256,monero,xmr
1620,,2021/09/26,276,monero,xmr
1621,,2021/09/27,231,monero,xmr
1622,,2021/09/28,204,monero,xmr
1623,,2021/09/29,249,monero,xmr
1624,,2021/09/30,257,monero,xmr
1625,,2021/10/01,223,monero,xmr
1626,,2021/10/02,163,monero,xmr
1627,,2021/10/03,203,monero,xmr
1628,,2021/10/04,218,monero,xmr
1629,,2021/10/05,229,monero,xmr
1630,,2021/10/06,236,monero,xmr
1631,,2021/10/07,175,monero,xmr
1632,,2021/10/08,149,monero,xmr
1633,,2021/10/09,233,monero,xmr
1634,,2021/10/10,228,monero,xmr
1635,,2021/10/11,333,monero,xmr
1636,,2021/10/12,297,monero,xmr
1637,,2021/10/13,236,monero,xmr
1638,,2021/10/14,187,monero,xmr
1639,,2021/10/15,215,monero,xmr
1640,,2021/10/16,185,monero,xmr
1641,,2021/10/17,167,monero,xmr
1642,,2021/10/18,210,monero,xmr
1643,,2021/10/19,249,monero,xmr
1644,,2021/10/20,238,monero,xmr
1645,,2021/10/21,266,monero,xmr
1646,,2021/10/22,205,monero,xmr
1647,,2021/10/23,199,monero,xmr
1648,,2021/10/24,291,monero,xmr
1649,,2021/10/25,410,monero,xmr
1650,,2021/10/26,288,monero,xmr
1651,,2021/10/27,237,monero,xmr
1652,,2021/10/28,252,monero,xmr
1653,,2021/10/29,191,monero,xmr
1654,,2021/10/30,189,monero,xmr
1655,,2021/10/31,236,monero,xmr
1656,,2021/11/01,280,monero,xmr
1657,,2021/11/02,232,monero,xmr
1658,,2021/11/03,195,monero,xmr
1659,,2021/11/04,308,monero,xmr
1660,,2021/11/05,241,monero,xmr
1661,,2021/11/06,264,monero,xmr
1662,,2021/11/07,242,monero,xmr
1663,,2021/11/08,371,monero,xmr
1664,,2021/11/09,421,monero,xmr
1665,,2021/11/10,356,monero,xmr
1666,,2021/11/11,304,monero,xmr
1667,,2021/11/12,281,monero,xmr
1668,,2021/11/13,223,monero,xmr
1669,,2021/11/14,247,monero,xmr
1670,,2021/11/15,328,monero,xmr
1671,,2021/11/16,108,monero,xmr
