,google_trends,date,tweets,full_name,coin
0,,2018/01/08,358,neblio,nebl
1,,2018/01/09,849,neblio,nebl
2,,2018/01/10,512,neblio,nebl
3,,2018/01/11,274,neblio,nebl
4,,2018/01/12,339,neblio,nebl
5,,2018/01/13,247,neblio,nebl
6,,2018/01/14,220,neblio,nebl
7,,2018/01/15,215,neblio,nebl
8,,2018/01/16,604,neblio,nebl
9,,2018/01/17,510,neblio,nebl
10,,2018/01/18,176,neblio,nebl
11,,2018/01/19,103,neblio,nebl
12,,2018/01/20,373,neblio,nebl
13,,2018/01/21,122,neblio,nebl
14,,2018/01/22,86,neblio,nebl
15,,2018/01/23,191,neblio,nebl
16,,2018/01/24,106,neblio,nebl
17,,2018/01/25,33,neblio,nebl
18,,2018/01/26,42,neblio,nebl
19,,2018/01/27,38,neblio,nebl
20,,2018/01/28,58,neblio,nebl
21,,2018/01/29,42,neblio,nebl
22,,2018/01/30,30,neblio,nebl
23,,2018/01/31,39,neblio,nebl
24,,2018/02/01,55,neblio,nebl
25,,2018/02/02,42,neblio,nebl
26,,2018/02/03,16,neblio,nebl
27,,2018/02/04,22,neblio,nebl
28,,2018/02/05,19,neblio,nebl
29,,2018/02/06,52,neblio,nebl
30,,2018/02/07,18,neblio,nebl
31,,2018/02/08,31,neblio,nebl
32,,2018/02/09,22,neblio,nebl
33,,2018/02/10,9,neblio,nebl
34,,2018/02/11,29,neblio,nebl
35,,2018/02/12,35,neblio,nebl
36,,2018/02/13,36,neblio,nebl
37,,2018/02/14,88,neblio,nebl
38,,2018/02/15,1070,neblio,nebl
39,,2018/02/16,322,neblio,nebl
40,,2018/02/17,253,neblio,nebl
41,,2018/02/18,281,neblio,nebl
42,,2018/02/19,245,neblio,nebl
43,,2018/02/20,56,neblio,nebl
44,,2018/02/21,38,neblio,nebl
45,,2018/02/22,47,neblio,nebl
46,,2018/02/23,37,neblio,nebl
47,,2018/02/24,80,neblio,nebl
48,,2018/02/25,125,neblio,nebl
49,,2018/02/26,51,neblio,nebl
50,,2018/02/27,98,neblio,nebl
51,,2018/02/28,220,neblio,nebl
52,,2018/03/01,73,neblio,nebl
53,,2018/03/02,95,neblio,nebl
54,,2018/03/03,null,neblio,nebl
55,,2018/03/04,null,neblio,nebl
56,,2018/03/05,null,neblio,nebl
57,,2018/03/06,null,neblio,nebl
58,,2018/03/07,null,neblio,nebl
59,,2018/03/08,null,neblio,nebl
60,,2018/03/09,null,neblio,nebl
61,,2018/03/10,null,neblio,nebl
62,,2018/03/11,null,neblio,nebl
63,,2018/03/12,null,neblio,nebl
64,,2018/03/13,null,neblio,nebl
65,,2018/03/14,null,neblio,nebl
66,,2018/03/15,null,neblio,nebl
67,,2018/03/16,null,neblio,nebl
68,,2018/03/17,null,neblio,nebl
69,,2018/03/18,null,neblio,nebl
70,,2018/03/19,null,neblio,nebl
71,,2018/03/20,null,neblio,nebl
72,,2018/03/21,null,neblio,nebl
73,,2018/03/22,null,neblio,nebl
74,,2018/03/23,null,neblio,nebl
75,,2018/03/24,null,neblio,nebl
76,,2018/03/25,null,neblio,nebl
77,,2018/03/26,null,neblio,nebl
78,,2018/03/27,null,neblio,nebl
79,,2018/03/28,null,neblio,nebl
80,,2018/03/29,null,neblio,nebl
81,,2018/03/30,null,neblio,nebl
82,,2018/03/31,null,neblio,nebl
83,,2018/04/01,null,neblio,nebl
84,,2018/04/02,null,neblio,nebl
85,,2018/04/03,null,neblio,nebl
86,,2018/04/04,null,neblio,nebl
87,,2018/04/05,null,neblio,nebl
88,,2018/04/06,null,neblio,nebl
89,,2018/04/07,108,neblio,nebl
90,,2018/04/08,82,neblio,nebl
91,,2018/04/09,109,neblio,nebl
92,,2018/04/10,91,neblio,nebl
93,,2018/04/11,110,neblio,nebl
94,,2018/04/12,147,neblio,nebl
95,,2018/04/13,237,neblio,nebl
96,,2018/04/14,127,neblio,nebl
97,,2018/04/15,42,neblio,nebl
98,,2018/04/16,106,neblio,nebl
99,,2018/04/17,38,neblio,nebl
100,,2018/04/18,188,neblio,nebl
101,,2018/04/19,140,neblio,nebl
102,,2018/04/20,206,neblio,nebl
103,,2018/04/21,314,neblio,nebl
104,,2018/04/22,242,neblio,nebl
105,,2018/04/23,170,neblio,nebl
106,,2018/04/24,235,neblio,nebl
107,,2018/04/25,559,neblio,nebl
108,,2018/04/26,442,neblio,nebl
109,,2018/04/27,147,neblio,nebl
110,,2018/04/28,160,neblio,nebl
111,,2018/04/29,538,neblio,nebl
112,,2018/04/30,779,neblio,nebl
113,,2018/05/01,404,neblio,nebl
114,,2018/05/02,350,neblio,nebl
115,,2018/05/03,254,neblio,nebl
116,,2018/05/04,204,neblio,nebl
117,,2018/05/05,495,neblio,nebl
118,,2018/05/06,152,neblio,nebl
119,,2018/05/07,435,neblio,nebl
120,,2018/05/08,365,neblio,nebl
121,,2018/05/09,106,neblio,nebl
122,,2018/05/10,180,neblio,nebl
123,,2018/05/11,105,neblio,nebl
124,,2018/05/12,331,neblio,nebl
125,,2018/05/13,286,neblio,nebl
126,,2018/05/14,134,neblio,nebl
127,,2018/05/15,187,neblio,nebl
128,,2018/05/16,148,neblio,nebl
129,,2018/05/17,144,neblio,nebl
130,,2018/05/18,258,neblio,nebl
131,,2018/05/19,90,neblio,nebl
132,,2018/05/20,147,neblio,nebl
133,,2018/05/21,98,neblio,nebl
134,,2018/05/22,26,neblio,nebl
135,,2018/05/23,89,neblio,nebl
136,,2018/05/24,75,neblio,nebl
137,,2018/05/25,57,neblio,nebl
138,,2018/05/26,30,neblio,nebl
139,,2018/05/27,29,neblio,nebl
140,,2018/05/28,29,neblio,nebl
141,,2018/05/29,110,neblio,nebl
142,,2018/05/30,137,neblio,nebl
143,,2018/05/31,104,neblio,nebl
144,,2018/06/01,99,neblio,nebl
145,,2018/06/02,73,neblio,nebl
146,,2018/06/03,15,neblio,nebl
147,,2018/06/04,64,neblio,nebl
148,,2018/06/05,25,neblio,nebl
149,,2018/06/06,38,neblio,nebl
150,,2018/06/07,120,neblio,nebl
151,,2018/06/08,59,neblio,nebl
152,,2018/06/09,74,neblio,nebl
153,,2018/06/10,108,neblio,nebl
154,,2018/06/11,147,neblio,nebl
155,,2018/06/12,311,neblio,nebl
156,,2018/06/13,88,neblio,nebl
157,,2018/06/14,168,neblio,nebl
158,,2018/06/15,72,neblio,nebl
159,,2018/06/16,150,neblio,nebl
160,,2018/06/17,128,neblio,nebl
161,,2018/06/18,184,neblio,nebl
162,,2018/06/19,136,neblio,nebl
163,,2018/06/20,148,neblio,nebl
164,,2018/06/21,269,neblio,nebl
165,,2018/06/22,14,neblio,nebl
166,,2018/06/23,20,neblio,nebl
167,,2018/06/24,66,neblio,nebl
168,,2018/06/25,170,neblio,nebl
169,,2018/06/26,404,neblio,nebl
170,,2018/06/27,216,neblio,nebl
171,,2018/06/28,242,neblio,nebl
172,,2018/06/29,241,neblio,nebl
173,,2018/06/30,138,neblio,nebl
174,,2018/07/01,101,neblio,nebl
175,,2018/07/02,348,neblio,nebl
176,,2018/07/03,448,neblio,nebl
177,,2018/07/04,195,neblio,nebl
178,,2018/07/05,130,neblio,nebl
179,,2018/07/06,166,neblio,nebl
180,,2018/07/07,97,neblio,nebl
181,,2018/07/08,135,neblio,nebl
182,,2018/07/09,227,neblio,nebl
183,,2018/07/10,117,neblio,nebl
184,,2018/07/11,249,neblio,nebl
185,,2018/07/12,171,neblio,nebl
186,,2018/07/13,154,neblio,nebl
187,,2018/07/14,109,neblio,nebl
188,,2018/07/15,152,neblio,nebl
189,,2018/07/16,178,neblio,nebl
190,,2018/07/17,284,neblio,nebl
191,,2018/07/18,201,neblio,nebl
192,,2018/07/19,101,neblio,nebl
193,,2018/07/20,142,neblio,nebl
194,,2018/07/21,113,neblio,nebl
195,,2018/07/22,89,neblio,nebl
196,,2018/07/23,222,neblio,nebl
197,,2018/07/24,123,neblio,nebl
198,,2018/07/25,87,neblio,nebl
199,,2018/07/26,239,neblio,nebl
200,,2018/07/27,111,neblio,nebl
201,,2018/07/28,83,neblio,nebl
202,,2018/07/29,66,neblio,nebl
203,,2018/07/30,95,neblio,nebl
204,,2018/07/31,105,neblio,nebl
205,,2018/08/01,151,neblio,nebl
206,,2018/08/02,122,neblio,nebl
207,,2018/08/03,65,neblio,nebl
208,,2018/08/04,40,neblio,nebl
209,,2018/08/05,94,neblio,nebl
210,,2018/08/06,100,neblio,nebl
211,,2018/08/07,103,neblio,nebl
212,,2018/08/08,88,neblio,nebl
213,,2018/08/09,115,neblio,nebl
214,,2018/08/10,26,neblio,nebl
215,,2018/08/11,34,neblio,nebl
216,,2018/08/12,45,neblio,nebl
217,,2018/08/13,54,neblio,nebl
218,,2018/08/14,80,neblio,nebl
219,,2018/08/15,261,neblio,nebl
220,,2018/08/16,248,neblio,nebl
221,,2018/08/17,181,neblio,nebl
222,,2018/08/18,92,neblio,nebl
223,,2018/08/19,43,neblio,nebl
224,,2018/08/20,61,neblio,nebl
225,,2018/08/21,64,neblio,nebl
226,,2018/08/22,61,neblio,nebl
227,,2018/08/23,87,neblio,nebl
228,,2018/08/24,67,neblio,nebl
229,,2018/08/25,39,neblio,nebl
230,,2018/08/26,50,neblio,nebl
231,,2018/08/27,31,neblio,nebl
232,,2018/08/28,85,neblio,nebl
233,,2018/08/29,167,neblio,nebl
234,,2018/08/30,51,neblio,nebl
235,,2018/08/31,73,neblio,nebl
236,,2018/09/01,63,neblio,nebl
237,,2018/09/02,35,neblio,nebl
238,,2018/09/03,23,neblio,nebl
239,,2018/09/04,28,neblio,nebl
240,,2018/09/05,33,neblio,nebl
241,,2018/09/06,54,neblio,nebl
242,,2018/09/07,100,neblio,nebl
243,,2018/09/08,27,neblio,nebl
244,,2018/09/09,26,neblio,nebl
245,,2018/09/10,28,neblio,nebl
246,,2018/09/11,32,neblio,nebl
247,,2018/09/12,44,neblio,nebl
248,,2018/09/13,59,neblio,nebl
249,,2018/09/14,47,neblio,nebl
250,,2018/09/15,49,neblio,nebl
251,,2018/09/16,31,neblio,nebl
252,,2018/09/17,31,neblio,nebl
253,,2018/09/18,76,neblio,nebl
254,,2018/09/19,41,neblio,nebl
255,,2018/09/20,45,neblio,nebl
256,,2018/09/21,102,neblio,nebl
257,,2018/09/22,57,neblio,nebl
258,,2018/09/23,62,neblio,nebl
259,,2018/09/24,23,neblio,nebl
260,,2018/09/25,29,neblio,nebl
261,,2018/09/26,80,neblio,nebl
262,,2018/09/27,111,neblio,nebl
263,,2018/09/28,188,neblio,nebl
264,,2018/09/29,45,neblio,nebl
265,,2018/09/30,107,neblio,nebl
266,,2018/10/01,92,neblio,nebl
267,,2018/10/02,57,neblio,nebl
268,,2018/10/03,44,neblio,nebl
269,,2018/10/04,43,neblio,nebl
270,,2018/10/05,105,neblio,nebl
271,,2018/10/06,97,neblio,nebl
272,,2018/10/07,93,neblio,nebl
273,,2018/10/08,83,neblio,nebl
274,,2018/10/09,56,neblio,nebl
275,,2018/10/10,70,neblio,nebl
276,,2018/10/11,25,neblio,nebl
277,,2018/10/12,15,neblio,nebl
278,,2018/10/13,16,neblio,nebl
279,,2018/10/14,22,neblio,nebl
280,,2018/10/15,48,neblio,nebl
281,,2018/10/16,121,neblio,nebl
282,,2018/10/17,107,neblio,nebl
283,,2018/10/18,48,neblio,nebl
284,,2018/10/19,21,neblio,nebl
285,,2018/10/20,13,neblio,nebl
286,,2018/10/21,84,neblio,nebl
287,,2018/10/22,116,neblio,nebl
288,,2018/10/23,93,neblio,nebl
289,,2018/10/24,102,neblio,nebl
290,,2018/10/25,310,neblio,nebl
291,,2018/10/26,227,neblio,nebl
292,,2018/10/27,142,neblio,nebl
293,,2018/10/28,207,neblio,nebl
294,,2018/10/29,110,neblio,nebl
295,,2018/10/30,84,neblio,nebl
296,,2018/10/31,27,neblio,nebl
297,,2018/11/01,29,neblio,nebl
298,,2018/11/02,13,neblio,nebl
299,,2018/11/03,37,neblio,nebl
300,,2018/11/04,154,neblio,nebl
301,,2018/11/05,188,neblio,nebl
302,,2018/11/06,42,neblio,nebl
303,,2018/11/07,25,neblio,nebl
304,,2018/11/08,42,neblio,nebl
305,,2018/11/09,23,neblio,nebl
306,,2018/11/10,33,neblio,nebl
307,,2018/11/11,65,neblio,nebl
308,,2018/11/12,60,neblio,nebl
309,,2018/11/13,38,neblio,nebl
310,,2018/11/14,23,neblio,nebl
311,,2018/11/15,12,neblio,nebl
312,,2018/11/16,32,neblio,nebl
313,,2018/11/17,17,neblio,nebl
314,,2018/11/18,19,neblio,nebl
315,,2018/11/19,11,neblio,nebl
316,,2018/11/20,8,neblio,nebl
317,,2018/11/21,14,neblio,nebl
318,,2018/11/22,14,neblio,nebl
319,,2018/11/23,14,neblio,nebl
320,,2018/11/24,48,neblio,nebl
321,,2018/11/25,34,neblio,nebl
322,,2018/11/26,19,neblio,nebl
323,,2018/11/27,18,neblio,nebl
324,,2018/11/28,10,neblio,nebl
325,,2018/11/29,null,neblio,nebl
326,,2018/11/30,24,neblio,nebl
327,,2018/12/01,22,neblio,nebl
328,,2018/12/02,24,neblio,nebl
329,,2018/12/03,18,neblio,nebl
330,,2018/12/04,20,neblio,nebl
331,,2018/12/05,6,neblio,nebl
332,,2018/12/06,null,neblio,nebl
333,,2018/12/07,16,neblio,nebl
334,,2018/12/08,null,neblio,nebl
335,,2018/12/09,18,neblio,nebl
336,,2018/12/10,7,neblio,nebl
337,,2018/12/11,4,neblio,nebl
338,,2018/12/12,4,neblio,nebl
339,,2018/12/13,6,neblio,nebl
340,,2018/12/14,9,neblio,nebl
341,,2018/12/15,1,neblio,nebl
342,,2018/12/16,6,neblio,nebl
343,,2018/12/17,4,neblio,nebl
344,,2018/12/18,13,neblio,nebl
345,,2018/12/19,12,neblio,nebl
346,,2018/12/20,1,neblio,nebl
347,,2018/12/21,5,neblio,nebl
348,,2018/12/22,14,neblio,nebl
349,,2018/12/23,11,neblio,nebl
350,,2018/12/24,3,neblio,nebl
351,,2018/12/25,5,neblio,nebl
352,,2018/12/26,4,neblio,nebl
353,,2018/12/27,5,neblio,nebl
354,,2018/12/28,14,neblio,nebl
355,,2018/12/29,31,neblio,nebl
356,,2018/12/30,21,neblio,nebl
357,,2018/12/31,24,neblio,nebl
358,,2019/01/01,42,neblio,nebl
359,,2019/01/02,23,neblio,nebl
360,,2019/01/03,36,neblio,nebl
361,,2019/01/04,20,neblio,nebl
362,,2019/01/05,35,neblio,nebl
363,,2019/01/06,15,neblio,nebl
364,,2019/01/07,43,neblio,nebl
365,,2019/01/08,25,neblio,nebl
366,,2019/01/09,48,neblio,nebl
367,,2019/01/10,63,neblio,nebl
368,,2019/01/11,53,neblio,nebl
369,,2019/01/12,46,neblio,nebl
370,,2019/01/13,48,neblio,nebl
371,,2019/01/14,13,neblio,nebl
372,,2019/01/15,28,neblio,nebl
373,,2019/01/16,17,neblio,nebl
374,,2019/01/17,48,neblio,nebl
375,,2019/01/18,11,neblio,nebl
376,,2019/01/19,18,neblio,nebl
377,,2019/01/20,7,neblio,nebl
378,,2019/01/21,16,neblio,nebl
379,,2019/01/22,16,neblio,nebl
380,,2019/01/23,7,neblio,nebl
381,,2019/01/24,74,neblio,nebl
382,,2019/01/25,52,neblio,nebl
383,,2019/01/26,42,neblio,nebl
384,,2019/01/27,12,neblio,nebl
385,,2019/01/28,19,neblio,nebl
386,,2019/01/29,7,neblio,nebl
387,,2019/01/30,25,neblio,nebl
388,,2019/01/31,32,neblio,nebl
389,,2019/02/01,12,neblio,nebl
390,,2019/02/02,143,neblio,nebl
391,,2019/02/03,118,neblio,nebl
392,,2019/02/04,48,neblio,nebl
393,,2019/02/05,56,neblio,nebl
394,,2019/02/06,39,neblio,nebl
395,,2019/02/07,44,neblio,nebl
396,,2019/02/08,58,neblio,nebl
397,,2019/02/09,83,neblio,nebl
398,,2019/02/10,60,neblio,nebl
399,,2019/02/11,125,neblio,nebl
400,,2019/02/12,41,neblio,nebl
401,,2019/02/13,42,neblio,nebl
402,,2019/02/14,54,neblio,nebl
403,,2019/02/15,39,neblio,nebl
404,,2019/02/16,28,neblio,nebl
405,,2019/02/17,30,neblio,nebl
406,,2019/02/18,51,neblio,nebl
407,,2019/02/19,29,neblio,nebl
408,,2019/02/20,15,neblio,nebl
409,,2019/02/21,20,neblio,nebl
410,,2019/02/22,54,neblio,nebl
411,,2019/02/23,17,neblio,nebl
412,,2019/02/24,20,neblio,nebl
413,,2019/02/25,33,neblio,nebl
414,,2019/02/26,33,neblio,nebl
415,,2019/02/27,41,neblio,nebl
416,,2019/02/28,87,neblio,nebl
417,,2019/03/01,31,neblio,nebl
418,,2019/03/02,9,neblio,nebl
419,,2019/03/03,19,neblio,nebl
420,,2019/03/04,17,neblio,nebl
421,,2019/03/05,16,neblio,nebl
422,,2019/03/06,25,neblio,nebl
423,,2019/03/07,21,neblio,nebl
424,,2019/03/08,38,neblio,nebl
425,,2019/03/09,45,neblio,nebl
426,,2019/03/10,34,neblio,nebl
427,,2019/03/11,17,neblio,nebl
428,,2019/03/12,66,neblio,nebl
429,,2019/03/13,108,neblio,nebl
430,,2019/03/14,72,neblio,nebl
431,,2019/03/15,51,neblio,nebl
432,,2019/03/16,82,neblio,nebl
433,,2019/03/17,63,neblio,nebl
434,,2019/03/18,43,neblio,nebl
435,,2019/03/19,46,neblio,nebl
436,,2019/03/20,60,neblio,nebl
437,,2019/03/21,24,neblio,nebl
438,,2019/03/22,21,neblio,nebl
439,,2019/03/23,13,neblio,nebl
440,,2019/03/24,6,neblio,nebl
441,,2019/03/25,23,neblio,nebl
442,,2019/03/26,19,neblio,nebl
443,,2019/03/27,15,neblio,nebl
444,,2019/03/28,63,neblio,nebl
445,,2019/03/29,121,neblio,nebl
446,,2019/03/30,40,neblio,nebl
447,,2019/03/31,14,neblio,nebl
448,,2019/04/01,18,neblio,nebl
449,,2019/04/02,19,neblio,nebl
450,,2019/04/03,237,neblio,nebl
451,,2019/04/04,79,neblio,nebl
452,,2019/04/05,63,neblio,nebl
453,,2019/04/06,28,neblio,nebl
454,,2019/04/07,29,neblio,nebl
455,,2019/04/08,25,neblio,nebl
456,,2019/04/09,17,neblio,nebl
457,,2019/04/10,24,neblio,nebl
458,,2019/04/11,4,neblio,nebl
459,,2019/04/12,27,neblio,nebl
460,,2019/04/13,16,neblio,nebl
461,,2019/04/14,12,neblio,nebl
462,,2019/04/15,13,neblio,nebl
463,,2019/04/16,9,neblio,nebl
464,,2019/04/17,14,neblio,nebl
465,,2019/04/18,49,neblio,nebl
466,,2019/04/19,42,neblio,nebl
467,,2019/04/20,30,neblio,nebl
468,,2019/04/21,28,neblio,nebl
469,,2019/04/22,30,neblio,nebl
470,,2019/04/23,22,neblio,nebl
471,,2019/04/24,17,neblio,nebl
472,,2019/04/25,21,neblio,nebl
473,,2019/04/26,15,neblio,nebl
474,,2019/04/27,10,neblio,nebl
475,,2019/04/28,9,neblio,nebl
476,,2019/04/29,19,neblio,nebl
477,,2019/04/30,23,neblio,nebl
478,,2019/05/01,21,neblio,nebl
479,,2019/05/02,46,neblio,nebl
480,,2019/05/03,21,neblio,nebl
481,,2019/05/04,9,neblio,nebl
482,,2019/05/05,26,neblio,nebl
483,,2019/05/06,9,neblio,nebl
484,,2019/05/07,6,neblio,nebl
485,,2019/05/08,9,neblio,nebl
486,,2019/05/09,15,neblio,nebl
487,,2019/05/10,28,neblio,nebl
488,,2019/05/11,45,neblio,nebl
489,,2019/05/12,93,neblio,nebl
490,,2019/05/13,38,neblio,nebl
491,,2019/05/14,25,neblio,nebl
492,,2019/05/15,50,neblio,nebl
493,,2019/05/16,33,neblio,nebl
494,,2019/05/17,17,neblio,nebl
495,,2019/05/18,21,neblio,nebl
496,,2019/05/19,27,neblio,nebl
497,,2019/05/20,48,neblio,nebl
498,,2019/05/21,101,neblio,nebl
499,,2019/05/22,46,neblio,nebl
500,,2019/05/23,37,neblio,nebl
501,,2019/05/24,40,neblio,nebl
502,,2019/05/25,122,neblio,nebl
503,,2019/05/26,63,neblio,nebl
504,,2019/05/27,29,neblio,nebl
505,,2019/05/28,24,neblio,nebl
506,,2019/05/29,33,neblio,nebl
507,,2019/05/30,25,neblio,nebl
508,,2019/05/31,20,neblio,nebl
509,,2019/06/01,48,neblio,nebl
510,,2019/06/02,36,neblio,nebl
511,,2019/06/03,27,neblio,nebl
512,,2019/06/04,16,neblio,nebl
513,,2019/06/05,11,neblio,nebl
514,,2019/06/06,33,neblio,nebl
515,,2019/06/07,27,neblio,nebl
516,,2019/06/08,8,neblio,nebl
517,,2019/06/09,28,neblio,nebl
518,,2019/06/10,40,neblio,nebl
519,,2019/06/11,41,neblio,nebl
520,,2019/06/12,30,neblio,nebl
521,,2019/06/13,22,neblio,nebl
522,,2019/06/14,25,neblio,nebl
523,,2019/06/15,8,neblio,nebl
524,,2019/06/16,41,neblio,nebl
525,,2019/06/17,13,neblio,nebl
526,,2019/06/18,15,neblio,nebl
527,,2019/06/19,88,neblio,nebl
528,,2019/06/20,52,neblio,nebl
529,,2019/06/21,26,neblio,nebl
530,,2019/06/22,61,neblio,nebl
531,,2019/06/23,102,neblio,nebl
532,,2019/06/24,35,neblio,nebl
533,,2019/06/25,24,neblio,nebl
534,,2019/06/26,52,neblio,nebl
535,,2019/06/27,63,neblio,nebl
536,,2019/06/28,5,neblio,nebl
537,,2019/06/29,6,neblio,nebl
538,,2019/06/30,42,neblio,nebl
539,,2019/07/01,36,neblio,nebl
540,,2019/07/02,41,neblio,nebl
541,,2019/07/03,103,neblio,nebl
542,,2019/07/04,59,neblio,nebl
543,,2019/07/05,21,neblio,nebl
544,,2019/07/06,19,neblio,nebl
545,,2019/07/07,36,neblio,nebl
546,,2019/07/08,17,neblio,nebl
547,,2019/07/09,344,neblio,nebl
548,,2019/07/10,119,neblio,nebl
549,,2019/07/11,48,neblio,nebl
550,,2019/07/12,29,neblio,nebl
551,,2019/07/13,29,neblio,nebl
552,,2019/07/14,27,neblio,nebl
553,,2019/07/15,22,neblio,nebl
554,,2019/07/16,17,neblio,nebl
555,,2019/07/17,49,neblio,nebl
556,,2019/07/18,23,neblio,nebl
557,,2019/07/19,18,neblio,nebl
558,,2019/07/20,39,neblio,nebl
559,,2019/07/21,23,neblio,nebl
560,,2019/07/22,15,neblio,nebl
561,,2019/07/23,60,neblio,nebl
562,,2019/07/24,40,neblio,nebl
563,,2019/07/25,38,neblio,nebl
564,,2019/07/26,20,neblio,nebl
565,,2019/07/27,50,neblio,nebl
566,,2019/07/28,86,neblio,nebl
567,,2019/07/29,11,neblio,nebl
568,,2019/07/30,20,neblio,nebl
569,,2019/07/31,1488,neblio,nebl
570,,2019/08/01,598,neblio,nebl
571,,2019/08/02,25,neblio,nebl
572,,2019/08/03,8,neblio,nebl
573,,2019/08/04,3,neblio,nebl
574,,2019/08/05,22,neblio,nebl
575,,2019/08/06,9,neblio,nebl
576,,2019/08/07,15,neblio,nebl
577,,2019/08/08,36,neblio,nebl
578,,2019/08/09,46,neblio,nebl
579,,2019/08/10,60,neblio,nebl
580,,2019/08/11,88,neblio,nebl
581,,2019/08/12,141,neblio,nebl
582,,2019/08/13,158,neblio,nebl
583,,2019/08/14,188,neblio,nebl
584,,2019/08/15,146,neblio,nebl
585,,2019/08/16,190,neblio,nebl
586,,2019/08/17,177,neblio,nebl
587,,2019/08/18,197,neblio,nebl
588,,2019/08/19,234,neblio,nebl
589,,2019/08/20,220,neblio,nebl
590,,2019/08/21,233,neblio,nebl
591,,2019/08/22,147,neblio,nebl
592,,2019/08/23,151,neblio,nebl
593,,2019/08/24,132,neblio,nebl
594,,2019/08/25,171,neblio,nebl
595,,2019/08/26,211,neblio,nebl
596,,2019/08/27,246,neblio,nebl
597,,2019/08/28,191,neblio,nebl
598,,2019/08/29,188,neblio,nebl
599,,2019/08/30,229,neblio,nebl
600,,2019/08/31,189,neblio,nebl
601,,2019/09/01,171,neblio,nebl
602,,2019/09/02,180,neblio,nebl
603,,2019/09/03,156,neblio,nebl
604,,2019/09/04,95,neblio,nebl
605,,2019/09/05,72,neblio,nebl
606,,2019/09/06,168,neblio,nebl
607,,2019/09/07,164,neblio,nebl
608,,2019/09/08,142,neblio,nebl
609,,2019/09/09,139,neblio,nebl
610,,2019/09/10,170,neblio,nebl
611,,2019/09/11,206,neblio,nebl
612,,2019/09/12,199,neblio,nebl
613,,2019/09/13,197,neblio,nebl
614,,2019/09/14,210,neblio,nebl
615,,2019/09/15,null,neblio,nebl
616,,2019/09/16,null,neblio,nebl
617,,2019/09/17,239,neblio,nebl
618,,2019/09/18,215,neblio,nebl
619,,2019/09/19,210,neblio,nebl
620,,2019/09/20,172,neblio,nebl
621,,2019/09/21,155,neblio,nebl
622,,2019/09/22,159,neblio,nebl
623,,2019/09/23,164,neblio,nebl
624,,2019/09/24,149,neblio,nebl
625,,2019/09/25,150,neblio,nebl
626,,2019/09/26,36,neblio,nebl
627,,2019/09/27,48,neblio,nebl
628,,2019/09/28,43,neblio,nebl
629,,2019/09/29,44,neblio,nebl
630,,2019/09/30,74,neblio,nebl
631,,2019/10/01,null,neblio,nebl
632,,2019/10/02,130,neblio,nebl
633,,2019/10/03,114,neblio,nebl
634,,2019/10/04,110,neblio,nebl
635,,2019/10/05,62,neblio,nebl
636,,2019/10/06,43,neblio,nebl
637,,2019/10/07,52,neblio,nebl
638,,2019/10/08,41,neblio,nebl
639,,2019/10/09,null,neblio,nebl
640,,2019/10/10,41,neblio,nebl
641,,2019/10/11,50,neblio,nebl
642,,2019/10/12,null,neblio,nebl
643,,2019/10/13,null,neblio,nebl
644,,2019/10/14,null,neblio,nebl
645,,2019/10/15,null,neblio,nebl
646,,2019/10/16,null,neblio,nebl
647,,2019/10/17,null,neblio,nebl
648,,2019/10/18,23,neblio,nebl
649,,2019/10/19,null,neblio,nebl
650,,2019/10/20,24,neblio,nebl
651,,2019/10/21,55,neblio,nebl
652,,2019/10/22,18,neblio,nebl
653,,2019/10/23,19,neblio,nebl
654,,2019/10/24,20,neblio,nebl
655,,2019/10/25,23,neblio,nebl
656,,2019/10/26,17,neblio,nebl
657,,2019/10/27,25,neblio,nebl
658,,2019/10/28,31,neblio,nebl
659,,2019/10/29,46,neblio,nebl
660,,2019/10/30,24,neblio,nebl
661,,2019/10/31,31,neblio,nebl
662,,2019/11/01,36,neblio,nebl
663,,2019/11/02,20,neblio,nebl
664,,2019/11/03,13,neblio,nebl
665,,2019/11/04,13,neblio,nebl
666,,2019/11/05,29,neblio,nebl
667,,2019/11/06,3,neblio,nebl
668,,2019/11/07,30,neblio,nebl
669,,2019/11/08,5,neblio,nebl
670,,2019/11/09,null,neblio,nebl
671,,2019/11/10,null,neblio,nebl
672,,2019/11/11,11,neblio,nebl
673,,2019/11/12,10,neblio,nebl
674,,2019/11/13,14,neblio,nebl
675,,2019/11/14,39,neblio,nebl
676,,2019/11/15,4,neblio,nebl
677,,2019/11/16,19,neblio,nebl
678,,2019/11/17,12,neblio,nebl
679,,2019/11/18,6,neblio,nebl
680,,2019/11/19,42,neblio,nebl
681,,2019/11/20,18,neblio,nebl
682,,2019/11/21,5,neblio,nebl
683,,2019/11/22,2,neblio,nebl
684,,2019/11/23,18,neblio,nebl
685,,2019/11/24,10,neblio,nebl
686,,2019/11/25,42,neblio,nebl
687,,2019/11/26,52,neblio,nebl
688,,2019/11/27,21,neblio,nebl
689,,2019/11/28,15,neblio,nebl
690,,2019/11/29,48,neblio,nebl
691,,2019/11/30,11,neblio,nebl
692,,2019/12/01,17,neblio,nebl
693,,2019/12/02,41,neblio,nebl
694,,2019/12/03,47,neblio,nebl
695,,2019/12/04,21,neblio,nebl
696,,2019/12/05,41,neblio,nebl
697,,2019/12/06,27,neblio,nebl
698,,2019/12/07,96,neblio,nebl
699,,2019/12/08,46,neblio,nebl
700,,2019/12/09,6,neblio,nebl
701,,2019/12/10,6,neblio,nebl
702,,2019/12/11,6,neblio,nebl
703,,2019/12/12,5,neblio,nebl
704,,2019/12/13,32,neblio,nebl
705,,2019/12/14,31,neblio,nebl
706,,2019/12/15,7,neblio,nebl
707,,2019/12/16,15,neblio,nebl
708,,2019/12/17,8,neblio,nebl
709,,2019/12/18,6,neblio,nebl
710,,2019/12/19,10,neblio,nebl
711,,2019/12/20,31,neblio,nebl
712,,2019/12/21,28,neblio,nebl
713,,2019/12/22,15,neblio,nebl
714,,2019/12/23,33,neblio,nebl
715,,2019/12/24,27,neblio,nebl
716,,2019/12/25,5,neblio,nebl
717,,2019/12/26,11,neblio,nebl
718,,2019/12/27,8,neblio,nebl
719,,2019/12/28,null,neblio,nebl
720,,2019/12/29,58,neblio,nebl
721,,2019/12/30,31,neblio,nebl
722,,2019/12/31,35,neblio,nebl
723,,2020/01/01,19,neblio,nebl
724,,2020/01/02,29,neblio,nebl
725,,2020/01/03,18,neblio,nebl
726,,2020/01/04,13,neblio,nebl
727,,2020/01/05,5,neblio,nebl
728,,2020/01/06,25,neblio,nebl
729,,2020/01/07,15,neblio,nebl
730,,2020/01/08,null,neblio,nebl
731,,2020/01/09,19,neblio,nebl
732,,2020/01/10,23,neblio,nebl
733,,2020/01/11,8,neblio,nebl
734,,2020/01/12,15,neblio,nebl
735,,2020/01/13,4,neblio,nebl
736,,2020/01/14,8,neblio,nebl
737,,2020/01/15,15,neblio,nebl
738,,2020/01/16,11,neblio,nebl
739,,2020/01/17,11,neblio,nebl
740,,2020/01/18,10,neblio,nebl
741,,2020/01/19,3,neblio,nebl
742,,2020/01/20,3,neblio,nebl
743,,2020/01/21,1,neblio,nebl
744,,2020/01/22,2,neblio,nebl
745,,2020/01/23,4,neblio,nebl
746,,2020/01/24,20,neblio,nebl
747,,2020/01/25,29,neblio,nebl
748,,2020/01/26,8,neblio,nebl
749,,2020/01/27,5,neblio,nebl
750,,2020/01/28,2,neblio,nebl
751,,2020/01/29,15,neblio,nebl
752,,2020/01/30,5,neblio,nebl
753,,2020/01/31,null,neblio,nebl
754,,2020/02/01,10,neblio,nebl
755,,2020/02/02,23,neblio,nebl
756,,2020/02/03,91,neblio,nebl
757,,2020/02/04,243,neblio,nebl
758,,2020/02/05,374,neblio,nebl
759,,2020/02/06,307,neblio,nebl
760,,2020/02/07,188,neblio,nebl
761,,2020/02/08,144,neblio,nebl
762,,2020/02/09,112,neblio,nebl
763,,2020/02/10,166,neblio,nebl
764,,2020/02/11,114,neblio,nebl
765,,2020/02/12,85,neblio,nebl
766,,2020/02/13,78,neblio,nebl
767,,2020/02/14,71,neblio,nebl
768,,2020/02/15,36,neblio,nebl
769,,2020/02/16,32,neblio,nebl
770,,2020/02/17,44,neblio,nebl
771,,2020/02/18,25,neblio,nebl
772,,2020/02/19,17,neblio,nebl
773,,2020/02/20,9,neblio,nebl
774,,2020/02/21,25,neblio,nebl
775,,2020/02/22,19,neblio,nebl
776,,2020/02/23,8,neblio,nebl
777,,2020/02/24,4,neblio,nebl
778,,2020/02/25,1,neblio,nebl
779,,2020/02/26,2,neblio,nebl
780,,2020/02/27,7,neblio,nebl
781,,2020/02/28,2,neblio,nebl
782,,2020/02/29,2,neblio,nebl
783,,2020/03/01,40,neblio,nebl
784,,2020/03/02,13,neblio,nebl
785,,2020/03/03,29,neblio,nebl
786,,2020/03/04,13,neblio,nebl
787,,2020/03/05,44,neblio,nebl
788,,2020/03/06,10,neblio,nebl
789,,2020/03/07,36,neblio,nebl
790,,2020/03/08,11,neblio,nebl
791,,2020/03/09,2,neblio,nebl
792,,2020/03/10,5,neblio,nebl
793,,2020/03/11,5,neblio,nebl
794,,2020/03/12,8,neblio,nebl
795,,2020/03/13,1,neblio,nebl
796,,2020/03/14,1,neblio,nebl
797,,2020/03/15,11,neblio,nebl
798,,2020/03/16,6,neblio,nebl
799,,2020/03/17,2,neblio,nebl
800,,2020/03/18,1,neblio,nebl
801,,2020/03/19,null,neblio,nebl
802,,2020/03/20,6,neblio,nebl
803,,2020/03/21,null,neblio,nebl
804,,2020/03/22,6,neblio,nebl
805,,2020/03/23,2,neblio,nebl
806,,2020/03/24,1,neblio,nebl
807,,2020/03/25,2,neblio,nebl
808,,2020/03/26,4,neblio,nebl
809,,2020/03/27,2,neblio,nebl
810,,2020/03/28,null,neblio,nebl
811,,2020/03/29,7,neblio,nebl
812,,2020/03/30,8,neblio,nebl
813,,2020/03/31,13,neblio,nebl
814,,2020/04/01,1,neblio,nebl
815,,2020/04/02,6,neblio,nebl
816,,2020/04/03,3,neblio,nebl
817,,2020/04/04,null,neblio,nebl
818,,2020/04/05,null,neblio,nebl
819,,2020/04/06,1,neblio,nebl
820,,2020/04/07,14,neblio,nebl
821,,2020/04/08,4,neblio,nebl
822,,2020/04/09,null,neblio,nebl
823,,2020/04/10,2,neblio,nebl
824,,2020/04/11,3,neblio,nebl
825,,2020/04/12,7,neblio,nebl
826,,2020/04/13,18,neblio,nebl
827,,2020/04/14,4,neblio,nebl
828,,2020/04/15,3,neblio,nebl
829,,2020/04/16,9,neblio,nebl
830,,2020/04/17,15,neblio,nebl
831,,2020/04/18,11,neblio,nebl
832,,2020/04/19,null,neblio,nebl
833,,2020/04/20,null,neblio,nebl
834,,2020/04/21,11,neblio,nebl
835,,2020/04/22,6,neblio,nebl
836,,2020/04/23,18,neblio,nebl
837,,2020/04/24,2,neblio,nebl
838,,2020/04/25,1,neblio,nebl
839,,2020/04/26,4,neblio,nebl
840,,2020/04/27,26,neblio,nebl
841,,2020/04/28,10,neblio,nebl
842,,2020/04/29,3,neblio,nebl
843,,2020/04/30,5,neblio,nebl
844,,2020/05/01,1,neblio,nebl
845,,2020/05/02,9,neblio,nebl
846,,2020/05/03,9,neblio,nebl
847,,2020/05/04,1,neblio,nebl
848,,2020/05/05,10,neblio,nebl
849,,2020/05/06,21,neblio,nebl
850,,2020/05/07,1,neblio,nebl
851,,2020/05/08,1,neblio,nebl
852,,2020/05/09,5,neblio,nebl
853,,2020/05/10,5,neblio,nebl
854,,2020/05/11,null,neblio,nebl
855,,2020/05/12,null,neblio,nebl
856,,2020/05/13,58,neblio,nebl
857,,2020/05/14,11,neblio,nebl
858,,2020/05/15,20,neblio,nebl
859,,2020/05/16,15,neblio,nebl
860,,2020/05/17,8,neblio,nebl
861,,2020/05/18,12,neblio,nebl
862,,2020/05/19,1,neblio,nebl
863,,2020/05/20,2,neblio,nebl
864,,2020/05/21,23,neblio,nebl
865,,2020/05/22,21,neblio,nebl
866,,2020/05/23,32,neblio,nebl
867,,2020/05/24,37,neblio,nebl
868,,2020/05/25,18,neblio,nebl
869,,2020/05/26,25,neblio,nebl
870,,2020/05/27,13,neblio,nebl
871,,2020/05/28,34,neblio,nebl
872,,2020/05/29,15,neblio,nebl
873,,2020/05/30,43,neblio,nebl
874,,2020/05/31,10,neblio,nebl
875,,2020/06/01,3,neblio,nebl
876,,2020/06/02,23,neblio,nebl
877,,2020/06/03,14,neblio,nebl
878,,2020/06/04,3,neblio,nebl
879,,2020/06/05,1,neblio,nebl
880,,2020/06/06,5,neblio,nebl
881,,2020/06/07,6,neblio,nebl
882,,2020/06/08,12,neblio,nebl
883,,2020/06/09,null,neblio,nebl
884,,2020/06/10,8,neblio,nebl
885,,2020/06/11,6,neblio,nebl
886,,2020/06/12,3,neblio,nebl
887,,2020/06/13,8,neblio,nebl
888,,2020/06/14,10,neblio,nebl
889,,2020/06/15,3,neblio,nebl
890,,2020/06/16,1,neblio,nebl
891,,2020/06/17,7,neblio,nebl
892,,2020/06/18,2,neblio,nebl
893,,2020/06/19,4,neblio,nebl
894,,2020/06/20,3,neblio,nebl
895,,2020/06/21,1,neblio,nebl
896,,2020/06/22,null,neblio,nebl
897,,2020/06/23,5,neblio,nebl
898,,2020/06/24,8,neblio,nebl
899,,2020/06/25,19,neblio,nebl
900,,2020/06/26,4,neblio,nebl
901,,2020/06/27,1,neblio,nebl
902,,2020/06/28,null,neblio,nebl
903,,2020/06/29,null,neblio,nebl
904,,2020/06/30,1,neblio,nebl
905,,2020/07/01,8,neblio,nebl
906,,2020/07/02,1,neblio,nebl
907,,2020/07/03,1,neblio,nebl
908,,2020/07/04,null,neblio,nebl
909,,2020/07/05,2,neblio,nebl
910,,2020/07/06,3,neblio,nebl
911,,2020/07/07,3,neblio,nebl
912,,2020/07/08,13,neblio,nebl
913,,2020/07/09,43,neblio,nebl
914,,2020/07/10,27,neblio,nebl
915,,2020/07/11,9,neblio,nebl
916,,2020/07/12,16,neblio,nebl
917,,2020/07/13,20,neblio,nebl
918,,2020/07/14,11,neblio,nebl
919,,2020/07/15,13,neblio,nebl
920,,2020/07/16,9,neblio,nebl
921,,2020/07/17,14,neblio,nebl
922,,2020/07/18,null,neblio,nebl
923,,2020/07/19,null,neblio,nebl
924,,2020/07/20,4,neblio,nebl
925,,2020/07/21,7,neblio,nebl
926,,2020/07/22,3,neblio,nebl
927,,2020/07/23,22,neblio,nebl
928,,2020/07/24,31,neblio,nebl
929,,2020/07/25,6,neblio,nebl
930,,2020/07/26,22,neblio,nebl
931,,2020/07/27,11,neblio,nebl
932,,2020/07/28,33,neblio,nebl
933,,2020/07/29,2,neblio,nebl
934,,2020/07/30,null,neblio,nebl
935,,2020/07/31,null,neblio,nebl
936,,2020/08/01,null,neblio,nebl
937,,2020/08/02,null,neblio,nebl
938,,2020/08/03,null,neblio,nebl
939,,2020/08/04,null,neblio,nebl
940,,2020/08/05,null,neblio,nebl
941,,2020/08/06,38,neblio,nebl
942,,2020/08/07,73,neblio,nebl
943,,2020/08/08,null,neblio,nebl
944,,2020/08/09,null,neblio,nebl
945,,2020/08/10,87,neblio,nebl
946,,2020/08/11,null,neblio,nebl
947,,2020/08/12,null,neblio,nebl
948,,2020/08/13,31,neblio,nebl
949,,2020/08/14,46,neblio,nebl
950,,2020/08/15,50,neblio,nebl
951,,2020/08/16,null,neblio,nebl
952,,2020/08/17,null,neblio,nebl
953,,2020/08/18,8,neblio,nebl
954,,2020/08/19,10,neblio,nebl
955,,2020/08/20,32,neblio,nebl
956,,2020/08/21,null,neblio,nebl
957,,2020/08/22,null,neblio,nebl
958,,2020/08/23,19,neblio,nebl
959,,2020/08/24,null,neblio,nebl
960,,2020/08/25,null,neblio,nebl
961,,2020/08/26,null,neblio,nebl
962,,2020/08/27,null,neblio,nebl
963,,2020/08/28,null,neblio,nebl
964,,2020/08/29,null,neblio,nebl
965,,2020/08/30,null,neblio,nebl
966,,2020/08/31,null,neblio,nebl
967,,2020/09/01,null,neblio,nebl
968,,2020/09/02,null,neblio,nebl
969,,2020/09/03,null,neblio,nebl
970,,2020/09/04,null,neblio,nebl
971,,2020/09/05,null,neblio,nebl
972,,2020/09/06,null,neblio,nebl
973,,2020/09/07,null,neblio,nebl
974,,2020/09/08,null,neblio,nebl
975,,2020/09/09,null,neblio,nebl
976,,2020/09/10,null,neblio,nebl
977,,2020/09/11,null,neblio,nebl
978,,2020/09/12,null,neblio,nebl
979,,2020/09/13,null,neblio,nebl
980,,2020/09/14,null,neblio,nebl
981,,2020/09/15,null,neblio,nebl
982,,2020/09/16,null,neblio,nebl
983,,2020/09/17,null,neblio,nebl
984,,2020/09/18,null,neblio,nebl
985,,2020/09/19,null,neblio,nebl
986,,2020/09/20,9,neblio,nebl
987,,2020/09/21,1,neblio,nebl
988,,2020/09/22,null,neblio,nebl
989,,2020/09/23,null,neblio,nebl
990,,2020/09/24,null,neblio,nebl
991,,2020/09/25,null,neblio,nebl
992,,2020/09/26,null,neblio,nebl
993,,2020/09/27,null,neblio,nebl
994,,2020/09/28,null,neblio,nebl
995,,2020/09/29,null,neblio,nebl
996,,2020/09/30,null,neblio,nebl
997,,2020/10/01,null,neblio,nebl
998,,2020/10/02,null,neblio,nebl
999,,2020/10/03,null,neblio,nebl
1000,,2020/10/04,null,neblio,nebl
1001,,2020/10/05,null,neblio,nebl
1002,,2020/10/06,null,neblio,nebl
1003,,2020/10/07,null,neblio,nebl
1004,,2020/10/08,null,neblio,nebl
1005,,2020/10/09,3,neblio,nebl
1006,,2020/10/10,1,neblio,nebl
1007,,2020/10/11,null,neblio,nebl
1008,,2020/10/12,1,neblio,nebl
1009,,2020/10/13,5,neblio,nebl
1010,,2020/10/14,32,neblio,nebl
1011,,2020/10/15,null,neblio,nebl
1012,,2020/10/16,null,neblio,nebl
1013,,2020/10/17,null,neblio,nebl
1014,,2020/10/18,null,neblio,nebl
1015,,2020/10/19,null,neblio,nebl
1016,,2020/10/20,null,neblio,nebl
1017,,2020/10/21,null,neblio,nebl
1018,,2020/10/22,null,neblio,nebl
1019,,2020/10/23,null,neblio,nebl
1020,,2020/10/24,null,neblio,nebl
1021,,2020/10/25,2,neblio,nebl
1022,,2020/10/26,null,neblio,nebl
1023,,2020/10/27,10,neblio,nebl
1024,,2020/10/28,8,neblio,nebl
1025,,2020/10/29,6,neblio,nebl
1026,,2020/10/30,11,neblio,nebl
1027,,2020/10/31,27,neblio,nebl
1028,,2020/11/01,27,neblio,nebl
1029,,2020/11/02,17,neblio,nebl
1030,,2020/11/03,24,neblio,nebl
1031,,2020/11/04,null,neblio,nebl
1032,,2020/11/05,null,neblio,nebl
1033,,2020/11/06,23,neblio,nebl
1034,,2020/11/07,17,neblio,nebl
1035,,2020/11/08,null,neblio,nebl
1036,,2020/11/09,null,neblio,nebl
1037,,2020/11/10,null,neblio,nebl
1038,,2020/11/11,null,neblio,nebl
1039,,2020/11/12,null,neblio,nebl
1040,,2020/11/13,null,neblio,nebl
1041,,2020/11/14,null,neblio,nebl
1042,,2020/11/15,4,neblio,nebl
1043,,2020/11/16,9,neblio,nebl
1044,,2020/11/17,null,neblio,nebl
1045,,2020/11/18,null,neblio,nebl
1046,,2020/11/19,null,neblio,nebl
1047,,2020/11/20,null,neblio,nebl
1048,,2020/11/21,null,neblio,nebl
1049,,2020/11/22,null,neblio,nebl
1050,,2020/11/23,null,neblio,nebl
1051,,2020/11/24,null,neblio,nebl
1052,,2020/11/25,null,neblio,nebl
1053,,2020/11/26,null,neblio,nebl
1054,,2020/11/27,null,neblio,nebl
1055,,2020/11/28,null,neblio,nebl
1056,,2020/11/29,null,neblio,nebl
1057,,2020/11/30,6,neblio,nebl
1058,,2020/12/01,4,neblio,nebl
1059,,2020/12/02,13,neblio,nebl
1060,,2020/12/03,8,neblio,nebl
1061,,2020/12/04,11,neblio,nebl
1062,,2020/12/05,8,neblio,nebl
1063,,2020/12/06,null,neblio,nebl
1064,,2020/12/07,null,neblio,nebl
1065,,2020/12/08,null,neblio,nebl
1066,,2020/12/09,null,neblio,nebl
1067,,2020/12/10,null,neblio,nebl
1068,,2020/12/11,null,neblio,nebl
1069,,2020/12/12,null,neblio,nebl
1070,,2020/12/13,null,neblio,nebl
1071,,2020/12/14,null,neblio,nebl
1072,,2020/12/15,null,neblio,nebl
1073,,2020/12/16,2,neblio,nebl
1074,,2020/12/17,7,neblio,nebl
1075,,2020/12/18,null,neblio,nebl
1076,,2020/12/19,18,neblio,nebl
1077,,2020/12/20,9,neblio,nebl
1078,,2020/12/21,2,neblio,nebl
1079,,2020/12/22,15,neblio,nebl
1080,,2020/12/23,11,neblio,nebl
1081,,2020/12/24,5,neblio,nebl
1082,,2020/12/25,null,neblio,nebl
1083,,2020/12/26,null,neblio,nebl
1084,,2020/12/27,5,neblio,nebl
1085,,2020/12/28,null,neblio,nebl
1086,,2020/12/29,25,neblio,nebl
1087,,2020/12/30,81,neblio,nebl
1088,,2020/12/31,67,neblio,nebl
1089,,2021/01/01,11,neblio,nebl
1090,,2021/01/02,59,neblio,nebl
1091,,2021/01/03,30,neblio,nebl
1092,,2021/01/04,14,neblio,nebl
1093,,2021/01/05,9,neblio,nebl
1094,,2021/01/06,20,neblio,nebl
1095,,2021/01/07,14,neblio,nebl
1096,,2021/01/08,9,neblio,nebl
1097,,2021/01/09,5,neblio,nebl
1098,,2021/01/10,43,neblio,nebl
1099,,2021/01/11,13,neblio,nebl
1100,,2021/01/12,22,neblio,nebl
1101,,2021/01/13,55,neblio,nebl
1102,,2021/01/14,98,neblio,nebl
1103,,2021/01/15,122,neblio,nebl
1104,,2021/01/16,78,neblio,nebl
1105,,2021/01/17,46,neblio,nebl
1106,,2021/01/18,418,neblio,nebl
1107,,2021/01/19,637,neblio,nebl
1108,,2021/01/20,120,neblio,nebl
1109,,2021/01/21,153,neblio,nebl
1110,,2021/01/22,103,neblio,nebl
1111,,2021/01/23,66,neblio,nebl
1112,,2021/01/24,103,neblio,nebl
1113,,2021/01/25,25,neblio,nebl
1114,,2021/01/26,50,neblio,nebl
1115,,2021/01/27,47,neblio,nebl
1116,,2021/01/28,57,neblio,nebl
1117,,2021/01/29,null,neblio,nebl
1118,,2021/01/30,128,neblio,nebl
1119,,2021/01/31,52,neblio,nebl
1120,,2021/02/01,36,neblio,nebl
1121,,2021/02/02,88,neblio,nebl
1122,,2021/02/03,51,neblio,nebl
1123,,2021/02/04,126,neblio,nebl
1124,,2021/02/05,25,neblio,nebl
1125,,2021/02/06,73,neblio,nebl
1126,,2021/02/07,12,neblio,nebl
1127,,2021/02/08,169,neblio,nebl
1128,,2021/02/09,304,neblio,nebl
1129,,2021/02/10,156,neblio,nebl
1130,,2021/02/11,76,neblio,nebl
1131,,2021/02/12,174,neblio,nebl
1132,,2021/02/13,77,neblio,nebl
1133,,2021/02/14,64,neblio,nebl
1134,,2021/02/15,45,neblio,nebl
1135,,2021/02/16,56,neblio,nebl
1136,,2021/02/17,null,neblio,nebl
1137,,2021/02/18,null,neblio,nebl
1138,,2021/02/19,null,neblio,nebl
1139,,2021/02/20,55,neblio,nebl
1140,,2021/02/21,71,neblio,nebl
1141,,2021/02/22,64,neblio,nebl
1142,,2021/02/23,166,neblio,nebl
1143,,2021/02/24,52,neblio,nebl
1144,,2021/02/25,143,neblio,nebl
1145,,2021/02/26,null,neblio,nebl
1146,,2021/02/27,110,neblio,nebl
1147,,2021/02/28,136,neblio,nebl
1148,,2021/03/01,266,neblio,nebl
1149,,2021/03/02,null,neblio,nebl
1150,,2021/03/03,null,neblio,nebl
1151,,2021/03/04,null,neblio,nebl
1152,,2021/03/05,104,neblio,nebl
1153,,2021/03/06,47,neblio,nebl
1154,,2021/03/07,null,neblio,nebl
1155,,2021/03/08,390,neblio,nebl
1156,,2021/03/09,null,neblio,nebl
1157,,2021/03/10,68,neblio,nebl
1158,,2021/03/11,null,neblio,nebl
1159,,2021/03/12,null,neblio,nebl
1160,,2021/03/13,null,neblio,nebl
1161,,2021/03/14,null,neblio,nebl
1162,,2021/03/15,null,neblio,nebl
1163,,2021/03/16,null,neblio,nebl
1164,,2021/03/17,null,neblio,nebl
1165,,2021/03/18,null,neblio,nebl
1166,,2021/03/19,null,neblio,nebl
1167,,2021/03/20,null,neblio,nebl
1168,,2021/03/21,null,neblio,nebl
1169,,2021/03/22,36,neblio,nebl
1170,,2021/03/23,80,neblio,nebl
1171,,2021/03/24,null,neblio,nebl
1172,,2021/03/25,null,neblio,nebl
1173,,2021/03/26,null,neblio,nebl
1174,,2021/03/27,null,neblio,nebl
1175,,2021/03/28,null,neblio,nebl
1176,,2021/03/29,null,neblio,nebl
1177,,2021/03/30,null,neblio,nebl
1178,,2021/03/31,null,neblio,nebl
1179,,2021/04/01,null,neblio,nebl
1180,,2021/04/02,null,neblio,nebl
1181,,2021/04/03,null,neblio,nebl
1182,,2021/04/04,null,neblio,nebl
1183,,2021/04/05,null,neblio,nebl
1184,,2021/04/06,null,neblio,nebl
1185,,2021/04/07,null,neblio,nebl
1186,,2021/04/08,null,neblio,nebl
1187,,2021/04/09,null,neblio,nebl
1188,,2021/04/10,null,neblio,nebl
1189,,2021/04/11,227,neblio,nebl
1190,,2021/04/12,173,neblio,nebl
1191,,2021/04/13,212,neblio,nebl
1192,,2021/04/14,91,neblio,nebl
1193,,2021/04/15,187,neblio,nebl
1194,,2021/04/16,198,neblio,nebl
1195,,2021/04/17,null,neblio,nebl
1196,,2021/04/18,null,neblio,nebl
1197,,2021/04/19,null,neblio,nebl
1198,,2021/04/20,null,neblio,nebl
1199,,2021/04/21,null,neblio,nebl
1200,,2021/04/22,83,neblio,nebl
1201,,2021/04/23,54,neblio,nebl
1202,,2021/04/24,null,neblio,nebl
1203,,2021/04/25,null,neblio,nebl
1204,,2021/04/26,null,neblio,nebl
1205,,2021/04/27,null,neblio,nebl
1206,,2021/04/28,null,neblio,nebl
1207,,2021/04/29,70,neblio,nebl
1208,,2021/04/30,88,neblio,nebl
1209,,2021/05/01,null,neblio,nebl
1210,,2021/05/02,null,neblio,nebl
1211,,2021/05/03,null,neblio,nebl
1212,,2021/05/04,null,neblio,nebl
1213,,2021/05/05,130,neblio,nebl
1214,,2021/05/06,114,neblio,nebl
1215,,2021/05/07,102,neblio,nebl
1216,,2021/05/08,34,neblio,nebl
1217,,2021/05/09,41,neblio,nebl
1218,,2021/05/10,80,neblio,nebl
1219,,2021/05/11,null,neblio,nebl
1220,,2021/05/12,null,neblio,nebl
1221,,2021/05/13,null,neblio,nebl
1222,,2021/05/14,null,neblio,nebl
1223,,2021/05/15,null,neblio,nebl
1224,,2021/05/16,null,neblio,nebl
1225,,2021/05/17,null,neblio,nebl
1226,,2021/05/18,null,neblio,nebl
1227,,2021/05/19,null,neblio,nebl
1228,,2021/05/20,null,neblio,nebl
1229,,2021/05/21,null,neblio,nebl
1230,,2021/05/22,62,neblio,nebl
1231,,2021/05/23,14,neblio,nebl
1232,,2021/05/24,null,neblio,nebl
1233,,2021/05/25,null,neblio,nebl
1234,,2021/05/26,null,neblio,nebl
1235,,2021/05/27,null,neblio,nebl
1236,,2021/05/28,null,neblio,nebl
1237,,2021/05/29,67,neblio,nebl
1238,,2021/05/30,null,neblio,nebl
1239,,2021/05/31,null,neblio,nebl
1240,,2021/06/01,null,neblio,nebl
1241,,2021/06/02,null,neblio,nebl
1242,,2021/06/03,null,neblio,nebl
1243,,2021/06/04,null,neblio,nebl
1244,,2021/06/05,null,neblio,nebl
1245,,2021/06/06,null,neblio,nebl
1246,,2021/06/07,null,neblio,nebl
1247,,2021/06/08,null,neblio,nebl
1248,,2021/06/09,null,neblio,nebl
1249,,2021/06/10,null,neblio,nebl
1250,,2021/06/11,101,neblio,nebl
1251,,2021/06/12,91,neblio,nebl
1252,,2021/06/13,188,neblio,nebl
1253,,2021/06/14,102,neblio,nebl
1254,,2021/06/15,117,neblio,nebl
1255,,2021/06/16,88,neblio,nebl
1256,,2021/06/17,null,neblio,nebl
1257,,2021/06/18,46,neblio,nebl
1258,,2021/06/19,60,neblio,nebl
1259,,2021/06/20,65,neblio,nebl
1260,,2021/06/21,44,neblio,nebl
1261,,2021/06/22,null,neblio,nebl
1262,,2021/06/23,null,neblio,nebl
1263,,2021/06/24,null,neblio,nebl
1264,,2021/06/25,null,neblio,nebl
1265,,2021/06/26,null,neblio,nebl
1266,,2021/06/27,null,neblio,nebl
1267,,2021/06/28,null,neblio,nebl
1268,,2021/06/29,null,neblio,nebl
1269,,2021/06/30,null,neblio,nebl
1270,,2021/07/01,null,neblio,nebl
1271,,2021/07/02,20,neblio,nebl
1272,,2021/07/03,100,neblio,nebl
1273,,2021/07/04,32,neblio,nebl
1274,,2021/07/05,null,neblio,nebl
1275,,2021/07/06,null,neblio,nebl
1276,,2021/07/07,null,neblio,nebl
1277,,2021/07/08,null,neblio,nebl
1278,,2021/07/09,null,neblio,nebl
1279,,2021/07/10,null,neblio,nebl
1280,,2021/07/11,null,neblio,nebl
1281,,2021/07/12,null,neblio,nebl
1282,,2021/07/13,null,neblio,nebl
1283,,2021/07/14,null,neblio,nebl
1284,,2021/07/15,null,neblio,nebl
1285,,2021/07/16,null,neblio,nebl
1286,,2021/07/17,null,neblio,nebl
1287,,2021/07/18,null,neblio,nebl
1288,,2021/07/19,null,neblio,nebl
1289,,2021/07/20,null,neblio,nebl
1290,,2021/07/21,null,neblio,nebl
1291,,2021/07/22,65,neblio,nebl
1292,,2021/07/23,null,neblio,nebl
1293,,2021/07/24,19,neblio,nebl
1294,,2021/07/25,32,neblio,nebl
1295,,2021/07/26,23,neblio,nebl
1296,,2021/07/27,49,neblio,nebl
1297,,2021/07/28,null,neblio,nebl
1298,,2021/07/29,null,neblio,nebl
1299,,2021/07/30,null,neblio,nebl
1300,,2021/07/31,null,neblio,nebl
1301,,2021/08/01,null,neblio,nebl
1302,,2021/08/02,null,neblio,nebl
1303,,2021/08/03,null,neblio,nebl
1304,,2021/08/04,null,neblio,nebl
1305,,2021/08/05,null,neblio,nebl
1306,,2021/08/06,null,neblio,nebl
1307,,2021/08/07,null,neblio,nebl
1308,,2021/08/08,null,neblio,nebl
1309,,2021/08/09,null,neblio,nebl
1310,,2021/08/10,null,neblio,nebl
1311,,2021/08/11,null,neblio,nebl
1312,,2021/08/12,null,neblio,nebl
1313,,2021/08/13,null,neblio,nebl
1314,,2021/08/14,null,neblio,nebl
1315,,2021/08/15,null,neblio,nebl
1316,,2021/08/16,null,neblio,nebl
1317,,2021/08/17,null,neblio,nebl
1318,,2021/08/18,null,neblio,nebl
1319,,2021/08/19,null,neblio,nebl
1320,,2021/08/20,null,neblio,nebl
1321,,2021/08/21,null,neblio,nebl
1322,,2021/08/22,null,neblio,nebl
1323,,2021/08/23,null,neblio,nebl
1324,,2021/08/24,null,neblio,nebl
1325,,2021/08/25,11,neblio,nebl
1326,,2021/08/26,15,neblio,nebl
1327,,2021/08/27,null,neblio,nebl
1328,,2021/08/28,null,neblio,nebl
1329,,2021/08/29,null,neblio,nebl
1330,,2021/08/30,null,neblio,nebl
1331,,2021/08/31,null,neblio,nebl
1332,,2021/09/01,null,neblio,nebl
1333,,2021/09/02,null,neblio,nebl
1334,,2021/09/03,null,neblio,nebl
1335,,2021/09/04,40,neblio,nebl
1336,,2021/09/05,16,neblio,nebl
1337,,2021/09/06,null,neblio,nebl
1338,,2021/09/07,null,neblio,nebl
1339,,2021/09/08,null,neblio,nebl
1340,,2021/09/09,null,neblio,nebl
1341,,2021/09/10,null,neblio,nebl
1342,,2021/09/11,null,neblio,nebl
1343,,2021/09/12,null,neblio,nebl
1344,,2021/09/13,null,neblio,nebl
1345,,2021/09/14,null,neblio,nebl
1346,,2021/09/15,null,neblio,nebl
1347,,2021/09/16,null,neblio,nebl
1348,,2021/09/17,null,neblio,nebl
1349,,2021/09/18,null,neblio,nebl
1350,,2021/09/19,null,neblio,nebl
1351,,2021/09/20,null,neblio,nebl
1352,,2021/09/21,null,neblio,nebl
1353,,2021/09/22,null,neblio,nebl
1354,,2021/09/23,null,neblio,nebl
1355,,2021/09/24,null,neblio,nebl
1356,,2021/09/25,null,neblio,nebl
1357,,2021/09/26,null,neblio,nebl
1358,,2021/09/27,null,neblio,nebl
1359,,2021/09/28,null,neblio,nebl
1360,,2021/09/29,null,neblio,nebl
1361,,2021/09/30,null,neblio,nebl
1362,,2021/10/01,null,neblio,nebl
1363,,2021/10/02,null,neblio,nebl
1364,,2021/10/03,null,neblio,nebl
1365,,2021/10/04,null,neblio,nebl
1366,,2021/10/05,null,neblio,nebl
1367,,2021/10/06,null,neblio,nebl
1368,,2021/10/07,null,neblio,nebl
1369,,2021/10/08,null,neblio,nebl
1370,,2021/10/09,null,neblio,nebl
1371,,2021/10/10,null,neblio,nebl
1372,,2021/10/11,null,neblio,nebl
1373,,2021/10/12,null,neblio,nebl
1374,,2021/10/13,null,neblio,nebl
1375,,2021/10/14,null,neblio,nebl
1376,,2021/10/15,null,neblio,nebl
1377,,2021/10/16,null,neblio,nebl
1378,,2021/10/17,null,neblio,nebl
1379,,2021/10/18,null,neblio,nebl
1380,,2021/10/19,null,neblio,nebl
1381,,2021/10/20,null,neblio,nebl
1382,,2021/10/21,25,neblio,nebl
1383,,2021/10/22,5,neblio,nebl
