,google_trends,date,tweets,full_name,coin
0,,2020/09/21,1,new bitshares,nbs
1,,2020/09/22,null,new bitshares,nbs
2,,2020/09/23,2,new bitshares,nbs
3,,2020/09/24,1,new bitshares,nbs
4,,2020/09/25,3,new bitshares,nbs
5,,2020/09/26,null,new bitshares,nbs
6,,2020/09/27,3,new bitshares,nbs
7,,2020/09/28,null,new bitshares,nbs
8,,2020/09/29,null,new bitshares,nbs
9,,2020/09/30,null,new bitshares,nbs
10,,2020/10/01,null,new bitshares,nbs
11,,2020/10/02,4,new bitshares,nbs
12,,2020/10/03,null,new bitshares,nbs
13,,2020/10/04,5,new bitshares,nbs
14,,2020/10/05,1,new bitshares,nbs
15,,2020/10/06,null,new bitshares,nbs
16,,2020/10/07,1,new bitshares,nbs
17,,2020/10/08,1,new bitshares,nbs
18,,2020/10/09,1,new bitshares,nbs
19,,2020/10/10,null,new bitshares,nbs
20,,2020/10/11,null,new bitshares,nbs
21,,2020/10/12,null,new bitshares,nbs
22,,2020/10/13,null,new bitshares,nbs
23,,2020/10/14,null,new bitshares,nbs
24,,2020/10/15,null,new bitshares,nbs
25,,2020/10/16,null,new bitshares,nbs
26,,2020/10/17,null,new bitshares,nbs
27,,2020/10/18,null,new bitshares,nbs
28,,2020/10/19,null,new bitshares,nbs
29,,2020/10/20,null,new bitshares,nbs
30,,2020/10/21,null,new bitshares,nbs
31,,2020/10/22,null,new bitshares,nbs
32,,2020/10/23,null,new bitshares,nbs
33,,2020/10/24,null,new bitshares,nbs
34,,2020/10/25,null,new bitshares,nbs
35,,2020/10/26,null,new bitshares,nbs
36,,2020/10/27,null,new bitshares,nbs
37,,2020/10/28,null,new bitshares,nbs
38,,2020/10/29,null,new bitshares,nbs
39,,2020/10/30,null,new bitshares,nbs
40,,2020/10/31,1,new bitshares,nbs
41,,2020/11/01,1,new bitshares,nbs
42,,2020/11/02,1,new bitshares,nbs
43,,2020/11/03,1,new bitshares,nbs
44,,2020/11/04,null,new bitshares,nbs
45,,2020/11/05,null,new bitshares,nbs
46,,2020/11/06,null,new bitshares,nbs
47,,2020/11/07,null,new bitshares,nbs
48,,2020/11/08,3,new bitshares,nbs
49,,2020/11/09,null,new bitshares,nbs
50,,2020/11/10,3,new bitshares,nbs
51,,2020/11/11,null,new bitshares,nbs
52,,2020/11/12,null,new bitshares,nbs
53,,2020/11/13,null,new bitshares,nbs
54,,2020/11/14,null,new bitshares,nbs
55,,2020/11/15,null,new bitshares,nbs
56,,2020/11/16,null,new bitshares,nbs
57,,2020/11/17,null,new bitshares,nbs
58,,2020/11/18,null,new bitshares,nbs
59,,2020/11/19,null,new bitshares,nbs
60,,2020/11/20,null,new bitshares,nbs
61,,2020/11/21,null,new bitshares,nbs
62,,2020/11/22,1,new bitshares,nbs
63,,2020/11/23,null,new bitshares,nbs
64,,2020/11/24,null,new bitshares,nbs
65,,2020/11/25,null,new bitshares,nbs
66,,2020/11/26,null,new bitshares,nbs
67,,2020/11/27,null,new bitshares,nbs
68,,2020/11/28,null,new bitshares,nbs
69,,2020/11/29,null,new bitshares,nbs
70,,2020/11/30,null,new bitshares,nbs
71,,2020/12/01,null,new bitshares,nbs
72,,2020/12/02,null,new bitshares,nbs
73,,2020/12/03,null,new bitshares,nbs
74,,2020/12/04,null,new bitshares,nbs
75,,2020/12/05,null,new bitshares,nbs
76,,2020/12/06,null,new bitshares,nbs
77,,2020/12/07,null,new bitshares,nbs
78,,2020/12/08,null,new bitshares,nbs
79,,2020/12/09,null,new bitshares,nbs
80,,2020/12/10,null,new bitshares,nbs
81,,2020/12/11,1,new bitshares,nbs
82,,2020/12/12,null,new bitshares,nbs
83,,2020/12/13,null,new bitshares,nbs
84,,2020/12/14,null,new bitshares,nbs
85,,2020/12/15,null,new bitshares,nbs
86,,2020/12/16,null,new bitshares,nbs
87,,2020/12/17,null,new bitshares,nbs
88,,2020/12/18,null,new bitshares,nbs
89,,2020/12/19,null,new bitshares,nbs
90,,2020/12/20,2,new bitshares,nbs
91,,2020/12/21,1,new bitshares,nbs
92,,2020/12/22,null,new bitshares,nbs
93,,2020/12/23,null,new bitshares,nbs
94,,2020/12/24,3,new bitshares,nbs
95,,2020/12/25,3,new bitshares,nbs
96,,2020/12/26,null,new bitshares,nbs
97,,2020/12/27,1,new bitshares,nbs
98,,2020/12/28,null,new bitshares,nbs
99,,2020/12/29,null,new bitshares,nbs
100,,2020/12/30,null,new bitshares,nbs
101,,2020/12/31,null,new bitshares,nbs
102,,2021/01/01,null,new bitshares,nbs
103,,2021/01/02,null,new bitshares,nbs
104,,2021/01/03,null,new bitshares,nbs
105,,2021/01/04,null,new bitshares,nbs
106,,2021/01/05,null,new bitshares,nbs
107,,2021/01/06,null,new bitshares,nbs
108,,2021/01/07,null,new bitshares,nbs
109,,2021/01/08,null,new bitshares,nbs
110,,2021/01/09,null,new bitshares,nbs
111,,2021/01/10,null,new bitshares,nbs
112,,2021/01/11,null,new bitshares,nbs
113,,2021/01/12,null,new bitshares,nbs
114,,2021/01/13,null,new bitshares,nbs
115,,2021/01/14,null,new bitshares,nbs
116,,2021/01/15,null,new bitshares,nbs
117,,2021/01/16,null,new bitshares,nbs
118,,2021/01/17,null,new bitshares,nbs
119,,2021/01/18,null,new bitshares,nbs
120,,2021/01/19,null,new bitshares,nbs
121,,2021/01/20,null,new bitshares,nbs
122,,2021/01/21,null,new bitshares,nbs
123,,2021/01/22,null,new bitshares,nbs
124,,2021/01/23,null,new bitshares,nbs
125,,2021/01/24,null,new bitshares,nbs
126,,2021/01/25,1,new bitshares,nbs
127,,2021/01/26,null,new bitshares,nbs
128,,2021/01/27,null,new bitshares,nbs
129,,2021/01/28,null,new bitshares,nbs
130,,2021/01/29,null,new bitshares,nbs
131,,2021/01/30,1,new bitshares,nbs
132,,2021/01/31,null,new bitshares,nbs
133,,2021/02/01,null,new bitshares,nbs
134,,2021/02/02,null,new bitshares,nbs
135,,2021/02/03,null,new bitshares,nbs
136,,2021/02/04,null,new bitshares,nbs
137,,2021/02/05,null,new bitshares,nbs
138,,2021/02/06,null,new bitshares,nbs
139,,2021/02/07,1,new bitshares,nbs
140,,2021/02/08,null,new bitshares,nbs
141,,2021/02/09,null,new bitshares,nbs
142,,2021/02/10,null,new bitshares,nbs
143,,2021/02/11,1,new bitshares,nbs
144,,2021/02/12,null,new bitshares,nbs
145,,2021/02/13,4,new bitshares,nbs
146,,2021/02/14,null,new bitshares,nbs
147,,2021/02/15,1,new bitshares,nbs
148,,2021/02/16,null,new bitshares,nbs
149,,2021/02/17,null,new bitshares,nbs
150,,2021/02/18,null,new bitshares,nbs
151,,2021/02/19,null,new bitshares,nbs
152,,2021/02/20,null,new bitshares,nbs
153,,2021/02/21,null,new bitshares,nbs
154,,2021/02/22,2,new bitshares,nbs
155,,2021/02/23,1,new bitshares,nbs
156,,2021/02/24,null,new bitshares,nbs
157,,2021/02/25,null,new bitshares,nbs
158,,2021/02/26,1,new bitshares,nbs
159,,2021/02/27,null,new bitshares,nbs
160,,2021/02/28,null,new bitshares,nbs
161,,2021/03/01,null,new bitshares,nbs
162,,2021/03/02,null,new bitshares,nbs
163,,2021/03/03,null,new bitshares,nbs
164,,2021/03/04,null,new bitshares,nbs
165,,2021/03/05,null,new bitshares,nbs
166,,2021/03/06,1,new bitshares,nbs
167,,2021/03/07,null,new bitshares,nbs
168,,2021/03/08,null,new bitshares,nbs
169,,2021/03/09,null,new bitshares,nbs
170,,2021/03/10,1,new bitshares,nbs
171,,2021/03/11,1,new bitshares,nbs
172,,2021/03/12,null,new bitshares,nbs
173,,2021/03/13,1,new bitshares,nbs
174,,2021/03/14,null,new bitshares,nbs
175,,2021/03/15,null,new bitshares,nbs
176,,2021/03/16,null,new bitshares,nbs
177,,2021/03/17,null,new bitshares,nbs
178,,2021/03/18,1,new bitshares,nbs
179,,2021/03/19,null,new bitshares,nbs
180,,2021/03/20,2,new bitshares,nbs
181,,2021/03/21,null,new bitshares,nbs
182,,2021/03/22,1,new bitshares,nbs
183,,2021/03/23,1,new bitshares,nbs
184,,2021/03/24,null,new bitshares,nbs
185,,2021/03/25,2,new bitshares,nbs
186,,2021/03/26,null,new bitshares,nbs
187,,2021/03/27,null,new bitshares,nbs
188,,2021/03/28,null,new bitshares,nbs
189,,2021/03/29,null,new bitshares,nbs
190,,2021/03/30,1,new bitshares,nbs
191,,2021/03/31,null,new bitshares,nbs
192,,2021/04/01,null,new bitshares,nbs
193,,2021/04/02,1,new bitshares,nbs
194,,2021/04/03,5,new bitshares,nbs
195,,2021/04/04,null,new bitshares,nbs
196,,2021/04/05,1,new bitshares,nbs
197,,2021/04/06,null,new bitshares,nbs
198,,2021/04/07,null,new bitshares,nbs
199,,2021/04/08,null,new bitshares,nbs
200,,2021/04/09,null,new bitshares,nbs
201,,2021/04/10,null,new bitshares,nbs
202,,2021/04/11,null,new bitshares,nbs
203,,2021/04/12,null,new bitshares,nbs
204,,2021/04/13,null,new bitshares,nbs
205,,2021/04/14,null,new bitshares,nbs
206,,2021/04/15,null,new bitshares,nbs
207,,2021/04/16,null,new bitshares,nbs
208,,2021/04/17,1,new bitshares,nbs
209,,2021/04/18,1,new bitshares,nbs
210,,2021/04/19,null,new bitshares,nbs
211,,2021/04/20,null,new bitshares,nbs
212,,2021/04/21,3,new bitshares,nbs
213,,2021/04/22,null,new bitshares,nbs
214,,2021/04/23,null,new bitshares,nbs
215,,2021/04/24,null,new bitshares,nbs
216,,2021/04/25,null,new bitshares,nbs
217,,2021/04/26,null,new bitshares,nbs
218,,2021/04/27,null,new bitshares,nbs
219,,2021/04/28,null,new bitshares,nbs
220,,2021/04/29,null,new bitshares,nbs
221,,2021/04/30,null,new bitshares,nbs
222,,2021/05/01,null,new bitshares,nbs
223,,2021/05/02,1,new bitshares,nbs
224,,2021/05/03,null,new bitshares,nbs
225,,2021/05/04,null,new bitshares,nbs
226,,2021/05/05,null,new bitshares,nbs
227,,2021/05/06,null,new bitshares,nbs
228,,2021/05/07,null,new bitshares,nbs
229,,2021/05/08,null,new bitshares,nbs
230,,2021/05/09,null,new bitshares,nbs
231,,2021/05/10,null,new bitshares,nbs
232,,2021/05/11,null,new bitshares,nbs
233,,2021/05/12,1,new bitshares,nbs
234,,2021/05/13,null,new bitshares,nbs
235,,2021/05/14,null,new bitshares,nbs
236,,2021/05/15,null,new bitshares,nbs
237,,2021/05/16,null,new bitshares,nbs
238,,2021/05/17,null,new bitshares,nbs
239,,2021/05/18,null,new bitshares,nbs
240,,2021/05/19,null,new bitshares,nbs
241,,2021/05/20,null,new bitshares,nbs
242,,2021/05/21,null,new bitshares,nbs
243,,2021/05/22,null,new bitshares,nbs
244,,2021/05/23,null,new bitshares,nbs
245,,2021/05/24,null,new bitshares,nbs
246,,2021/05/25,null,new bitshares,nbs
247,,2021/05/26,null,new bitshares,nbs
248,,2021/05/27,null,new bitshares,nbs
249,,2021/05/28,null,new bitshares,nbs
250,,2021/05/29,null,new bitshares,nbs
251,,2021/05/30,null,new bitshares,nbs
252,,2021/05/31,null,new bitshares,nbs
253,,2021/06/01,null,new bitshares,nbs
254,,2021/06/02,null,new bitshares,nbs
255,,2021/06/03,null,new bitshares,nbs
256,,2021/06/04,null,new bitshares,nbs
257,,2021/06/05,null,new bitshares,nbs
258,,2021/06/06,null,new bitshares,nbs
259,,2021/06/07,2,new bitshares,nbs
260,,2021/06/08,null,new bitshares,nbs
261,,2021/06/09,1,new bitshares,nbs
262,,2021/06/10,null,new bitshares,nbs
263,,2021/06/11,null,new bitshares,nbs
264,,2021/06/12,null,new bitshares,nbs
265,,2021/06/13,null,new bitshares,nbs
266,,2021/06/14,null,new bitshares,nbs
267,,2021/06/15,null,new bitshares,nbs
268,,2021/06/16,2,new bitshares,nbs
269,,2021/06/17,null,new bitshares,nbs
270,,2021/06/18,null,new bitshares,nbs
271,,2021/06/19,null,new bitshares,nbs
272,,2021/06/20,null,new bitshares,nbs
273,,2021/06/21,null,new bitshares,nbs
274,,2021/06/22,null,new bitshares,nbs
275,,2021/06/23,null,new bitshares,nbs
276,,2021/06/24,null,new bitshares,nbs
277,,2021/06/25,1,new bitshares,nbs
278,,2021/06/26,null,new bitshares,nbs
279,,2021/06/27,null,new bitshares,nbs
280,,2021/06/28,null,new bitshares,nbs
281,,2021/06/29,null,new bitshares,nbs
282,,2021/06/30,null,new bitshares,nbs
283,,2021/07/01,1,new bitshares,nbs
284,,2021/07/02,null,new bitshares,nbs
285,,2021/07/03,null,new bitshares,nbs
286,,2021/07/04,null,new bitshares,nbs
287,,2021/07/05,null,new bitshares,nbs
288,,2021/07/06,null,new bitshares,nbs
289,,2021/07/07,null,new bitshares,nbs
290,,2021/07/08,null,new bitshares,nbs
291,,2021/07/09,null,new bitshares,nbs
292,,2021/07/10,null,new bitshares,nbs
293,,2021/07/11,null,new bitshares,nbs
294,,2021/07/12,null,new bitshares,nbs
295,,2021/07/13,null,new bitshares,nbs
296,,2021/07/14,null,new bitshares,nbs
297,,2021/07/15,null,new bitshares,nbs
298,,2021/07/16,null,new bitshares,nbs
299,,2021/07/17,null,new bitshares,nbs
300,,2021/07/18,null,new bitshares,nbs
301,,2021/07/19,null,new bitshares,nbs
302,,2021/07/20,null,new bitshares,nbs
303,,2021/07/21,null,new bitshares,nbs
304,,2021/07/22,null,new bitshares,nbs
305,,2021/07/23,null,new bitshares,nbs
306,,2021/07/24,null,new bitshares,nbs
307,,2021/07/25,null,new bitshares,nbs
308,,2021/07/26,null,new bitshares,nbs
309,,2021/07/27,null,new bitshares,nbs
310,,2021/07/28,null,new bitshares,nbs
311,,2021/07/29,null,new bitshares,nbs
312,,2021/07/30,null,new bitshares,nbs
313,,2021/07/31,null,new bitshares,nbs
314,,2021/08/01,null,new bitshares,nbs
315,,2021/08/02,null,new bitshares,nbs
316,,2021/08/03,null,new bitshares,nbs
317,,2021/08/04,null,new bitshares,nbs
318,,2021/08/05,null,new bitshares,nbs
319,,2021/08/06,null,new bitshares,nbs
320,,2021/08/07,null,new bitshares,nbs
321,,2021/08/08,null,new bitshares,nbs
322,,2021/08/09,null,new bitshares,nbs
323,,2021/08/10,null,new bitshares,nbs
324,,2021/08/11,null,new bitshares,nbs
325,,2021/08/12,null,new bitshares,nbs
326,,2021/08/13,null,new bitshares,nbs
327,,2021/08/14,null,new bitshares,nbs
328,,2021/08/15,null,new bitshares,nbs
329,,2021/08/16,null,new bitshares,nbs
330,,2021/08/17,null,new bitshares,nbs
331,,2021/08/18,null,new bitshares,nbs
332,,2021/08/19,null,new bitshares,nbs
333,,2021/08/20,null,new bitshares,nbs
334,,2021/08/21,null,new bitshares,nbs
335,,2021/08/22,null,new bitshares,nbs
336,,2021/08/23,null,new bitshares,nbs
337,,2021/08/24,null,new bitshares,nbs
338,,2021/08/25,null,new bitshares,nbs
339,,2021/08/26,null,new bitshares,nbs
340,,2021/08/27,null,new bitshares,nbs
341,,2021/08/28,null,new bitshares,nbs
342,,2021/08/29,null,new bitshares,nbs
343,,2021/08/30,null,new bitshares,nbs
344,,2021/08/31,null,new bitshares,nbs
345,,2021/09/01,null,new bitshares,nbs
346,,2021/09/02,null,new bitshares,nbs
347,,2021/09/03,null,new bitshares,nbs
348,,2021/09/04,null,new bitshares,nbs
349,,2021/09/05,null,new bitshares,nbs
350,,2021/09/06,null,new bitshares,nbs
351,,2021/09/07,null,new bitshares,nbs
352,,2021/09/08,null,new bitshares,nbs
353,,2021/09/09,null,new bitshares,nbs
354,,2021/09/10,null,new bitshares,nbs
355,,2021/09/11,null,new bitshares,nbs
356,,2021/09/12,null,new bitshares,nbs
357,,2021/09/13,null,new bitshares,nbs
358,,2021/09/14,null,new bitshares,nbs
359,,2021/09/15,null,new bitshares,nbs
360,,2021/09/16,null,new bitshares,nbs
361,,2021/09/17,null,new bitshares,nbs
362,,2021/09/18,null,new bitshares,nbs
363,,2021/09/19,1,new bitshares,nbs
364,,2021/09/20,null,new bitshares,nbs
365,,2021/09/21,null,new bitshares,nbs
366,,2021/09/22,null,new bitshares,nbs
367,,2021/09/23,null,new bitshares,nbs
368,,2021/09/24,null,new bitshares,nbs
369,,2021/09/25,null,new bitshares,nbs
370,,2021/09/26,null,new bitshares,nbs
371,,2021/09/27,null,new bitshares,nbs
372,,2021/09/28,null,new bitshares,nbs
373,,2021/09/29,null,new bitshares,nbs
374,,2021/09/30,null,new bitshares,nbs
375,,2021/10/01,null,new bitshares,nbs
376,,2021/10/02,null,new bitshares,nbs
377,,2021/10/03,null,new bitshares,nbs
378,,2021/10/04,null,new bitshares,nbs
379,,2021/10/05,null,new bitshares,nbs
380,,2021/10/06,null,new bitshares,nbs
381,,2021/10/07,null,new bitshares,nbs
382,,2021/10/08,null,new bitshares,nbs
383,,2021/10/09,null,new bitshares,nbs
384,,2021/10/10,null,new bitshares,nbs
385,,2021/10/11,null,new bitshares,nbs
386,,2021/10/12,null,new bitshares,nbs
387,,2021/10/13,null,new bitshares,nbs
388,,2021/10/14,null,new bitshares,nbs
389,,2021/10/15,null,new bitshares,nbs
390,,2021/10/16,null,new bitshares,nbs
391,,2021/10/17,3,new bitshares,nbs
392,,2021/10/18,1,new bitshares,nbs
393,,2021/10/19,null,new bitshares,nbs
394,,2021/10/20,1,new bitshares,nbs
395,,2021/10/21,2,new bitshares,nbs
396,,2021/10/22,null,new bitshares,nbs
397,,2021/10/23,null,new bitshares,nbs
398,,2021/10/24,1,new bitshares,nbs
399,,2021/10/25,3,new bitshares,nbs
400,,2021/10/26,11,new bitshares,nbs
401,,2021/10/27,2,new bitshares,nbs
402,,2021/10/28,null,new bitshares,nbs
403,,2021/10/29,null,new bitshares,nbs
404,,2021/10/30,null,new bitshares,nbs
405,,2021/10/31,1,new bitshares,nbs
406,,2021/11/01,1,new bitshares,nbs
407,,2021/11/02,null,new bitshares,nbs
408,,2021/11/03,null,new bitshares,nbs
409,,2021/11/04,null,new bitshares,nbs
410,,2021/11/05,null,new bitshares,nbs
411,,2021/11/06,null,new bitshares,nbs
412,,2021/11/07,null,new bitshares,nbs
413,,2021/11/08,null,new bitshares,nbs
414,,2021/11/09,null,new bitshares,nbs
415,,2021/11/10,2,new bitshares,nbs
416,,2021/11/11,null,new bitshares,nbs
417,,2021/11/12,null,new bitshares,nbs
418,,2021/11/13,3,new bitshares,nbs
419,,2021/11/14,4,new bitshares,nbs
