,google_trends,date,tweets,full_name,coin
0,,2020/12/11,1,nsure network,nsure
1,,2020/12/12,null,nsure network,nsure
2,,2020/12/13,null,nsure network,nsure
3,,2020/12/14,null,nsure network,nsure
4,,2020/12/15,null,nsure network,nsure
5,,2020/12/16,null,nsure network,nsure
6,,2020/12/17,1,nsure network,nsure
7,,2020/12/18,null,nsure network,nsure
8,,2020/12/19,null,nsure network,nsure
9,,2020/12/20,null,nsure network,nsure
10,,2020/12/21,null,nsure network,nsure
11,,2020/12/22,null,nsure network,nsure
12,,2020/12/23,null,nsure network,nsure
13,,2020/12/24,null,nsure network,nsure
14,,2020/12/25,null,nsure network,nsure
15,,2020/12/26,null,nsure network,nsure
16,,2020/12/27,null,nsure network,nsure
17,,2020/12/28,1,nsure network,nsure
18,,2020/12/29,null,nsure network,nsure
19,,2020/12/30,null,nsure network,nsure
20,,2020/12/31,1,nsure network,nsure
21,,2021/01/01,null,nsure network,nsure
22,,2021/01/02,null,nsure network,nsure
23,,2021/01/03,null,nsure network,nsure
24,,2021/01/04,null,nsure network,nsure
25,,2021/01/05,null,nsure network,nsure
26,,2021/01/06,null,nsure network,nsure
27,,2021/01/07,null,nsure network,nsure
28,,2021/01/08,null,nsure network,nsure
29,,2021/01/09,null,nsure network,nsure
30,,2021/01/10,null,nsure network,nsure
31,,2021/01/11,null,nsure network,nsure
32,,2021/01/12,null,nsure network,nsure
33,,2021/01/13,null,nsure network,nsure
34,,2021/01/14,null,nsure network,nsure
35,,2021/01/15,null,nsure network,nsure
36,,2021/01/16,null,nsure network,nsure
37,,2021/01/17,null,nsure network,nsure
38,,2021/01/18,null,nsure network,nsure
39,,2021/01/19,null,nsure network,nsure
40,,2021/01/20,null,nsure network,nsure
41,,2021/01/21,null,nsure network,nsure
42,,2021/01/22,null,nsure network,nsure
43,,2021/01/23,null,nsure network,nsure
44,,2021/01/24,null,nsure network,nsure
45,,2021/01/25,1,nsure network,nsure
46,,2021/01/26,null,nsure network,nsure
47,,2021/01/27,null,nsure network,nsure
48,,2021/01/28,null,nsure network,nsure
49,,2021/01/29,null,nsure network,nsure
50,,2021/01/30,null,nsure network,nsure
51,,2021/01/31,null,nsure network,nsure
52,,2021/02/01,null,nsure network,nsure
53,,2021/02/02,null,nsure network,nsure
54,,2021/02/03,null,nsure network,nsure
55,,2021/02/04,null,nsure network,nsure
56,,2021/02/05,1,nsure network,nsure
