,google_trends,date,tweets,full_name,coin
0,,2019/05/04,16,ocean protocol,ocean
1,,2019/05/05,2,ocean protocol,ocean
2,,2019/05/06,6,ocean protocol,ocean
3,,2019/05/07,null,ocean protocol,ocean
4,,2019/05/08,null,ocean protocol,ocean
5,,2019/05/09,1,ocean protocol,ocean
6,,2019/05/10,6,ocean protocol,ocean
7,,2019/05/11,4,ocean protocol,ocean
8,,2019/05/12,null,ocean protocol,ocean
9,,2019/05/13,3,ocean protocol,ocean
10,,2019/05/14,2,ocean protocol,ocean
11,,2019/05/15,4,ocean protocol,ocean
12,,2019/05/16,4,ocean protocol,ocean
13,,2019/05/17,null,ocean protocol,ocean
14,,2019/05/18,1,ocean protocol,ocean
15,,2019/05/19,null,ocean protocol,ocean
16,,2019/05/20,2,ocean protocol,ocean
17,,2019/05/21,null,ocean protocol,ocean
18,,2019/05/22,null,ocean protocol,ocean
19,,2019/05/23,null,ocean protocol,ocean
20,,2019/05/24,3,ocean protocol,ocean
21,,2019/05/25,1,ocean protocol,ocean
22,,2019/05/26,1,ocean protocol,ocean
23,,2019/05/27,4,ocean protocol,ocean
24,,2019/05/28,null,ocean protocol,ocean
25,,2019/05/29,null,ocean protocol,ocean
26,,2019/05/30,null,ocean protocol,ocean
27,,2019/05/31,null,ocean protocol,ocean
28,,2019/06/01,null,ocean protocol,ocean
29,,2019/06/02,null,ocean protocol,ocean
30,,2019/06/03,null,ocean protocol,ocean
31,,2019/06/04,null,ocean protocol,ocean
32,,2019/06/05,null,ocean protocol,ocean
33,,2019/06/06,null,ocean protocol,ocean
34,,2019/06/07,null,ocean protocol,ocean
35,,2019/06/08,null,ocean protocol,ocean
36,,2019/06/09,null,ocean protocol,ocean
37,,2019/06/10,null,ocean protocol,ocean
38,,2019/06/11,null,ocean protocol,ocean
39,,2019/06/12,null,ocean protocol,ocean
40,,2019/06/13,null,ocean protocol,ocean
41,,2019/06/14,null,ocean protocol,ocean
42,,2019/06/15,null,ocean protocol,ocean
43,,2019/06/16,null,ocean protocol,ocean
44,,2019/06/17,null,ocean protocol,ocean
45,,2019/06/18,null,ocean protocol,ocean
46,,2019/06/19,null,ocean protocol,ocean
47,,2019/06/20,null,ocean protocol,ocean
48,,2019/06/21,null,ocean protocol,ocean
49,,2019/06/22,null,ocean protocol,ocean
50,,2019/06/23,null,ocean protocol,ocean
51,,2019/06/24,null,ocean protocol,ocean
52,,2019/06/25,null,ocean protocol,ocean
53,,2019/06/26,null,ocean protocol,ocean
54,,2019/06/27,null,ocean protocol,ocean
55,,2019/06/28,null,ocean protocol,ocean
56,,2019/06/29,null,ocean protocol,ocean
57,,2019/06/30,null,ocean protocol,ocean
58,,2019/07/01,null,ocean protocol,ocean
59,,2019/07/02,null,ocean protocol,ocean
60,,2019/07/03,null,ocean protocol,ocean
61,,2019/07/04,null,ocean protocol,ocean
62,,2019/07/05,null,ocean protocol,ocean
63,,2019/07/06,null,ocean protocol,ocean
64,,2019/07/07,null,ocean protocol,ocean
65,,2019/07/08,null,ocean protocol,ocean
66,,2019/07/09,null,ocean protocol,ocean
67,,2019/07/10,null,ocean protocol,ocean
68,,2019/07/11,null,ocean protocol,ocean
69,,2019/07/12,null,ocean protocol,ocean
70,,2019/07/13,null,ocean protocol,ocean
71,,2019/07/14,null,ocean protocol,ocean
72,,2019/07/15,null,ocean protocol,ocean
73,,2019/07/16,null,ocean protocol,ocean
74,,2019/07/17,null,ocean protocol,ocean
75,,2019/07/18,null,ocean protocol,ocean
76,,2019/07/19,null,ocean protocol,ocean
77,,2019/07/20,null,ocean protocol,ocean
78,,2019/07/21,null,ocean protocol,ocean
79,,2019/07/22,null,ocean protocol,ocean
80,,2019/07/23,null,ocean protocol,ocean
81,,2019/07/24,null,ocean protocol,ocean
82,,2019/07/25,null,ocean protocol,ocean
83,,2019/07/26,null,ocean protocol,ocean
84,,2019/07/27,null,ocean protocol,ocean
85,,2019/07/28,null,ocean protocol,ocean
86,,2019/07/29,null,ocean protocol,ocean
87,,2019/07/30,null,ocean protocol,ocean
88,,2019/07/31,null,ocean protocol,ocean
89,,2019/08/01,null,ocean protocol,ocean
90,,2019/08/02,null,ocean protocol,ocean
91,,2019/08/03,null,ocean protocol,ocean
92,,2019/08/04,null,ocean protocol,ocean
93,,2019/08/05,null,ocean protocol,ocean
94,,2019/08/06,null,ocean protocol,ocean
95,,2019/08/07,null,ocean protocol,ocean
96,,2019/08/08,null,ocean protocol,ocean
97,,2019/08/09,null,ocean protocol,ocean
98,,2019/08/10,null,ocean protocol,ocean
99,,2019/08/11,null,ocean protocol,ocean
100,,2019/08/12,null,ocean protocol,ocean
101,,2019/08/13,null,ocean protocol,ocean
102,,2019/08/14,null,ocean protocol,ocean
103,,2019/08/15,null,ocean protocol,ocean
104,,2019/08/16,null,ocean protocol,ocean
105,,2019/08/17,null,ocean protocol,ocean
106,,2019/08/18,null,ocean protocol,ocean
107,,2019/08/19,null,ocean protocol,ocean
108,,2019/08/20,null,ocean protocol,ocean
109,,2019/08/21,null,ocean protocol,ocean
110,,2019/08/22,null,ocean protocol,ocean
111,,2019/08/23,null,ocean protocol,ocean
112,,2019/08/24,null,ocean protocol,ocean
113,,2019/08/25,null,ocean protocol,ocean
114,,2019/08/26,null,ocean protocol,ocean
115,,2019/08/27,null,ocean protocol,ocean
116,,2019/08/28,null,ocean protocol,ocean
117,,2019/08/29,null,ocean protocol,ocean
118,,2019/08/30,null,ocean protocol,ocean
119,,2019/08/31,null,ocean protocol,ocean
120,,2019/09/01,null,ocean protocol,ocean
121,,2019/09/02,null,ocean protocol,ocean
122,,2019/09/03,null,ocean protocol,ocean
123,,2019/09/04,null,ocean protocol,ocean
124,,2019/09/05,null,ocean protocol,ocean
125,,2019/09/06,null,ocean protocol,ocean
126,,2019/09/07,null,ocean protocol,ocean
127,,2019/09/08,null,ocean protocol,ocean
128,,2019/09/09,null,ocean protocol,ocean
129,,2019/09/10,null,ocean protocol,ocean
130,,2019/09/11,null,ocean protocol,ocean
131,,2019/09/12,null,ocean protocol,ocean
132,,2019/09/13,null,ocean protocol,ocean
133,,2019/09/14,2,ocean protocol,ocean
134,,2019/09/15,1,ocean protocol,ocean
135,,2019/09/16,null,ocean protocol,ocean
136,,2019/09/17,null,ocean protocol,ocean
137,,2019/09/18,2,ocean protocol,ocean
138,,2019/09/19,1,ocean protocol,ocean
139,,2019/09/20,null,ocean protocol,ocean
140,,2019/09/21,null,ocean protocol,ocean
141,,2019/09/22,null,ocean protocol,ocean
142,,2019/09/23,null,ocean protocol,ocean
143,,2019/09/24,null,ocean protocol,ocean
144,,2019/09/25,null,ocean protocol,ocean
145,,2019/09/26,1,ocean protocol,ocean
146,,2019/09/27,2,ocean protocol,ocean
147,,2019/09/28,2,ocean protocol,ocean
148,,2019/09/29,null,ocean protocol,ocean
149,,2019/09/30,null,ocean protocol,ocean
150,,2019/10/01,5,ocean protocol,ocean
151,,2019/10/02,4,ocean protocol,ocean
152,,2019/10/03,1,ocean protocol,ocean
153,,2019/10/04,null,ocean protocol,ocean
154,,2019/10/05,null,ocean protocol,ocean
155,,2019/10/06,null,ocean protocol,ocean
156,,2019/10/07,null,ocean protocol,ocean
157,,2019/10/08,null,ocean protocol,ocean
158,,2019/10/09,1,ocean protocol,ocean
159,,2019/10/10,1,ocean protocol,ocean
160,,2019/10/11,null,ocean protocol,ocean
161,,2019/10/12,3,ocean protocol,ocean
162,,2019/10/13,1,ocean protocol,ocean
163,,2019/10/14,null,ocean protocol,ocean
164,,2019/10/15,4,ocean protocol,ocean
165,,2019/10/16,null,ocean protocol,ocean
166,,2019/10/17,null,ocean protocol,ocean
167,,2019/10/18,null,ocean protocol,ocean
168,,2019/10/19,null,ocean protocol,ocean
169,,2019/10/20,null,ocean protocol,ocean
170,,2019/10/21,null,ocean protocol,ocean
171,,2019/10/22,null,ocean protocol,ocean
172,,2019/10/23,null,ocean protocol,ocean
173,,2019/10/24,null,ocean protocol,ocean
174,,2019/10/25,null,ocean protocol,ocean
175,,2019/10/26,null,ocean protocol,ocean
176,,2019/10/27,null,ocean protocol,ocean
177,,2019/10/28,null,ocean protocol,ocean
178,,2019/10/29,null,ocean protocol,ocean
179,,2019/10/30,null,ocean protocol,ocean
180,,2019/10/31,null,ocean protocol,ocean
181,,2019/11/01,null,ocean protocol,ocean
182,,2019/11/02,null,ocean protocol,ocean
183,,2019/11/03,null,ocean protocol,ocean
184,,2019/11/04,null,ocean protocol,ocean
185,,2019/11/05,null,ocean protocol,ocean
186,,2019/11/06,null,ocean protocol,ocean
187,,2019/11/07,null,ocean protocol,ocean
188,,2019/11/08,null,ocean protocol,ocean
189,,2019/11/09,null,ocean protocol,ocean
190,,2019/11/10,null,ocean protocol,ocean
191,,2019/11/11,null,ocean protocol,ocean
192,,2019/11/12,null,ocean protocol,ocean
193,,2019/11/13,null,ocean protocol,ocean
194,,2019/11/14,null,ocean protocol,ocean
195,,2019/11/15,2,ocean protocol,ocean
196,,2019/11/16,1,ocean protocol,ocean
197,,2019/11/17,null,ocean protocol,ocean
198,,2019/11/18,null,ocean protocol,ocean
199,,2019/11/19,null,ocean protocol,ocean
200,,2019/11/20,null,ocean protocol,ocean
201,,2019/11/21,null,ocean protocol,ocean
202,,2019/11/22,null,ocean protocol,ocean
203,,2019/11/23,null,ocean protocol,ocean
204,,2019/11/24,null,ocean protocol,ocean
205,,2019/11/25,null,ocean protocol,ocean
206,,2019/11/26,null,ocean protocol,ocean
207,,2019/11/27,null,ocean protocol,ocean
208,,2019/11/28,null,ocean protocol,ocean
209,,2019/11/29,null,ocean protocol,ocean
210,,2019/11/30,null,ocean protocol,ocean
211,,2019/12/01,null,ocean protocol,ocean
212,,2019/12/02,null,ocean protocol,ocean
213,,2019/12/03,null,ocean protocol,ocean
214,,2019/12/04,null,ocean protocol,ocean
215,,2019/12/05,2,ocean protocol,ocean
216,,2019/12/06,15,ocean protocol,ocean
217,,2019/12/07,6,ocean protocol,ocean
218,,2019/12/08,2,ocean protocol,ocean
219,,2019/12/09,2,ocean protocol,ocean
220,,2019/12/10,7,ocean protocol,ocean
221,,2019/12/11,13,ocean protocol,ocean
222,,2019/12/12,null,ocean protocol,ocean
223,,2019/12/13,1,ocean protocol,ocean
224,,2019/12/14,1,ocean protocol,ocean
225,,2019/12/15,1,ocean protocol,ocean
226,,2019/12/16,1,ocean protocol,ocean
227,,2019/12/17,1,ocean protocol,ocean
228,,2019/12/18,null,ocean protocol,ocean
229,,2019/12/19,null,ocean protocol,ocean
230,,2019/12/20,1,ocean protocol,ocean
231,,2019/12/21,null,ocean protocol,ocean
232,,2019/12/22,null,ocean protocol,ocean
233,,2019/12/23,null,ocean protocol,ocean
234,,2019/12/24,1,ocean protocol,ocean
235,,2019/12/25,null,ocean protocol,ocean
236,,2019/12/26,null,ocean protocol,ocean
237,,2019/12/27,null,ocean protocol,ocean
238,,2019/12/28,null,ocean protocol,ocean
239,,2019/12/29,null,ocean protocol,ocean
240,,2019/12/30,null,ocean protocol,ocean
241,,2019/12/31,2,ocean protocol,ocean
242,,2020/01/01,1,ocean protocol,ocean
243,,2020/01/02,1,ocean protocol,ocean
244,,2020/01/03,null,ocean protocol,ocean
245,,2020/01/04,null,ocean protocol,ocean
246,,2020/01/05,null,ocean protocol,ocean
247,,2020/01/06,null,ocean protocol,ocean
248,,2020/01/07,null,ocean protocol,ocean
249,,2020/01/08,null,ocean protocol,ocean
250,,2020/01/09,null,ocean protocol,ocean
251,,2020/01/10,null,ocean protocol,ocean
252,,2020/01/11,null,ocean protocol,ocean
253,,2020/01/12,null,ocean protocol,ocean
254,,2020/01/13,null,ocean protocol,ocean
255,,2020/01/14,null,ocean protocol,ocean
256,,2020/01/15,null,ocean protocol,ocean
257,,2020/01/16,null,ocean protocol,ocean
258,,2020/01/17,null,ocean protocol,ocean
259,,2020/01/18,null,ocean protocol,ocean
260,,2020/01/19,null,ocean protocol,ocean
261,,2020/01/20,null,ocean protocol,ocean
262,,2020/01/21,null,ocean protocol,ocean
263,,2020/01/22,null,ocean protocol,ocean
264,,2020/01/23,null,ocean protocol,ocean
265,,2020/01/24,null,ocean protocol,ocean
266,,2020/01/25,null,ocean protocol,ocean
267,,2020/01/26,null,ocean protocol,ocean
268,,2020/01/27,null,ocean protocol,ocean
269,,2020/01/28,null,ocean protocol,ocean
270,,2020/01/29,null,ocean protocol,ocean
271,,2020/01/30,null,ocean protocol,ocean
272,,2020/01/31,null,ocean protocol,ocean
273,,2020/02/01,null,ocean protocol,ocean
274,,2020/02/02,null,ocean protocol,ocean
275,,2020/02/03,null,ocean protocol,ocean
276,,2020/02/04,1,ocean protocol,ocean
277,,2020/02/05,null,ocean protocol,ocean
278,,2020/02/06,null,ocean protocol,ocean
279,,2020/02/07,null,ocean protocol,ocean
280,,2020/02/08,null,ocean protocol,ocean
281,,2020/02/09,null,ocean protocol,ocean
282,,2020/02/10,null,ocean protocol,ocean
283,,2020/02/11,null,ocean protocol,ocean
284,,2020/02/12,null,ocean protocol,ocean
285,,2020/02/13,null,ocean protocol,ocean
286,,2020/02/14,null,ocean protocol,ocean
287,,2020/02/15,null,ocean protocol,ocean
288,,2020/02/16,null,ocean protocol,ocean
289,,2020/02/17,null,ocean protocol,ocean
290,,2020/02/18,null,ocean protocol,ocean
291,,2020/02/19,null,ocean protocol,ocean
292,,2020/02/20,2,ocean protocol,ocean
293,,2020/02/21,null,ocean protocol,ocean
294,,2020/02/22,1,ocean protocol,ocean
295,,2020/02/23,null,ocean protocol,ocean
296,,2020/02/24,null,ocean protocol,ocean
297,,2020/02/25,null,ocean protocol,ocean
298,,2020/02/26,null,ocean protocol,ocean
299,,2020/02/27,null,ocean protocol,ocean
300,,2020/02/28,null,ocean protocol,ocean
301,,2020/02/29,null,ocean protocol,ocean
302,,2020/03/01,null,ocean protocol,ocean
303,,2020/03/02,null,ocean protocol,ocean
304,,2020/03/03,null,ocean protocol,ocean
305,,2020/03/04,null,ocean protocol,ocean
306,,2020/03/05,null,ocean protocol,ocean
307,,2020/03/06,null,ocean protocol,ocean
308,,2020/03/07,null,ocean protocol,ocean
309,,2020/03/08,null,ocean protocol,ocean
310,,2020/03/09,null,ocean protocol,ocean
311,,2020/03/10,null,ocean protocol,ocean
312,,2020/03/11,null,ocean protocol,ocean
313,,2020/03/12,null,ocean protocol,ocean
314,,2020/03/13,null,ocean protocol,ocean
315,,2020/03/14,null,ocean protocol,ocean
316,,2020/03/15,null,ocean protocol,ocean
317,,2020/03/16,null,ocean protocol,ocean
318,,2020/03/17,null,ocean protocol,ocean
319,,2020/03/18,4,ocean protocol,ocean
320,,2020/03/19,null,ocean protocol,ocean
321,,2020/03/20,null,ocean protocol,ocean
322,,2020/03/21,null,ocean protocol,ocean
323,,2020/03/22,null,ocean protocol,ocean
324,,2020/03/23,null,ocean protocol,ocean
325,,2020/03/24,null,ocean protocol,ocean
326,,2020/03/25,null,ocean protocol,ocean
327,,2020/03/26,null,ocean protocol,ocean
328,,2020/03/27,null,ocean protocol,ocean
329,,2020/03/28,null,ocean protocol,ocean
330,,2020/03/29,null,ocean protocol,ocean
331,,2020/03/30,null,ocean protocol,ocean
332,,2020/03/31,null,ocean protocol,ocean
333,,2020/04/01,null,ocean protocol,ocean
334,,2020/04/02,null,ocean protocol,ocean
335,,2020/04/03,null,ocean protocol,ocean
336,,2020/04/04,null,ocean protocol,ocean
337,,2020/04/05,2,ocean protocol,ocean
338,,2020/04/06,1,ocean protocol,ocean
339,,2020/04/07,null,ocean protocol,ocean
340,,2020/04/08,null,ocean protocol,ocean
341,,2020/04/09,null,ocean protocol,ocean
342,,2020/04/10,null,ocean protocol,ocean
343,,2020/04/11,null,ocean protocol,ocean
344,,2020/04/12,2,ocean protocol,ocean
345,,2020/04/13,null,ocean protocol,ocean
346,,2020/04/14,null,ocean protocol,ocean
347,,2020/04/15,null,ocean protocol,ocean
348,,2020/04/16,1,ocean protocol,ocean
349,,2020/04/17,null,ocean protocol,ocean
350,,2020/04/18,null,ocean protocol,ocean
351,,2020/04/19,null,ocean protocol,ocean
352,,2020/04/20,null,ocean protocol,ocean
353,,2020/04/21,null,ocean protocol,ocean
354,,2020/04/22,null,ocean protocol,ocean
355,,2020/04/23,null,ocean protocol,ocean
356,,2020/04/24,null,ocean protocol,ocean
357,,2020/04/25,null,ocean protocol,ocean
358,,2020/04/26,null,ocean protocol,ocean
359,,2020/04/27,null,ocean protocol,ocean
360,,2020/04/28,null,ocean protocol,ocean
361,,2020/04/29,null,ocean protocol,ocean
362,,2020/04/30,null,ocean protocol,ocean
363,,2020/05/01,null,ocean protocol,ocean
364,,2020/05/02,null,ocean protocol,ocean
365,,2020/05/03,null,ocean protocol,ocean
366,,2020/05/04,null,ocean protocol,ocean
367,,2020/05/05,null,ocean protocol,ocean
368,,2020/05/06,null,ocean protocol,ocean
369,,2020/05/07,null,ocean protocol,ocean
370,,2020/05/08,null,ocean protocol,ocean
371,,2020/05/09,null,ocean protocol,ocean
372,,2020/05/10,null,ocean protocol,ocean
373,,2020/05/11,null,ocean protocol,ocean
374,,2020/05/12,null,ocean protocol,ocean
375,,2020/05/13,null,ocean protocol,ocean
376,,2020/05/14,null,ocean protocol,ocean
377,,2020/05/15,null,ocean protocol,ocean
378,,2020/05/16,null,ocean protocol,ocean
379,,2020/05/17,null,ocean protocol,ocean
380,,2020/05/18,null,ocean protocol,ocean
381,,2020/05/19,null,ocean protocol,ocean
382,,2020/05/20,null,ocean protocol,ocean
383,,2020/05/21,null,ocean protocol,ocean
384,,2020/05/22,null,ocean protocol,ocean
385,,2020/05/23,null,ocean protocol,ocean
386,,2020/05/24,null,ocean protocol,ocean
387,,2020/05/25,null,ocean protocol,ocean
388,,2020/05/26,null,ocean protocol,ocean
389,,2020/05/27,null,ocean protocol,ocean
390,,2020/05/28,null,ocean protocol,ocean
391,,2020/05/29,null,ocean protocol,ocean
392,,2020/05/30,null,ocean protocol,ocean
393,,2020/05/31,null,ocean protocol,ocean
394,,2020/06/01,null,ocean protocol,ocean
395,,2020/06/02,null,ocean protocol,ocean
396,,2020/06/03,null,ocean protocol,ocean
397,,2020/06/04,null,ocean protocol,ocean
398,,2020/06/05,null,ocean protocol,ocean
399,,2020/06/06,null,ocean protocol,ocean
400,,2020/06/07,null,ocean protocol,ocean
401,,2020/06/08,null,ocean protocol,ocean
402,,2020/06/09,null,ocean protocol,ocean
403,,2020/06/10,null,ocean protocol,ocean
404,,2020/06/11,null,ocean protocol,ocean
405,,2020/06/12,null,ocean protocol,ocean
406,,2020/06/13,null,ocean protocol,ocean
407,,2020/06/14,null,ocean protocol,ocean
408,,2020/06/15,null,ocean protocol,ocean
409,,2020/06/16,null,ocean protocol,ocean
410,,2020/06/17,null,ocean protocol,ocean
411,,2020/06/18,null,ocean protocol,ocean
412,,2020/06/19,null,ocean protocol,ocean
413,,2020/06/20,null,ocean protocol,ocean
414,,2020/06/21,null,ocean protocol,ocean
415,,2020/06/22,null,ocean protocol,ocean
416,,2020/06/23,null,ocean protocol,ocean
417,,2020/06/24,null,ocean protocol,ocean
418,,2020/06/25,null,ocean protocol,ocean
419,,2020/06/26,null,ocean protocol,ocean
420,,2020/06/27,null,ocean protocol,ocean
421,,2020/06/28,null,ocean protocol,ocean
422,,2020/06/29,null,ocean protocol,ocean
423,,2020/06/30,null,ocean protocol,ocean
424,,2020/07/01,null,ocean protocol,ocean
425,,2020/07/02,null,ocean protocol,ocean
426,,2020/07/03,null,ocean protocol,ocean
427,,2020/07/04,null,ocean protocol,ocean
428,,2020/07/05,null,ocean protocol,ocean
429,,2020/07/06,null,ocean protocol,ocean
430,,2020/07/07,null,ocean protocol,ocean
431,,2020/07/08,null,ocean protocol,ocean
432,,2020/07/09,null,ocean protocol,ocean
433,,2020/07/10,null,ocean protocol,ocean
434,,2020/07/11,null,ocean protocol,ocean
435,,2020/07/12,null,ocean protocol,ocean
436,,2020/07/13,null,ocean protocol,ocean
437,,2020/07/14,null,ocean protocol,ocean
438,,2020/07/15,null,ocean protocol,ocean
439,,2020/07/16,null,ocean protocol,ocean
440,,2020/07/17,null,ocean protocol,ocean
441,,2020/07/18,null,ocean protocol,ocean
442,,2020/07/19,null,ocean protocol,ocean
443,,2020/07/20,6,ocean protocol,ocean
444,,2020/07/21,4,ocean protocol,ocean
445,,2020/07/22,null,ocean protocol,ocean
446,,2020/07/23,null,ocean protocol,ocean
447,,2020/07/24,null,ocean protocol,ocean
448,,2020/07/25,null,ocean protocol,ocean
449,,2020/07/26,null,ocean protocol,ocean
450,,2020/07/27,null,ocean protocol,ocean
451,,2020/07/28,null,ocean protocol,ocean
452,,2020/07/29,null,ocean protocol,ocean
453,,2020/07/30,null,ocean protocol,ocean
454,,2020/07/31,null,ocean protocol,ocean
455,,2020/08/01,10,ocean protocol,ocean
456,,2020/08/02,11,ocean protocol,ocean
457,,2020/08/03,null,ocean protocol,ocean
458,,2020/08/04,22,ocean protocol,ocean
459,,2020/08/05,8,ocean protocol,ocean
460,,2020/08/06,23,ocean protocol,ocean
461,,2020/08/07,null,ocean protocol,ocean
462,,2020/08/08,29,ocean protocol,ocean
463,,2020/08/09,26,ocean protocol,ocean
464,,2020/08/10,75,ocean protocol,ocean
465,,2020/08/11,29,ocean protocol,ocean
466,,2020/08/12,12,ocean protocol,ocean
467,,2020/08/13,null,ocean protocol,ocean
468,,2020/08/14,null,ocean protocol,ocean
469,,2020/08/15,null,ocean protocol,ocean
470,,2020/08/16,null,ocean protocol,ocean
471,,2020/08/17,null,ocean protocol,ocean
472,,2020/08/18,57,ocean protocol,ocean
473,,2020/08/19,50,ocean protocol,ocean
474,,2020/08/20,24,ocean protocol,ocean
475,,2020/08/21,12,ocean protocol,ocean
476,,2020/08/22,19,ocean protocol,ocean
477,,2020/08/23,14,ocean protocol,ocean
478,,2020/08/24,21,ocean protocol,ocean
479,,2020/08/25,19,ocean protocol,ocean
480,,2020/08/26,8,ocean protocol,ocean
481,,2020/08/27,30,ocean protocol,ocean
482,,2020/08/28,31,ocean protocol,ocean
483,,2020/08/29,29,ocean protocol,ocean
484,,2020/08/30,20,ocean protocol,ocean
485,,2020/08/31,14,ocean protocol,ocean
486,,2020/09/01,18,ocean protocol,ocean
487,,2020/09/02,12,ocean protocol,ocean
488,,2020/09/03,20,ocean protocol,ocean
489,,2020/09/04,10,ocean protocol,ocean
490,,2020/09/05,6,ocean protocol,ocean
491,,2020/09/06,19,ocean protocol,ocean
492,,2020/09/07,16,ocean protocol,ocean
493,,2020/09/08,16,ocean protocol,ocean
494,,2020/09/09,21,ocean protocol,ocean
495,,2020/09/10,30,ocean protocol,ocean
496,,2020/09/11,16,ocean protocol,ocean
497,,2020/09/12,7,ocean protocol,ocean
498,,2020/09/13,10,ocean protocol,ocean
499,,2020/09/14,11,ocean protocol,ocean
500,,2020/09/15,13,ocean protocol,ocean
501,,2020/09/16,16,ocean protocol,ocean
502,,2020/09/17,27,ocean protocol,ocean
503,,2020/09/18,29,ocean protocol,ocean
504,,2020/09/19,20,ocean protocol,ocean
505,,2020/09/20,19,ocean protocol,ocean
506,,2020/09/21,4,ocean protocol,ocean
507,,2020/09/22,18,ocean protocol,ocean
508,,2020/09/23,7,ocean protocol,ocean
509,,2020/09/24,21,ocean protocol,ocean
510,,2020/09/25,13,ocean protocol,ocean
511,,2020/09/26,15,ocean protocol,ocean
512,,2020/09/27,18,ocean protocol,ocean
513,,2020/09/28,28,ocean protocol,ocean
514,,2020/09/29,12,ocean protocol,ocean
515,,2020/09/30,10,ocean protocol,ocean
516,,2020/10/01,15,ocean protocol,ocean
517,,2020/10/02,11,ocean protocol,ocean
518,,2020/10/03,29,ocean protocol,ocean
519,,2020/10/04,16,ocean protocol,ocean
520,,2020/10/05,8,ocean protocol,ocean
521,,2020/10/06,11,ocean protocol,ocean
522,,2020/10/07,8,ocean protocol,ocean
523,,2020/10/08,2,ocean protocol,ocean
524,,2020/10/09,5,ocean protocol,ocean
525,,2020/10/10,2,ocean protocol,ocean
526,,2020/10/11,1,ocean protocol,ocean
527,,2020/10/12,12,ocean protocol,ocean
528,,2020/10/13,5,ocean protocol,ocean
529,,2020/10/14,3,ocean protocol,ocean
530,,2020/10/15,2,ocean protocol,ocean
531,,2020/10/16,8,ocean protocol,ocean
532,,2020/10/17,1,ocean protocol,ocean
533,,2020/10/18,17,ocean protocol,ocean
534,,2020/10/19,23,ocean protocol,ocean
535,,2020/10/20,10,ocean protocol,ocean
536,,2020/10/21,55,ocean protocol,ocean
537,,2020/10/22,9,ocean protocol,ocean
538,,2020/10/23,19,ocean protocol,ocean
539,,2020/10/24,20,ocean protocol,ocean
540,,2020/10/25,11,ocean protocol,ocean
541,,2020/10/26,48,ocean protocol,ocean
542,,2020/10/27,59,ocean protocol,ocean
543,,2020/10/28,61,ocean protocol,ocean
544,,2020/10/29,44,ocean protocol,ocean
545,,2020/10/30,25,ocean protocol,ocean
546,,2020/10/31,14,ocean protocol,ocean
547,,2020/11/01,85,ocean protocol,ocean
548,,2020/11/02,47,ocean protocol,ocean
549,,2020/11/03,49,ocean protocol,ocean
550,,2020/11/04,33,ocean protocol,ocean
551,,2020/11/05,12,ocean protocol,ocean
552,,2020/11/06,16,ocean protocol,ocean
553,,2020/11/07,13,ocean protocol,ocean
554,,2020/11/08,30,ocean protocol,ocean
555,,2020/11/09,56,ocean protocol,ocean
556,,2020/11/10,87,ocean protocol,ocean
557,,2020/11/11,63,ocean protocol,ocean
558,,2020/11/12,33,ocean protocol,ocean
559,,2020/11/13,36,ocean protocol,ocean
560,,2020/11/14,21,ocean protocol,ocean
561,,2020/11/15,25,ocean protocol,ocean
562,,2020/11/16,26,ocean protocol,ocean
563,,2020/11/17,20,ocean protocol,ocean
564,,2020/11/18,45,ocean protocol,ocean
565,,2020/11/19,36,ocean protocol,ocean
566,,2020/11/20,48,ocean protocol,ocean
567,,2020/11/21,16,ocean protocol,ocean
568,,2020/11/22,12,ocean protocol,ocean
569,,2020/11/23,16,ocean protocol,ocean
570,,2020/11/24,16,ocean protocol,ocean
571,,2020/11/25,43,ocean protocol,ocean
572,,2020/11/26,9,ocean protocol,ocean
573,,2020/11/27,6,ocean protocol,ocean
574,,2020/11/28,5,ocean protocol,ocean
575,,2020/11/29,14,ocean protocol,ocean
576,,2020/11/30,66,ocean protocol,ocean
577,,2020/12/01,52,ocean protocol,ocean
578,,2020/12/02,20,ocean protocol,ocean
579,,2020/12/03,58,ocean protocol,ocean
580,,2020/12/04,6,ocean protocol,ocean
581,,2020/12/05,6,ocean protocol,ocean
582,,2020/12/06,4,ocean protocol,ocean
583,,2020/12/07,19,ocean protocol,ocean
584,,2020/12/08,15,ocean protocol,ocean
585,,2020/12/09,20,ocean protocol,ocean
586,,2020/12/10,8,ocean protocol,ocean
587,,2020/12/11,5,ocean protocol,ocean
588,,2020/12/12,4,ocean protocol,ocean
589,,2020/12/13,4,ocean protocol,ocean
590,,2020/12/14,8,ocean protocol,ocean
591,,2020/12/15,12,ocean protocol,ocean
592,,2020/12/16,4,ocean protocol,ocean
593,,2020/12/17,11,ocean protocol,ocean
594,,2020/12/18,4,ocean protocol,ocean
595,,2020/12/19,3,ocean protocol,ocean
596,,2020/12/20,2,ocean protocol,ocean
597,,2020/12/21,8,ocean protocol,ocean
598,,2020/12/22,11,ocean protocol,ocean
599,,2020/12/23,3,ocean protocol,ocean
600,,2020/12/24,3,ocean protocol,ocean
601,,2020/12/25,2,ocean protocol,ocean
602,,2020/12/26,null,ocean protocol,ocean
603,,2020/12/27,null,ocean protocol,ocean
604,,2020/12/28,11,ocean protocol,ocean
605,,2020/12/29,4,ocean protocol,ocean
606,,2020/12/30,5,ocean protocol,ocean
607,,2020/12/31,7,ocean protocol,ocean
608,,2021/01/01,9,ocean protocol,ocean
609,,2021/01/02,63,ocean protocol,ocean
610,,2021/01/03,6,ocean protocol,ocean
611,,2021/01/04,8,ocean protocol,ocean
612,,2021/01/05,10,ocean protocol,ocean
613,,2021/01/06,10,ocean protocol,ocean
614,,2021/01/07,6,ocean protocol,ocean
615,,2021/01/08,5,ocean protocol,ocean
616,,2021/01/09,6,ocean protocol,ocean
617,,2021/01/10,8,ocean protocol,ocean
618,,2021/01/11,10,ocean protocol,ocean
619,,2021/01/12,12,ocean protocol,ocean
620,,2021/01/13,9,ocean protocol,ocean
621,,2021/01/14,11,ocean protocol,ocean
622,,2021/01/15,1,ocean protocol,ocean
623,,2021/01/16,37,ocean protocol,ocean
624,,2021/01/17,11,ocean protocol,ocean
625,,2021/01/18,16,ocean protocol,ocean
626,,2021/01/19,20,ocean protocol,ocean
627,,2021/01/20,19,ocean protocol,ocean
628,,2021/01/21,8,ocean protocol,ocean
629,,2021/01/22,14,ocean protocol,ocean
630,,2021/01/23,7,ocean protocol,ocean
631,,2021/01/24,15,ocean protocol,ocean
632,,2021/01/25,64,ocean protocol,ocean
633,,2021/01/26,25,ocean protocol,ocean
634,,2021/01/27,12,ocean protocol,ocean
635,,2021/01/28,12,ocean protocol,ocean
636,,2021/01/29,24,ocean protocol,ocean
637,,2021/01/30,7,ocean protocol,ocean
638,,2021/01/31,10,ocean protocol,ocean
639,,2021/02/01,5,ocean protocol,ocean
640,,2021/02/02,13,ocean protocol,ocean
641,,2021/02/03,6,ocean protocol,ocean
642,,2021/02/04,23,ocean protocol,ocean
643,,2021/02/05,45,ocean protocol,ocean
644,,2021/02/06,19,ocean protocol,ocean
645,,2021/02/07,21,ocean protocol,ocean
646,,2021/02/08,20,ocean protocol,ocean
647,,2021/02/09,35,ocean protocol,ocean
648,,2021/02/10,35,ocean protocol,ocean
649,,2021/02/11,67,ocean protocol,ocean
650,,2021/02/12,140,ocean protocol,ocean
651,,2021/02/13,42,ocean protocol,ocean
652,,2021/02/14,7,ocean protocol,ocean
653,,2021/02/15,23,ocean protocol,ocean
654,,2021/02/16,13,ocean protocol,ocean
655,,2021/02/17,16,ocean protocol,ocean
656,,2021/02/18,30,ocean protocol,ocean
657,,2021/02/19,14,ocean protocol,ocean
658,,2021/02/20,13,ocean protocol,ocean
659,,2021/02/21,38,ocean protocol,ocean
660,,2021/02/22,26,ocean protocol,ocean
661,,2021/02/23,8,ocean protocol,ocean
662,,2021/02/24,23,ocean protocol,ocean
663,,2021/02/25,21,ocean protocol,ocean
664,,2021/02/26,26,ocean protocol,ocean
665,,2021/02/27,18,ocean protocol,ocean
666,,2021/02/28,29,ocean protocol,ocean
667,,2021/03/01,8,ocean protocol,ocean
668,,2021/03/02,23,ocean protocol,ocean
669,,2021/03/03,39,ocean protocol,ocean
670,,2021/03/04,39,ocean protocol,ocean
671,,2021/03/05,59,ocean protocol,ocean
672,,2021/03/06,32,ocean protocol,ocean
673,,2021/03/07,91,ocean protocol,ocean
674,,2021/03/08,31,ocean protocol,ocean
675,,2021/03/09,11,ocean protocol,ocean
676,,2021/03/10,31,ocean protocol,ocean
677,,2021/03/11,13,ocean protocol,ocean
678,,2021/03/12,20,ocean protocol,ocean
679,,2021/03/13,25,ocean protocol,ocean
680,,2021/03/14,15,ocean protocol,ocean
681,,2021/03/15,70,ocean protocol,ocean
682,,2021/03/16,101,ocean protocol,ocean
683,,2021/03/17,44,ocean protocol,ocean
684,,2021/03/18,20,ocean protocol,ocean
685,,2021/03/19,27,ocean protocol,ocean
686,,2021/03/20,52,ocean protocol,ocean
687,,2021/03/21,24,ocean protocol,ocean
688,,2021/03/22,22,ocean protocol,ocean
689,,2021/03/23,9,ocean protocol,ocean
690,,2021/03/24,21,ocean protocol,ocean
691,,2021/03/25,17,ocean protocol,ocean
692,,2021/03/26,16,ocean protocol,ocean
693,,2021/03/27,38,ocean protocol,ocean
694,,2021/03/28,44,ocean protocol,ocean
695,,2021/03/29,22,ocean protocol,ocean
696,,2021/03/30,19,ocean protocol,ocean
697,,2021/03/31,26,ocean protocol,ocean
698,,2021/04/01,5,ocean protocol,ocean
699,,2021/04/02,19,ocean protocol,ocean
700,,2021/04/03,30,ocean protocol,ocean
701,,2021/04/04,24,ocean protocol,ocean
702,,2021/04/05,16,ocean protocol,ocean
703,,2021/04/06,14,ocean protocol,ocean
704,,2021/04/07,4,ocean protocol,ocean
705,,2021/04/08,18,ocean protocol,ocean
706,,2021/04/09,20,ocean protocol,ocean
707,,2021/04/10,27,ocean protocol,ocean
708,,2021/04/11,8,ocean protocol,ocean
709,,2021/04/12,17,ocean protocol,ocean
710,,2021/04/13,10,ocean protocol,ocean
711,,2021/04/14,12,ocean protocol,ocean
712,,2021/04/15,38,ocean protocol,ocean
713,,2021/04/16,24,ocean protocol,ocean
714,,2021/04/17,16,ocean protocol,ocean
715,,2021/04/18,8,ocean protocol,ocean
716,,2021/04/19,8,ocean protocol,ocean
717,,2021/04/20,3,ocean protocol,ocean
718,,2021/04/21,8,ocean protocol,ocean
719,,2021/04/22,10,ocean protocol,ocean
720,,2021/04/23,3,ocean protocol,ocean
721,,2021/04/24,1,ocean protocol,ocean
722,,2021/04/25,19,ocean protocol,ocean
723,,2021/04/26,34,ocean protocol,ocean
724,,2021/04/27,21,ocean protocol,ocean
725,,2021/04/28,9,ocean protocol,ocean
726,,2021/04/29,28,ocean protocol,ocean
727,,2021/04/30,10,ocean protocol,ocean
728,,2021/05/01,5,ocean protocol,ocean
729,,2021/05/02,2,ocean protocol,ocean
730,,2021/05/03,11,ocean protocol,ocean
731,,2021/05/04,4,ocean protocol,ocean
732,,2021/05/05,12,ocean protocol,ocean
733,,2021/05/06,20,ocean protocol,ocean
734,,2021/05/07,15,ocean protocol,ocean
735,,2021/05/08,24,ocean protocol,ocean
736,,2021/05/09,34,ocean protocol,ocean
737,,2021/05/10,72,ocean protocol,ocean
738,,2021/05/11,30,ocean protocol,ocean
739,,2021/05/12,13,ocean protocol,ocean
740,,2021/05/13,10,ocean protocol,ocean
741,,2021/05/14,14,ocean protocol,ocean
742,,2021/05/15,16,ocean protocol,ocean
743,,2021/05/16,14,ocean protocol,ocean
744,,2021/05/17,13,ocean protocol,ocean
745,,2021/05/18,20,ocean protocol,ocean
746,,2021/05/19,9,ocean protocol,ocean
747,,2021/05/20,14,ocean protocol,ocean
748,,2021/05/21,2,ocean protocol,ocean
749,,2021/05/22,2,ocean protocol,ocean
750,,2021/05/23,1,ocean protocol,ocean
751,,2021/05/24,1,ocean protocol,ocean
752,,2021/05/25,7,ocean protocol,ocean
753,,2021/05/26,15,ocean protocol,ocean
754,,2021/05/27,17,ocean protocol,ocean
755,,2021/05/28,5,ocean protocol,ocean
756,,2021/05/29,4,ocean protocol,ocean
757,,2021/05/30,5,ocean protocol,ocean
758,,2021/05/31,27,ocean protocol,ocean
759,,2021/06/01,25,ocean protocol,ocean
760,,2021/06/02,15,ocean protocol,ocean
761,,2021/06/03,7,ocean protocol,ocean
762,,2021/06/04,14,ocean protocol,ocean
763,,2021/06/05,6,ocean protocol,ocean
764,,2021/06/06,16,ocean protocol,ocean
765,,2021/06/07,10,ocean protocol,ocean
766,,2021/06/08,10,ocean protocol,ocean
767,,2021/06/09,5,ocean protocol,ocean
768,,2021/06/10,7,ocean protocol,ocean
769,,2021/06/11,13,ocean protocol,ocean
770,,2021/06/12,20,ocean protocol,ocean
771,,2021/06/13,2,ocean protocol,ocean
772,,2021/06/14,5,ocean protocol,ocean
773,,2021/06/15,26,ocean protocol,ocean
774,,2021/06/16,22,ocean protocol,ocean
775,,2021/06/17,22,ocean protocol,ocean
776,,2021/06/18,13,ocean protocol,ocean
777,,2021/06/19,2,ocean protocol,ocean
778,,2021/06/20,13,ocean protocol,ocean
779,,2021/06/21,21,ocean protocol,ocean
780,,2021/06/22,4,ocean protocol,ocean
781,,2021/06/23,5,ocean protocol,ocean
782,,2021/06/24,6,ocean protocol,ocean
783,,2021/06/25,9,ocean protocol,ocean
784,,2021/06/26,null,ocean protocol,ocean
785,,2021/06/27,6,ocean protocol,ocean
786,,2021/06/28,null,ocean protocol,ocean
787,,2021/06/29,9,ocean protocol,ocean
788,,2021/06/30,22,ocean protocol,ocean
789,,2021/07/01,12,ocean protocol,ocean
790,,2021/07/02,8,ocean protocol,ocean
791,,2021/07/03,7,ocean protocol,ocean
792,,2021/07/04,8,ocean protocol,ocean
793,,2021/07/05,7,ocean protocol,ocean
794,,2021/07/06,5,ocean protocol,ocean
795,,2021/07/07,16,ocean protocol,ocean
796,,2021/07/08,9,ocean protocol,ocean
797,,2021/07/09,10,ocean protocol,ocean
798,,2021/07/10,7,ocean protocol,ocean
799,,2021/07/11,2,ocean protocol,ocean
800,,2021/07/12,2,ocean protocol,ocean
801,,2021/07/13,2,ocean protocol,ocean
802,,2021/07/14,10,ocean protocol,ocean
803,,2021/07/15,16,ocean protocol,ocean
804,,2021/07/16,16,ocean protocol,ocean
805,,2021/07/17,14,ocean protocol,ocean
806,,2021/07/18,4,ocean protocol,ocean
807,,2021/07/19,3,ocean protocol,ocean
808,,2021/07/20,7,ocean protocol,ocean
809,,2021/07/21,17,ocean protocol,ocean
810,,2021/07/22,17,ocean protocol,ocean
811,,2021/07/23,14,ocean protocol,ocean
812,,2021/07/24,6,ocean protocol,ocean
813,,2021/07/25,6,ocean protocol,ocean
814,,2021/07/26,11,ocean protocol,ocean
815,,2021/07/27,10,ocean protocol,ocean
816,,2021/07/28,11,ocean protocol,ocean
817,,2021/07/29,13,ocean protocol,ocean
818,,2021/07/30,13,ocean protocol,ocean
819,,2021/07/31,10,ocean protocol,ocean
820,,2021/08/01,13,ocean protocol,ocean
821,,2021/08/02,59,ocean protocol,ocean
822,,2021/08/03,27,ocean protocol,ocean
823,,2021/08/04,19,ocean protocol,ocean
824,,2021/08/05,9,ocean protocol,ocean
825,,2021/08/06,2,ocean protocol,ocean
826,,2021/08/07,7,ocean protocol,ocean
827,,2021/08/08,1,ocean protocol,ocean
828,,2021/08/09,3,ocean protocol,ocean
829,,2021/08/10,8,ocean protocol,ocean
830,,2021/08/11,9,ocean protocol,ocean
831,,2021/08/12,19,ocean protocol,ocean
832,,2021/08/13,11,ocean protocol,ocean
833,,2021/08/14,4,ocean protocol,ocean
834,,2021/08/15,2,ocean protocol,ocean
835,,2021/08/16,12,ocean protocol,ocean
836,,2021/08/17,19,ocean protocol,ocean
837,,2021/08/18,19,ocean protocol,ocean
838,,2021/08/19,9,ocean protocol,ocean
839,,2021/08/20,10,ocean protocol,ocean
840,,2021/08/21,34,ocean protocol,ocean
841,,2021/08/22,6,ocean protocol,ocean
842,,2021/08/23,9,ocean protocol,ocean
843,,2021/08/24,20,ocean protocol,ocean
844,,2021/08/25,10,ocean protocol,ocean
845,,2021/08/26,18,ocean protocol,ocean
846,,2021/08/27,8,ocean protocol,ocean
847,,2021/08/28,6,ocean protocol,ocean
848,,2021/08/29,14,ocean protocol,ocean
849,,2021/08/30,11,ocean protocol,ocean
850,,2021/08/31,23,ocean protocol,ocean
851,,2021/09/01,5,ocean protocol,ocean
852,,2021/09/02,8,ocean protocol,ocean
853,,2021/09/03,40,ocean protocol,ocean
854,,2021/09/04,14,ocean protocol,ocean
855,,2021/09/05,18,ocean protocol,ocean
856,,2021/09/06,17,ocean protocol,ocean
857,,2021/09/07,51,ocean protocol,ocean
858,,2021/09/08,53,ocean protocol,ocean
859,,2021/09/09,27,ocean protocol,ocean
860,,2021/09/10,32,ocean protocol,ocean
861,,2021/09/11,4,ocean protocol,ocean
862,,2021/09/12,26,ocean protocol,ocean
863,,2021/09/13,15,ocean protocol,ocean
864,,2021/09/14,15,ocean protocol,ocean
865,,2021/09/15,71,ocean protocol,ocean
866,,2021/09/16,57,ocean protocol,ocean
867,,2021/09/17,72,ocean protocol,ocean
868,,2021/09/18,5,ocean protocol,ocean
869,,2021/09/19,7,ocean protocol,ocean
870,,2021/09/20,13,ocean protocol,ocean
871,,2021/09/21,16,ocean protocol,ocean
872,,2021/09/22,12,ocean protocol,ocean
873,,2021/09/23,8,ocean protocol,ocean
874,,2021/09/24,13,ocean protocol,ocean
875,,2021/09/25,5,ocean protocol,ocean
876,,2021/09/26,5,ocean protocol,ocean
877,,2021/09/27,40,ocean protocol,ocean
878,,2021/09/28,35,ocean protocol,ocean
879,,2021/09/29,18,ocean protocol,ocean
880,,2021/09/30,29,ocean protocol,ocean
881,,2021/10/01,85,ocean protocol,ocean
882,,2021/10/02,11,ocean protocol,ocean
883,,2021/10/03,1,ocean protocol,ocean
884,,2021/10/04,4,ocean protocol,ocean
885,,2021/10/05,4,ocean protocol,ocean
886,,2021/10/06,5,ocean protocol,ocean
887,,2021/10/07,21,ocean protocol,ocean
888,,2021/10/08,36,ocean protocol,ocean
889,,2021/10/09,19,ocean protocol,ocean
890,,2021/10/10,7,ocean protocol,ocean
891,,2021/10/11,10,ocean protocol,ocean
892,,2021/10/12,21,ocean protocol,ocean
893,,2021/10/13,8,ocean protocol,ocean
894,,2021/10/14,5,ocean protocol,ocean
895,,2021/10/15,9,ocean protocol,ocean
896,,2021/10/16,1,ocean protocol,ocean
897,,2021/10/17,5,ocean protocol,ocean
898,,2021/10/18,1,ocean protocol,ocean
899,,2021/10/19,20,ocean protocol,ocean
900,,2021/10/20,11,ocean protocol,ocean
901,,2021/10/21,5,ocean protocol,ocean
902,,2021/10/22,5,ocean protocol,ocean
903,,2021/10/23,2,ocean protocol,ocean
904,,2021/10/24,5,ocean protocol,ocean
905,,2021/10/25,1,ocean protocol,ocean
906,,2021/10/26,6,ocean protocol,ocean
907,,2021/10/27,6,ocean protocol,ocean
908,,2021/10/28,2,ocean protocol,ocean
909,,2021/10/29,2,ocean protocol,ocean
910,,2021/10/30,1,ocean protocol,ocean
911,,2021/10/31,8,ocean protocol,ocean
912,,2021/11/01,94,ocean protocol,ocean
913,,2021/11/02,368,ocean protocol,ocean
914,,2021/11/03,16,ocean protocol,ocean
915,,2021/11/04,17,ocean protocol,ocean
916,,2021/11/05,23,ocean protocol,ocean
917,,2021/11/06,1,ocean protocol,ocean
918,,2021/11/07,16,ocean protocol,ocean
919,,2021/11/08,20,ocean protocol,ocean
920,,2021/11/09,42,ocean protocol,ocean
921,,2021/11/10,201,ocean protocol,ocean
922,,2021/11/11,154,ocean protocol,ocean
923,,2021/11/12,131,ocean protocol,ocean
924,,2021/11/13,21,ocean protocol,ocean
925,,2021/11/14,41,ocean protocol,ocean
926,,2021/11/15,366,ocean protocol,ocean
927,,2021/11/16,448,ocean protocol,ocean
