,google_trends,date,tweets,full_name,coin
0,,2019/11/04,26,omni,omn
1,,2019/11/05,20,omni,omn
2,,2019/11/06,null,omni,omn
3,,2019/11/07,null,omni,omn
4,,2019/11/08,null,omni,omn
5,,2019/11/09,null,omni,omn
6,,2019/11/10,null,omni,omn
7,,2019/11/11,null,omni,omn
8,,2019/11/12,null,omni,omn
9,,2019/11/13,null,omni,omn
10,,2019/11/14,null,omni,omn
11,,2019/11/15,null,omni,omn
12,,2019/11/16,null,omni,omn
13,,2019/11/17,null,omni,omn
14,,2019/11/18,null,omni,omn
15,,2019/11/19,null,omni,omn
16,,2019/11/20,null,omni,omn
17,,2019/11/21,null,omni,omn
18,,2019/11/22,null,omni,omn
19,,2019/11/23,null,omni,omn
20,,2019/11/24,null,omni,omn
21,,2019/11/25,null,omni,omn
22,,2019/11/26,null,omni,omn
23,,2019/11/27,null,omni,omn
24,,2019/11/28,null,omni,omn
25,,2019/11/29,null,omni,omn
26,,2019/11/30,null,omni,omn
27,,2019/12/01,null,omni,omn
28,,2019/12/02,null,omni,omn
29,,2019/12/03,null,omni,omn
30,,2019/12/04,null,omni,omn
31,,2019/12/05,null,omni,omn
32,,2019/12/06,null,omni,omn
33,,2019/12/07,null,omni,omn
34,,2019/12/08,null,omni,omn
35,,2019/12/09,null,omni,omn
36,,2019/12/10,null,omni,omn
37,,2019/12/11,null,omni,omn
38,,2019/12/12,null,omni,omn
39,,2019/12/13,null,omni,omn
40,,2019/12/14,null,omni,omn
41,,2019/12/15,null,omni,omn
42,,2019/12/16,null,omni,omn
43,,2019/12/17,null,omni,omn
44,,2019/12/18,null,omni,omn
45,,2019/12/19,null,omni,omn
46,,2019/12/20,null,omni,omn
47,,2019/12/21,null,omni,omn
48,,2019/12/22,null,omni,omn
49,,2019/12/23,null,omni,omn
50,,2019/12/24,null,omni,omn
51,,2019/12/25,null,omni,omn
52,,2019/12/26,null,omni,omn
53,,2019/12/27,null,omni,omn
54,,2019/12/28,null,omni,omn
55,,2019/12/29,null,omni,omn
56,,2019/12/30,null,omni,omn
57,,2019/12/31,null,omni,omn
58,,2020/01/01,null,omni,omn
59,,2020/01/02,null,omni,omn
60,,2020/01/03,null,omni,omn
61,,2020/01/04,null,omni,omn
62,,2020/01/05,null,omni,omn
63,,2020/01/06,null,omni,omn
64,,2020/01/07,null,omni,omn
65,,2020/01/08,null,omni,omn
66,,2020/01/09,null,omni,omn
67,,2020/01/10,null,omni,omn
68,,2020/01/11,null,omni,omn
69,,2020/01/12,null,omni,omn
70,,2020/01/13,null,omni,omn
71,,2020/01/14,null,omni,omn
72,,2020/01/15,null,omni,omn
73,,2020/01/16,null,omni,omn
74,,2020/01/17,null,omni,omn
75,,2020/01/18,null,omni,omn
76,,2020/01/19,null,omni,omn
77,,2020/01/20,null,omni,omn
78,,2020/01/21,null,omni,omn
79,,2020/01/22,null,omni,omn
80,,2020/01/23,null,omni,omn
81,,2020/01/24,null,omni,omn
82,,2020/01/25,null,omni,omn
83,,2020/01/26,null,omni,omn
84,,2020/01/27,null,omni,omn
85,,2020/01/28,null,omni,omn
86,,2020/01/29,null,omni,omn
87,,2020/01/30,null,omni,omn
88,,2020/01/31,null,omni,omn
89,,2020/02/01,null,omni,omn
90,,2020/02/02,null,omni,omn
91,,2020/02/03,null,omni,omn
92,,2020/02/04,null,omni,omn
93,,2020/02/05,null,omni,omn
94,,2020/02/06,null,omni,omn
95,,2020/02/07,null,omni,omn
96,,2020/02/08,null,omni,omn
97,,2020/02/09,null,omni,omn
98,,2020/02/10,null,omni,omn
99,,2020/02/11,null,omni,omn
100,,2020/02/12,null,omni,omn
101,,2020/02/13,null,omni,omn
102,,2020/02/14,null,omni,omn
103,,2020/02/15,null,omni,omn
104,,2020/02/16,null,omni,omn
105,,2020/02/17,null,omni,omn
106,,2020/02/18,null,omni,omn
107,,2020/02/19,null,omni,omn
108,,2020/02/20,null,omni,omn
109,,2020/02/21,null,omni,omn
110,,2020/02/22,null,omni,omn
111,,2020/02/23,null,omni,omn
112,,2020/02/24,null,omni,omn
113,,2020/02/25,null,omni,omn
114,,2020/02/26,null,omni,omn
115,,2020/02/27,null,omni,omn
116,,2020/02/28,null,omni,omn
117,,2020/02/29,null,omni,omn
118,,2020/03/01,null,omni,omn
119,,2020/03/02,null,omni,omn
120,,2020/03/03,null,omni,omn
121,,2020/03/04,null,omni,omn
122,,2020/03/05,null,omni,omn
123,,2020/03/06,null,omni,omn
124,,2020/03/07,null,omni,omn
125,,2020/03/08,null,omni,omn
126,,2020/03/09,null,omni,omn
127,,2020/03/10,null,omni,omn
128,,2020/03/11,null,omni,omn
129,,2020/03/12,null,omni,omn
130,,2020/03/13,null,omni,omn
131,,2020/03/14,null,omni,omn
132,,2020/03/15,null,omni,omn
133,,2020/03/16,null,omni,omn
134,,2020/03/17,null,omni,omn
135,,2020/03/18,null,omni,omn
136,,2020/03/19,null,omni,omn
137,,2020/03/20,null,omni,omn
138,,2020/03/21,null,omni,omn
139,,2020/03/22,null,omni,omn
140,,2020/03/23,null,omni,omn
141,,2020/03/24,null,omni,omn
142,,2020/03/25,null,omni,omn
143,,2020/03/26,null,omni,omn
144,,2020/03/27,null,omni,omn
145,,2020/03/28,null,omni,omn
146,,2020/03/29,null,omni,omn
147,,2020/03/30,null,omni,omn
148,,2020/03/31,null,omni,omn
149,,2020/04/01,null,omni,omn
150,,2020/04/02,null,omni,omn
151,,2020/04/03,null,omni,omn
152,,2020/04/04,null,omni,omn
153,,2020/04/05,null,omni,omn
154,,2020/04/06,null,omni,omn
155,,2020/04/07,null,omni,omn
156,,2020/04/08,null,omni,omn
157,,2020/04/09,null,omni,omn
158,,2020/04/10,null,omni,omn
159,,2020/04/11,null,omni,omn
160,,2020/04/12,null,omni,omn
161,,2020/04/13,null,omni,omn
162,,2020/04/14,null,omni,omn
163,,2020/04/15,null,omni,omn
164,,2020/04/16,null,omni,omn
165,,2020/04/17,null,omni,omn
166,,2020/04/18,null,omni,omn
167,,2020/04/19,null,omni,omn
168,,2020/04/20,null,omni,omn
169,,2020/04/21,null,omni,omn
170,,2020/04/22,null,omni,omn
171,,2020/04/23,null,omni,omn
172,,2020/04/24,null,omni,omn
173,,2020/04/25,null,omni,omn
174,,2020/04/26,null,omni,omn
175,,2020/04/27,null,omni,omn
176,,2020/04/28,null,omni,omn
177,,2020/04/29,null,omni,omn
178,,2020/04/30,null,omni,omn
179,,2020/05/01,null,omni,omn
180,,2020/05/02,null,omni,omn
181,,2020/05/03,null,omni,omn
182,,2020/05/04,null,omni,omn
183,,2020/05/05,null,omni,omn
184,,2020/05/06,null,omni,omn
185,,2020/05/07,null,omni,omn
186,,2020/05/08,null,omni,omn
187,,2020/05/09,null,omni,omn
188,,2020/05/10,null,omni,omn
189,,2020/05/11,null,omni,omn
190,,2020/05/12,null,omni,omn
191,,2020/05/13,null,omni,omn
192,,2020/05/14,null,omni,omn
193,,2020/05/15,null,omni,omn
194,,2020/05/16,null,omni,omn
195,,2020/05/17,null,omni,omn
196,,2020/05/18,null,omni,omn
197,,2020/05/19,null,omni,omn
198,,2020/05/20,null,omni,omn
199,,2020/05/21,null,omni,omn
200,,2020/05/22,null,omni,omn
201,,2020/05/23,null,omni,omn
202,,2020/05/24,null,omni,omn
203,,2020/05/25,null,omni,omn
204,,2020/05/26,null,omni,omn
205,,2020/05/27,null,omni,omn
206,,2020/05/28,null,omni,omn
207,,2020/05/29,null,omni,omn
208,,2020/05/30,null,omni,omn
209,,2020/05/31,null,omni,omn
210,,2020/06/01,null,omni,omn
211,,2020/06/02,null,omni,omn
212,,2020/06/03,null,omni,omn
213,,2020/06/04,null,omni,omn
214,,2020/06/05,null,omni,omn
215,,2020/06/06,null,omni,omn
216,,2020/06/07,null,omni,omn
217,,2020/06/08,null,omni,omn
218,,2020/06/09,null,omni,omn
219,,2020/06/10,null,omni,omn
220,,2020/06/11,null,omni,omn
221,,2020/06/12,null,omni,omn
222,,2020/06/13,null,omni,omn
223,,2020/06/14,null,omni,omn
224,,2020/06/15,null,omni,omn
225,,2020/06/16,null,omni,omn
226,,2020/06/17,null,omni,omn
227,,2020/06/18,null,omni,omn
228,,2020/06/19,null,omni,omn
229,,2020/06/20,null,omni,omn
230,,2020/06/21,null,omni,omn
231,,2020/06/22,null,omni,omn
232,,2020/06/23,null,omni,omn
233,,2020/06/24,null,omni,omn
234,,2020/06/25,null,omni,omn
235,,2020/06/26,null,omni,omn
236,,2020/06/27,null,omni,omn
237,,2020/06/28,null,omni,omn
238,,2020/06/29,null,omni,omn
239,,2020/06/30,null,omni,omn
240,,2020/07/01,null,omni,omn
241,,2020/07/02,null,omni,omn
242,,2020/07/03,null,omni,omn
243,,2020/07/04,null,omni,omn
244,,2020/07/05,null,omni,omn
245,,2020/07/06,null,omni,omn
246,,2020/07/07,null,omni,omn
247,,2020/07/08,null,omni,omn
248,,2020/07/09,null,omni,omn
249,,2020/07/10,null,omni,omn
250,,2020/07/11,null,omni,omn
251,,2020/07/12,null,omni,omn
252,,2020/07/13,null,omni,omn
253,,2020/07/14,null,omni,omn
254,,2020/07/15,null,omni,omn
255,,2020/07/16,null,omni,omn
256,,2020/07/17,null,omni,omn
257,,2020/07/18,null,omni,omn
258,,2020/07/19,null,omni,omn
259,,2020/07/20,null,omni,omn
260,,2020/07/21,null,omni,omn
261,,2020/07/22,null,omni,omn
262,,2020/07/23,null,omni,omn
263,,2020/07/24,null,omni,omn
264,,2020/07/25,null,omni,omn
265,,2020/07/26,null,omni,omn
266,,2020/07/27,null,omni,omn
267,,2020/07/28,null,omni,omn
268,,2020/07/29,null,omni,omn
269,,2020/07/30,null,omni,omn
270,,2020/07/31,null,omni,omn
271,,2020/08/01,null,omni,omn
272,,2020/08/02,null,omni,omn
273,,2020/08/03,null,omni,omn
274,,2020/08/04,null,omni,omn
275,,2020/08/05,null,omni,omn
276,,2020/08/06,null,omni,omn
277,,2020/08/07,null,omni,omn
278,,2020/08/08,null,omni,omn
279,,2020/08/09,null,omni,omn
280,,2020/08/10,null,omni,omn
281,,2020/08/11,null,omni,omn
282,,2020/08/12,null,omni,omn
283,,2020/08/13,null,omni,omn
284,,2020/08/14,null,omni,omn
285,,2020/08/15,null,omni,omn
286,,2020/08/16,null,omni,omn
287,,2020/08/17,null,omni,omn
288,,2020/08/18,null,omni,omn
289,,2020/08/19,null,omni,omn
290,,2020/08/20,null,omni,omn
291,,2020/08/21,null,omni,omn
292,,2020/08/22,null,omni,omn
293,,2020/08/23,null,omni,omn
294,,2020/08/24,null,omni,omn
295,,2020/08/25,null,omni,omn
296,,2020/08/26,null,omni,omn
297,,2020/08/27,null,omni,omn
298,,2020/08/28,null,omni,omn
299,,2020/08/29,null,omni,omn
300,,2020/08/30,null,omni,omn
301,,2020/08/31,null,omni,omn
302,,2020/09/01,null,omni,omn
303,,2020/09/02,null,omni,omn
304,,2020/09/03,null,omni,omn
305,,2020/09/04,null,omni,omn
306,,2020/09/05,null,omni,omn
307,,2020/09/06,null,omni,omn
308,,2020/09/07,null,omni,omn
309,,2020/09/08,null,omni,omn
310,,2020/09/09,null,omni,omn
311,,2020/09/10,null,omni,omn
312,,2020/09/11,null,omni,omn
313,,2020/09/12,null,omni,omn
314,,2020/09/13,null,omni,omn
315,,2020/09/14,null,omni,omn
316,,2020/09/15,null,omni,omn
317,,2020/09/16,null,omni,omn
318,,2020/09/17,null,omni,omn
319,,2020/09/18,null,omni,omn
320,,2020/09/19,null,omni,omn
321,,2020/09/20,null,omni,omn
322,,2020/09/21,null,omni,omn
323,,2020/09/22,null,omni,omn
324,,2020/09/23,null,omni,omn
325,,2020/09/24,null,omni,omn
326,,2020/09/25,null,omni,omn
327,,2020/09/26,null,omni,omn
328,,2020/09/27,null,omni,omn
329,,2020/09/28,null,omni,omn
330,,2020/09/29,null,omni,omn
331,,2020/09/30,null,omni,omn
332,,2020/10/01,null,omni,omn
333,,2020/10/02,null,omni,omn
334,,2020/10/03,null,omni,omn
335,,2020/10/04,null,omni,omn
336,,2020/10/05,null,omni,omn
337,,2020/10/06,null,omni,omn
338,,2020/10/07,null,omni,omn
339,,2020/10/08,null,omni,omn
340,,2020/10/09,null,omni,omn
341,,2020/10/10,null,omni,omn
342,,2020/10/11,null,omni,omn
343,,2020/10/12,null,omni,omn
344,,2020/10/13,null,omni,omn
345,,2020/10/14,null,omni,omn
346,,2020/10/15,null,omni,omn
347,,2020/10/16,null,omni,omn
348,,2020/10/17,null,omni,omn
349,,2020/10/18,null,omni,omn
350,,2020/10/19,null,omni,omn
351,,2020/10/20,null,omni,omn
352,,2020/10/21,null,omni,omn
353,,2020/10/22,null,omni,omn
354,,2020/10/23,null,omni,omn
355,,2020/10/24,null,omni,omn
356,,2020/10/25,null,omni,omn
357,,2020/10/26,null,omni,omn
358,,2020/10/27,null,omni,omn
359,,2020/10/28,null,omni,omn
360,,2020/10/29,null,omni,omn
361,,2020/10/30,null,omni,omn
362,,2020/10/31,null,omni,omn
363,,2020/11/01,null,omni,omn
364,,2020/11/02,null,omni,omn
365,,2020/11/03,null,omni,omn
366,,2020/11/04,null,omni,omn
367,,2020/11/05,null,omni,omn
368,,2020/11/06,null,omni,omn
369,,2020/11/07,null,omni,omn
370,,2020/11/08,null,omni,omn
371,,2020/11/09,null,omni,omn
372,,2020/11/10,null,omni,omn
373,,2020/11/11,null,omni,omn
374,,2020/11/12,null,omni,omn
375,,2020/11/13,null,omni,omn
376,,2020/11/14,null,omni,omn
377,,2020/11/15,null,omni,omn
378,,2020/11/16,null,omni,omn
379,,2020/11/17,null,omni,omn
380,,2020/11/18,null,omni,omn
381,,2020/11/19,null,omni,omn
382,,2020/11/20,null,omni,omn
383,,2020/11/21,null,omni,omn
384,,2020/11/22,null,omni,omn
385,,2020/11/23,null,omni,omn
386,,2020/11/24,null,omni,omn
387,,2020/11/25,null,omni,omn
388,,2020/11/26,null,omni,omn
389,,2020/11/27,null,omni,omn
390,,2020/11/28,null,omni,omn
391,,2020/11/29,null,omni,omn
392,,2020/11/30,null,omni,omn
393,,2020/12/01,null,omni,omn
394,,2020/12/02,null,omni,omn
395,,2020/12/03,null,omni,omn
396,,2020/12/04,null,omni,omn
397,,2020/12/05,null,omni,omn
398,,2020/12/06,null,omni,omn
399,,2020/12/07,null,omni,omn
400,,2020/12/08,null,omni,omn
401,,2020/12/09,null,omni,omn
402,,2020/12/10,null,omni,omn
403,,2020/12/11,null,omni,omn
404,,2020/12/12,null,omni,omn
405,,2020/12/13,null,omni,omn
406,,2020/12/14,null,omni,omn
407,,2020/12/15,null,omni,omn
408,,2020/12/16,null,omni,omn
409,,2020/12/17,null,omni,omn
410,,2020/12/18,null,omni,omn
411,,2020/12/19,null,omni,omn
412,,2020/12/20,null,omni,omn
413,,2020/12/21,null,omni,omn
414,,2020/12/22,null,omni,omn
415,,2020/12/23,null,omni,omn
416,,2020/12/24,null,omni,omn
417,,2020/12/25,null,omni,omn
418,,2020/12/26,null,omni,omn
419,,2020/12/27,null,omni,omn
420,,2020/12/28,null,omni,omn
421,,2020/12/29,null,omni,omn
422,,2020/12/30,null,omni,omn
423,,2020/12/31,null,omni,omn
424,,2021/01/01,null,omni,omn
425,,2021/01/02,null,omni,omn
426,,2021/01/03,null,omni,omn
427,,2021/01/04,null,omni,omn
428,,2021/01/05,null,omni,omn
429,,2021/01/06,null,omni,omn
430,,2021/01/07,null,omni,omn
431,,2021/01/08,null,omni,omn
432,,2021/01/09,null,omni,omn
433,,2021/01/10,null,omni,omn
434,,2021/01/11,null,omni,omn
435,,2021/01/12,null,omni,omn
436,,2021/01/13,null,omni,omn
437,,2021/01/14,null,omni,omn
438,,2021/01/15,null,omni,omn
439,,2021/01/16,null,omni,omn
440,,2021/01/17,null,omni,omn
441,,2021/01/18,null,omni,omn
442,,2021/01/19,null,omni,omn
443,,2021/01/20,null,omni,omn
444,,2021/01/21,null,omni,omn
445,,2021/01/22,null,omni,omn
446,,2021/01/23,null,omni,omn
447,,2021/01/24,null,omni,omn
448,,2021/01/25,null,omni,omn
449,,2021/01/26,null,omni,omn
450,,2021/01/27,null,omni,omn
451,,2021/01/28,null,omni,omn
452,,2021/01/29,null,omni,omn
453,,2021/01/30,null,omni,omn
454,,2021/01/31,null,omni,omn
455,,2021/02/01,null,omni,omn
456,,2021/02/02,null,omni,omn
457,,2021/02/03,null,omni,omn
458,,2021/02/04,null,omni,omn
459,,2021/02/05,null,omni,omn
460,,2021/02/06,null,omni,omn
461,,2021/02/07,null,omni,omn
462,,2021/02/08,null,omni,omn
463,,2021/02/09,null,omni,omn
464,,2021/02/10,null,omni,omn
465,,2021/02/11,null,omni,omn
466,,2021/02/12,null,omni,omn
467,,2021/02/13,null,omni,omn
468,,2021/02/14,null,omni,omn
469,,2021/02/15,null,omni,omn
470,,2021/02/16,null,omni,omn
471,,2021/02/17,null,omni,omn
472,,2021/02/18,null,omni,omn
473,,2021/02/19,null,omni,omn
474,,2021/02/20,null,omni,omn
475,,2021/02/21,null,omni,omn
476,,2021/02/22,null,omni,omn
477,,2021/02/23,null,omni,omn
478,,2021/02/24,null,omni,omn
479,,2021/02/25,null,omni,omn
480,,2021/02/26,null,omni,omn
481,,2021/02/27,null,omni,omn
482,,2021/02/28,null,omni,omn
483,,2021/03/01,null,omni,omn
484,,2021/03/02,null,omni,omn
485,,2021/03/03,null,omni,omn
486,,2021/03/04,null,omni,omn
487,,2021/03/05,null,omni,omn
488,,2021/03/06,null,omni,omn
489,,2021/03/07,null,omni,omn
490,,2021/03/08,null,omni,omn
491,,2021/03/09,null,omni,omn
492,,2021/03/10,null,omni,omn
493,,2021/03/11,null,omni,omn
494,,2021/03/12,null,omni,omn
495,,2021/03/13,null,omni,omn
496,,2021/03/14,null,omni,omn
497,,2021/03/15,null,omni,omn
498,,2021/03/16,null,omni,omn
499,,2021/03/17,null,omni,omn
500,,2021/03/18,null,omni,omn
501,,2021/03/19,null,omni,omn
502,,2021/03/20,null,omni,omn
503,,2021/03/21,null,omni,omn
504,,2021/03/22,null,omni,omn
505,,2021/03/23,null,omni,omn
506,,2021/03/24,null,omni,omn
507,,2021/03/25,null,omni,omn
508,,2021/03/26,null,omni,omn
509,,2021/03/27,null,omni,omn
510,,2021/03/28,null,omni,omn
511,,2021/03/29,null,omni,omn
512,,2021/03/30,null,omni,omn
513,,2021/03/31,null,omni,omn
514,,2021/04/01,null,omni,omn
515,,2021/04/02,null,omni,omn
516,,2021/04/03,null,omni,omn
517,,2021/04/04,null,omni,omn
518,,2021/04/05,null,omni,omn
519,,2021/04/06,null,omni,omn
520,,2021/04/07,null,omni,omn
521,,2021/04/08,null,omni,omn
522,,2021/04/09,null,omni,omn
523,,2021/04/10,null,omni,omn
524,,2021/04/11,null,omni,omn
525,,2021/04/12,null,omni,omn
526,,2021/04/13,129,omni,omn
527,,2021/04/14,125,omni,omn
