,google_trends,date,tweets,full_name,coin
0,,2019/10/10,1,ontologygas,ong
1,,2019/10/11,1,ontologygas,ong
2,,2019/10/12,null,ontologygas,ong
3,,2019/10/13,null,ontologygas,ong
4,,2019/10/14,null,ontologygas,ong
5,,2019/10/15,null,ontologygas,ong
6,,2019/10/16,null,ontologygas,ong
7,,2019/10/17,null,ontologygas,ong
8,,2019/10/18,null,ontologygas,ong
9,,2019/10/19,null,ontologygas,ong
10,,2019/10/20,null,ontologygas,ong
11,,2019/10/21,null,ontologygas,ong
12,,2019/10/22,null,ontologygas,ong
13,,2019/10/23,null,ontologygas,ong
14,,2019/10/24,null,ontologygas,ong
15,,2019/10/25,null,ontologygas,ong
16,,2019/10/26,null,ontologygas,ong
17,,2019/10/27,1,ontologygas,ong
18,,2019/10/28,null,ontologygas,ong
19,,2019/10/29,null,ontologygas,ong
20,,2019/10/30,null,ontologygas,ong
21,,2019/10/31,null,ontologygas,ong
22,,2019/11/01,null,ontologygas,ong
23,,2019/11/02,null,ontologygas,ong
24,,2019/11/03,null,ontologygas,ong
25,,2019/11/04,null,ontologygas,ong
26,,2019/11/05,null,ontologygas,ong
27,,2019/11/06,null,ontologygas,ong
28,,2019/11/07,null,ontologygas,ong
29,,2019/11/08,null,ontologygas,ong
30,,2019/11/09,null,ontologygas,ong
31,,2019/11/10,null,ontologygas,ong
32,,2019/11/11,null,ontologygas,ong
33,,2019/11/12,null,ontologygas,ong
34,,2019/11/13,null,ontologygas,ong
35,,2019/11/14,null,ontologygas,ong
36,,2019/11/15,null,ontologygas,ong
37,,2019/11/16,null,ontologygas,ong
38,,2019/11/17,null,ontologygas,ong
39,,2019/11/18,null,ontologygas,ong
40,,2019/11/19,null,ontologygas,ong
41,,2019/11/20,null,ontologygas,ong
42,,2019/11/21,null,ontologygas,ong
43,,2019/11/22,null,ontologygas,ong
44,,2019/11/23,null,ontologygas,ong
45,,2019/11/24,null,ontologygas,ong
46,,2019/11/25,null,ontologygas,ong
47,,2019/11/26,null,ontologygas,ong
48,,2019/11/27,null,ontologygas,ong
49,,2019/11/28,null,ontologygas,ong
50,,2019/11/29,null,ontologygas,ong
51,,2019/11/30,null,ontologygas,ong
52,,2019/12/01,null,ontologygas,ong
53,,2019/12/02,null,ontologygas,ong
54,,2019/12/03,null,ontologygas,ong
55,,2019/12/04,null,ontologygas,ong
56,,2019/12/05,null,ontologygas,ong
57,,2019/12/06,1,ontologygas,ong
58,,2019/12/07,null,ontologygas,ong
59,,2019/12/08,3,ontologygas,ong
60,,2019/12/09,null,ontologygas,ong
61,,2019/12/10,null,ontologygas,ong
62,,2019/12/11,null,ontologygas,ong
63,,2019/12/12,null,ontologygas,ong
64,,2019/12/13,null,ontologygas,ong
65,,2019/12/14,null,ontologygas,ong
66,,2019/12/15,null,ontologygas,ong
67,,2019/12/16,null,ontologygas,ong
68,,2019/12/17,null,ontologygas,ong
69,,2019/12/18,null,ontologygas,ong
70,,2019/12/19,1,ontologygas,ong
71,,2019/12/20,null,ontologygas,ong
72,,2019/12/21,null,ontologygas,ong
73,,2019/12/22,null,ontologygas,ong
74,,2019/12/23,null,ontologygas,ong
75,,2019/12/24,null,ontologygas,ong
76,,2019/12/25,null,ontologygas,ong
77,,2019/12/26,null,ontologygas,ong
78,,2019/12/27,null,ontologygas,ong
79,,2019/12/28,null,ontologygas,ong
80,,2019/12/29,null,ontologygas,ong
81,,2019/12/30,null,ontologygas,ong
82,,2019/12/31,null,ontologygas,ong
83,,2020/01/01,null,ontologygas,ong
84,,2020/01/02,null,ontologygas,ong
85,,2020/01/03,null,ontologygas,ong
86,,2020/01/04,null,ontologygas,ong
87,,2020/01/05,null,ontologygas,ong
88,,2020/01/06,null,ontologygas,ong
89,,2020/01/07,null,ontologygas,ong
90,,2020/01/08,null,ontologygas,ong
91,,2020/01/09,1,ontologygas,ong
92,,2020/01/10,null,ontologygas,ong
93,,2020/01/11,null,ontologygas,ong
94,,2020/01/12,null,ontologygas,ong
95,,2020/01/13,null,ontologygas,ong
96,,2020/01/14,null,ontologygas,ong
97,,2020/01/15,null,ontologygas,ong
98,,2020/01/16,null,ontologygas,ong
99,,2020/01/17,null,ontologygas,ong
100,,2020/01/18,null,ontologygas,ong
101,,2020/01/19,null,ontologygas,ong
102,,2020/01/20,null,ontologygas,ong
103,,2020/01/21,null,ontologygas,ong
104,,2020/01/22,null,ontologygas,ong
105,,2020/01/23,null,ontologygas,ong
106,,2020/01/24,null,ontologygas,ong
107,,2020/01/25,null,ontologygas,ong
108,,2020/01/26,null,ontologygas,ong
109,,2020/01/27,null,ontologygas,ong
110,,2020/01/28,null,ontologygas,ong
111,,2020/01/29,1,ontologygas,ong
112,,2020/01/30,1,ontologygas,ong
113,,2020/01/31,null,ontologygas,ong
114,,2020/02/01,null,ontologygas,ong
115,,2020/02/02,null,ontologygas,ong
116,,2020/02/03,null,ontologygas,ong
117,,2020/02/04,null,ontologygas,ong
118,,2020/02/05,null,ontologygas,ong
119,,2020/02/06,null,ontologygas,ong
120,,2020/02/07,null,ontologygas,ong
121,,2020/02/08,null,ontologygas,ong
122,,2020/02/09,null,ontologygas,ong
123,,2020/02/10,null,ontologygas,ong
124,,2020/02/11,null,ontologygas,ong
125,,2020/02/12,null,ontologygas,ong
126,,2020/02/13,1,ontologygas,ong
127,,2020/02/14,null,ontologygas,ong
128,,2020/02/15,3,ontologygas,ong
129,,2020/02/16,1,ontologygas,ong
130,,2020/02/17,null,ontologygas,ong
131,,2020/02/18,null,ontologygas,ong
132,,2020/02/19,null,ontologygas,ong
133,,2020/02/20,null,ontologygas,ong
134,,2020/02/21,null,ontologygas,ong
135,,2020/02/22,3,ontologygas,ong
136,,2020/02/23,null,ontologygas,ong
137,,2020/02/24,null,ontologygas,ong
138,,2020/02/25,null,ontologygas,ong
139,,2020/02/26,null,ontologygas,ong
140,,2020/02/27,2,ontologygas,ong
141,,2020/02/28,null,ontologygas,ong
142,,2020/02/29,1,ontologygas,ong
143,,2020/03/01,null,ontologygas,ong
144,,2020/03/02,null,ontologygas,ong
145,,2020/03/03,null,ontologygas,ong
146,,2020/03/04,null,ontologygas,ong
147,,2020/03/05,null,ontologygas,ong
148,,2020/03/06,null,ontologygas,ong
149,,2020/03/07,1,ontologygas,ong
150,,2020/03/08,null,ontologygas,ong
151,,2020/03/09,null,ontologygas,ong
152,,2020/03/10,null,ontologygas,ong
153,,2020/03/11,null,ontologygas,ong
154,,2020/03/12,1,ontologygas,ong
155,,2020/03/13,null,ontologygas,ong
156,,2020/03/14,null,ontologygas,ong
157,,2020/03/15,2,ontologygas,ong
158,,2020/03/16,1,ontologygas,ong
159,,2020/03/17,null,ontologygas,ong
160,,2020/03/18,null,ontologygas,ong
161,,2020/03/19,null,ontologygas,ong
162,,2020/03/20,3,ontologygas,ong
163,,2020/03/21,null,ontologygas,ong
164,,2020/03/22,null,ontologygas,ong
165,,2020/03/23,null,ontologygas,ong
166,,2020/03/24,null,ontologygas,ong
167,,2020/03/25,null,ontologygas,ong
168,,2020/03/26,1,ontologygas,ong
169,,2020/03/27,null,ontologygas,ong
170,,2020/03/28,null,ontologygas,ong
171,,2020/03/29,null,ontologygas,ong
172,,2020/03/30,null,ontologygas,ong
173,,2020/03/31,null,ontologygas,ong
174,,2020/04/01,2,ontologygas,ong
175,,2020/04/02,null,ontologygas,ong
176,,2020/04/03,null,ontologygas,ong
177,,2020/04/04,null,ontologygas,ong
178,,2020/04/05,null,ontologygas,ong
179,,2020/04/06,null,ontologygas,ong
180,,2020/04/07,null,ontologygas,ong
181,,2020/04/08,null,ontologygas,ong
182,,2020/04/09,3,ontologygas,ong
183,,2020/04/10,null,ontologygas,ong
184,,2020/04/11,null,ontologygas,ong
185,,2020/04/12,null,ontologygas,ong
186,,2020/04/13,null,ontologygas,ong
187,,2020/04/14,null,ontologygas,ong
188,,2020/04/15,null,ontologygas,ong
189,,2020/04/16,null,ontologygas,ong
190,,2020/04/17,null,ontologygas,ong
191,,2020/04/18,null,ontologygas,ong
192,,2020/04/19,null,ontologygas,ong
193,,2020/04/20,null,ontologygas,ong
194,,2020/04/21,null,ontologygas,ong
195,,2020/04/22,null,ontologygas,ong
196,,2020/04/23,null,ontologygas,ong
197,,2020/04/24,null,ontologygas,ong
198,,2020/04/25,null,ontologygas,ong
199,,2020/04/26,null,ontologygas,ong
200,,2020/04/27,null,ontologygas,ong
201,,2020/04/28,null,ontologygas,ong
202,,2020/04/29,null,ontologygas,ong
203,,2020/04/30,null,ontologygas,ong
204,,2020/05/01,null,ontologygas,ong
205,,2020/05/02,null,ontologygas,ong
206,,2020/05/03,null,ontologygas,ong
207,,2020/05/04,null,ontologygas,ong
208,,2020/05/05,null,ontologygas,ong
209,,2020/05/06,null,ontologygas,ong
210,,2020/05/07,null,ontologygas,ong
211,,2020/05/08,null,ontologygas,ong
212,,2020/05/09,null,ontologygas,ong
213,,2020/05/10,null,ontologygas,ong
214,,2020/05/11,null,ontologygas,ong
215,,2020/05/12,null,ontologygas,ong
216,,2020/05/13,null,ontologygas,ong
217,,2020/05/14,null,ontologygas,ong
218,,2020/05/15,null,ontologygas,ong
219,,2020/05/16,null,ontologygas,ong
220,,2020/05/17,null,ontologygas,ong
221,,2020/05/18,null,ontologygas,ong
222,,2020/05/19,null,ontologygas,ong
223,,2020/05/20,null,ontologygas,ong
224,,2020/05/21,null,ontologygas,ong
225,,2020/05/22,1,ontologygas,ong
226,,2020/05/23,null,ontologygas,ong
227,,2020/05/24,null,ontologygas,ong
228,,2020/05/25,null,ontologygas,ong
229,,2020/05/26,1,ontologygas,ong
230,,2020/05/27,null,ontologygas,ong
231,,2020/05/28,null,ontologygas,ong
232,,2020/05/29,null,ontologygas,ong
233,,2020/05/30,null,ontologygas,ong
234,,2020/05/31,null,ontologygas,ong
235,,2020/06/01,null,ontologygas,ong
236,,2020/06/02,1,ontologygas,ong
237,,2020/06/03,null,ontologygas,ong
238,,2020/06/04,null,ontologygas,ong
239,,2020/06/05,null,ontologygas,ong
240,,2020/06/06,null,ontologygas,ong
241,,2020/06/07,null,ontologygas,ong
242,,2020/06/08,null,ontologygas,ong
243,,2020/06/09,null,ontologygas,ong
244,,2020/06/10,null,ontologygas,ong
245,,2020/06/11,null,ontologygas,ong
246,,2020/06/12,null,ontologygas,ong
247,,2020/06/13,4,ontologygas,ong
248,,2020/06/14,null,ontologygas,ong
249,,2020/06/15,null,ontologygas,ong
250,,2020/06/16,null,ontologygas,ong
251,,2020/06/17,1,ontologygas,ong
252,,2020/06/18,1,ontologygas,ong
253,,2020/06/19,null,ontologygas,ong
254,,2020/06/20,null,ontologygas,ong
255,,2020/06/21,4,ontologygas,ong
256,,2020/06/22,4,ontologygas,ong
257,,2020/06/23,3,ontologygas,ong
258,,2020/06/24,19,ontologygas,ong
259,,2020/06/25,31,ontologygas,ong
260,,2020/06/26,2,ontologygas,ong
261,,2020/06/27,18,ontologygas,ong
262,,2020/06/28,7,ontologygas,ong
263,,2020/06/29,13,ontologygas,ong
264,,2020/06/30,36,ontologygas,ong
265,,2020/07/01,9,ontologygas,ong
266,,2020/07/02,2,ontologygas,ong
267,,2020/07/03,1,ontologygas,ong
268,,2020/07/04,2,ontologygas,ong
269,,2020/07/05,9,ontologygas,ong
270,,2020/07/06,1,ontologygas,ong
271,,2020/07/07,null,ontologygas,ong
272,,2020/07/08,1,ontologygas,ong
273,,2020/07/09,2,ontologygas,ong
274,,2020/07/10,1,ontologygas,ong
275,,2020/07/11,null,ontologygas,ong
276,,2020/07/12,1,ontologygas,ong
277,,2020/07/13,1,ontologygas,ong
278,,2020/07/14,null,ontologygas,ong
279,,2020/07/15,1,ontologygas,ong
280,,2020/07/16,2,ontologygas,ong
281,,2020/07/17,23,ontologygas,ong
282,,2020/07/18,null,ontologygas,ong
283,,2020/07/19,2,ontologygas,ong
284,,2020/07/20,3,ontologygas,ong
285,,2020/07/21,null,ontologygas,ong
286,,2020/07/22,null,ontologygas,ong
287,,2020/07/23,null,ontologygas,ong
288,,2020/07/24,null,ontologygas,ong
289,,2020/07/25,null,ontologygas,ong
290,,2020/07/26,null,ontologygas,ong
291,,2020/07/27,null,ontologygas,ong
292,,2020/07/28,null,ontologygas,ong
293,,2020/07/29,null,ontologygas,ong
294,,2020/07/30,null,ontologygas,ong
295,,2020/07/31,1,ontologygas,ong
296,,2020/08/01,null,ontologygas,ong
297,,2020/08/02,null,ontologygas,ong
298,,2020/08/03,null,ontologygas,ong
299,,2020/08/04,null,ontologygas,ong
300,,2020/08/05,null,ontologygas,ong
301,,2020/08/06,null,ontologygas,ong
302,,2020/08/07,null,ontologygas,ong
303,,2020/08/08,null,ontologygas,ong
304,,2020/08/09,null,ontologygas,ong
305,,2020/08/10,2,ontologygas,ong
306,,2020/08/11,null,ontologygas,ong
307,,2020/08/12,1,ontologygas,ong
308,,2020/08/13,null,ontologygas,ong
309,,2020/08/14,null,ontologygas,ong
310,,2020/08/15,null,ontologygas,ong
311,,2020/08/16,null,ontologygas,ong
312,,2020/08/17,1,ontologygas,ong
313,,2020/08/18,null,ontologygas,ong
314,,2020/08/19,null,ontologygas,ong
315,,2020/08/20,null,ontologygas,ong
316,,2020/08/21,null,ontologygas,ong
317,,2020/08/22,null,ontologygas,ong
318,,2020/08/23,null,ontologygas,ong
319,,2020/08/24,null,ontologygas,ong
320,,2020/08/25,null,ontologygas,ong
321,,2020/08/26,null,ontologygas,ong
322,,2020/08/27,null,ontologygas,ong
323,,2020/08/28,null,ontologygas,ong
324,,2020/08/29,null,ontologygas,ong
325,,2020/08/30,1,ontologygas,ong
326,,2020/08/31,null,ontologygas,ong
327,,2020/09/01,null,ontologygas,ong
328,,2020/09/02,null,ontologygas,ong
329,,2020/09/03,null,ontologygas,ong
330,,2020/09/04,1,ontologygas,ong
331,,2020/09/05,null,ontologygas,ong
332,,2020/09/06,null,ontologygas,ong
333,,2020/09/07,null,ontologygas,ong
334,,2020/09/08,null,ontologygas,ong
335,,2020/09/09,null,ontologygas,ong
336,,2020/09/10,null,ontologygas,ong
337,,2020/09/11,null,ontologygas,ong
338,,2020/09/12,null,ontologygas,ong
339,,2020/09/13,null,ontologygas,ong
340,,2020/09/14,null,ontologygas,ong
341,,2020/09/15,null,ontologygas,ong
342,,2020/09/16,null,ontologygas,ong
343,,2020/09/17,null,ontologygas,ong
344,,2020/09/18,null,ontologygas,ong
345,,2020/09/19,null,ontologygas,ong
346,,2020/09/20,null,ontologygas,ong
347,,2020/09/21,null,ontologygas,ong
348,,2020/09/22,null,ontologygas,ong
349,,2020/09/23,null,ontologygas,ong
350,,2020/09/24,null,ontologygas,ong
351,,2020/09/25,null,ontologygas,ong
352,,2020/09/26,null,ontologygas,ong
353,,2020/09/27,null,ontologygas,ong
354,,2020/09/28,null,ontologygas,ong
355,,2020/09/29,null,ontologygas,ong
356,,2020/09/30,null,ontologygas,ong
357,,2020/10/01,null,ontologygas,ong
358,,2020/10/02,null,ontologygas,ong
359,,2020/10/03,null,ontologygas,ong
360,,2020/10/04,null,ontologygas,ong
361,,2020/10/05,null,ontologygas,ong
362,,2020/10/06,1,ontologygas,ong
363,,2020/10/07,null,ontologygas,ong
364,,2020/10/08,1,ontologygas,ong
365,,2020/10/09,1,ontologygas,ong
366,,2020/10/10,1,ontologygas,ong
367,,2020/10/11,null,ontologygas,ong
368,,2020/10/12,null,ontologygas,ong
369,,2020/10/13,null,ontologygas,ong
370,,2020/10/14,null,ontologygas,ong
371,,2020/10/15,null,ontologygas,ong
372,,2020/10/16,null,ontologygas,ong
373,,2020/10/17,null,ontologygas,ong
374,,2020/10/18,null,ontologygas,ong
375,,2020/10/19,null,ontologygas,ong
376,,2020/10/20,null,ontologygas,ong
377,,2020/10/21,null,ontologygas,ong
378,,2020/10/22,null,ontologygas,ong
379,,2020/10/23,null,ontologygas,ong
380,,2020/10/24,null,ontologygas,ong
381,,2020/10/25,null,ontologygas,ong
382,,2020/10/26,null,ontologygas,ong
383,,2020/10/27,null,ontologygas,ong
384,,2020/10/28,null,ontologygas,ong
385,,2020/10/29,null,ontologygas,ong
386,,2020/10/30,null,ontologygas,ong
387,,2020/10/31,null,ontologygas,ong
388,,2020/11/01,null,ontologygas,ong
389,,2020/11/02,null,ontologygas,ong
390,,2020/11/03,null,ontologygas,ong
391,,2020/11/04,null,ontologygas,ong
392,,2020/11/05,null,ontologygas,ong
393,,2020/11/06,null,ontologygas,ong
394,,2020/11/07,null,ontologygas,ong
395,,2020/11/08,1,ontologygas,ong
396,,2020/11/09,null,ontologygas,ong
397,,2020/11/10,null,ontologygas,ong
398,,2020/11/11,null,ontologygas,ong
399,,2020/11/12,null,ontologygas,ong
400,,2020/11/13,null,ontologygas,ong
401,,2020/11/14,null,ontologygas,ong
402,,2020/11/15,null,ontologygas,ong
403,,2020/11/16,null,ontologygas,ong
404,,2020/11/17,null,ontologygas,ong
405,,2020/11/18,null,ontologygas,ong
406,,2020/11/19,null,ontologygas,ong
407,,2020/11/20,null,ontologygas,ong
408,,2020/11/21,1,ontologygas,ong
409,,2020/11/22,null,ontologygas,ong
410,,2020/11/23,null,ontologygas,ong
411,,2020/11/24,null,ontologygas,ong
412,,2020/11/25,null,ontologygas,ong
413,,2020/11/26,2,ontologygas,ong
414,,2020/11/27,null,ontologygas,ong
415,,2020/11/28,1,ontologygas,ong
416,,2020/11/29,1,ontologygas,ong
417,,2020/11/30,null,ontologygas,ong
418,,2020/12/01,null,ontologygas,ong
419,,2020/12/02,null,ontologygas,ong
420,,2020/12/03,null,ontologygas,ong
421,,2020/12/04,null,ontologygas,ong
422,,2020/12/05,null,ontologygas,ong
423,,2020/12/06,null,ontologygas,ong
424,,2020/12/07,null,ontologygas,ong
425,,2020/12/08,null,ontologygas,ong
426,,2020/12/09,1,ontologygas,ong
427,,2020/12/10,null,ontologygas,ong
428,,2020/12/11,1,ontologygas,ong
429,,2020/12/12,null,ontologygas,ong
430,,2020/12/13,null,ontologygas,ong
431,,2020/12/14,null,ontologygas,ong
432,,2020/12/15,null,ontologygas,ong
433,,2020/12/16,null,ontologygas,ong
434,,2020/12/17,null,ontologygas,ong
435,,2020/12/18,null,ontologygas,ong
436,,2020/12/19,3,ontologygas,ong
437,,2020/12/20,null,ontologygas,ong
438,,2020/12/21,null,ontologygas,ong
439,,2020/12/22,null,ontologygas,ong
440,,2020/12/23,null,ontologygas,ong
441,,2020/12/24,null,ontologygas,ong
442,,2020/12/25,null,ontologygas,ong
443,,2020/12/26,null,ontologygas,ong
444,,2020/12/27,null,ontologygas,ong
445,,2020/12/28,2,ontologygas,ong
446,,2020/12/29,null,ontologygas,ong
447,,2020/12/30,null,ontologygas,ong
448,,2020/12/31,null,ontologygas,ong
449,,2021/01/01,null,ontologygas,ong
450,,2021/01/02,null,ontologygas,ong
451,,2021/01/03,null,ontologygas,ong
452,,2021/01/04,null,ontologygas,ong
453,,2021/01/05,null,ontologygas,ong
454,,2021/01/06,null,ontologygas,ong
455,,2021/01/07,null,ontologygas,ong
456,,2021/01/08,null,ontologygas,ong
457,,2021/01/09,null,ontologygas,ong
458,,2021/01/10,null,ontologygas,ong
459,,2021/01/11,null,ontologygas,ong
460,,2021/01/12,null,ontologygas,ong
461,,2021/01/13,null,ontologygas,ong
462,,2021/01/14,null,ontologygas,ong
463,,2021/01/15,null,ontologygas,ong
464,,2021/01/16,null,ontologygas,ong
465,,2021/01/17,null,ontologygas,ong
466,,2021/01/18,null,ontologygas,ong
467,,2021/01/19,null,ontologygas,ong
468,,2021/01/20,null,ontologygas,ong
469,,2021/01/21,null,ontologygas,ong
470,,2021/01/22,null,ontologygas,ong
471,,2021/01/23,null,ontologygas,ong
472,,2021/01/24,null,ontologygas,ong
473,,2021/01/25,null,ontologygas,ong
474,,2021/01/26,null,ontologygas,ong
475,,2021/01/27,null,ontologygas,ong
476,,2021/01/28,null,ontologygas,ong
477,,2021/01/29,null,ontologygas,ong
478,,2021/01/30,null,ontologygas,ong
479,,2021/01/31,null,ontologygas,ong
480,,2021/02/01,null,ontologygas,ong
481,,2021/02/02,null,ontologygas,ong
482,,2021/02/03,null,ontologygas,ong
483,,2021/02/04,null,ontologygas,ong
484,,2021/02/05,null,ontologygas,ong
485,,2021/02/06,null,ontologygas,ong
486,,2021/02/07,null,ontologygas,ong
487,,2021/02/08,null,ontologygas,ong
488,,2021/02/09,null,ontologygas,ong
489,,2021/02/10,null,ontologygas,ong
490,,2021/02/11,null,ontologygas,ong
491,,2021/02/12,2,ontologygas,ong
492,,2021/02/13,null,ontologygas,ong
493,,2021/02/14,null,ontologygas,ong
494,,2021/02/15,null,ontologygas,ong
495,,2021/02/16,2,ontologygas,ong
496,,2021/02/17,1,ontologygas,ong
497,,2021/02/18,1,ontologygas,ong
498,,2021/02/19,null,ontologygas,ong
499,,2021/02/20,null,ontologygas,ong
500,,2021/02/21,4,ontologygas,ong
501,,2021/02/22,null,ontologygas,ong
502,,2021/02/23,null,ontologygas,ong
503,,2021/02/24,null,ontologygas,ong
504,,2021/02/25,null,ontologygas,ong
505,,2021/02/26,null,ontologygas,ong
506,,2021/02/27,null,ontologygas,ong
507,,2021/02/28,1,ontologygas,ong
508,,2021/03/01,null,ontologygas,ong
509,,2021/03/02,null,ontologygas,ong
510,,2021/03/03,null,ontologygas,ong
511,,2021/03/04,null,ontologygas,ong
512,,2021/03/05,null,ontologygas,ong
513,,2021/03/06,null,ontologygas,ong
514,,2021/03/07,null,ontologygas,ong
515,,2021/03/08,2,ontologygas,ong
516,,2021/03/09,null,ontologygas,ong
517,,2021/03/10,null,ontologygas,ong
518,,2021/03/11,null,ontologygas,ong
519,,2021/03/12,1,ontologygas,ong
520,,2021/03/13,null,ontologygas,ong
521,,2021/03/14,1,ontologygas,ong
522,,2021/03/15,1,ontologygas,ong
523,,2021/03/16,null,ontologygas,ong
524,,2021/03/17,null,ontologygas,ong
525,,2021/03/18,null,ontologygas,ong
526,,2021/03/19,null,ontologygas,ong
527,,2021/03/20,1,ontologygas,ong
528,,2021/03/21,null,ontologygas,ong
529,,2021/03/22,null,ontologygas,ong
530,,2021/03/23,null,ontologygas,ong
531,,2021/03/24,null,ontologygas,ong
532,,2021/03/25,null,ontologygas,ong
533,,2021/03/26,null,ontologygas,ong
534,,2021/03/27,null,ontologygas,ong
535,,2021/03/28,null,ontologygas,ong
536,,2021/03/29,1,ontologygas,ong
537,,2021/03/30,1,ontologygas,ong
538,,2021/03/31,null,ontologygas,ong
539,,2021/04/01,null,ontologygas,ong
540,,2021/04/02,null,ontologygas,ong
541,,2021/04/03,null,ontologygas,ong
542,,2021/04/04,null,ontologygas,ong
543,,2021/04/05,null,ontologygas,ong
544,,2021/04/06,null,ontologygas,ong
545,,2021/04/07,null,ontologygas,ong
546,,2021/04/08,null,ontologygas,ong
547,,2021/04/09,null,ontologygas,ong
548,,2021/04/10,null,ontologygas,ong
549,,2021/04/11,null,ontologygas,ong
550,,2021/04/12,null,ontologygas,ong
551,,2021/04/13,null,ontologygas,ong
552,,2021/04/14,null,ontologygas,ong
553,,2021/04/15,null,ontologygas,ong
554,,2021/04/16,1,ontologygas,ong
555,,2021/04/17,null,ontologygas,ong
556,,2021/04/18,null,ontologygas,ong
557,,2021/04/19,null,ontologygas,ong
558,,2021/04/20,null,ontologygas,ong
559,,2021/04/21,null,ontologygas,ong
560,,2021/04/22,null,ontologygas,ong
561,,2021/04/23,4,ontologygas,ong
562,,2021/04/24,null,ontologygas,ong
563,,2021/04/25,null,ontologygas,ong
564,,2021/04/26,null,ontologygas,ong
565,,2021/04/27,null,ontologygas,ong
566,,2021/04/28,null,ontologygas,ong
567,,2021/04/29,null,ontologygas,ong
568,,2021/04/30,null,ontologygas,ong
569,,2021/05/01,null,ontologygas,ong
570,,2021/05/02,null,ontologygas,ong
571,,2021/05/03,null,ontologygas,ong
572,,2021/05/04,null,ontologygas,ong
573,,2021/05/05,null,ontologygas,ong
574,,2021/05/06,1,ontologygas,ong
575,,2021/05/07,null,ontologygas,ong
576,,2021/05/08,null,ontologygas,ong
577,,2021/05/09,3,ontologygas,ong
578,,2021/05/10,null,ontologygas,ong
579,,2021/05/11,1,ontologygas,ong
580,,2021/05/12,null,ontologygas,ong
581,,2021/05/13,null,ontologygas,ong
582,,2021/05/14,null,ontologygas,ong
583,,2021/05/15,2,ontologygas,ong
584,,2021/05/16,null,ontologygas,ong
585,,2021/05/17,null,ontologygas,ong
586,,2021/05/18,null,ontologygas,ong
587,,2021/05/19,null,ontologygas,ong
588,,2021/05/20,4,ontologygas,ong
589,,2021/05/21,7,ontologygas,ong
590,,2021/05/22,null,ontologygas,ong
591,,2021/05/23,1,ontologygas,ong
592,,2021/05/24,null,ontologygas,ong
593,,2021/05/25,1,ontologygas,ong
594,,2021/05/26,1,ontologygas,ong
595,,2021/05/27,null,ontologygas,ong
596,,2021/05/28,null,ontologygas,ong
597,,2021/05/29,null,ontologygas,ong
598,,2021/05/30,null,ontologygas,ong
599,,2021/05/31,null,ontologygas,ong
600,,2021/06/01,null,ontologygas,ong
601,,2021/06/02,null,ontologygas,ong
602,,2021/06/03,null,ontologygas,ong
603,,2021/06/04,null,ontologygas,ong
604,,2021/06/05,null,ontologygas,ong
605,,2021/06/06,4,ontologygas,ong
606,,2021/06/07,1,ontologygas,ong
607,,2021/06/08,1,ontologygas,ong
608,,2021/06/09,null,ontologygas,ong
609,,2021/06/10,null,ontologygas,ong
610,,2021/06/11,null,ontologygas,ong
611,,2021/06/12,null,ontologygas,ong
612,,2021/06/13,1,ontologygas,ong
613,,2021/06/14,null,ontologygas,ong
614,,2021/06/15,null,ontologygas,ong
615,,2021/06/16,null,ontologygas,ong
616,,2021/06/17,null,ontologygas,ong
617,,2021/06/18,null,ontologygas,ong
618,,2021/06/19,null,ontologygas,ong
619,,2021/06/20,null,ontologygas,ong
620,,2021/06/21,1,ontologygas,ong
621,,2021/06/22,null,ontologygas,ong
622,,2021/06/23,null,ontologygas,ong
623,,2021/06/24,null,ontologygas,ong
624,,2021/06/25,null,ontologygas,ong
625,,2021/06/26,null,ontologygas,ong
626,,2021/06/27,null,ontologygas,ong
627,,2021/06/28,null,ontologygas,ong
628,,2021/06/29,null,ontologygas,ong
629,,2021/06/30,1,ontologygas,ong
630,,2021/07/01,null,ontologygas,ong
631,,2021/07/02,null,ontologygas,ong
632,,2021/07/03,null,ontologygas,ong
633,,2021/07/04,null,ontologygas,ong
634,,2021/07/05,null,ontologygas,ong
635,,2021/07/06,null,ontologygas,ong
636,,2021/07/07,null,ontologygas,ong
637,,2021/07/08,3,ontologygas,ong
638,,2021/07/09,null,ontologygas,ong
639,,2021/07/10,null,ontologygas,ong
640,,2021/07/11,null,ontologygas,ong
641,,2021/07/12,null,ontologygas,ong
642,,2021/07/13,null,ontologygas,ong
643,,2021/07/14,4,ontologygas,ong
644,,2021/07/15,null,ontologygas,ong
645,,2021/07/16,null,ontologygas,ong
646,,2021/07/17,null,ontologygas,ong
647,,2021/07/18,null,ontologygas,ong
648,,2021/07/19,null,ontologygas,ong
649,,2021/07/20,null,ontologygas,ong
650,,2021/07/21,null,ontologygas,ong
651,,2021/07/22,null,ontologygas,ong
652,,2021/07/23,null,ontologygas,ong
653,,2021/07/24,null,ontologygas,ong
654,,2021/07/25,null,ontologygas,ong
655,,2021/07/26,1,ontologygas,ong
656,,2021/07/27,null,ontologygas,ong
657,,2021/07/28,null,ontologygas,ong
658,,2021/07/29,null,ontologygas,ong
659,,2021/07/30,1,ontologygas,ong
660,,2021/07/31,null,ontologygas,ong
661,,2021/08/01,null,ontologygas,ong
662,,2021/08/02,null,ontologygas,ong
663,,2021/08/03,null,ontologygas,ong
664,,2021/08/04,null,ontologygas,ong
665,,2021/08/05,null,ontologygas,ong
666,,2021/08/06,null,ontologygas,ong
667,,2021/08/07,null,ontologygas,ong
668,,2021/08/08,null,ontologygas,ong
669,,2021/08/09,1,ontologygas,ong
670,,2021/08/10,null,ontologygas,ong
671,,2021/08/11,null,ontologygas,ong
672,,2021/08/12,null,ontologygas,ong
673,,2021/08/13,null,ontologygas,ong
674,,2021/08/14,null,ontologygas,ong
675,,2021/08/15,null,ontologygas,ong
676,,2021/08/16,null,ontologygas,ong
677,,2021/08/17,null,ontologygas,ong
678,,2021/08/18,null,ontologygas,ong
679,,2021/08/19,null,ontologygas,ong
680,,2021/08/20,null,ontologygas,ong
681,,2021/08/21,null,ontologygas,ong
682,,2021/08/22,null,ontologygas,ong
683,,2021/08/23,null,ontologygas,ong
684,,2021/08/24,null,ontologygas,ong
685,,2021/08/25,null,ontologygas,ong
686,,2021/08/26,null,ontologygas,ong
687,,2021/08/27,1,ontologygas,ong
688,,2021/08/28,null,ontologygas,ong
689,,2021/08/29,null,ontologygas,ong
690,,2021/08/30,null,ontologygas,ong
691,,2021/08/31,null,ontologygas,ong
692,,2021/09/01,null,ontologygas,ong
693,,2021/09/02,null,ontologygas,ong
694,,2021/09/03,null,ontologygas,ong
695,,2021/09/04,null,ontologygas,ong
696,,2021/09/05,2,ontologygas,ong
697,,2021/09/06,null,ontologygas,ong
698,,2021/09/07,1,ontologygas,ong
699,,2021/09/08,null,ontologygas,ong
700,,2021/09/09,null,ontologygas,ong
701,,2021/09/10,null,ontologygas,ong
702,,2021/09/11,null,ontologygas,ong
703,,2021/09/12,null,ontologygas,ong
704,,2021/09/13,null,ontologygas,ong
705,,2021/09/14,null,ontologygas,ong
706,,2021/09/15,null,ontologygas,ong
707,,2021/09/16,null,ontologygas,ong
708,,2021/09/17,null,ontologygas,ong
709,,2021/09/18,null,ontologygas,ong
710,,2021/09/19,1,ontologygas,ong
711,,2021/09/20,1,ontologygas,ong
712,,2021/09/21,null,ontologygas,ong
713,,2021/09/22,null,ontologygas,ong
714,,2021/09/23,null,ontologygas,ong
715,,2021/09/24,null,ontologygas,ong
716,,2021/09/25,null,ontologygas,ong
717,,2021/09/26,null,ontologygas,ong
718,,2021/09/27,null,ontologygas,ong
719,,2021/09/28,null,ontologygas,ong
720,,2021/09/29,null,ontologygas,ong
721,,2021/09/30,null,ontologygas,ong
722,,2021/10/01,null,ontologygas,ong
723,,2021/10/02,null,ontologygas,ong
724,,2021/10/03,null,ontologygas,ong
725,,2021/10/04,2,ontologygas,ong
726,,2021/10/05,null,ontologygas,ong
727,,2021/10/06,1,ontologygas,ong
728,,2021/10/07,null,ontologygas,ong
729,,2021/10/08,null,ontologygas,ong
730,,2021/10/09,null,ontologygas,ong
731,,2021/10/10,null,ontologygas,ong
732,,2021/10/11,null,ontologygas,ong
733,,2021/10/12,null,ontologygas,ong
734,,2021/10/13,null,ontologygas,ong
735,,2021/10/14,null,ontologygas,ong
736,,2021/10/15,null,ontologygas,ong
737,,2021/10/16,null,ontologygas,ong
738,,2021/10/17,null,ontologygas,ong
739,,2021/10/18,null,ontologygas,ong
740,,2021/10/19,null,ontologygas,ong
741,,2021/10/20,null,ontologygas,ong
742,,2021/10/21,null,ontologygas,ong
743,,2021/10/22,null,ontologygas,ong
744,,2021/10/23,null,ontologygas,ong
745,,2021/10/24,2,ontologygas,ong
