,google_trends,date,tweets,full_name,coin
0,,2021/07/30,180,parallel,par
1,,2021/07/31,null,parallel,par
2,,2021/08/01,null,parallel,par
3,,2021/08/02,null,parallel,par
4,,2021/08/03,null,parallel,par
5,,2021/08/04,null,parallel,par
6,,2021/08/05,null,parallel,par
7,,2021/08/06,null,parallel,par
8,,2021/08/07,null,parallel,par
9,,2021/08/08,null,parallel,par
10,,2021/08/09,null,parallel,par
11,,2021/08/10,null,parallel,par
12,,2021/08/11,null,parallel,par
13,,2021/08/12,null,parallel,par
14,,2021/08/13,null,parallel,par
15,,2021/08/14,null,parallel,par
16,,2021/08/15,null,parallel,par
17,,2021/08/16,null,parallel,par
18,,2021/08/17,null,parallel,par
19,,2021/08/18,null,parallel,par
20,,2021/08/19,null,parallel,par
21,,2021/08/20,null,parallel,par
22,,2021/08/21,null,parallel,par
23,,2021/08/22,null,parallel,par
24,,2021/08/23,null,parallel,par
25,,2021/08/24,null,parallel,par
26,,2021/08/25,null,parallel,par
27,,2021/08/26,null,parallel,par
28,,2021/08/27,null,parallel,par
29,,2021/08/28,null,parallel,par
30,,2021/08/29,null,parallel,par
31,,2021/08/30,null,parallel,par
32,,2021/08/31,null,parallel,par
33,,2021/09/01,null,parallel,par
34,,2021/09/02,null,parallel,par
35,,2021/09/03,null,parallel,par
36,,2021/09/04,null,parallel,par
37,,2021/09/05,null,parallel,par
38,,2021/09/06,null,parallel,par
39,,2021/09/07,null,parallel,par
40,,2021/09/08,null,parallel,par
41,,2021/09/09,null,parallel,par
42,,2021/09/10,null,parallel,par
43,,2021/09/11,null,parallel,par
44,,2021/09/12,null,parallel,par
45,,2021/09/13,null,parallel,par
46,,2021/09/14,null,parallel,par
47,,2021/09/15,null,parallel,par
48,,2021/09/16,null,parallel,par
49,,2021/09/17,null,parallel,par
50,,2021/09/18,null,parallel,par
51,,2021/09/19,null,parallel,par
52,,2021/09/20,null,parallel,par
53,,2021/09/21,null,parallel,par
54,,2021/09/22,null,parallel,par
55,,2021/09/23,null,parallel,par
56,,2021/09/24,null,parallel,par
57,,2021/09/25,null,parallel,par
58,,2021/09/26,null,parallel,par
59,,2021/09/27,null,parallel,par
60,,2021/09/28,null,parallel,par
61,,2021/09/29,null,parallel,par
62,,2021/09/30,null,parallel,par
63,,2021/10/01,null,parallel,par
64,,2021/10/02,384,parallel,par
65,,2021/10/03,308,parallel,par
66,,2021/10/04,220,parallel,par
67,,2021/10/05,633,parallel,par
68,,2021/10/06,300,parallel,par
