,google_trends,date,tweets,full_name,coin
0,,2020/08/27,1,pax gold,paxg
1,,2020/08/28,null,pax gold,paxg
2,,2020/08/29,null,pax gold,paxg
3,,2020/08/30,null,pax gold,paxg
4,,2020/08/31,null,pax gold,paxg
5,,2020/09/01,3,pax gold,paxg
6,,2020/09/02,null,pax gold,paxg
7,,2020/09/03,1,pax gold,paxg
8,,2020/09/04,2,pax gold,paxg
9,,2020/09/05,null,pax gold,paxg
10,,2020/09/06,null,pax gold,paxg
11,,2020/09/07,null,pax gold,paxg
12,,2020/09/08,1,pax gold,paxg
13,,2020/09/09,null,pax gold,paxg
14,,2020/09/10,null,pax gold,paxg
15,,2020/09/11,null,pax gold,paxg
16,,2020/09/12,null,pax gold,paxg
17,,2020/09/13,1,pax gold,paxg
18,,2020/09/14,2,pax gold,paxg
19,,2020/09/15,31,pax gold,paxg
20,,2020/09/16,2,pax gold,paxg
21,,2020/09/17,1,pax gold,paxg
22,,2020/09/18,null,pax gold,paxg
23,,2020/09/19,1,pax gold,paxg
24,,2020/09/20,null,pax gold,paxg
25,,2020/09/21,1,pax gold,paxg
26,,2020/09/22,1,pax gold,paxg
27,,2020/09/23,1,pax gold,paxg
28,,2020/09/24,null,pax gold,paxg
29,,2020/09/25,null,pax gold,paxg
30,,2020/09/26,null,pax gold,paxg
31,,2020/09/27,null,pax gold,paxg
32,,2020/09/28,null,pax gold,paxg
33,,2020/09/29,null,pax gold,paxg
34,,2020/09/30,null,pax gold,paxg
35,,2020/10/01,null,pax gold,paxg
36,,2020/10/02,3,pax gold,paxg
37,,2020/10/03,null,pax gold,paxg
38,,2020/10/04,null,pax gold,paxg
39,,2020/10/05,null,pax gold,paxg
40,,2020/10/06,null,pax gold,paxg
41,,2020/10/07,null,pax gold,paxg
42,,2020/10/08,null,pax gold,paxg
43,,2020/10/09,null,pax gold,paxg
44,,2020/10/10,null,pax gold,paxg
45,,2020/10/11,null,pax gold,paxg
46,,2020/10/12,null,pax gold,paxg
47,,2020/10/13,null,pax gold,paxg
48,,2020/10/14,null,pax gold,paxg
49,,2020/10/15,null,pax gold,paxg
50,,2020/10/16,null,pax gold,paxg
51,,2020/10/17,null,pax gold,paxg
52,,2020/10/18,null,pax gold,paxg
53,,2020/10/19,null,pax gold,paxg
54,,2020/10/20,1,pax gold,paxg
55,,2020/10/21,1,pax gold,paxg
56,,2020/10/22,null,pax gold,paxg
57,,2020/10/23,null,pax gold,paxg
58,,2020/10/24,null,pax gold,paxg
59,,2020/10/25,null,pax gold,paxg
60,,2020/10/26,1,pax gold,paxg
61,,2020/10/27,null,pax gold,paxg
62,,2020/10/28,1,pax gold,paxg
63,,2020/10/29,null,pax gold,paxg
64,,2020/10/30,null,pax gold,paxg
65,,2020/10/31,null,pax gold,paxg
66,,2020/11/01,null,pax gold,paxg
67,,2020/11/02,null,pax gold,paxg
68,,2020/11/03,null,pax gold,paxg
69,,2020/11/04,null,pax gold,paxg
70,,2020/11/05,1,pax gold,paxg
71,,2020/11/06,null,pax gold,paxg
72,,2020/11/07,null,pax gold,paxg
73,,2020/11/08,1,pax gold,paxg
74,,2020/11/09,1,pax gold,paxg
75,,2020/11/10,null,pax gold,paxg
76,,2020/11/11,null,pax gold,paxg
77,,2020/11/12,null,pax gold,paxg
78,,2020/11/13,2,pax gold,paxg
79,,2020/11/14,null,pax gold,paxg
80,,2020/11/15,null,pax gold,paxg
81,,2020/11/16,null,pax gold,paxg
82,,2020/11/17,null,pax gold,paxg
83,,2020/11/18,null,pax gold,paxg
84,,2020/11/19,1,pax gold,paxg
85,,2020/11/20,null,pax gold,paxg
86,,2020/11/21,null,pax gold,paxg
87,,2020/11/22,null,pax gold,paxg
88,,2020/11/23,null,pax gold,paxg
89,,2020/11/24,null,pax gold,paxg
90,,2020/11/25,null,pax gold,paxg
91,,2020/11/26,1,pax gold,paxg
92,,2020/11/27,null,pax gold,paxg
93,,2020/11/28,null,pax gold,paxg
94,,2020/11/29,1,pax gold,paxg
95,,2020/11/30,null,pax gold,paxg
96,,2020/12/01,null,pax gold,paxg
97,,2020/12/02,1,pax gold,paxg
98,,2020/12/03,1,pax gold,paxg
99,,2020/12/04,null,pax gold,paxg
100,,2020/12/05,null,pax gold,paxg
101,,2020/12/06,null,pax gold,paxg
102,,2020/12/07,null,pax gold,paxg
103,,2020/12/08,null,pax gold,paxg
104,,2020/12/09,null,pax gold,paxg
105,,2020/12/10,null,pax gold,paxg
106,,2020/12/11,null,pax gold,paxg
107,,2020/12/12,null,pax gold,paxg
108,,2020/12/13,null,pax gold,paxg
109,,2020/12/14,null,pax gold,paxg
110,,2020/12/15,null,pax gold,paxg
111,,2020/12/16,null,pax gold,paxg
112,,2020/12/17,null,pax gold,paxg
113,,2020/12/18,null,pax gold,paxg
114,,2020/12/19,null,pax gold,paxg
115,,2020/12/20,null,pax gold,paxg
116,,2020/12/21,1,pax gold,paxg
117,,2020/12/22,null,pax gold,paxg
118,,2020/12/23,null,pax gold,paxg
119,,2020/12/24,null,pax gold,paxg
120,,2020/12/25,null,pax gold,paxg
121,,2020/12/26,null,pax gold,paxg
122,,2020/12/27,null,pax gold,paxg
123,,2020/12/28,null,pax gold,paxg
124,,2020/12/29,null,pax gold,paxg
125,,2020/12/30,null,pax gold,paxg
126,,2020/12/31,1,pax gold,paxg
127,,2021/01/01,null,pax gold,paxg
128,,2021/01/02,3,pax gold,paxg
129,,2021/01/03,1,pax gold,paxg
130,,2021/01/04,null,pax gold,paxg
131,,2021/01/05,1,pax gold,paxg
132,,2021/01/06,1,pax gold,paxg
133,,2021/01/07,null,pax gold,paxg
134,,2021/01/08,1,pax gold,paxg
135,,2021/01/09,2,pax gold,paxg
136,,2021/01/10,null,pax gold,paxg
137,,2021/01/11,null,pax gold,paxg
138,,2021/01/12,3,pax gold,paxg
139,,2021/01/13,null,pax gold,paxg
140,,2021/01/14,1,pax gold,paxg
141,,2021/01/15,null,pax gold,paxg
142,,2021/01/16,4,pax gold,paxg
143,,2021/01/17,1,pax gold,paxg
144,,2021/01/18,null,pax gold,paxg
145,,2021/01/19,null,pax gold,paxg
146,,2021/01/20,null,pax gold,paxg
147,,2021/01/21,null,pax gold,paxg
148,,2021/01/22,3,pax gold,paxg
149,,2021/01/23,2,pax gold,paxg
150,,2021/01/24,null,pax gold,paxg
151,,2021/01/25,1,pax gold,paxg
152,,2021/01/26,2,pax gold,paxg
153,,2021/01/27,null,pax gold,paxg
154,,2021/01/28,1,pax gold,paxg
155,,2021/01/29,null,pax gold,paxg
156,,2021/01/30,1,pax gold,paxg
157,,2021/01/31,null,pax gold,paxg
158,,2021/02/01,null,pax gold,paxg
159,,2021/02/02,3,pax gold,paxg
160,,2021/02/03,null,pax gold,paxg
161,,2021/02/04,null,pax gold,paxg
162,,2021/02/05,null,pax gold,paxg
163,,2021/02/06,null,pax gold,paxg
164,,2021/02/07,null,pax gold,paxg
165,,2021/02/08,null,pax gold,paxg
166,,2021/02/09,1,pax gold,paxg
167,,2021/02/10,null,pax gold,paxg
168,,2021/02/11,null,pax gold,paxg
169,,2021/02/12,null,pax gold,paxg
170,,2021/02/13,null,pax gold,paxg
171,,2021/02/14,1,pax gold,paxg
172,,2021/02/15,1,pax gold,paxg
173,,2021/02/16,null,pax gold,paxg
174,,2021/02/17,2,pax gold,paxg
175,,2021/02/18,1,pax gold,paxg
176,,2021/02/19,2,pax gold,paxg
177,,2021/02/20,null,pax gold,paxg
178,,2021/02/21,null,pax gold,paxg
179,,2021/02/22,1,pax gold,paxg
180,,2021/02/23,1,pax gold,paxg
181,,2021/02/24,1,pax gold,paxg
182,,2021/02/25,null,pax gold,paxg
183,,2021/02/26,null,pax gold,paxg
184,,2021/02/27,null,pax gold,paxg
185,,2021/02/28,null,pax gold,paxg
186,,2021/03/01,2,pax gold,paxg
187,,2021/03/02,null,pax gold,paxg
188,,2021/03/03,null,pax gold,paxg
189,,2021/03/04,null,pax gold,paxg
190,,2021/03/05,null,pax gold,paxg
191,,2021/03/06,1,pax gold,paxg
192,,2021/03/07,null,pax gold,paxg
193,,2021/03/08,null,pax gold,paxg
194,,2021/03/09,null,pax gold,paxg
195,,2021/03/10,null,pax gold,paxg
196,,2021/03/11,null,pax gold,paxg
197,,2021/03/12,1,pax gold,paxg
198,,2021/03/13,120,pax gold,paxg
199,,2021/03/14,39,pax gold,paxg
200,,2021/03/15,null,pax gold,paxg
201,,2021/03/16,null,pax gold,paxg
202,,2021/03/17,null,pax gold,paxg
203,,2021/03/18,null,pax gold,paxg
204,,2021/03/19,1,pax gold,paxg
205,,2021/03/20,1,pax gold,paxg
206,,2021/03/21,null,pax gold,paxg
207,,2021/03/22,null,pax gold,paxg
208,,2021/03/23,null,pax gold,paxg
209,,2021/03/24,null,pax gold,paxg
210,,2021/03/25,2,pax gold,paxg
211,,2021/03/26,1,pax gold,paxg
212,,2021/03/27,null,pax gold,paxg
213,,2021/03/28,null,pax gold,paxg
214,,2021/03/29,null,pax gold,paxg
215,,2021/03/30,1,pax gold,paxg
216,,2021/03/31,3,pax gold,paxg
217,,2021/04/01,null,pax gold,paxg
218,,2021/04/02,null,pax gold,paxg
219,,2021/04/03,null,pax gold,paxg
220,,2021/04/04,null,pax gold,paxg
221,,2021/04/05,null,pax gold,paxg
222,,2021/04/06,null,pax gold,paxg
223,,2021/04/07,null,pax gold,paxg
224,,2021/04/08,1,pax gold,paxg
225,,2021/04/09,null,pax gold,paxg
226,,2021/04/10,null,pax gold,paxg
227,,2021/04/11,1,pax gold,paxg
228,,2021/04/12,null,pax gold,paxg
229,,2021/04/13,1,pax gold,paxg
230,,2021/04/14,null,pax gold,paxg
231,,2021/04/15,null,pax gold,paxg
232,,2021/04/16,null,pax gold,paxg
233,,2021/04/17,1,pax gold,paxg
234,,2021/04/18,null,pax gold,paxg
235,,2021/04/19,null,pax gold,paxg
236,,2021/04/20,4,pax gold,paxg
237,,2021/04/21,2,pax gold,paxg
238,,2021/04/22,1,pax gold,paxg
239,,2021/04/23,1,pax gold,paxg
240,,2021/04/24,null,pax gold,paxg
241,,2021/04/25,1,pax gold,paxg
242,,2021/04/26,1,pax gold,paxg
243,,2021/04/27,null,pax gold,paxg
244,,2021/04/28,1,pax gold,paxg
245,,2021/04/29,null,pax gold,paxg
246,,2021/04/30,null,pax gold,paxg
247,,2021/05/01,null,pax gold,paxg
248,,2021/05/02,null,pax gold,paxg
249,,2021/05/03,null,pax gold,paxg
250,,2021/05/04,null,pax gold,paxg
251,,2021/05/05,null,pax gold,paxg
252,,2021/05/06,4,pax gold,paxg
253,,2021/05/07,1,pax gold,paxg
254,,2021/05/08,1,pax gold,paxg
255,,2021/05/09,null,pax gold,paxg
256,,2021/05/10,null,pax gold,paxg
257,,2021/05/11,null,pax gold,paxg
258,,2021/05/12,1,pax gold,paxg
259,,2021/05/13,2,pax gold,paxg
260,,2021/05/14,null,pax gold,paxg
261,,2021/05/15,2,pax gold,paxg
262,,2021/05/16,null,pax gold,paxg
263,,2021/05/17,1,pax gold,paxg
264,,2021/05/18,1,pax gold,paxg
265,,2021/05/19,3,pax gold,paxg
266,,2021/05/20,2,pax gold,paxg
267,,2021/05/21,2,pax gold,paxg
268,,2021/05/22,null,pax gold,paxg
269,,2021/05/23,null,pax gold,paxg
270,,2021/05/24,2,pax gold,paxg
271,,2021/05/25,1,pax gold,paxg
272,,2021/05/26,3,pax gold,paxg
273,,2021/05/27,2,pax gold,paxg
274,,2021/05/28,4,pax gold,paxg
275,,2021/05/29,12,pax gold,paxg
276,,2021/05/30,15,pax gold,paxg
277,,2021/05/31,15,pax gold,paxg
278,,2021/06/01,7,pax gold,paxg
279,,2021/06/02,7,pax gold,paxg
280,,2021/06/03,null,pax gold,paxg
281,,2021/06/04,null,pax gold,paxg
282,,2021/06/05,2,pax gold,paxg
283,,2021/06/06,2,pax gold,paxg
284,,2021/06/07,null,pax gold,paxg
285,,2021/06/08,2,pax gold,paxg
286,,2021/06/09,1,pax gold,paxg
287,,2021/06/10,1,pax gold,paxg
288,,2021/06/11,1,pax gold,paxg
289,,2021/06/12,1,pax gold,paxg
290,,2021/06/13,1,pax gold,paxg
291,,2021/06/14,null,pax gold,paxg
292,,2021/06/15,1,pax gold,paxg
293,,2021/06/16,null,pax gold,paxg
294,,2021/06/17,1,pax gold,paxg
295,,2021/06/18,null,pax gold,paxg
296,,2021/06/19,null,pax gold,paxg
297,,2021/06/20,null,pax gold,paxg
298,,2021/06/21,1,pax gold,paxg
299,,2021/06/22,null,pax gold,paxg
300,,2021/06/23,null,pax gold,paxg
301,,2021/06/24,null,pax gold,paxg
302,,2021/06/25,2,pax gold,paxg
303,,2021/06/26,null,pax gold,paxg
304,,2021/06/27,2,pax gold,paxg
305,,2021/06/28,null,pax gold,paxg
306,,2021/06/29,null,pax gold,paxg
307,,2021/06/30,null,pax gold,paxg
308,,2021/07/01,null,pax gold,paxg
309,,2021/07/02,null,pax gold,paxg
310,,2021/07/03,null,pax gold,paxg
311,,2021/07/04,null,pax gold,paxg
312,,2021/07/05,null,pax gold,paxg
313,,2021/07/06,null,pax gold,paxg
314,,2021/07/07,null,pax gold,paxg
315,,2021/07/08,null,pax gold,paxg
316,,2021/07/09,1,pax gold,paxg
317,,2021/07/10,null,pax gold,paxg
318,,2021/07/11,null,pax gold,paxg
319,,2021/07/12,null,pax gold,paxg
320,,2021/07/13,null,pax gold,paxg
321,,2021/07/14,null,pax gold,paxg
322,,2021/07/15,1,pax gold,paxg
323,,2021/07/16,7,pax gold,paxg
324,,2021/07/17,null,pax gold,paxg
325,,2021/07/18,1,pax gold,paxg
326,,2021/07/19,null,pax gold,paxg
327,,2021/07/20,7,pax gold,paxg
328,,2021/07/21,null,pax gold,paxg
329,,2021/07/22,2,pax gold,paxg
330,,2021/07/23,null,pax gold,paxg
331,,2021/07/24,null,pax gold,paxg
332,,2021/07/25,null,pax gold,paxg
333,,2021/07/26,2,pax gold,paxg
334,,2021/07/27,null,pax gold,paxg
335,,2021/07/28,null,pax gold,paxg
336,,2021/07/29,null,pax gold,paxg
337,,2021/07/30,1,pax gold,paxg
338,,2021/07/31,null,pax gold,paxg
339,,2021/08/01,1,pax gold,paxg
340,,2021/08/02,1,pax gold,paxg
341,,2021/08/03,null,pax gold,paxg
342,,2021/08/04,null,pax gold,paxg
343,,2021/08/05,null,pax gold,paxg
344,,2021/08/06,null,pax gold,paxg
345,,2021/08/07,null,pax gold,paxg
346,,2021/08/08,null,pax gold,paxg
347,,2021/08/09,1,pax gold,paxg
348,,2021/08/10,null,pax gold,paxg
349,,2021/08/11,null,pax gold,paxg
350,,2021/08/12,null,pax gold,paxg
351,,2021/08/13,null,pax gold,paxg
352,,2021/08/14,null,pax gold,paxg
353,,2021/08/15,3,pax gold,paxg
354,,2021/08/16,1,pax gold,paxg
355,,2021/08/17,null,pax gold,paxg
356,,2021/08/18,null,pax gold,paxg
357,,2021/08/19,null,pax gold,paxg
358,,2021/08/20,null,pax gold,paxg
359,,2021/08/21,null,pax gold,paxg
360,,2021/08/22,null,pax gold,paxg
361,,2021/08/23,null,pax gold,paxg
362,,2021/08/24,null,pax gold,paxg
363,,2021/08/25,null,pax gold,paxg
364,,2021/08/26,null,pax gold,paxg
365,,2021/08/27,3,pax gold,paxg
366,,2021/08/28,null,pax gold,paxg
367,,2021/08/29,null,pax gold,paxg
368,,2021/08/30,null,pax gold,paxg
369,,2021/08/31,null,pax gold,paxg
370,,2021/09/01,null,pax gold,paxg
371,,2021/09/02,null,pax gold,paxg
372,,2021/09/03,1,pax gold,paxg
373,,2021/09/04,null,pax gold,paxg
374,,2021/09/05,null,pax gold,paxg
375,,2021/09/06,null,pax gold,paxg
376,,2021/09/07,null,pax gold,paxg
377,,2021/09/08,1,pax gold,paxg
378,,2021/09/09,1,pax gold,paxg
379,,2021/09/10,null,pax gold,paxg
380,,2021/09/11,null,pax gold,paxg
381,,2021/09/12,null,pax gold,paxg
382,,2021/09/13,null,pax gold,paxg
383,,2021/09/14,null,pax gold,paxg
384,,2021/09/15,null,pax gold,paxg
385,,2021/09/16,null,pax gold,paxg
386,,2021/09/17,null,pax gold,paxg
387,,2021/09/18,2,pax gold,paxg
388,,2021/09/19,null,pax gold,paxg
389,,2021/09/20,1,pax gold,paxg
390,,2021/09/21,null,pax gold,paxg
391,,2021/09/22,null,pax gold,paxg
392,,2021/09/23,null,pax gold,paxg
393,,2021/09/24,null,pax gold,paxg
394,,2021/09/25,null,pax gold,paxg
395,,2021/09/26,null,pax gold,paxg
396,,2021/09/27,null,pax gold,paxg
397,,2021/09/28,null,pax gold,paxg
398,,2021/09/29,1,pax gold,paxg
399,,2021/09/30,null,pax gold,paxg
400,,2021/10/01,null,pax gold,paxg
401,,2021/10/02,null,pax gold,paxg
402,,2021/10/03,null,pax gold,paxg
403,,2021/10/04,null,pax gold,paxg
404,,2021/10/05,null,pax gold,paxg
405,,2021/10/06,null,pax gold,paxg
406,,2021/10/07,null,pax gold,paxg
407,,2021/10/08,2,pax gold,paxg
408,,2021/10/09,null,pax gold,paxg
409,,2021/10/10,null,pax gold,paxg
410,,2021/10/11,null,pax gold,paxg
411,,2021/10/12,null,pax gold,paxg
412,,2021/10/13,3,pax gold,paxg
413,,2021/10/14,null,pax gold,paxg
414,,2021/10/15,2,pax gold,paxg
415,,2021/10/16,null,pax gold,paxg
416,,2021/10/17,null,pax gold,paxg
417,,2021/10/18,null,pax gold,paxg
418,,2021/10/19,3,pax gold,paxg
419,,2021/10/20,3,pax gold,paxg
420,,2021/10/21,null,pax gold,paxg
421,,2021/10/22,null,pax gold,paxg
422,,2021/10/23,1,pax gold,paxg
423,,2021/10/24,1,pax gold,paxg
424,,2021/10/25,null,pax gold,paxg
425,,2021/10/26,null,pax gold,paxg
426,,2021/10/27,2,pax gold,paxg
427,,2021/10/28,null,pax gold,paxg
428,,2021/10/29,null,pax gold,paxg
429,,2021/10/30,null,pax gold,paxg
430,,2021/10/31,null,pax gold,paxg
431,,2021/11/01,null,pax gold,paxg
432,,2021/11/02,null,pax gold,paxg
433,,2021/11/03,null,pax gold,paxg
434,,2021/11/04,null,pax gold,paxg
435,,2021/11/05,1,pax gold,paxg
436,,2021/11/06,null,pax gold,paxg
437,,2021/11/07,null,pax gold,paxg
438,,2021/11/08,1,pax gold,paxg
439,,2021/11/09,5,pax gold,paxg
440,,2021/11/10,9,pax gold,paxg
441,,2021/11/11,null,pax gold,paxg
442,,2021/11/12,null,pax gold,paxg
443,,2021/11/13,1,pax gold,paxg
