,google_trends,date,tweets,full_name,coin
0,,2019/12/19,2,pledge coin,plg
1,,2019/12/20,null,pledge coin,plg
2,,2019/12/21,null,pledge coin,plg
3,,2019/12/22,null,pledge coin,plg
4,,2019/12/23,null,pledge coin,plg
5,,2019/12/24,null,pledge coin,plg
6,,2019/12/25,null,pledge coin,plg
7,,2019/12/26,null,pledge coin,plg
8,,2019/12/27,null,pledge coin,plg
9,,2019/12/28,null,pledge coin,plg
10,,2019/12/29,null,pledge coin,plg
11,,2019/12/30,null,pledge coin,plg
12,,2019/12/31,null,pledge coin,plg
13,,2020/01/01,null,pledge coin,plg
14,,2020/01/02,null,pledge coin,plg
15,,2020/01/03,null,pledge coin,plg
16,,2020/01/04,null,pledge coin,plg
17,,2020/01/05,null,pledge coin,plg
18,,2020/01/06,null,pledge coin,plg
19,,2020/01/07,null,pledge coin,plg
20,,2020/01/08,null,pledge coin,plg
21,,2020/01/09,null,pledge coin,plg
22,,2020/01/10,null,pledge coin,plg
23,,2020/01/11,null,pledge coin,plg
24,,2020/01/12,null,pledge coin,plg
25,,2020/01/13,null,pledge coin,plg
26,,2020/01/14,null,pledge coin,plg
27,,2020/01/15,null,pledge coin,plg
28,,2020/01/16,null,pledge coin,plg
29,,2020/01/17,null,pledge coin,plg
30,,2020/01/18,null,pledge coin,plg
31,,2020/01/19,null,pledge coin,plg
32,,2020/01/20,null,pledge coin,plg
33,,2020/01/21,null,pledge coin,plg
34,,2020/01/22,null,pledge coin,plg
35,,2020/01/23,null,pledge coin,plg
36,,2020/01/24,12,pledge coin,plg
37,,2020/01/25,null,pledge coin,plg
38,,2020/01/26,null,pledge coin,plg
39,,2020/01/27,null,pledge coin,plg
40,,2020/01/28,null,pledge coin,plg
41,,2020/01/29,null,pledge coin,plg
42,,2020/01/30,null,pledge coin,plg
43,,2020/01/31,null,pledge coin,plg
44,,2020/02/01,null,pledge coin,plg
45,,2020/02/02,null,pledge coin,plg
46,,2020/02/03,null,pledge coin,plg
47,,2020/02/04,null,pledge coin,plg
48,,2020/02/05,null,pledge coin,plg
49,,2020/02/06,1,pledge coin,plg
