,google_trends_x,date,tweets_x,google_trends_y,tweets_y,full_name,coin
0,,2018/12/07,18,,18,qash,qash
1,,2018/12/08,5,,5,qash,qash
2,,2018/12/09,7,,7,qash,qash
3,,2018/12/10,8,,8,qash,qash
4,,2018/12/11,5,,5,qash,qash
5,,2018/12/12,null,,null,qash,qash
6,,2018/12/13,null,,null,qash,qash
7,,2018/12/14,4,,4,qash,qash
8,,2018/12/15,null,,null,qash,qash
9,,2018/12/16,null,,null,qash,qash
10,,2018/12/17,null,,null,qash,qash
11,,2018/12/18,null,,null,qash,qash
12,,2018/12/19,12,,12,qash,qash
13,,2018/12/20,21,,21,qash,qash
14,,2018/12/21,39,,39,qash,qash
15,,2018/12/22,16,,16,qash,qash
16,,2018/12/23,null,,null,qash,qash
17,,2018/12/24,null,,null,qash,qash
18,,2018/12/25,null,,null,qash,qash
19,,2018/12/26,null,,null,qash,qash
20,,2018/12/27,null,,null,qash,qash
21,,2018/12/28,54,,54,qash,qash
22,,2018/12/29,16,,16,qash,qash
23,,2018/12/30,5,,5,qash,qash
24,,2018/12/31,null,,null,qash,qash
25,,2019/01/01,null,,null,qash,qash
26,,2019/01/02,null,,null,qash,qash
27,,2019/01/03,null,,null,qash,qash
28,,2019/01/04,null,,null,qash,qash
29,,2019/01/05,null,,null,qash,qash
30,,2019/01/06,null,,null,qash,qash
31,,2019/01/07,null,,null,qash,qash
32,,2019/01/08,null,,null,qash,qash
33,,2019/01/09,null,,null,qash,qash
34,,2019/01/10,null,,null,qash,qash
35,,2019/01/11,null,,null,qash,qash
36,,2019/01/12,null,,null,qash,qash
37,,2019/01/13,30,,30,qash,qash
38,,2019/01/14,16,,16,qash,qash
39,,2019/01/15,null,,null,qash,qash
40,,2019/01/16,null,,null,qash,qash
41,,2019/01/17,null,,null,qash,qash
42,,2019/01/18,null,,null,qash,qash
43,,2019/01/19,8,,8,qash,qash
44,,2019/01/20,15,,15,qash,qash
45,,2019/01/21,null,,null,qash,qash
46,,2019/01/22,null,,null,qash,qash
47,,2019/01/23,null,,null,qash,qash
48,,2019/01/24,null,,null,qash,qash
49,,2019/01/25,null,,null,qash,qash
50,,2019/01/26,null,,null,qash,qash
51,,2019/01/27,null,,null,qash,qash
52,,2019/01/28,null,,null,qash,qash
53,,2019/01/29,null,,null,qash,qash
54,,2019/01/30,null,,null,qash,qash
55,,2019/01/31,null,,null,qash,qash
56,,2019/02/01,null,,null,qash,qash
57,,2019/02/02,null,,null,qash,qash
58,,2019/02/03,null,,null,qash,qash
59,,2019/02/04,null,,null,qash,qash
60,,2019/02/05,null,,null,qash,qash
61,,2019/02/06,null,,null,qash,qash
62,,2019/02/07,6,,6,qash,qash
63,,2019/02/08,6,,6,qash,qash
64,,2019/02/09,null,,null,qash,qash
65,,2019/02/10,null,,null,qash,qash
66,,2019/02/11,null,,null,qash,qash
67,,2019/02/12,null,,null,qash,qash
68,,2019/02/13,null,,null,qash,qash
69,,2019/02/14,null,,null,qash,qash
70,,2019/02/15,null,,null,qash,qash
71,,2019/02/16,null,,null,qash,qash
72,,2019/02/17,null,,null,qash,qash
73,,2019/02/18,null,,null,qash,qash
74,,2019/02/19,null,,null,qash,qash
75,,2019/02/20,null,,null,qash,qash
76,,2019/02/21,null,,null,qash,qash
77,,2019/02/22,72,,72,qash,qash
78,,2019/02/23,19,,19,qash,qash
79,,2019/02/24,null,,null,qash,qash
80,,2019/02/25,null,,null,qash,qash
81,,2019/02/26,null,,null,qash,qash
82,,2019/02/27,null,,null,qash,qash
83,,2019/02/28,null,,null,qash,qash
84,,2019/03/01,null,,null,qash,qash
85,,2019/03/02,null,,null,qash,qash
86,,2019/03/03,null,,null,qash,qash
87,,2019/03/04,null,,null,qash,qash
88,,2019/03/05,null,,null,qash,qash
89,,2019/03/06,null,,null,qash,qash
90,,2019/03/07,null,,null,qash,qash
91,,2019/03/08,null,,null,qash,qash
92,,2019/03/09,null,,null,qash,qash
93,,2019/03/10,null,,null,qash,qash
94,,2019/03/11,23,,23,qash,qash
95,,2019/03/12,25,,25,qash,qash
96,,2019/03/13,null,,null,qash,qash
97,,2019/03/14,null,,null,qash,qash
98,,2019/03/15,null,,null,qash,qash
99,,2019/03/16,null,,null,qash,qash
100,,2019/03/17,null,,null,qash,qash
101,,2019/03/18,null,,null,qash,qash
102,,2019/03/19,null,,null,qash,qash
103,,2019/03/20,null,,null,qash,qash
104,,2019/03/21,null,,null,qash,qash
105,,2019/03/22,null,,null,qash,qash
106,,2019/03/23,null,,null,qash,qash
107,,2019/03/24,null,,null,qash,qash
108,,2019/03/25,null,,null,qash,qash
109,,2019/03/26,null,,null,qash,qash
110,,2019/03/27,null,,null,qash,qash
111,,2019/03/28,null,,null,qash,qash
112,,2019/03/29,null,,null,qash,qash
113,,2019/03/30,null,,null,qash,qash
114,,2019/03/31,null,,null,qash,qash
115,,2019/04/01,null,,null,qash,qash
116,,2019/04/02,null,,null,qash,qash
117,,2019/04/03,null,,null,qash,qash
118,,2019/04/04,null,,null,qash,qash
119,,2019/04/05,null,,null,qash,qash
120,,2019/04/06,6,,6,qash,qash
121,,2019/04/07,null,,null,qash,qash
122,,2019/04/08,null,,null,qash,qash
123,,2019/04/09,null,,null,qash,qash
124,,2019/04/10,null,,null,qash,qash
125,,2019/04/11,null,,null,qash,qash
126,,2019/04/12,null,,null,qash,qash
127,,2019/04/13,null,,null,qash,qash
128,,2019/04/14,null,,null,qash,qash
129,,2019/04/15,null,,null,qash,qash
130,,2019/04/16,null,,null,qash,qash
131,,2019/04/17,null,,null,qash,qash
132,,2019/04/18,null,,null,qash,qash
133,,2019/04/19,null,,null,qash,qash
134,,2019/04/20,null,,null,qash,qash
135,,2019/04/21,null,,null,qash,qash
136,,2019/04/22,null,,null,qash,qash
137,,2019/04/23,null,,null,qash,qash
138,,2019/04/24,null,,null,qash,qash
139,,2019/04/25,null,,null,qash,qash
140,,2019/04/26,null,,null,qash,qash
141,,2019/04/27,null,,null,qash,qash
142,,2019/04/28,null,,null,qash,qash
143,,2019/04/29,null,,null,qash,qash
144,,2019/04/30,null,,null,qash,qash
145,,2019/05/01,null,,null,qash,qash
146,,2019/05/02,null,,null,qash,qash
147,,2019/05/03,null,,null,qash,qash
148,,2019/05/04,null,,null,qash,qash
149,,2019/05/05,null,,null,qash,qash
150,,2019/05/06,null,,null,qash,qash
151,,2019/05/07,null,,null,qash,qash
152,,2019/05/08,null,,null,qash,qash
153,,2019/05/09,null,,null,qash,qash
154,,2019/05/10,null,,null,qash,qash
155,,2019/05/11,null,,null,qash,qash
156,,2019/05/12,null,,null,qash,qash
157,,2019/05/13,null,,null,qash,qash
158,,2019/05/14,null,,null,qash,qash
159,,2019/05/15,null,,null,qash,qash
160,,2019/05/16,null,,null,qash,qash
161,,2019/05/17,null,,null,qash,qash
162,,2019/05/18,null,,null,qash,qash
163,,2019/05/19,null,,null,qash,qash
164,,2019/05/20,null,,null,qash,qash
165,,2019/05/21,null,,null,qash,qash
166,,2019/05/22,null,,null,qash,qash
167,,2019/05/23,null,,null,qash,qash
168,,2019/05/24,null,,null,qash,qash
169,,2019/05/25,null,,null,qash,qash
170,,2019/05/26,null,,null,qash,qash
171,,2019/05/27,null,,null,qash,qash
172,,2019/05/28,null,,null,qash,qash
173,,2019/05/29,null,,null,qash,qash
174,,2019/05/30,null,,null,qash,qash
175,,2019/05/31,25,,25,qash,qash
176,,2019/06/01,21,,21,qash,qash
177,,2019/06/02,null,,null,qash,qash
178,,2019/06/03,null,,null,qash,qash
179,,2019/06/04,null,,null,qash,qash
180,,2019/06/05,null,,null,qash,qash
181,,2019/06/06,null,,null,qash,qash
182,,2019/06/07,null,,null,qash,qash
183,,2019/06/08,null,,null,qash,qash
184,,2019/06/09,null,,null,qash,qash
185,,2019/06/10,null,,null,qash,qash
186,,2019/06/11,null,,null,qash,qash
187,,2019/06/12,22,,22,qash,qash
188,,2019/06/13,12,,12,qash,qash
189,,2019/06/14,null,,null,qash,qash
190,,2019/06/15,null,,null,qash,qash
191,,2019/06/16,null,,null,qash,qash
192,,2019/06/17,null,,null,qash,qash
193,,2019/06/18,null,,null,qash,qash
194,,2019/06/19,null,,null,qash,qash
195,,2019/06/20,null,,null,qash,qash
196,,2019/06/21,null,,null,qash,qash
197,,2019/06/22,null,,null,qash,qash
198,,2019/06/23,null,,null,qash,qash
199,,2019/06/24,null,,null,qash,qash
200,,2019/06/25,null,,null,qash,qash
201,,2019/06/26,null,,null,qash,qash
202,,2019/06/27,null,,null,qash,qash
203,,2019/06/28,null,,null,qash,qash
204,,2019/06/29,null,,null,qash,qash
205,,2019/06/30,null,,null,qash,qash
206,,2019/07/01,null,,null,qash,qash
207,,2019/07/02,null,,null,qash,qash
208,,2019/07/03,null,,null,qash,qash
209,,2019/07/04,null,,null,qash,qash
210,,2019/07/05,null,,null,qash,qash
211,,2019/07/06,null,,null,qash,qash
212,,2019/07/07,null,,null,qash,qash
213,,2019/07/08,null,,null,qash,qash
214,,2019/07/09,null,,null,qash,qash
215,,2019/07/10,null,,null,qash,qash
216,,2019/07/11,null,,null,qash,qash
217,,2019/07/12,null,,null,qash,qash
218,,2019/07/13,null,,null,qash,qash
219,,2019/07/14,null,,null,qash,qash
220,,2019/07/15,null,,null,qash,qash
221,,2019/07/16,null,,null,qash,qash
222,,2019/07/17,null,,null,qash,qash
223,,2019/07/18,null,,null,qash,qash
224,,2019/07/19,null,,null,qash,qash
225,,2019/07/20,null,,null,qash,qash
226,,2019/07/21,null,,null,qash,qash
227,,2019/07/22,null,,null,qash,qash
228,,2019/07/23,null,,null,qash,qash
229,,2019/07/24,null,,null,qash,qash
230,,2019/07/25,null,,null,qash,qash
231,,2019/07/26,null,,null,qash,qash
232,,2019/07/27,null,,null,qash,qash
233,,2019/07/28,null,,null,qash,qash
234,,2019/07/29,null,,null,qash,qash
235,,2019/07/30,null,,null,qash,qash
236,,2019/07/31,null,,null,qash,qash
237,,2019/08/01,null,,null,qash,qash
238,,2019/08/02,null,,null,qash,qash
239,,2019/08/03,null,,null,qash,qash
240,,2019/08/04,null,,null,qash,qash
241,,2019/08/05,null,,null,qash,qash
242,,2019/08/06,null,,null,qash,qash
243,,2019/08/07,null,,null,qash,qash
244,,2019/08/08,null,,null,qash,qash
245,,2019/08/09,null,,null,qash,qash
246,,2019/08/10,null,,null,qash,qash
247,,2019/08/11,null,,null,qash,qash
248,,2019/08/12,null,,null,qash,qash
249,,2019/08/13,null,,null,qash,qash
250,,2019/08/14,null,,null,qash,qash
251,,2019/08/15,null,,null,qash,qash
252,,2019/08/16,null,,null,qash,qash
253,,2019/08/17,null,,null,qash,qash
254,,2019/08/18,null,,null,qash,qash
255,,2019/08/19,null,,null,qash,qash
256,,2019/08/20,null,,null,qash,qash
257,,2019/08/21,null,,null,qash,qash
258,,2019/08/22,null,,null,qash,qash
259,,2019/08/23,null,,null,qash,qash
260,,2019/08/24,null,,null,qash,qash
261,,2019/08/25,null,,null,qash,qash
262,,2019/08/26,null,,null,qash,qash
263,,2019/08/27,null,,null,qash,qash
264,,2019/08/28,null,,null,qash,qash
265,,2019/08/29,null,,null,qash,qash
266,,2019/08/30,null,,null,qash,qash
267,,2019/08/31,null,,null,qash,qash
268,,2019/09/01,null,,null,qash,qash
269,,2019/09/02,null,,null,qash,qash
270,,2019/09/03,null,,null,qash,qash
271,,2019/09/04,null,,null,qash,qash
272,,2019/09/05,null,,null,qash,qash
273,,2019/09/06,null,,null,qash,qash
274,,2019/09/07,null,,null,qash,qash
275,,2019/09/08,null,,null,qash,qash
276,,2019/09/09,null,,null,qash,qash
277,,2019/09/10,null,,null,qash,qash
278,,2019/09/11,null,,null,qash,qash
279,,2019/09/12,null,,null,qash,qash
280,,2019/09/13,null,,null,qash,qash
281,,2019/09/14,null,,null,qash,qash
282,,2019/09/15,null,,null,qash,qash
283,,2019/09/16,null,,null,qash,qash
284,,2019/09/17,null,,null,qash,qash
285,,2019/09/18,null,,null,qash,qash
286,,2019/09/19,null,,null,qash,qash
287,,2019/09/20,null,,null,qash,qash
288,,2019/09/21,null,,null,qash,qash
289,,2019/09/22,null,,null,qash,qash
290,,2019/09/23,null,,null,qash,qash
291,,2019/09/24,null,,null,qash,qash
292,,2019/09/25,null,,null,qash,qash
293,,2019/09/26,null,,null,qash,qash
294,,2019/09/27,null,,null,qash,qash
295,,2019/09/28,null,,null,qash,qash
296,,2019/09/29,null,,null,qash,qash
297,,2019/09/30,null,,null,qash,qash
298,,2019/10/01,null,,null,qash,qash
299,,2019/10/02,10,,10,qash,qash
300,,2019/10/03,null,,null,qash,qash
301,,2019/10/04,null,,null,qash,qash
302,,2019/10/05,null,,null,qash,qash
303,,2019/10/06,null,,null,qash,qash
304,,2019/10/07,null,,null,qash,qash
305,,2019/10/08,null,,null,qash,qash
306,,2019/10/09,18,,18,qash,qash
