,google_trends,date,tweets,full_name,coin
0,,2019/01/06,1,raiden network token,rdn
1,,2019/01/07,null,raiden network token,rdn
2,,2019/01/08,null,raiden network token,rdn
3,,2019/01/09,null,raiden network token,rdn
4,,2019/01/10,null,raiden network token,rdn
5,,2019/01/11,null,raiden network token,rdn
6,,2019/01/12,null,raiden network token,rdn
7,,2019/01/13,null,raiden network token,rdn
8,,2019/01/14,null,raiden network token,rdn
9,,2019/01/15,null,raiden network token,rdn
10,,2019/01/16,null,raiden network token,rdn
11,,2019/01/17,null,raiden network token,rdn
12,,2019/01/18,null,raiden network token,rdn
13,,2019/01/19,null,raiden network token,rdn
14,,2019/01/20,null,raiden network token,rdn
15,,2019/01/21,null,raiden network token,rdn
16,,2019/01/22,null,raiden network token,rdn
17,,2019/01/23,null,raiden network token,rdn
18,,2019/01/24,null,raiden network token,rdn
19,,2019/01/25,null,raiden network token,rdn
20,,2019/01/26,null,raiden network token,rdn
21,,2019/01/27,null,raiden network token,rdn
22,,2019/01/28,null,raiden network token,rdn
23,,2019/01/29,null,raiden network token,rdn
24,,2019/01/30,null,raiden network token,rdn
25,,2019/01/31,null,raiden network token,rdn
26,,2019/02/01,null,raiden network token,rdn
27,,2019/02/02,null,raiden network token,rdn
28,,2019/02/03,null,raiden network token,rdn
29,,2019/02/04,null,raiden network token,rdn
30,,2019/02/05,null,raiden network token,rdn
31,,2019/02/06,null,raiden network token,rdn
32,,2019/02/07,null,raiden network token,rdn
33,,2019/02/08,null,raiden network token,rdn
34,,2019/02/09,null,raiden network token,rdn
35,,2019/02/10,null,raiden network token,rdn
36,,2019/02/11,null,raiden network token,rdn
37,,2019/02/12,null,raiden network token,rdn
38,,2019/02/13,null,raiden network token,rdn
39,,2019/02/14,null,raiden network token,rdn
40,,2019/02/15,null,raiden network token,rdn
41,,2019/02/16,null,raiden network token,rdn
42,,2019/02/17,null,raiden network token,rdn
43,,2019/02/18,null,raiden network token,rdn
44,,2019/02/19,null,raiden network token,rdn
45,,2019/02/20,null,raiden network token,rdn
46,,2019/02/21,null,raiden network token,rdn
47,,2019/02/22,null,raiden network token,rdn
48,,2019/02/23,null,raiden network token,rdn
49,,2019/02/24,null,raiden network token,rdn
50,,2019/02/25,null,raiden network token,rdn
51,,2019/02/26,null,raiden network token,rdn
52,,2019/02/27,null,raiden network token,rdn
53,,2019/02/28,null,raiden network token,rdn
54,,2019/03/01,null,raiden network token,rdn
55,,2019/03/02,null,raiden network token,rdn
56,,2019/03/03,null,raiden network token,rdn
57,,2019/03/04,null,raiden network token,rdn
58,,2019/03/05,null,raiden network token,rdn
59,,2019/03/06,null,raiden network token,rdn
60,,2019/03/07,null,raiden network token,rdn
61,,2019/03/08,null,raiden network token,rdn
62,,2019/03/09,null,raiden network token,rdn
63,,2019/03/10,null,raiden network token,rdn
64,,2019/03/11,null,raiden network token,rdn
65,,2019/03/12,null,raiden network token,rdn
66,,2019/03/13,null,raiden network token,rdn
67,,2019/03/14,null,raiden network token,rdn
68,,2019/03/15,null,raiden network token,rdn
69,,2019/03/16,null,raiden network token,rdn
70,,2019/03/17,null,raiden network token,rdn
71,,2019/03/18,null,raiden network token,rdn
72,,2019/03/19,null,raiden network token,rdn
73,,2019/03/20,null,raiden network token,rdn
74,,2019/03/21,null,raiden network token,rdn
75,,2019/03/22,null,raiden network token,rdn
76,,2019/03/23,null,raiden network token,rdn
77,,2019/03/24,null,raiden network token,rdn
78,,2019/03/25,null,raiden network token,rdn
79,,2019/03/26,null,raiden network token,rdn
80,,2019/03/27,null,raiden network token,rdn
81,,2019/03/28,null,raiden network token,rdn
82,,2019/03/29,null,raiden network token,rdn
83,,2019/03/30,null,raiden network token,rdn
84,,2019/03/31,null,raiden network token,rdn
85,,2019/04/01,null,raiden network token,rdn
86,,2019/04/02,null,raiden network token,rdn
87,,2019/04/03,null,raiden network token,rdn
88,,2019/04/04,null,raiden network token,rdn
89,,2019/04/05,null,raiden network token,rdn
90,,2019/04/06,null,raiden network token,rdn
91,,2019/04/07,null,raiden network token,rdn
92,,2019/04/08,null,raiden network token,rdn
93,,2019/04/09,null,raiden network token,rdn
94,,2019/04/10,null,raiden network token,rdn
95,,2019/04/11,null,raiden network token,rdn
96,,2019/04/12,null,raiden network token,rdn
97,,2019/04/13,null,raiden network token,rdn
98,,2019/04/14,null,raiden network token,rdn
99,,2019/04/15,null,raiden network token,rdn
100,,2019/04/16,null,raiden network token,rdn
101,,2019/04/17,null,raiden network token,rdn
102,,2019/04/18,null,raiden network token,rdn
103,,2019/04/19,null,raiden network token,rdn
104,,2019/04/20,null,raiden network token,rdn
105,,2019/04/21,null,raiden network token,rdn
106,,2019/04/22,null,raiden network token,rdn
107,,2019/04/23,null,raiden network token,rdn
108,,2019/04/24,null,raiden network token,rdn
109,,2019/04/25,null,raiden network token,rdn
110,,2019/04/26,null,raiden network token,rdn
111,,2019/04/27,null,raiden network token,rdn
112,,2019/04/28,null,raiden network token,rdn
113,,2019/04/29,null,raiden network token,rdn
114,,2019/04/30,null,raiden network token,rdn
115,,2019/05/01,null,raiden network token,rdn
116,,2019/05/02,null,raiden network token,rdn
117,,2019/05/03,null,raiden network token,rdn
118,,2019/05/04,null,raiden network token,rdn
119,,2019/05/05,null,raiden network token,rdn
120,,2019/05/06,null,raiden network token,rdn
121,,2019/05/07,null,raiden network token,rdn
122,,2019/05/08,null,raiden network token,rdn
123,,2019/05/09,null,raiden network token,rdn
124,,2019/05/10,null,raiden network token,rdn
125,,2019/05/11,null,raiden network token,rdn
126,,2019/05/12,null,raiden network token,rdn
127,,2019/05/13,null,raiden network token,rdn
128,,2019/05/14,null,raiden network token,rdn
129,,2019/05/15,null,raiden network token,rdn
130,,2019/05/16,null,raiden network token,rdn
131,,2019/05/17,null,raiden network token,rdn
132,,2019/05/18,null,raiden network token,rdn
133,,2019/05/19,null,raiden network token,rdn
134,,2019/05/20,null,raiden network token,rdn
135,,2019/05/21,null,raiden network token,rdn
136,,2019/05/22,null,raiden network token,rdn
137,,2019/05/23,null,raiden network token,rdn
138,,2019/05/24,null,raiden network token,rdn
139,,2019/05/25,null,raiden network token,rdn
140,,2019/05/26,null,raiden network token,rdn
141,,2019/05/27,null,raiden network token,rdn
142,,2019/05/28,null,raiden network token,rdn
143,,2019/05/29,null,raiden network token,rdn
144,,2019/05/30,null,raiden network token,rdn
145,,2019/05/31,null,raiden network token,rdn
146,,2019/06/01,null,raiden network token,rdn
147,,2019/06/02,null,raiden network token,rdn
148,,2019/06/03,null,raiden network token,rdn
149,,2019/06/04,null,raiden network token,rdn
150,,2019/06/05,null,raiden network token,rdn
151,,2019/06/06,null,raiden network token,rdn
152,,2019/06/07,null,raiden network token,rdn
153,,2019/06/08,null,raiden network token,rdn
154,,2019/06/09,1,raiden network token,rdn
155,,2019/06/10,1,raiden network token,rdn
156,,2019/06/11,null,raiden network token,rdn
157,,2019/06/12,null,raiden network token,rdn
158,,2019/06/13,null,raiden network token,rdn
159,,2019/06/14,null,raiden network token,rdn
160,,2019/06/15,null,raiden network token,rdn
161,,2019/06/16,null,raiden network token,rdn
162,,2019/06/17,null,raiden network token,rdn
163,,2019/06/18,null,raiden network token,rdn
164,,2019/06/19,null,raiden network token,rdn
165,,2019/06/20,null,raiden network token,rdn
166,,2019/06/21,null,raiden network token,rdn
167,,2019/06/22,null,raiden network token,rdn
168,,2019/06/23,null,raiden network token,rdn
169,,2019/06/24,null,raiden network token,rdn
170,,2019/06/25,null,raiden network token,rdn
171,,2019/06/26,null,raiden network token,rdn
172,,2019/06/27,null,raiden network token,rdn
173,,2019/06/28,null,raiden network token,rdn
174,,2019/06/29,null,raiden network token,rdn
175,,2019/06/30,null,raiden network token,rdn
176,,2019/07/01,null,raiden network token,rdn
177,,2019/07/02,null,raiden network token,rdn
178,,2019/07/03,null,raiden network token,rdn
179,,2019/07/04,null,raiden network token,rdn
180,,2019/07/05,null,raiden network token,rdn
181,,2019/07/06,null,raiden network token,rdn
182,,2019/07/07,null,raiden network token,rdn
183,,2019/07/08,null,raiden network token,rdn
184,,2019/07/09,null,raiden network token,rdn
185,,2019/07/10,null,raiden network token,rdn
186,,2019/07/11,null,raiden network token,rdn
187,,2019/07/12,null,raiden network token,rdn
188,,2019/07/13,null,raiden network token,rdn
189,,2019/07/14,null,raiden network token,rdn
190,,2019/07/15,null,raiden network token,rdn
191,,2019/07/16,null,raiden network token,rdn
192,,2019/07/17,null,raiden network token,rdn
193,,2019/07/18,null,raiden network token,rdn
194,,2019/07/19,null,raiden network token,rdn
195,,2019/07/20,null,raiden network token,rdn
196,,2019/07/21,null,raiden network token,rdn
197,,2019/07/22,null,raiden network token,rdn
198,,2019/07/23,null,raiden network token,rdn
199,,2019/07/24,null,raiden network token,rdn
200,,2019/07/25,null,raiden network token,rdn
201,,2019/07/26,null,raiden network token,rdn
202,,2019/07/27,null,raiden network token,rdn
203,,2019/07/28,null,raiden network token,rdn
204,,2019/07/29,null,raiden network token,rdn
205,,2019/07/30,null,raiden network token,rdn
206,,2019/07/31,null,raiden network token,rdn
207,,2019/08/01,null,raiden network token,rdn
208,,2019/08/02,null,raiden network token,rdn
209,,2019/08/03,null,raiden network token,rdn
210,,2019/08/04,null,raiden network token,rdn
211,,2019/08/05,null,raiden network token,rdn
212,,2019/08/06,null,raiden network token,rdn
213,,2019/08/07,null,raiden network token,rdn
214,,2019/08/08,null,raiden network token,rdn
215,,2019/08/09,null,raiden network token,rdn
216,,2019/08/10,null,raiden network token,rdn
217,,2019/08/11,null,raiden network token,rdn
218,,2019/08/12,null,raiden network token,rdn
219,,2019/08/13,null,raiden network token,rdn
220,,2019/08/14,null,raiden network token,rdn
221,,2019/08/15,null,raiden network token,rdn
222,,2019/08/16,null,raiden network token,rdn
223,,2019/08/17,null,raiden network token,rdn
224,,2019/08/18,null,raiden network token,rdn
225,,2019/08/19,null,raiden network token,rdn
226,,2019/08/20,null,raiden network token,rdn
227,,2019/08/21,null,raiden network token,rdn
228,,2019/08/22,null,raiden network token,rdn
229,,2019/08/23,null,raiden network token,rdn
230,,2019/08/24,null,raiden network token,rdn
231,,2019/08/25,null,raiden network token,rdn
232,,2019/08/26,null,raiden network token,rdn
233,,2019/08/27,null,raiden network token,rdn
234,,2019/08/28,null,raiden network token,rdn
235,,2019/08/29,null,raiden network token,rdn
236,,2019/08/30,null,raiden network token,rdn
237,,2019/08/31,null,raiden network token,rdn
238,,2019/09/01,null,raiden network token,rdn
239,,2019/09/02,null,raiden network token,rdn
240,,2019/09/03,null,raiden network token,rdn
241,,2019/09/04,null,raiden network token,rdn
242,,2019/09/05,null,raiden network token,rdn
243,,2019/09/06,null,raiden network token,rdn
244,,2019/09/07,null,raiden network token,rdn
245,,2019/09/08,null,raiden network token,rdn
246,,2019/09/09,null,raiden network token,rdn
247,,2019/09/10,null,raiden network token,rdn
248,,2019/09/11,null,raiden network token,rdn
249,,2019/09/12,null,raiden network token,rdn
250,,2019/09/13,null,raiden network token,rdn
251,,2019/09/14,null,raiden network token,rdn
252,,2019/09/15,null,raiden network token,rdn
253,,2019/09/16,null,raiden network token,rdn
254,,2019/09/17,null,raiden network token,rdn
255,,2019/09/18,null,raiden network token,rdn
256,,2019/09/19,null,raiden network token,rdn
257,,2019/09/20,null,raiden network token,rdn
258,,2019/09/21,null,raiden network token,rdn
259,,2019/09/22,null,raiden network token,rdn
260,,2019/09/23,null,raiden network token,rdn
261,,2019/09/24,null,raiden network token,rdn
262,,2019/09/25,null,raiden network token,rdn
263,,2019/09/26,null,raiden network token,rdn
264,,2019/09/27,null,raiden network token,rdn
265,,2019/09/28,null,raiden network token,rdn
266,,2019/09/29,null,raiden network token,rdn
267,,2019/09/30,null,raiden network token,rdn
268,,2019/10/01,null,raiden network token,rdn
269,,2019/10/02,null,raiden network token,rdn
270,,2019/10/03,null,raiden network token,rdn
271,,2019/10/04,null,raiden network token,rdn
272,,2019/10/05,null,raiden network token,rdn
273,,2019/10/06,null,raiden network token,rdn
274,,2019/10/07,null,raiden network token,rdn
275,,2019/10/08,null,raiden network token,rdn
276,,2019/10/09,null,raiden network token,rdn
277,,2019/10/10,null,raiden network token,rdn
278,,2019/10/11,null,raiden network token,rdn
279,,2019/10/12,null,raiden network token,rdn
280,,2019/10/13,null,raiden network token,rdn
281,,2019/10/14,null,raiden network token,rdn
282,,2019/10/15,null,raiden network token,rdn
283,,2019/10/16,null,raiden network token,rdn
284,,2019/10/17,null,raiden network token,rdn
285,,2019/10/18,null,raiden network token,rdn
286,,2019/10/19,null,raiden network token,rdn
287,,2019/10/20,null,raiden network token,rdn
288,,2019/10/21,null,raiden network token,rdn
289,,2019/10/22,null,raiden network token,rdn
290,,2019/10/23,null,raiden network token,rdn
291,,2019/10/24,null,raiden network token,rdn
292,,2019/10/25,null,raiden network token,rdn
293,,2019/10/26,null,raiden network token,rdn
294,,2019/10/27,null,raiden network token,rdn
295,,2019/10/28,null,raiden network token,rdn
296,,2019/10/29,null,raiden network token,rdn
297,,2019/10/30,null,raiden network token,rdn
298,,2019/10/31,null,raiden network token,rdn
299,,2019/11/01,null,raiden network token,rdn
300,,2019/11/02,null,raiden network token,rdn
301,,2019/11/03,null,raiden network token,rdn
302,,2019/11/04,null,raiden network token,rdn
303,,2019/11/05,null,raiden network token,rdn
304,,2019/11/06,null,raiden network token,rdn
305,,2019/11/07,null,raiden network token,rdn
306,,2019/11/08,null,raiden network token,rdn
307,,2019/11/09,null,raiden network token,rdn
308,,2019/11/10,null,raiden network token,rdn
309,,2019/11/11,null,raiden network token,rdn
310,,2019/11/12,null,raiden network token,rdn
311,,2019/11/13,null,raiden network token,rdn
312,,2019/11/14,null,raiden network token,rdn
313,,2019/11/15,null,raiden network token,rdn
314,,2019/11/16,null,raiden network token,rdn
315,,2019/11/17,null,raiden network token,rdn
316,,2019/11/18,null,raiden network token,rdn
317,,2019/11/19,null,raiden network token,rdn
318,,2019/11/20,null,raiden network token,rdn
319,,2019/11/21,null,raiden network token,rdn
320,,2019/11/22,null,raiden network token,rdn
321,,2019/11/23,null,raiden network token,rdn
322,,2019/11/24,null,raiden network token,rdn
323,,2019/11/25,null,raiden network token,rdn
324,,2019/11/26,null,raiden network token,rdn
325,,2019/11/27,null,raiden network token,rdn
326,,2019/11/28,null,raiden network token,rdn
327,,2019/11/29,null,raiden network token,rdn
328,,2019/11/30,null,raiden network token,rdn
329,,2019/12/01,null,raiden network token,rdn
330,,2019/12/02,null,raiden network token,rdn
331,,2019/12/03,null,raiden network token,rdn
332,,2019/12/04,null,raiden network token,rdn
333,,2019/12/05,null,raiden network token,rdn
334,,2019/12/06,null,raiden network token,rdn
335,,2019/12/07,null,raiden network token,rdn
336,,2019/12/08,null,raiden network token,rdn
337,,2019/12/09,null,raiden network token,rdn
338,,2019/12/10,null,raiden network token,rdn
339,,2019/12/11,null,raiden network token,rdn
340,,2019/12/12,null,raiden network token,rdn
341,,2019/12/13,null,raiden network token,rdn
342,,2019/12/14,null,raiden network token,rdn
343,,2019/12/15,null,raiden network token,rdn
344,,2019/12/16,null,raiden network token,rdn
345,,2019/12/17,null,raiden network token,rdn
346,,2019/12/18,null,raiden network token,rdn
347,,2019/12/19,null,raiden network token,rdn
348,,2019/12/20,null,raiden network token,rdn
349,,2019/12/21,null,raiden network token,rdn
350,,2019/12/22,null,raiden network token,rdn
351,,2019/12/23,null,raiden network token,rdn
352,,2019/12/24,null,raiden network token,rdn
353,,2019/12/25,null,raiden network token,rdn
354,,2019/12/26,null,raiden network token,rdn
355,,2019/12/27,null,raiden network token,rdn
356,,2019/12/28,null,raiden network token,rdn
357,,2019/12/29,null,raiden network token,rdn
358,,2019/12/30,null,raiden network token,rdn
359,,2019/12/31,null,raiden network token,rdn
360,,2020/01/01,null,raiden network token,rdn
361,,2020/01/02,null,raiden network token,rdn
362,,2020/01/03,null,raiden network token,rdn
363,,2020/01/04,null,raiden network token,rdn
364,,2020/01/05,null,raiden network token,rdn
365,,2020/01/06,null,raiden network token,rdn
366,,2020/01/07,null,raiden network token,rdn
367,,2020/01/08,null,raiden network token,rdn
368,,2020/01/09,null,raiden network token,rdn
369,,2020/01/10,null,raiden network token,rdn
370,,2020/01/11,null,raiden network token,rdn
371,,2020/01/12,null,raiden network token,rdn
372,,2020/01/13,null,raiden network token,rdn
373,,2020/01/14,null,raiden network token,rdn
374,,2020/01/15,null,raiden network token,rdn
375,,2020/01/16,null,raiden network token,rdn
376,,2020/01/17,null,raiden network token,rdn
377,,2020/01/18,null,raiden network token,rdn
378,,2020/01/19,null,raiden network token,rdn
379,,2020/01/20,null,raiden network token,rdn
380,,2020/01/21,null,raiden network token,rdn
381,,2020/01/22,null,raiden network token,rdn
382,,2020/01/23,null,raiden network token,rdn
383,,2020/01/24,null,raiden network token,rdn
384,,2020/01/25,null,raiden network token,rdn
385,,2020/01/26,null,raiden network token,rdn
386,,2020/01/27,null,raiden network token,rdn
387,,2020/01/28,null,raiden network token,rdn
388,,2020/01/29,null,raiden network token,rdn
389,,2020/01/30,1,raiden network token,rdn
