,google_trends,date,tweets,full_name,coin
0,,2021/07/15,142,rally,rly
1,,2021/07/16,181,rally,rly
2,,2021/07/17,222,rally,rly
3,,2021/07/18,209,rally,rly
4,,2021/07/19,158,rally,rly
5,,2021/07/20,148,rally,rly
6,,2021/07/21,124,rally,rly
7,,2021/07/22,125,rally,rly
8,,2021/07/23,165,rally,rly
9,,2021/07/24,187,rally,rly
10,,2021/07/25,null,rally,rly
11,,2021/07/26,null,rally,rly
12,,2021/07/27,null,rally,rly
13,,2021/07/28,null,rally,rly
14,,2021/07/29,161,rally,rly
15,,2021/07/30,96,rally,rly
16,,2021/07/31,null,rally,rly
17,,2021/08/01,null,rally,rly
18,,2021/08/02,null,rally,rly
19,,2021/08/03,93,rally,rly
20,,2021/08/04,69,rally,rly
21,,2021/08/05,null,rally,rly
22,,2021/08/06,null,rally,rly
23,,2021/08/07,null,rally,rly
24,,2021/08/08,null,rally,rly
25,,2021/08/09,null,rally,rly
26,,2021/08/10,null,rally,rly
27,,2021/08/11,null,rally,rly
28,,2021/08/12,null,rally,rly
29,,2021/08/13,null,rally,rly
30,,2021/08/14,null,rally,rly
31,,2021/08/15,null,rally,rly
32,,2021/08/16,null,rally,rly
33,,2021/08/17,null,rally,rly
34,,2021/08/18,null,rally,rly
35,,2021/08/19,null,rally,rly
36,,2021/08/20,null,rally,rly
37,,2021/08/21,null,rally,rly
38,,2021/08/22,null,rally,rly
39,,2021/08/23,null,rally,rly
40,,2021/08/24,null,rally,rly
41,,2021/08/25,null,rally,rly
42,,2021/08/26,null,rally,rly
43,,2021/08/27,null,rally,rly
44,,2021/08/28,null,rally,rly
45,,2021/08/29,null,rally,rly
46,,2021/08/30,null,rally,rly
47,,2021/08/31,null,rally,rly
48,,2021/09/01,null,rally,rly
49,,2021/09/02,108,rally,rly
50,,2021/09/03,135,rally,rly
51,,2021/09/04,280,rally,rly
52,,2021/09/05,159,rally,rly
53,,2021/09/06,null,rally,rly
54,,2021/09/07,null,rally,rly
55,,2021/09/08,null,rally,rly
56,,2021/09/09,189,rally,rly
57,,2021/09/10,185,rally,rly
58,,2021/09/11,185,rally,rly
59,,2021/09/12,234,rally,rly
60,,2021/09/13,187,rally,rly
61,,2021/09/14,126,rally,rly
62,,2021/09/15,95,rally,rly
63,,2021/09/16,179,rally,rly
64,,2021/09/17,363,rally,rly
65,,2021/09/18,614,rally,rly
66,,2021/09/19,null,rally,rly
67,,2021/09/20,null,rally,rly
68,,2021/09/21,null,rally,rly
69,,2021/09/22,null,rally,rly
70,,2021/09/23,143,rally,rly
71,,2021/09/24,144,rally,rly
72,,2021/09/25,null,rally,rly
73,,2021/09/26,null,rally,rly
74,,2021/09/27,null,rally,rly
75,,2021/09/28,null,rally,rly
76,,2021/09/29,109,rally,rly
77,,2021/09/30,null,rally,rly
78,,2021/10/01,552,rally,rly
79,,2021/10/02,null,rally,rly
80,,2021/10/03,238,rally,rly
81,,2021/10/04,189,rally,rly
82,,2021/10/05,null,rally,rly
83,,2021/10/06,null,rally,rly
84,,2021/10/07,null,rally,rly
85,,2021/10/08,null,rally,rly
86,,2021/10/09,null,rally,rly
87,,2021/10/10,null,rally,rly
88,,2021/10/11,null,rally,rly
89,,2021/10/12,null,rally,rly
90,,2021/10/13,null,rally,rly
91,,2021/10/14,null,rally,rly
92,,2021/10/15,235,rally,rly
93,,2021/10/16,274,rally,rly
