,google_trends,date,tweets,full_name,coin
0,,2018/12/07,11,ravencoin,rvn
1,,2018/12/08,25,ravencoin,rvn
2,,2018/12/09,26,ravencoin,rvn
3,,2018/12/10,65,ravencoin,rvn
4,,2018/12/11,57,ravencoin,rvn
5,,2018/12/12,34,ravencoin,rvn
6,,2018/12/13,16,ravencoin,rvn
7,,2018/12/14,27,ravencoin,rvn
8,,2018/12/15,12,ravencoin,rvn
9,,2018/12/16,21,ravencoin,rvn
10,,2018/12/17,31,ravencoin,rvn
11,,2018/12/18,54,ravencoin,rvn
12,,2018/12/19,53,ravencoin,rvn
13,,2018/12/20,57,ravencoin,rvn
14,,2018/12/21,27,ravencoin,rvn
15,,2018/12/22,38,ravencoin,rvn
16,,2018/12/23,29,ravencoin,rvn
17,,2018/12/24,37,ravencoin,rvn
18,,2018/12/25,26,ravencoin,rvn
19,,2018/12/26,14,ravencoin,rvn
20,,2018/12/27,6,ravencoin,rvn
21,,2018/12/28,13,ravencoin,rvn
22,,2018/12/29,22,ravencoin,rvn
23,,2018/12/30,15,ravencoin,rvn
24,,2018/12/31,38,ravencoin,rvn
25,,2019/01/01,21,ravencoin,rvn
26,,2019/01/02,34,ravencoin,rvn
27,,2019/01/03,94,ravencoin,rvn
28,,2019/01/04,76,ravencoin,rvn
29,,2019/01/05,65,ravencoin,rvn
30,,2019/01/06,93,ravencoin,rvn
31,,2019/01/07,101,ravencoin,rvn
32,,2019/01/08,50,ravencoin,rvn
33,,2019/01/09,46,ravencoin,rvn
34,,2019/01/10,36,ravencoin,rvn
35,,2019/01/11,35,ravencoin,rvn
36,,2019/01/12,30,ravencoin,rvn
37,,2019/01/13,26,ravencoin,rvn
38,,2019/01/14,60,ravencoin,rvn
39,,2019/01/15,30,ravencoin,rvn
40,,2019/01/16,56,ravencoin,rvn
41,,2019/01/17,35,ravencoin,rvn
42,,2019/01/18,36,ravencoin,rvn
43,,2019/01/19,10,ravencoin,rvn
44,,2019/01/20,29,ravencoin,rvn
45,,2019/01/21,24,ravencoin,rvn
46,,2019/01/22,56,ravencoin,rvn
47,,2019/01/23,52,ravencoin,rvn
48,,2019/01/24,44,ravencoin,rvn
49,,2019/01/25,20,ravencoin,rvn
50,,2019/01/26,16,ravencoin,rvn
51,,2019/01/27,24,ravencoin,rvn
52,,2019/01/28,53,ravencoin,rvn
53,,2019/01/29,45,ravencoin,rvn
54,,2019/01/30,41,ravencoin,rvn
55,,2019/01/31,20,ravencoin,rvn
56,,2019/02/01,26,ravencoin,rvn
57,,2019/02/02,14,ravencoin,rvn
58,,2019/02/03,14,ravencoin,rvn
59,,2019/02/04,14,ravencoin,rvn
60,,2019/02/05,22,ravencoin,rvn
61,,2019/02/06,30,ravencoin,rvn
62,,2019/02/07,9,ravencoin,rvn
63,,2019/02/08,13,ravencoin,rvn
64,,2019/02/09,9,ravencoin,rvn
65,,2019/02/10,19,ravencoin,rvn
66,,2019/02/11,17,ravencoin,rvn
67,,2019/02/12,31,ravencoin,rvn
68,,2019/02/13,29,ravencoin,rvn
69,,2019/02/14,24,ravencoin,rvn
70,,2019/02/15,37,ravencoin,rvn
71,,2019/02/16,32,ravencoin,rvn
72,,2019/02/17,27,ravencoin,rvn
73,,2019/02/18,14,ravencoin,rvn
74,,2019/02/19,16,ravencoin,rvn
75,,2019/02/20,25,ravencoin,rvn
76,,2019/02/21,25,ravencoin,rvn
77,,2019/02/22,64,ravencoin,rvn
78,,2019/02/23,44,ravencoin,rvn
79,,2019/02/24,21,ravencoin,rvn
80,,2019/02/25,30,ravencoin,rvn
81,,2019/02/26,36,ravencoin,rvn
82,,2019/02/27,131,ravencoin,rvn
83,,2019/02/28,87,ravencoin,rvn
84,,2019/03/01,45,ravencoin,rvn
85,,2019/03/02,129,ravencoin,rvn
86,,2019/03/03,95,ravencoin,rvn
87,,2019/03/04,155,ravencoin,rvn
88,,2019/03/05,37,ravencoin,rvn
89,,2019/03/06,74,ravencoin,rvn
90,,2019/03/07,103,ravencoin,rvn
91,,2019/03/08,148,ravencoin,rvn
92,,2019/03/09,59,ravencoin,rvn
93,,2019/03/10,40,ravencoin,rvn
94,,2019/03/11,34,ravencoin,rvn
95,,2019/03/12,28,ravencoin,rvn
96,,2019/03/13,47,ravencoin,rvn
97,,2019/03/14,64,ravencoin,rvn
98,,2019/03/15,38,ravencoin,rvn
99,,2019/03/16,54,ravencoin,rvn
100,,2019/03/17,48,ravencoin,rvn
101,,2019/03/18,69,ravencoin,rvn
102,,2019/03/19,141,ravencoin,rvn
103,,2019/03/20,94,ravencoin,rvn
104,,2019/03/21,243,ravencoin,rvn
105,,2019/03/22,134,ravencoin,rvn
106,,2019/03/23,150,ravencoin,rvn
107,,2019/03/24,307,ravencoin,rvn
108,,2019/03/25,141,ravencoin,rvn
109,,2019/03/26,83,ravencoin,rvn
110,,2019/03/27,91,ravencoin,rvn
111,,2019/03/28,217,ravencoin,rvn
112,,2019/03/29,90,ravencoin,rvn
113,,2019/03/30,64,ravencoin,rvn
114,,2019/03/31,99,ravencoin,rvn
115,,2019/04/01,136,ravencoin,rvn
116,,2019/04/02,70,ravencoin,rvn
117,,2019/04/03,70,ravencoin,rvn
118,,2019/04/04,45,ravencoin,rvn
119,,2019/04/05,23,ravencoin,rvn
120,,2019/04/06,99,ravencoin,rvn
121,,2019/04/07,142,ravencoin,rvn
122,,2019/04/08,73,ravencoin,rvn
123,,2019/04/09,55,ravencoin,rvn
124,,2019/04/10,45,ravencoin,rvn
125,,2019/04/11,57,ravencoin,rvn
126,,2019/04/12,50,ravencoin,rvn
127,,2019/04/13,32,ravencoin,rvn
128,,2019/04/14,30,ravencoin,rvn
129,,2019/04/15,53,ravencoin,rvn
130,,2019/04/16,43,ravencoin,rvn
131,,2019/04/17,67,ravencoin,rvn
132,,2019/04/18,46,ravencoin,rvn
133,,2019/04/19,85,ravencoin,rvn
134,,2019/04/20,100,ravencoin,rvn
135,,2019/04/21,74,ravencoin,rvn
136,,2019/04/22,58,ravencoin,rvn
137,,2019/04/23,23,ravencoin,rvn
138,,2019/04/24,42,ravencoin,rvn
139,,2019/04/25,31,ravencoin,rvn
140,,2019/04/26,49,ravencoin,rvn
141,,2019/04/27,28,ravencoin,rvn
142,,2019/04/28,29,ravencoin,rvn
143,,2019/04/29,20,ravencoin,rvn
144,,2019/04/30,36,ravencoin,rvn
145,,2019/05/01,53,ravencoin,rvn
146,,2019/05/02,27,ravencoin,rvn
147,,2019/05/03,23,ravencoin,rvn
148,,2019/05/04,18,ravencoin,rvn
149,,2019/05/05,77,ravencoin,rvn
150,,2019/05/06,60,ravencoin,rvn
151,,2019/05/07,20,ravencoin,rvn
152,,2019/05/08,22,ravencoin,rvn
153,,2019/05/09,134,ravencoin,rvn
154,,2019/05/10,46,ravencoin,rvn
155,,2019/05/11,31,ravencoin,rvn
156,,2019/05/12,11,ravencoin,rvn
157,,2019/05/13,36,ravencoin,rvn
158,,2019/05/14,12,ravencoin,rvn
159,,2019/05/15,98,ravencoin,rvn
160,,2019/05/16,52,ravencoin,rvn
161,,2019/05/17,49,ravencoin,rvn
162,,2019/05/18,87,ravencoin,rvn
163,,2019/05/19,68,ravencoin,rvn
164,,2019/05/20,33,ravencoin,rvn
165,,2019/05/21,70,ravencoin,rvn
166,,2019/05/22,28,ravencoin,rvn
167,,2019/05/23,19,ravencoin,rvn
168,,2019/05/24,15,ravencoin,rvn
169,,2019/05/25,17,ravencoin,rvn
170,,2019/05/26,30,ravencoin,rvn
171,,2019/05/27,47,ravencoin,rvn
172,,2019/05/28,114,ravencoin,rvn
173,,2019/05/29,43,ravencoin,rvn
174,,2019/05/30,42,ravencoin,rvn
175,,2019/05/31,45,ravencoin,rvn
176,,2019/06/01,147,ravencoin,rvn
177,,2019/06/02,142,ravencoin,rvn
178,,2019/06/03,125,ravencoin,rvn
179,,2019/06/04,84,ravencoin,rvn
180,,2019/06/05,89,ravencoin,rvn
181,,2019/06/06,64,ravencoin,rvn
182,,2019/06/07,57,ravencoin,rvn
183,,2019/06/08,100,ravencoin,rvn
184,,2019/06/09,111,ravencoin,rvn
185,,2019/06/10,36,ravencoin,rvn
186,,2019/06/11,43,ravencoin,rvn
187,,2019/06/12,59,ravencoin,rvn
188,,2019/06/13,39,ravencoin,rvn
189,,2019/06/14,40,ravencoin,rvn
190,,2019/06/15,50,ravencoin,rvn
191,,2019/06/16,39,ravencoin,rvn
192,,2019/06/17,47,ravencoin,rvn
193,,2019/06/18,60,ravencoin,rvn
194,,2019/06/19,83,ravencoin,rvn
195,,2019/06/20,81,ravencoin,rvn
196,,2019/06/21,79,ravencoin,rvn
197,,2019/06/22,71,ravencoin,rvn
198,,2019/06/23,27,ravencoin,rvn
199,,2019/06/24,63,ravencoin,rvn
200,,2019/06/25,67,ravencoin,rvn
201,,2019/06/26,28,ravencoin,rvn
202,,2019/06/27,39,ravencoin,rvn
203,,2019/06/28,33,ravencoin,rvn
204,,2019/06/29,41,ravencoin,rvn
205,,2019/06/30,12,ravencoin,rvn
206,,2019/07/01,29,ravencoin,rvn
207,,2019/07/02,25,ravencoin,rvn
208,,2019/07/03,32,ravencoin,rvn
209,,2019/07/04,37,ravencoin,rvn
210,,2019/07/05,17,ravencoin,rvn
211,,2019/07/06,15,ravencoin,rvn
212,,2019/07/07,8,ravencoin,rvn
213,,2019/07/08,20,ravencoin,rvn
214,,2019/07/09,21,ravencoin,rvn
215,,2019/07/10,21,ravencoin,rvn
216,,2019/07/11,25,ravencoin,rvn
217,,2019/07/12,19,ravencoin,rvn
218,,2019/07/13,53,ravencoin,rvn
219,,2019/07/14,29,ravencoin,rvn
220,,2019/07/15,20,ravencoin,rvn
221,,2019/07/16,21,ravencoin,rvn
222,,2019/07/17,46,ravencoin,rvn
223,,2019/07/18,33,ravencoin,rvn
224,,2019/07/19,64,ravencoin,rvn
225,,2019/07/20,139,ravencoin,rvn
226,,2019/07/21,176,ravencoin,rvn
227,,2019/07/22,100,ravencoin,rvn
228,,2019/07/23,62,ravencoin,rvn
229,,2019/07/24,49,ravencoin,rvn
230,,2019/07/25,36,ravencoin,rvn
231,,2019/07/26,44,ravencoin,rvn
232,,2019/07/27,41,ravencoin,rvn
233,,2019/07/28,62,ravencoin,rvn
234,,2019/07/29,64,ravencoin,rvn
235,,2019/07/30,37,ravencoin,rvn
236,,2019/07/31,21,ravencoin,rvn
237,,2019/08/01,38,ravencoin,rvn
238,,2019/08/02,12,ravencoin,rvn
239,,2019/08/03,19,ravencoin,rvn
240,,2019/08/04,46,ravencoin,rvn
241,,2019/08/05,21,ravencoin,rvn
242,,2019/08/06,22,ravencoin,rvn
243,,2019/08/07,19,ravencoin,rvn
244,,2019/08/08,34,ravencoin,rvn
245,,2019/08/09,77,ravencoin,rvn
246,,2019/08/10,54,ravencoin,rvn
247,,2019/08/11,18,ravencoin,rvn
248,,2019/08/12,21,ravencoin,rvn
249,,2019/08/13,15,ravencoin,rvn
250,,2019/08/14,14,ravencoin,rvn
251,,2019/08/15,17,ravencoin,rvn
252,,2019/08/16,11,ravencoin,rvn
253,,2019/08/17,15,ravencoin,rvn
254,,2019/08/18,14,ravencoin,rvn
255,,2019/08/19,16,ravencoin,rvn
256,,2019/08/20,71,ravencoin,rvn
257,,2019/08/21,39,ravencoin,rvn
258,,2019/08/22,21,ravencoin,rvn
259,,2019/08/23,47,ravencoin,rvn
260,,2019/08/24,57,ravencoin,rvn
261,,2019/08/25,24,ravencoin,rvn
262,,2019/08/26,20,ravencoin,rvn
263,,2019/08/27,20,ravencoin,rvn
264,,2019/08/28,33,ravencoin,rvn
265,,2019/08/29,12,ravencoin,rvn
266,,2019/08/30,12,ravencoin,rvn
267,,2019/08/31,24,ravencoin,rvn
268,,2019/09/01,40,ravencoin,rvn
269,,2019/09/02,36,ravencoin,rvn
270,,2019/09/03,39,ravencoin,rvn
271,,2019/09/04,27,ravencoin,rvn
272,,2019/09/05,34,ravencoin,rvn
273,,2019/09/06,26,ravencoin,rvn
274,,2019/09/07,25,ravencoin,rvn
275,,2019/09/08,21,ravencoin,rvn
276,,2019/09/09,42,ravencoin,rvn
277,,2019/09/10,14,ravencoin,rvn
278,,2019/09/11,11,ravencoin,rvn
279,,2019/09/12,28,ravencoin,rvn
280,,2019/09/13,19,ravencoin,rvn
281,,2019/09/14,16,ravencoin,rvn
282,,2019/09/15,10,ravencoin,rvn
283,,2019/09/16,15,ravencoin,rvn
284,,2019/09/17,7,ravencoin,rvn
285,,2019/09/18,42,ravencoin,rvn
286,,2019/09/19,28,ravencoin,rvn
287,,2019/09/20,42,ravencoin,rvn
288,,2019/09/21,27,ravencoin,rvn
289,,2019/09/22,37,ravencoin,rvn
290,,2019/09/23,32,ravencoin,rvn
291,,2019/09/24,22,ravencoin,rvn
292,,2019/09/25,24,ravencoin,rvn
293,,2019/09/26,46,ravencoin,rvn
294,,2019/09/27,56,ravencoin,rvn
295,,2019/09/28,35,ravencoin,rvn
296,,2019/09/29,76,ravencoin,rvn
297,,2019/09/30,81,ravencoin,rvn
298,,2019/10/01,110,ravencoin,rvn
299,,2019/10/02,83,ravencoin,rvn
300,,2019/10/03,60,ravencoin,rvn
301,,2019/10/04,25,ravencoin,rvn
302,,2019/10/05,32,ravencoin,rvn
303,,2019/10/06,34,ravencoin,rvn
304,,2019/10/07,32,ravencoin,rvn
305,,2019/10/08,20,ravencoin,rvn
306,,2019/10/09,30,ravencoin,rvn
307,,2019/10/10,102,ravencoin,rvn
308,,2019/10/11,90,ravencoin,rvn
309,,2019/10/12,40,ravencoin,rvn
310,,2019/10/13,29,ravencoin,rvn
311,,2019/10/14,24,ravencoin,rvn
312,,2019/10/15,37,ravencoin,rvn
313,,2019/10/16,24,ravencoin,rvn
314,,2019/10/17,27,ravencoin,rvn
315,,2019/10/18,197,ravencoin,rvn
316,,2019/10/19,413,ravencoin,rvn
317,,2019/10/20,79,ravencoin,rvn
318,,2019/10/21,32,ravencoin,rvn
319,,2019/10/22,27,ravencoin,rvn
320,,2019/10/23,12,ravencoin,rvn
321,,2019/10/24,30,ravencoin,rvn
322,,2019/10/25,15,ravencoin,rvn
323,,2019/10/26,13,ravencoin,rvn
324,,2019/10/27,15,ravencoin,rvn
325,,2019/10/28,42,ravencoin,rvn
326,,2019/10/29,11,ravencoin,rvn
327,,2019/10/30,13,ravencoin,rvn
328,,2019/10/31,31,ravencoin,rvn
329,,2019/11/01,21,ravencoin,rvn
330,,2019/11/02,25,ravencoin,rvn
331,,2019/11/03,22,ravencoin,rvn
332,,2019/11/04,25,ravencoin,rvn
333,,2019/11/05,37,ravencoin,rvn
334,,2019/11/06,92,ravencoin,rvn
335,,2019/11/07,41,ravencoin,rvn
336,,2019/11/08,50,ravencoin,rvn
337,,2019/11/09,35,ravencoin,rvn
338,,2019/11/10,70,ravencoin,rvn
339,,2019/11/11,39,ravencoin,rvn
340,,2019/11/12,29,ravencoin,rvn
341,,2019/11/13,30,ravencoin,rvn
342,,2019/11/14,10,ravencoin,rvn
343,,2019/11/15,65,ravencoin,rvn
344,,2019/11/16,48,ravencoin,rvn
345,,2019/11/17,29,ravencoin,rvn
346,,2019/11/18,27,ravencoin,rvn
347,,2019/11/19,30,ravencoin,rvn
348,,2019/11/20,17,ravencoin,rvn
349,,2019/11/21,23,ravencoin,rvn
350,,2019/11/22,12,ravencoin,rvn
351,,2019/11/23,12,ravencoin,rvn
352,,2019/11/24,24,ravencoin,rvn
353,,2019/11/25,21,ravencoin,rvn
354,,2019/11/26,21,ravencoin,rvn
355,,2019/11/27,15,ravencoin,rvn
356,,2019/11/28,27,ravencoin,rvn
357,,2019/11/29,10,ravencoin,rvn
358,,2019/11/30,11,ravencoin,rvn
359,,2019/12/01,10,ravencoin,rvn
360,,2019/12/02,22,ravencoin,rvn
361,,2019/12/03,101,ravencoin,rvn
362,,2019/12/04,253,ravencoin,rvn
363,,2019/12/05,63,ravencoin,rvn
364,,2019/12/06,110,ravencoin,rvn
365,,2019/12/07,97,ravencoin,rvn
366,,2019/12/08,55,ravencoin,rvn
367,,2019/12/09,40,ravencoin,rvn
368,,2019/12/10,38,ravencoin,rvn
369,,2019/12/11,19,ravencoin,rvn
370,,2019/12/12,17,ravencoin,rvn
371,,2019/12/13,13,ravencoin,rvn
372,,2019/12/14,27,ravencoin,rvn
373,,2019/12/15,16,ravencoin,rvn
374,,2019/12/16,13,ravencoin,rvn
375,,2019/12/17,4,ravencoin,rvn
376,,2019/12/18,10,ravencoin,rvn
377,,2019/12/19,16,ravencoin,rvn
378,,2019/12/20,16,ravencoin,rvn
379,,2019/12/21,14,ravencoin,rvn
380,,2019/12/22,13,ravencoin,rvn
381,,2019/12/23,12,ravencoin,rvn
382,,2019/12/24,19,ravencoin,rvn
383,,2019/12/25,12,ravencoin,rvn
384,,2019/12/26,15,ravencoin,rvn
385,,2019/12/27,28,ravencoin,rvn
386,,2019/12/28,11,ravencoin,rvn
387,,2019/12/29,11,ravencoin,rvn
388,,2019/12/30,15,ravencoin,rvn
389,,2019/12/31,17,ravencoin,rvn
390,,2020/01/01,25,ravencoin,rvn
391,,2020/01/02,31,ravencoin,rvn
392,,2020/01/03,58,ravencoin,rvn
393,,2020/01/04,23,ravencoin,rvn
394,,2020/01/05,18,ravencoin,rvn
395,,2020/01/06,71,ravencoin,rvn
396,,2020/01/07,27,ravencoin,rvn
397,,2020/01/08,24,ravencoin,rvn
398,,2020/01/09,30,ravencoin,rvn
399,,2020/01/10,36,ravencoin,rvn
400,,2020/01/11,62,ravencoin,rvn
401,,2020/01/12,24,ravencoin,rvn
402,,2020/01/13,20,ravencoin,rvn
403,,2020/01/14,28,ravencoin,rvn
404,,2020/01/15,23,ravencoin,rvn
405,,2020/01/16,34,ravencoin,rvn
406,,2020/01/17,42,ravencoin,rvn
407,,2020/01/18,14,ravencoin,rvn
408,,2020/01/19,23,ravencoin,rvn
409,,2020/01/20,17,ravencoin,rvn
410,,2020/01/21,54,ravencoin,rvn
411,,2020/01/22,28,ravencoin,rvn
412,,2020/01/23,14,ravencoin,rvn
413,,2020/01/24,43,ravencoin,rvn
414,,2020/01/25,14,ravencoin,rvn
415,,2020/01/26,18,ravencoin,rvn
416,,2020/01/27,24,ravencoin,rvn
417,,2020/01/28,35,ravencoin,rvn
418,,2020/01/29,10,ravencoin,rvn
419,,2020/01/30,26,ravencoin,rvn
420,,2020/01/31,33,ravencoin,rvn
421,,2020/02/01,7,ravencoin,rvn
422,,2020/02/02,21,ravencoin,rvn
423,,2020/02/03,49,ravencoin,rvn
424,,2020/02/04,56,ravencoin,rvn
425,,2020/02/05,55,ravencoin,rvn
426,,2020/02/06,109,ravencoin,rvn
427,,2020/02/07,167,ravencoin,rvn
428,,2020/02/08,57,ravencoin,rvn
429,,2020/02/09,36,ravencoin,rvn
430,,2020/02/10,44,ravencoin,rvn
431,,2020/02/11,29,ravencoin,rvn
432,,2020/02/12,75,ravencoin,rvn
433,,2020/02/13,45,ravencoin,rvn
434,,2020/02/14,122,ravencoin,rvn
435,,2020/02/15,79,ravencoin,rvn
436,,2020/02/16,47,ravencoin,rvn
437,,2020/02/17,56,ravencoin,rvn
438,,2020/02/18,92,ravencoin,rvn
439,,2020/02/19,61,ravencoin,rvn
440,,2020/02/20,42,ravencoin,rvn
441,,2020/02/21,81,ravencoin,rvn
442,,2020/02/22,87,ravencoin,rvn
443,,2020/02/23,357,ravencoin,rvn
444,,2020/02/24,77,ravencoin,rvn
445,,2020/02/25,68,ravencoin,rvn
446,,2020/02/26,124,ravencoin,rvn
447,,2020/02/27,76,ravencoin,rvn
448,,2020/02/28,18,ravencoin,rvn
449,,2020/02/29,25,ravencoin,rvn
450,,2020/03/01,20,ravencoin,rvn
451,,2020/03/02,19,ravencoin,rvn
452,,2020/03/03,21,ravencoin,rvn
453,,2020/03/04,30,ravencoin,rvn
454,,2020/03/05,31,ravencoin,rvn
455,,2020/03/06,27,ravencoin,rvn
456,,2020/03/07,26,ravencoin,rvn
457,,2020/03/08,48,ravencoin,rvn
458,,2020/03/09,79,ravencoin,rvn
459,,2020/03/10,34,ravencoin,rvn
460,,2020/03/11,19,ravencoin,rvn
461,,2020/03/12,15,ravencoin,rvn
462,,2020/03/13,25,ravencoin,rvn
463,,2020/03/14,13,ravencoin,rvn
464,,2020/03/15,13,ravencoin,rvn
465,,2020/03/16,11,ravencoin,rvn
466,,2020/03/17,10,ravencoin,rvn
467,,2020/03/18,13,ravencoin,rvn
468,,2020/03/19,22,ravencoin,rvn
469,,2020/03/20,13,ravencoin,rvn
470,,2020/03/21,7,ravencoin,rvn
471,,2020/03/22,11,ravencoin,rvn
472,,2020/03/23,17,ravencoin,rvn
473,,2020/03/24,39,ravencoin,rvn
474,,2020/03/25,20,ravencoin,rvn
475,,2020/03/26,39,ravencoin,rvn
476,,2020/03/27,21,ravencoin,rvn
477,,2020/03/28,12,ravencoin,rvn
478,,2020/03/29,19,ravencoin,rvn
479,,2020/03/30,20,ravencoin,rvn
480,,2020/03/31,9,ravencoin,rvn
481,,2020/04/01,23,ravencoin,rvn
482,,2020/04/02,14,ravencoin,rvn
483,,2020/04/03,21,ravencoin,rvn
484,,2020/04/04,18,ravencoin,rvn
485,,2020/04/05,17,ravencoin,rvn
486,,2020/04/06,19,ravencoin,rvn
487,,2020/04/07,15,ravencoin,rvn
488,,2020/04/08,35,ravencoin,rvn
489,,2020/04/09,17,ravencoin,rvn
490,,2020/04/10,22,ravencoin,rvn
491,,2020/04/11,17,ravencoin,rvn
492,,2020/04/12,21,ravencoin,rvn
493,,2020/04/13,24,ravencoin,rvn
494,,2020/04/14,21,ravencoin,rvn
495,,2020/04/15,29,ravencoin,rvn
496,,2020/04/16,43,ravencoin,rvn
497,,2020/04/17,49,ravencoin,rvn
498,,2020/04/18,24,ravencoin,rvn
499,,2020/04/19,11,ravencoin,rvn
500,,2020/04/20,20,ravencoin,rvn
501,,2020/04/21,33,ravencoin,rvn
502,,2020/04/22,12,ravencoin,rvn
503,,2020/04/23,19,ravencoin,rvn
504,,2020/04/24,31,ravencoin,rvn
505,,2020/04/25,54,ravencoin,rvn
506,,2020/04/26,45,ravencoin,rvn
507,,2020/04/27,31,ravencoin,rvn
508,,2020/04/28,26,ravencoin,rvn
509,,2020/04/29,16,ravencoin,rvn
510,,2020/04/30,21,ravencoin,rvn
511,,2020/05/01,18,ravencoin,rvn
512,,2020/05/02,40,ravencoin,rvn
513,,2020/05/03,43,ravencoin,rvn
514,,2020/05/04,31,ravencoin,rvn
515,,2020/05/05,237,ravencoin,rvn
516,,2020/05/06,134,ravencoin,rvn
517,,2020/05/07,69,ravencoin,rvn
518,,2020/05/08,30,ravencoin,rvn
519,,2020/05/09,24,ravencoin,rvn
520,,2020/05/10,12,ravencoin,rvn
521,,2020/05/11,10,ravencoin,rvn
522,,2020/05/12,16,ravencoin,rvn
523,,2020/05/13,29,ravencoin,rvn
524,,2020/05/14,23,ravencoin,rvn
525,,2020/05/15,19,ravencoin,rvn
526,,2020/05/16,25,ravencoin,rvn
527,,2020/05/17,20,ravencoin,rvn
528,,2020/05/18,21,ravencoin,rvn
529,,2020/05/19,33,ravencoin,rvn
530,,2020/05/20,27,ravencoin,rvn
531,,2020/05/21,20,ravencoin,rvn
532,,2020/05/22,16,ravencoin,rvn
533,,2020/05/23,29,ravencoin,rvn
534,,2020/05/24,35,ravencoin,rvn
535,,2020/05/25,38,ravencoin,rvn
536,,2020/05/26,65,ravencoin,rvn
537,,2020/05/27,35,ravencoin,rvn
538,,2020/05/28,22,ravencoin,rvn
539,,2020/05/29,15,ravencoin,rvn
540,,2020/05/30,18,ravencoin,rvn
541,,2020/05/31,30,ravencoin,rvn
542,,2020/06/01,16,ravencoin,rvn
543,,2020/06/02,18,ravencoin,rvn
544,,2020/06/03,21,ravencoin,rvn
545,,2020/06/04,34,ravencoin,rvn
546,,2020/06/05,23,ravencoin,rvn
547,,2020/06/06,71,ravencoin,rvn
548,,2020/06/07,41,ravencoin,rvn
549,,2020/06/08,33,ravencoin,rvn
550,,2020/06/09,21,ravencoin,rvn
551,,2020/06/10,33,ravencoin,rvn
552,,2020/06/11,103,ravencoin,rvn
553,,2020/06/12,36,ravencoin,rvn
554,,2020/06/13,25,ravencoin,rvn
555,,2020/06/14,63,ravencoin,rvn
556,,2020/06/15,23,ravencoin,rvn
557,,2020/06/16,38,ravencoin,rvn
558,,2020/06/17,86,ravencoin,rvn
559,,2020/06/18,58,ravencoin,rvn
560,,2020/06/19,38,ravencoin,rvn
561,,2020/06/20,47,ravencoin,rvn
562,,2020/06/21,78,ravencoin,rvn
563,,2020/06/22,45,ravencoin,rvn
564,,2020/06/23,39,ravencoin,rvn
565,,2020/06/24,46,ravencoin,rvn
566,,2020/06/25,203,ravencoin,rvn
567,,2020/06/26,154,ravencoin,rvn
568,,2020/06/27,81,ravencoin,rvn
569,,2020/06/28,42,ravencoin,rvn
570,,2020/06/29,57,ravencoin,rvn
571,,2020/06/30,45,ravencoin,rvn
572,,2020/07/01,24,ravencoin,rvn
573,,2020/07/02,30,ravencoin,rvn
574,,2020/07/03,65,ravencoin,rvn
575,,2020/07/04,91,ravencoin,rvn
576,,2020/07/05,80,ravencoin,rvn
577,,2020/07/06,43,ravencoin,rvn
578,,2020/07/07,30,ravencoin,rvn
579,,2020/07/08,40,ravencoin,rvn
580,,2020/07/09,43,ravencoin,rvn
581,,2020/07/10,30,ravencoin,rvn
582,,2020/07/11,35,ravencoin,rvn
583,,2020/07/12,125,ravencoin,rvn
584,,2020/07/13,140,ravencoin,rvn
585,,2020/07/14,86,ravencoin,rvn
586,,2020/07/15,99,ravencoin,rvn
587,,2020/07/16,41,ravencoin,rvn
588,,2020/07/17,33,ravencoin,rvn
589,,2020/07/18,null,ravencoin,rvn
590,,2020/07/19,71,ravencoin,rvn
591,,2020/07/20,123,ravencoin,rvn
592,,2020/07/21,133,ravencoin,rvn
593,,2020/07/22,144,ravencoin,rvn
594,,2020/07/23,160,ravencoin,rvn
595,,2020/07/24,106,ravencoin,rvn
596,,2020/07/25,138,ravencoin,rvn
597,,2020/07/26,222,ravencoin,rvn
598,,2020/07/27,224,ravencoin,rvn
599,,2020/07/28,415,ravencoin,rvn
600,,2020/07/29,174,ravencoin,rvn
601,,2020/07/30,55,ravencoin,rvn
602,,2020/07/31,283,ravencoin,rvn
603,,2020/08/01,197,ravencoin,rvn
604,,2020/08/02,78,ravencoin,rvn
605,,2020/08/03,97,ravencoin,rvn
606,,2020/08/04,52,ravencoin,rvn
607,,2020/08/05,144,ravencoin,rvn
608,,2020/08/06,69,ravencoin,rvn
609,,2020/08/07,34,ravencoin,rvn
610,,2020/08/08,330,ravencoin,rvn
611,,2020/08/09,278,ravencoin,rvn
612,,2020/08/10,51,ravencoin,rvn
613,,2020/08/11,100,ravencoin,rvn
614,,2020/08/12,90,ravencoin,rvn
615,,2020/08/13,69,ravencoin,rvn
616,,2020/08/14,95,ravencoin,rvn
617,,2020/08/15,94,ravencoin,rvn
618,,2020/08/16,66,ravencoin,rvn
619,,2020/08/17,141,ravencoin,rvn
620,,2020/08/18,43,ravencoin,rvn
621,,2020/08/19,45,ravencoin,rvn
622,,2020/08/20,40,ravencoin,rvn
623,,2020/08/21,50,ravencoin,rvn
624,,2020/08/22,20,ravencoin,rvn
625,,2020/08/23,32,ravencoin,rvn
626,,2020/08/24,55,ravencoin,rvn
627,,2020/08/25,43,ravencoin,rvn
628,,2020/08/26,18,ravencoin,rvn
629,,2020/08/27,121,ravencoin,rvn
630,,2020/08/28,75,ravencoin,rvn
631,,2020/08/29,50,ravencoin,rvn
632,,2020/08/30,81,ravencoin,rvn
633,,2020/08/31,60,ravencoin,rvn
634,,2020/09/01,68,ravencoin,rvn
635,,2020/09/02,50,ravencoin,rvn
636,,2020/09/03,43,ravencoin,rvn
637,,2020/09/04,46,ravencoin,rvn
638,,2020/09/05,35,ravencoin,rvn
639,,2020/09/06,49,ravencoin,rvn
640,,2020/09/07,38,ravencoin,rvn
641,,2020/09/08,37,ravencoin,rvn
642,,2020/09/09,40,ravencoin,rvn
643,,2020/09/10,31,ravencoin,rvn
644,,2020/09/11,18,ravencoin,rvn
645,,2020/09/12,26,ravencoin,rvn
646,,2020/09/13,21,ravencoin,rvn
647,,2020/09/14,17,ravencoin,rvn
648,,2020/09/15,69,ravencoin,rvn
649,,2020/09/16,37,ravencoin,rvn
650,,2020/09/17,28,ravencoin,rvn
651,,2020/09/18,50,ravencoin,rvn
652,,2020/09/19,33,ravencoin,rvn
653,,2020/09/20,32,ravencoin,rvn
654,,2020/09/21,31,ravencoin,rvn
655,,2020/09/22,63,ravencoin,rvn
656,,2020/09/23,23,ravencoin,rvn
657,,2020/09/24,28,ravencoin,rvn
658,,2020/09/25,64,ravencoin,rvn
659,,2020/09/26,45,ravencoin,rvn
660,,2020/09/27,81,ravencoin,rvn
661,,2020/09/28,23,ravencoin,rvn
662,,2020/09/29,18,ravencoin,rvn
663,,2020/09/30,58,ravencoin,rvn
664,,2020/10/01,31,ravencoin,rvn
665,,2020/10/02,45,ravencoin,rvn
666,,2020/10/03,39,ravencoin,rvn
667,,2020/10/04,33,ravencoin,rvn
668,,2020/10/05,37,ravencoin,rvn
669,,2020/10/06,19,ravencoin,rvn
670,,2020/10/07,23,ravencoin,rvn
671,,2020/10/08,10,ravencoin,rvn
672,,2020/10/09,29,ravencoin,rvn
673,,2020/10/10,16,ravencoin,rvn
674,,2020/10/11,27,ravencoin,rvn
675,,2020/10/12,37,ravencoin,rvn
676,,2020/10/13,31,ravencoin,rvn
677,,2020/10/14,23,ravencoin,rvn
678,,2020/10/15,10,ravencoin,rvn
679,,2020/10/16,13,ravencoin,rvn
680,,2020/10/17,8,ravencoin,rvn
681,,2020/10/18,20,ravencoin,rvn
682,,2020/10/19,7,ravencoin,rvn
683,,2020/10/20,7,ravencoin,rvn
684,,2020/10/21,24,ravencoin,rvn
685,,2020/10/22,13,ravencoin,rvn
686,,2020/10/23,11,ravencoin,rvn
687,,2020/10/24,15,ravencoin,rvn
688,,2020/10/25,6,ravencoin,rvn
689,,2020/10/26,16,ravencoin,rvn
690,,2020/10/27,17,ravencoin,rvn
691,,2020/10/28,32,ravencoin,rvn
692,,2020/10/29,36,ravencoin,rvn
693,,2020/10/30,44,ravencoin,rvn
694,,2020/10/31,31,ravencoin,rvn
695,,2020/11/01,32,ravencoin,rvn
696,,2020/11/02,67,ravencoin,rvn
697,,2020/11/03,80,ravencoin,rvn
698,,2020/11/04,30,ravencoin,rvn
699,,2020/11/05,23,ravencoin,rvn
700,,2020/11/06,21,ravencoin,rvn
701,,2020/11/07,28,ravencoin,rvn
702,,2020/11/08,25,ravencoin,rvn
703,,2020/11/09,41,ravencoin,rvn
704,,2020/11/10,38,ravencoin,rvn
705,,2020/11/11,31,ravencoin,rvn
706,,2020/11/12,23,ravencoin,rvn
707,,2020/11/13,33,ravencoin,rvn
708,,2020/11/14,20,ravencoin,rvn
709,,2020/11/15,33,ravencoin,rvn
710,,2020/11/16,32,ravencoin,rvn
711,,2020/11/17,53,ravencoin,rvn
712,,2020/11/18,40,ravencoin,rvn
713,,2020/11/19,37,ravencoin,rvn
714,,2020/11/20,59,ravencoin,rvn
715,,2020/11/21,40,ravencoin,rvn
716,,2020/11/22,55,ravencoin,rvn
717,,2020/11/23,115,ravencoin,rvn
718,,2020/11/24,74,ravencoin,rvn
719,,2020/11/25,64,ravencoin,rvn
720,,2020/11/26,72,ravencoin,rvn
721,,2020/11/27,54,ravencoin,rvn
722,,2020/11/28,180,ravencoin,rvn
723,,2020/11/29,167,ravencoin,rvn
724,,2020/11/30,62,ravencoin,rvn
725,,2020/12/01,57,ravencoin,rvn
726,,2020/12/02,83,ravencoin,rvn
727,,2020/12/03,86,ravencoin,rvn
728,,2020/12/04,91,ravencoin,rvn
729,,2020/12/05,80,ravencoin,rvn
730,,2020/12/06,58,ravencoin,rvn
731,,2020/12/07,42,ravencoin,rvn
732,,2020/12/08,63,ravencoin,rvn
733,,2020/12/09,70,ravencoin,rvn
734,,2020/12/10,67,ravencoin,rvn
735,,2020/12/11,62,ravencoin,rvn
736,,2020/12/12,56,ravencoin,rvn
737,,2020/12/13,27,ravencoin,rvn
738,,2020/12/14,81,ravencoin,rvn
739,,2020/12/15,49,ravencoin,rvn
740,,2020/12/16,51,ravencoin,rvn
741,,2020/12/17,57,ravencoin,rvn
742,,2020/12/18,99,ravencoin,rvn
743,,2020/12/19,64,ravencoin,rvn
744,,2020/12/20,75,ravencoin,rvn
745,,2020/12/21,76,ravencoin,rvn
746,,2020/12/22,60,ravencoin,rvn
747,,2020/12/23,117,ravencoin,rvn
748,,2020/12/24,100,ravencoin,rvn
749,,2020/12/25,67,ravencoin,rvn
750,,2020/12/26,47,ravencoin,rvn
751,,2020/12/27,45,ravencoin,rvn
752,,2020/12/28,117,ravencoin,rvn
753,,2020/12/29,95,ravencoin,rvn
754,,2020/12/30,108,ravencoin,rvn
755,,2020/12/31,279,ravencoin,rvn
756,,2021/01/01,259,ravencoin,rvn
757,,2021/01/02,180,ravencoin,rvn
758,,2021/01/03,126,ravencoin,rvn
759,,2021/01/04,177,ravencoin,rvn
760,,2021/01/05,79,ravencoin,rvn
761,,2021/01/06,138,ravencoin,rvn
762,,2021/01/07,105,ravencoin,rvn
763,,2021/01/08,282,ravencoin,rvn
764,,2021/01/09,104,ravencoin,rvn
765,,2021/01/10,113,ravencoin,rvn
766,,2021/01/11,89,ravencoin,rvn
767,,2021/01/12,89,ravencoin,rvn
768,,2021/01/13,75,ravencoin,rvn
769,,2021/01/14,58,ravencoin,rvn
770,,2021/01/15,62,ravencoin,rvn
771,,2021/01/16,99,ravencoin,rvn
772,,2021/01/17,101,ravencoin,rvn
773,,2021/01/18,111,ravencoin,rvn
774,,2021/01/19,151,ravencoin,rvn
775,,2021/01/20,109,ravencoin,rvn
776,,2021/01/21,105,ravencoin,rvn
777,,2021/01/22,142,ravencoin,rvn
778,,2021/01/23,75,ravencoin,rvn
779,,2021/01/24,124,ravencoin,rvn
780,,2021/01/25,94,ravencoin,rvn
781,,2021/01/26,56,ravencoin,rvn
782,,2021/01/27,80,ravencoin,rvn
783,,2021/01/28,77,ravencoin,rvn
784,,2021/01/29,628,ravencoin,rvn
785,,2021/01/30,1097,ravencoin,rvn
786,,2021/01/31,800,ravencoin,rvn
787,,2021/02/01,320,ravencoin,rvn
788,,2021/02/02,191,ravencoin,rvn
789,,2021/02/03,552,ravencoin,rvn
790,,2021/02/04,457,ravencoin,rvn
791,,2021/02/05,873,ravencoin,rvn
792,,2021/02/06,650,ravencoin,rvn
793,,2021/02/07,682,ravencoin,rvn
794,,2021/02/08,532,ravencoin,rvn
795,,2021/02/09,864,ravencoin,rvn
796,,2021/02/10,798,ravencoin,rvn
797,,2021/02/11,611,ravencoin,rvn
798,,2021/02/12,708,ravencoin,rvn
799,,2021/02/13,823,ravencoin,rvn
800,,2021/02/14,1420,ravencoin,rvn
801,,2021/02/15,1037,ravencoin,rvn
802,,2021/02/16,682,ravencoin,rvn
803,,2021/02/17,622,ravencoin,rvn
804,,2021/02/18,904,ravencoin,rvn
805,,2021/02/19,1624,ravencoin,rvn
806,,2021/02/20,3745,ravencoin,rvn
807,,2021/02/21,1898,ravencoin,rvn
808,,2021/02/22,1219,ravencoin,rvn
809,,2021/02/23,1347,ravencoin,rvn
810,,2021/02/24,1326,ravencoin,rvn
811,,2021/02/25,857,ravencoin,rvn
812,,2021/02/26,829,ravencoin,rvn
813,,2021/02/27,720,ravencoin,rvn
814,,2021/02/28,736,ravencoin,rvn
815,,2021/03/01,1168,ravencoin,rvn
816,,2021/03/02,702,ravencoin,rvn
817,,2021/03/03,556,ravencoin,rvn
818,,2021/03/04,597,ravencoin,rvn
819,,2021/03/05,965,ravencoin,rvn
820,,2021/03/06,513,ravencoin,rvn
821,,2021/03/07,989,ravencoin,rvn
822,,2021/03/08,585,ravencoin,rvn
823,,2021/03/09,1064,ravencoin,rvn
824,,2021/03/10,819,ravencoin,rvn
825,,2021/03/11,561,ravencoin,rvn
826,,2021/03/12,700,ravencoin,rvn
827,,2021/03/13,563,ravencoin,rvn
828,,2021/03/14,651,ravencoin,rvn
829,,2021/03/15,1410,ravencoin,rvn
830,,2021/03/16,1465,ravencoin,rvn
831,,2021/03/17,744,ravencoin,rvn
832,,2021/03/18,714,ravencoin,rvn
833,,2021/03/19,673,ravencoin,rvn
834,,2021/03/20,853,ravencoin,rvn
835,,2021/03/21,550,ravencoin,rvn
836,,2021/03/22,441,ravencoin,rvn
837,,2021/03/23,463,ravencoin,rvn
838,,2021/03/24,529,ravencoin,rvn
839,,2021/03/25,979,ravencoin,rvn
840,,2021/03/26,722,ravencoin,rvn
841,,2021/03/27,816,ravencoin,rvn
842,,2021/03/28,743,ravencoin,rvn
843,,2021/03/29,660,ravencoin,rvn
844,,2021/03/30,716,ravencoin,rvn
845,,2021/03/31,483,ravencoin,rvn
846,,2021/04/01,665,ravencoin,rvn
847,,2021/04/02,214,ravencoin,rvn
848,,2021/04/03,653,ravencoin,rvn
849,,2021/04/04,547,ravencoin,rvn
850,,2021/04/05,239,ravencoin,rvn
851,,2021/04/06,266,ravencoin,rvn
852,,2021/04/07,435,ravencoin,rvn
853,,2021/04/08,437,ravencoin,rvn
854,,2021/04/09,621,ravencoin,rvn
855,,2021/04/10,544,ravencoin,rvn
856,,2021/04/11,599,ravencoin,rvn
857,,2021/04/12,475,ravencoin,rvn
858,,2021/04/13,543,ravencoin,rvn
859,,2021/04/14,1141,ravencoin,rvn
860,,2021/04/15,763,ravencoin,rvn
861,,2021/04/16,579,ravencoin,rvn
862,,2021/04/17,563,ravencoin,rvn
863,,2021/04/18,771,ravencoin,rvn
864,,2021/04/19,493,ravencoin,rvn
865,,2021/04/20,410,ravencoin,rvn
866,,2021/04/21,362,ravencoin,rvn
867,,2021/04/22,208,ravencoin,rvn
868,,2021/04/23,232,ravencoin,rvn
869,,2021/04/24,243,ravencoin,rvn
870,,2021/04/25,340,ravencoin,rvn
871,,2021/04/26,339,ravencoin,rvn
872,,2021/04/27,267,ravencoin,rvn
873,,2021/04/28,409,ravencoin,rvn
874,,2021/04/29,199,ravencoin,rvn
875,,2021/04/30,321,ravencoin,rvn
876,,2021/05/01,403,ravencoin,rvn
877,,2021/05/02,491,ravencoin,rvn
878,,2021/05/03,501,ravencoin,rvn
879,,2021/05/04,304,ravencoin,rvn
880,,2021/05/05,341,ravencoin,rvn
881,,2021/05/06,431,ravencoin,rvn
882,,2021/05/07,539,ravencoin,rvn
883,,2021/05/08,587,ravencoin,rvn
884,,2021/05/09,764,ravencoin,rvn
885,,2021/05/10,592,ravencoin,rvn
886,,2021/05/11,435,ravencoin,rvn
887,,2021/05/12,287,ravencoin,rvn
888,,2021/05/13,447,ravencoin,rvn
889,,2021/05/14,308,ravencoin,rvn
890,,2021/05/15,445,ravencoin,rvn
891,,2021/05/16,350,ravencoin,rvn
892,,2021/05/17,477,ravencoin,rvn
893,,2021/05/18,386,ravencoin,rvn
894,,2021/05/19,224,ravencoin,rvn
895,,2021/05/20,177,ravencoin,rvn
896,,2021/05/21,172,ravencoin,rvn
897,,2021/05/22,170,ravencoin,rvn
898,,2021/05/23,206,ravencoin,rvn
899,,2021/05/24,351,ravencoin,rvn
900,,2021/05/25,369,ravencoin,rvn
901,,2021/05/26,507,ravencoin,rvn
902,,2021/05/27,390,ravencoin,rvn
903,,2021/05/28,171,ravencoin,rvn
904,,2021/05/29,264,ravencoin,rvn
905,,2021/05/30,838,ravencoin,rvn
906,,2021/05/31,567,ravencoin,rvn
907,,2021/06/01,595,ravencoin,rvn
908,,2021/06/02,233,ravencoin,rvn
909,,2021/06/03,159,ravencoin,rvn
910,,2021/06/04,167,ravencoin,rvn
911,,2021/06/05,328,ravencoin,rvn
912,,2021/06/06,511,ravencoin,rvn
913,,2021/06/07,658,ravencoin,rvn
914,,2021/06/08,335,ravencoin,rvn
915,,2021/06/09,188,ravencoin,rvn
916,,2021/06/10,346,ravencoin,rvn
917,,2021/06/11,354,ravencoin,rvn
918,,2021/06/12,294,ravencoin,rvn
919,,2021/06/13,452,ravencoin,rvn
920,,2021/06/14,669,ravencoin,rvn
921,,2021/06/15,912,ravencoin,rvn
922,,2021/06/16,643,ravencoin,rvn
923,,2021/06/17,714,ravencoin,rvn
924,,2021/06/18,648,ravencoin,rvn
925,,2021/06/19,560,ravencoin,rvn
926,,2021/06/20,503,ravencoin,rvn
927,,2021/06/21,559,ravencoin,rvn
928,,2021/06/22,752,ravencoin,rvn
929,,2021/06/23,406,ravencoin,rvn
930,,2021/06/24,386,ravencoin,rvn
931,,2021/06/25,479,ravencoin,rvn
932,,2021/06/26,508,ravencoin,rvn
933,,2021/06/27,610,ravencoin,rvn
934,,2021/06/28,538,ravencoin,rvn
935,,2021/06/29,622,ravencoin,rvn
936,,2021/06/30,444,ravencoin,rvn
937,,2021/07/01,381,ravencoin,rvn
938,,2021/07/02,332,ravencoin,rvn
939,,2021/07/03,240,ravencoin,rvn
940,,2021/07/04,345,ravencoin,rvn
941,,2021/07/05,284,ravencoin,rvn
942,,2021/07/06,296,ravencoin,rvn
943,,2021/07/07,309,ravencoin,rvn
944,,2021/07/08,383,ravencoin,rvn
945,,2021/07/09,450,ravencoin,rvn
946,,2021/07/10,174,ravencoin,rvn
947,,2021/07/11,470,ravencoin,rvn
948,,2021/07/12,188,ravencoin,rvn
949,,2021/07/13,239,ravencoin,rvn
950,,2021/07/14,346,ravencoin,rvn
951,,2021/07/15,184,ravencoin,rvn
952,,2021/07/16,272,ravencoin,rvn
953,,2021/07/17,410,ravencoin,rvn
954,,2021/07/18,326,ravencoin,rvn
955,,2021/07/19,382,ravencoin,rvn
956,,2021/07/20,316,ravencoin,rvn
957,,2021/07/21,452,ravencoin,rvn
958,,2021/07/22,196,ravencoin,rvn
959,,2021/07/23,198,ravencoin,rvn
960,,2021/07/24,115,ravencoin,rvn
961,,2021/07/25,223,ravencoin,rvn
962,,2021/07/26,136,ravencoin,rvn
963,,2021/07/27,169,ravencoin,rvn
964,,2021/07/28,201,ravencoin,rvn
965,,2021/07/29,207,ravencoin,rvn
966,,2021/07/30,289,ravencoin,rvn
967,,2021/07/31,143,ravencoin,rvn
968,,2021/08/01,151,ravencoin,rvn
969,,2021/08/02,169,ravencoin,rvn
970,,2021/08/03,210,ravencoin,rvn
971,,2021/08/04,369,ravencoin,rvn
972,,2021/08/05,761,ravencoin,rvn
973,,2021/08/06,1176,ravencoin,rvn
974,,2021/08/07,919,ravencoin,rvn
975,,2021/08/08,648,ravencoin,rvn
976,,2021/08/09,980,ravencoin,rvn
977,,2021/08/10,1305,ravencoin,rvn
978,,2021/08/11,1497,ravencoin,rvn
979,,2021/08/12,919,ravencoin,rvn
980,,2021/08/13,828,ravencoin,rvn
981,,2021/08/14,610,ravencoin,rvn
982,,2021/08/15,581,ravencoin,rvn
983,,2021/08/16,472,ravencoin,rvn
984,,2021/08/17,275,ravencoin,rvn
985,,2021/08/18,618,ravencoin,rvn
986,,2021/08/19,413,ravencoin,rvn
987,,2021/08/20,686,ravencoin,rvn
988,,2021/08/21,467,ravencoin,rvn
989,,2021/08/22,445,ravencoin,rvn
990,,2021/08/23,588,ravencoin,rvn
991,,2021/08/24,535,ravencoin,rvn
992,,2021/08/25,588,ravencoin,rvn
993,,2021/08/26,488,ravencoin,rvn
994,,2021/08/27,399,ravencoin,rvn
995,,2021/08/28,918,ravencoin,rvn
996,,2021/08/29,552,ravencoin,rvn
997,,2021/08/30,963,ravencoin,rvn
998,,2021/08/31,1037,ravencoin,rvn
999,,2021/09/01,1285,ravencoin,rvn
1000,,2021/09/02,1321,ravencoin,rvn
1001,,2021/09/03,888,ravencoin,rvn
1002,,2021/09/04,1601,ravencoin,rvn
1003,,2021/09/05,1409,ravencoin,rvn
1004,,2021/09/06,967,ravencoin,rvn
1005,,2021/09/07,864,ravencoin,rvn
1006,,2021/09/08,690,ravencoin,rvn
1007,,2021/09/09,856,ravencoin,rvn
1008,,2021/09/10,722,ravencoin,rvn
1009,,2021/09/11,565,ravencoin,rvn
1010,,2021/09/12,766,ravencoin,rvn
1011,,2021/09/13,728,ravencoin,rvn
1012,,2021/09/14,711,ravencoin,rvn
1013,,2021/09/15,780,ravencoin,rvn
1014,,2021/09/16,617,ravencoin,rvn
1015,,2021/09/17,654,ravencoin,rvn
1016,,2021/09/18,472,ravencoin,rvn
1017,,2021/09/19,708,ravencoin,rvn
1018,,2021/09/20,428,ravencoin,rvn
1019,,2021/09/21,546,ravencoin,rvn
1020,,2021/09/22,806,ravencoin,rvn
1021,,2021/09/23,1138,ravencoin,rvn
1022,,2021/09/24,854,ravencoin,rvn
1023,,2021/09/25,719,ravencoin,rvn
1024,,2021/09/26,455,ravencoin,rvn
1025,,2021/09/27,414,ravencoin,rvn
1026,,2021/09/28,343,ravencoin,rvn
1027,,2021/09/29,638,ravencoin,rvn
1028,,2021/09/30,481,ravencoin,rvn
1029,,2021/10/01,677,ravencoin,rvn
1030,,2021/10/02,527,ravencoin,rvn
1031,,2021/10/03,583,ravencoin,rvn
1032,,2021/10/04,577,ravencoin,rvn
1033,,2021/10/05,1043,ravencoin,rvn
1034,,2021/10/06,704,ravencoin,rvn
1035,,2021/10/07,516,ravencoin,rvn
1036,,2021/10/08,682,ravencoin,rvn
1037,,2021/10/09,853,ravencoin,rvn
1038,,2021/10/10,431,ravencoin,rvn
1039,,2021/10/11,631,ravencoin,rvn
1040,,2021/10/12,981,ravencoin,rvn
1041,,2021/10/13,634,ravencoin,rvn
1042,,2021/10/14,758,ravencoin,rvn
1043,,2021/10/15,867,ravencoin,rvn
1044,,2021/10/16,1136,ravencoin,rvn
1045,,2021/10/17,805,ravencoin,rvn
1046,,2021/10/18,900,ravencoin,rvn
1047,,2021/10/19,932,ravencoin,rvn
1048,,2021/10/20,1251,ravencoin,rvn
1049,,2021/10/21,1611,ravencoin,rvn
1050,,2021/10/22,1022,ravencoin,rvn
1051,,2021/10/23,740,ravencoin,rvn
1052,,2021/10/24,453,ravencoin,rvn
1053,,2021/10/25,551,ravencoin,rvn
1054,,2021/10/26,599,ravencoin,rvn
1055,,2021/10/27,400,ravencoin,rvn
1056,,2021/10/28,469,ravencoin,rvn
1057,,2021/10/29,603,ravencoin,rvn
1058,,2021/10/30,615,ravencoin,rvn
1059,,2021/10/31,789,ravencoin,rvn
1060,,2021/11/01,841,ravencoin,rvn
1061,,2021/11/02,857,ravencoin,rvn
1062,,2021/11/03,864,ravencoin,rvn
1063,,2021/11/04,782,ravencoin,rvn
1064,,2021/11/05,782,ravencoin,rvn
1065,,2021/11/06,730,ravencoin,rvn
1066,,2021/11/07,490,ravencoin,rvn
1067,,2021/11/08,648,ravencoin,rvn
1068,,2021/11/09,491,ravencoin,rvn
1069,,2021/11/10,585,ravencoin,rvn
1070,,2021/11/11,670,ravencoin,rvn
1071,,2021/11/12,667,ravencoin,rvn
1072,,2021/11/13,729,ravencoin,rvn
1073,,2021/11/14,851,ravencoin,rvn
1074,,2021/11/15,875,ravencoin,rvn
1075,,2021/11/16,326,ravencoin,rvn
