,google_trends,date,tweets,full_name,coin
0,,2018/12/11,3,rccc,rccc
1,,2018/12/12,null,rccc,rccc
2,,2018/12/13,null,rccc,rccc
3,,2018/12/14,2,rccc,rccc
4,,2018/12/15,null,rccc,rccc
5,,2018/12/16,1,rccc,rccc
6,,2018/12/17,null,rccc,rccc
7,,2018/12/18,null,rccc,rccc
8,,2018/12/19,null,rccc,rccc
9,,2018/12/20,null,rccc,rccc
10,,2018/12/21,4,rccc,rccc
11,,2018/12/22,null,rccc,rccc
12,,2018/12/23,null,rccc,rccc
13,,2018/12/24,null,rccc,rccc
14,,2018/12/25,null,rccc,rccc
15,,2018/12/26,3,rccc,rccc
16,,2018/12/27,null,rccc,rccc
17,,2018/12/28,1,rccc,rccc
18,,2018/12/29,null,rccc,rccc
19,,2018/12/30,3,rccc,rccc
20,,2018/12/31,null,rccc,rccc
21,,2019/01/01,1,rccc,rccc
22,,2019/01/02,null,rccc,rccc
23,,2019/01/03,null,rccc,rccc
24,,2019/01/04,null,rccc,rccc
25,,2019/01/05,null,rccc,rccc
26,,2019/01/06,1,rccc,rccc
27,,2019/01/07,1,rccc,rccc
28,,2019/01/08,1,rccc,rccc
29,,2019/01/09,null,rccc,rccc
30,,2019/01/10,4,rccc,rccc
31,,2019/01/11,2,rccc,rccc
32,,2019/01/12,1,rccc,rccc
33,,2019/01/13,null,rccc,rccc
34,,2019/01/14,null,rccc,rccc
35,,2019/01/15,null,rccc,rccc
36,,2019/01/16,null,rccc,rccc
37,,2019/01/17,null,rccc,rccc
38,,2019/01/18,null,rccc,rccc
39,,2019/01/19,1,rccc,rccc
40,,2019/01/20,null,rccc,rccc
41,,2019/01/21,1,rccc,rccc
42,,2019/01/22,2,rccc,rccc
43,,2019/01/23,null,rccc,rccc
44,,2019/01/24,1,rccc,rccc
45,,2019/01/25,null,rccc,rccc
46,,2019/01/26,7,rccc,rccc
47,,2019/01/27,1,rccc,rccc
48,,2019/01/28,2,rccc,rccc
49,,2019/01/29,1,rccc,rccc
50,,2019/01/30,null,rccc,rccc
51,,2019/01/31,1,rccc,rccc
52,,2019/02/01,null,rccc,rccc
53,,2019/02/02,5,rccc,rccc
54,,2019/02/03,6,rccc,rccc
55,,2019/02/04,1,rccc,rccc
56,,2019/02/05,1,rccc,rccc
57,,2019/02/06,6,rccc,rccc
58,,2019/02/07,4,rccc,rccc
59,,2019/02/08,5,rccc,rccc
60,,2019/02/09,1,rccc,rccc
61,,2019/02/10,null,rccc,rccc
62,,2019/02/11,1,rccc,rccc
63,,2019/02/12,null,rccc,rccc
64,,2019/02/13,1,rccc,rccc
65,,2019/02/14,1,rccc,rccc
66,,2019/02/15,3,rccc,rccc
67,,2019/02/16,2,rccc,rccc
68,,2019/02/17,null,rccc,rccc
69,,2019/02/18,1,rccc,rccc
70,,2019/02/19,2,rccc,rccc
71,,2019/02/20,null,rccc,rccc
72,,2019/02/21,1,rccc,rccc
73,,2019/02/22,5,rccc,rccc
74,,2019/02/23,2,rccc,rccc
75,,2019/02/24,1,rccc,rccc
76,,2019/02/25,null,rccc,rccc
77,,2019/02/26,1,rccc,rccc
78,,2019/02/27,1,rccc,rccc
79,,2019/02/28,6,rccc,rccc
80,,2019/03/01,1,rccc,rccc
81,,2019/03/02,2,rccc,rccc
82,,2019/03/03,null,rccc,rccc
83,,2019/03/04,null,rccc,rccc
84,,2019/03/05,1,rccc,rccc
85,,2019/03/06,7,rccc,rccc
86,,2019/03/07,1,rccc,rccc
87,,2019/03/08,null,rccc,rccc
88,,2019/03/09,3,rccc,rccc
89,,2019/03/10,3,rccc,rccc
90,,2019/03/11,null,rccc,rccc
91,,2019/03/12,null,rccc,rccc
92,,2019/03/13,null,rccc,rccc
93,,2019/03/14,null,rccc,rccc
94,,2019/03/15,null,rccc,rccc
95,,2019/03/16,null,rccc,rccc
96,,2019/03/17,1,rccc,rccc
97,,2019/03/18,null,rccc,rccc
98,,2019/03/19,10,rccc,rccc
99,,2019/03/20,1,rccc,rccc
100,,2019/03/21,null,rccc,rccc
101,,2019/03/22,null,rccc,rccc
102,,2019/03/23,null,rccc,rccc
103,,2019/03/24,null,rccc,rccc
104,,2019/03/25,3,rccc,rccc
105,,2019/03/26,1,rccc,rccc
106,,2019/03/27,null,rccc,rccc
107,,2019/03/28,1,rccc,rccc
108,,2019/03/29,null,rccc,rccc
109,,2019/03/30,null,rccc,rccc
110,,2019/03/31,3,rccc,rccc
111,,2019/04/01,null,rccc,rccc
112,,2019/04/02,null,rccc,rccc
113,,2019/04/03,null,rccc,rccc
114,,2019/04/04,null,rccc,rccc
115,,2019/04/05,7,rccc,rccc
116,,2019/04/06,null,rccc,rccc
117,,2019/04/07,null,rccc,rccc
118,,2019/04/08,null,rccc,rccc
119,,2019/04/09,1,rccc,rccc
120,,2019/04/10,1,rccc,rccc
121,,2019/04/11,null,rccc,rccc
122,,2019/04/12,null,rccc,rccc
123,,2019/04/13,null,rccc,rccc
124,,2019/04/14,null,rccc,rccc
125,,2019/04/15,3,rccc,rccc
126,,2019/04/16,null,rccc,rccc
127,,2019/04/17,1,rccc,rccc
128,,2019/04/18,1,rccc,rccc
129,,2019/04/19,null,rccc,rccc
130,,2019/04/20,null,rccc,rccc
131,,2019/04/21,1,rccc,rccc
132,,2019/04/22,1,rccc,rccc
133,,2019/04/23,1,rccc,rccc
134,,2019/04/24,null,rccc,rccc
135,,2019/04/25,3,rccc,rccc
136,,2019/04/26,1,rccc,rccc
137,,2019/04/27,null,rccc,rccc
138,,2019/04/28,null,rccc,rccc
139,,2019/04/29,null,rccc,rccc
140,,2019/04/30,null,rccc,rccc
141,,2019/05/01,1,rccc,rccc
142,,2019/05/02,1,rccc,rccc
143,,2019/05/03,1,rccc,rccc
144,,2019/05/04,9,rccc,rccc
145,,2019/05/05,null,rccc,rccc
146,,2019/05/06,null,rccc,rccc
147,,2019/05/07,null,rccc,rccc
148,,2019/05/08,null,rccc,rccc
149,,2019/05/09,1,rccc,rccc
150,,2019/05/10,null,rccc,rccc
151,,2019/05/11,null,rccc,rccc
152,,2019/05/12,null,rccc,rccc
153,,2019/05/13,null,rccc,rccc
154,,2019/05/14,null,rccc,rccc
155,,2019/05/15,null,rccc,rccc
156,,2019/05/16,1,rccc,rccc
157,,2019/05/17,null,rccc,rccc
158,,2019/05/18,2,rccc,rccc
159,,2019/05/19,null,rccc,rccc
160,,2019/05/20,null,rccc,rccc
161,,2019/05/21,null,rccc,rccc
162,,2019/05/22,1,rccc,rccc
163,,2019/05/23,2,rccc,rccc
164,,2019/05/24,null,rccc,rccc
165,,2019/05/25,null,rccc,rccc
166,,2019/05/26,null,rccc,rccc
167,,2019/05/27,null,rccc,rccc
168,,2019/05/28,null,rccc,rccc
169,,2019/05/29,null,rccc,rccc
170,,2019/05/30,2,rccc,rccc
171,,2019/05/31,3,rccc,rccc
172,,2019/06/01,1,rccc,rccc
173,,2019/06/02,null,rccc,rccc
174,,2019/06/03,1,rccc,rccc
175,,2019/06/04,7,rccc,rccc
176,,2019/06/05,3,rccc,rccc
177,,2019/06/06,2,rccc,rccc
178,,2019/06/07,3,rccc,rccc
179,,2019/06/08,null,rccc,rccc
180,,2019/06/09,3,rccc,rccc
181,,2019/06/10,null,rccc,rccc
182,,2019/06/11,null,rccc,rccc
183,,2019/06/12,null,rccc,rccc
184,,2019/06/13,null,rccc,rccc
185,,2019/06/14,null,rccc,rccc
186,,2019/06/15,null,rccc,rccc
187,,2019/06/16,null,rccc,rccc
188,,2019/06/17,1,rccc,rccc
189,,2019/06/18,null,rccc,rccc
190,,2019/06/19,1,rccc,rccc
191,,2019/06/20,2,rccc,rccc
192,,2019/06/21,null,rccc,rccc
193,,2019/06/22,null,rccc,rccc
194,,2019/06/23,null,rccc,rccc
195,,2019/06/24,1,rccc,rccc
196,,2019/06/25,1,rccc,rccc
197,,2019/06/26,1,rccc,rccc
198,,2019/06/27,null,rccc,rccc
199,,2019/06/28,6,rccc,rccc
200,,2019/06/29,3,rccc,rccc
201,,2019/06/30,null,rccc,rccc
202,,2019/07/01,null,rccc,rccc
203,,2019/07/02,null,rccc,rccc
204,,2019/07/03,1,rccc,rccc
205,,2019/07/04,null,rccc,rccc
206,,2019/07/05,null,rccc,rccc
207,,2019/07/06,null,rccc,rccc
208,,2019/07/07,1,rccc,rccc
209,,2019/07/08,null,rccc,rccc
210,,2019/07/09,1,rccc,rccc
211,,2019/07/10,1,rccc,rccc
212,,2019/07/11,2,rccc,rccc
213,,2019/07/12,null,rccc,rccc
214,,2019/07/13,3,rccc,rccc
215,,2019/07/14,5,rccc,rccc
216,,2019/07/15,2,rccc,rccc
217,,2019/07/16,2,rccc,rccc
218,,2019/07/17,2,rccc,rccc
219,,2019/07/18,2,rccc,rccc
220,,2019/07/19,null,rccc,rccc
221,,2019/07/20,null,rccc,rccc
222,,2019/07/21,1,rccc,rccc
223,,2019/07/22,2,rccc,rccc
224,,2019/07/23,1,rccc,rccc
225,,2019/07/24,null,rccc,rccc
226,,2019/07/25,null,rccc,rccc
227,,2019/07/26,1,rccc,rccc
228,,2019/07/27,null,rccc,rccc
229,,2019/07/28,null,rccc,rccc
230,,2019/07/29,1,rccc,rccc
231,,2019/07/30,1,rccc,rccc
232,,2019/07/31,2,rccc,rccc
233,,2019/08/01,null,rccc,rccc
234,,2019/08/02,null,rccc,rccc
235,,2019/08/03,2,rccc,rccc
236,,2019/08/04,null,rccc,rccc
237,,2019/08/05,null,rccc,rccc
238,,2019/08/06,1,rccc,rccc
239,,2019/08/07,1,rccc,rccc
240,,2019/08/08,1,rccc,rccc
241,,2019/08/09,2,rccc,rccc
242,,2019/08/10,null,rccc,rccc
243,,2019/08/11,4,rccc,rccc
244,,2019/08/12,2,rccc,rccc
245,,2019/08/13,2,rccc,rccc
246,,2019/08/14,6,rccc,rccc
247,,2019/08/15,1,rccc,rccc
248,,2019/08/16,6,rccc,rccc
249,,2019/08/17,3,rccc,rccc
250,,2019/08/18,1,rccc,rccc
251,,2019/08/19,1,rccc,rccc
252,,2019/08/20,1,rccc,rccc
253,,2019/08/21,5,rccc,rccc
254,,2019/08/22,3,rccc,rccc
255,,2019/08/23,5,rccc,rccc
256,,2019/08/24,null,rccc,rccc
257,,2019/08/25,1,rccc,rccc
258,,2019/08/26,2,rccc,rccc
259,,2019/08/27,1,rccc,rccc
260,,2019/08/28,7,rccc,rccc
261,,2019/08/29,12,rccc,rccc
262,,2019/08/30,7,rccc,rccc
263,,2019/08/31,5,rccc,rccc
264,,2019/09/01,2,rccc,rccc
265,,2019/09/02,4,rccc,rccc
266,,2019/09/03,13,rccc,rccc
267,,2019/09/04,8,rccc,rccc
268,,2019/09/05,10,rccc,rccc
269,,2019/09/06,11,rccc,rccc
270,,2019/09/07,16,rccc,rccc
271,,2019/09/08,7,rccc,rccc
272,,2019/09/09,10,rccc,rccc
273,,2019/09/10,27,rccc,rccc
274,,2019/09/11,43,rccc,rccc
275,,2019/09/12,63,rccc,rccc
276,,2019/09/13,262,rccc,rccc
277,,2019/09/14,375,rccc,rccc
278,,2019/09/15,568,rccc,rccc
279,,2019/09/16,401,rccc,rccc
280,,2019/09/17,137,rccc,rccc
281,,2019/09/18,34,rccc,rccc
282,,2019/09/19,24,rccc,rccc
283,,2019/09/20,27,rccc,rccc
284,,2019/09/21,17,rccc,rccc
285,,2019/09/22,22,rccc,rccc
286,,2019/09/23,6,rccc,rccc
287,,2019/09/24,4,rccc,rccc
288,,2019/09/25,5,rccc,rccc
289,,2019/09/26,4,rccc,rccc
290,,2019/09/27,11,rccc,rccc
291,,2019/09/28,2,rccc,rccc
292,,2019/09/29,2,rccc,rccc
293,,2019/09/30,7,rccc,rccc
294,,2019/10/01,null,rccc,rccc
295,,2019/10/02,3,rccc,rccc
296,,2019/10/03,3,rccc,rccc
297,,2019/10/04,4,rccc,rccc
298,,2019/10/05,3,rccc,rccc
299,,2019/10/06,2,rccc,rccc
300,,2019/10/07,3,rccc,rccc
301,,2019/10/08,1,rccc,rccc
302,,2019/10/09,null,rccc,rccc
303,,2019/10/10,6,rccc,rccc
304,,2019/10/11,3,rccc,rccc
305,,2019/10/12,2,rccc,rccc
306,,2019/10/13,null,rccc,rccc
307,,2019/10/14,2,rccc,rccc
308,,2019/10/15,2,rccc,rccc
309,,2019/10/16,7,rccc,rccc
310,,2019/10/17,6,rccc,rccc
311,,2019/10/18,1,rccc,rccc
312,,2019/10/19,null,rccc,rccc
313,,2019/10/20,3,rccc,rccc
314,,2019/10/21,null,rccc,rccc
315,,2019/10/22,4,rccc,rccc
316,,2019/10/23,null,rccc,rccc
317,,2019/10/24,null,rccc,rccc
318,,2019/10/25,null,rccc,rccc
319,,2019/10/26,4,rccc,rccc
320,,2019/10/27,null,rccc,rccc
321,,2019/10/28,36,rccc,rccc
322,,2019/10/29,5,rccc,rccc
323,,2019/10/30,2,rccc,rccc
324,,2019/10/31,null,rccc,rccc
325,,2019/11/01,null,rccc,rccc
326,,2019/11/02,1,rccc,rccc
327,,2019/11/03,null,rccc,rccc
328,,2019/11/04,null,rccc,rccc
329,,2019/11/05,6,rccc,rccc
330,,2019/11/06,null,rccc,rccc
331,,2019/11/07,null,rccc,rccc
332,,2019/11/08,null,rccc,rccc
333,,2019/11/09,1,rccc,rccc
334,,2019/11/10,1,rccc,rccc
335,,2019/11/11,null,rccc,rccc
336,,2019/11/12,null,rccc,rccc
337,,2019/11/13,1,rccc,rccc
338,,2019/11/14,null,rccc,rccc
339,,2019/11/15,null,rccc,rccc
340,,2019/11/16,null,rccc,rccc
341,,2019/11/17,1,rccc,rccc
342,,2019/11/18,null,rccc,rccc
343,,2019/11/19,null,rccc,rccc
344,,2019/11/20,2,rccc,rccc
345,,2019/11/21,null,rccc,rccc
346,,2019/11/22,2,rccc,rccc
347,,2019/11/23,2,rccc,rccc
348,,2019/11/24,1,rccc,rccc
349,,2019/11/25,null,rccc,rccc
350,,2019/11/26,1,rccc,rccc
351,,2019/11/27,1,rccc,rccc
352,,2019/11/28,null,rccc,rccc
353,,2019/11/29,2,rccc,rccc
354,,2019/11/30,1,rccc,rccc
355,,2019/12/01,1,rccc,rccc
356,,2019/12/02,3,rccc,rccc
357,,2019/12/03,null,rccc,rccc
358,,2019/12/04,null,rccc,rccc
359,,2019/12/05,null,rccc,rccc
360,,2019/12/06,null,rccc,rccc
361,,2019/12/07,null,rccc,rccc
362,,2019/12/08,1,rccc,rccc
363,,2019/12/09,1,rccc,rccc
364,,2019/12/10,null,rccc,rccc
365,,2019/12/11,1,rccc,rccc
366,,2019/12/12,1,rccc,rccc
367,,2019/12/13,null,rccc,rccc
368,,2019/12/14,3,rccc,rccc
369,,2019/12/15,2,rccc,rccc
370,,2019/12/16,1,rccc,rccc
371,,2019/12/17,null,rccc,rccc
372,,2019/12/18,null,rccc,rccc
373,,2019/12/19,1,rccc,rccc
374,,2019/12/20,null,rccc,rccc
375,,2019/12/21,1,rccc,rccc
376,,2019/12/22,null,rccc,rccc
377,,2019/12/23,null,rccc,rccc
378,,2019/12/24,null,rccc,rccc
379,,2019/12/25,null,rccc,rccc
380,,2019/12/26,2,rccc,rccc
381,,2019/12/27,3,rccc,rccc
382,,2019/12/28,null,rccc,rccc
383,,2019/12/29,1,rccc,rccc
384,,2019/12/30,1,rccc,rccc
385,,2019/12/31,null,rccc,rccc
386,,2020/01/01,1,rccc,rccc
387,,2020/01/02,null,rccc,rccc
388,,2020/01/03,null,rccc,rccc
389,,2020/01/04,null,rccc,rccc
390,,2020/01/05,1,rccc,rccc
391,,2020/01/06,3,rccc,rccc
392,,2020/01/07,null,rccc,rccc
393,,2020/01/08,null,rccc,rccc
394,,2020/01/09,null,rccc,rccc
395,,2020/01/10,null,rccc,rccc
396,,2020/01/11,null,rccc,rccc
397,,2020/01/12,null,rccc,rccc
398,,2020/01/13,null,rccc,rccc
399,,2020/01/14,null,rccc,rccc
400,,2020/01/15,null,rccc,rccc
401,,2020/01/16,null,rccc,rccc
402,,2020/01/17,null,rccc,rccc
403,,2020/01/18,null,rccc,rccc
404,,2020/01/19,null,rccc,rccc
405,,2020/01/20,null,rccc,rccc
406,,2020/01/21,3,rccc,rccc
407,,2020/01/22,3,rccc,rccc
408,,2020/01/23,1,rccc,rccc
409,,2020/01/24,4,rccc,rccc
410,,2020/01/25,1,rccc,rccc
411,,2020/01/26,null,rccc,rccc
412,,2020/01/27,null,rccc,rccc
413,,2020/01/28,null,rccc,rccc
414,,2020/01/29,null,rccc,rccc
415,,2020/01/30,null,rccc,rccc
416,,2020/01/31,null,rccc,rccc
417,,2020/02/01,1,rccc,rccc
418,,2020/02/02,null,rccc,rccc
419,,2020/02/03,null,rccc,rccc
420,,2020/02/04,null,rccc,rccc
421,,2020/02/05,null,rccc,rccc
422,,2020/02/06,1,rccc,rccc
423,,2020/02/07,null,rccc,rccc
424,,2020/02/08,1,rccc,rccc
425,,2020/02/09,null,rccc,rccc
426,,2020/02/10,1,rccc,rccc
427,,2020/02/11,null,rccc,rccc
428,,2020/02/12,null,rccc,rccc
429,,2020/02/13,null,rccc,rccc
430,,2020/02/14,null,rccc,rccc
431,,2020/02/15,null,rccc,rccc
432,,2020/02/16,null,rccc,rccc
433,,2020/02/17,null,rccc,rccc
434,,2020/02/18,null,rccc,rccc
435,,2020/02/19,null,rccc,rccc
436,,2020/02/20,null,rccc,rccc
437,,2020/02/21,1,rccc,rccc
438,,2020/02/22,null,rccc,rccc
439,,2020/02/23,null,rccc,rccc
440,,2020/02/24,null,rccc,rccc
441,,2020/02/25,9,rccc,rccc
442,,2020/02/26,3,rccc,rccc
443,,2020/02/27,null,rccc,rccc
444,,2020/02/28,null,rccc,rccc
445,,2020/02/29,1,rccc,rccc
446,,2020/03/01,1,rccc,rccc
447,,2020/03/02,59,rccc,rccc
448,,2020/03/03,16,rccc,rccc
449,,2020/03/04,1,rccc,rccc
450,,2020/03/05,1,rccc,rccc
451,,2020/03/06,1,rccc,rccc
452,,2020/03/07,null,rccc,rccc
453,,2020/03/08,4,rccc,rccc
454,,2020/03/09,null,rccc,rccc
455,,2020/03/10,null,rccc,rccc
456,,2020/03/11,null,rccc,rccc
457,,2020/03/12,null,rccc,rccc
458,,2020/03/13,1,rccc,rccc
459,,2020/03/14,null,rccc,rccc
460,,2020/03/15,null,rccc,rccc
461,,2020/03/16,null,rccc,rccc
462,,2020/03/17,null,rccc,rccc
463,,2020/03/18,null,rccc,rccc
464,,2020/03/19,null,rccc,rccc
465,,2020/03/20,null,rccc,rccc
466,,2020/03/21,null,rccc,rccc
467,,2020/03/22,null,rccc,rccc
468,,2020/03/23,null,rccc,rccc
469,,2020/03/24,null,rccc,rccc
470,,2020/03/25,null,rccc,rccc
471,,2020/03/26,null,rccc,rccc
472,,2020/03/27,null,rccc,rccc
473,,2020/03/28,null,rccc,rccc
474,,2020/03/29,null,rccc,rccc
475,,2020/03/30,1,rccc,rccc
476,,2020/03/31,null,rccc,rccc
477,,2020/04/01,null,rccc,rccc
478,,2020/04/02,null,rccc,rccc
479,,2020/04/03,null,rccc,rccc
480,,2020/04/04,null,rccc,rccc
481,,2020/04/05,null,rccc,rccc
482,,2020/04/06,null,rccc,rccc
483,,2020/04/07,1,rccc,rccc
484,,2020/04/08,null,rccc,rccc
485,,2020/04/09,null,rccc,rccc
486,,2020/04/10,null,rccc,rccc
487,,2020/04/11,null,rccc,rccc
488,,2020/04/12,null,rccc,rccc
489,,2020/04/13,null,rccc,rccc
490,,2020/04/14,null,rccc,rccc
491,,2020/04/15,null,rccc,rccc
492,,2020/04/16,null,rccc,rccc
493,,2020/04/17,null,rccc,rccc
494,,2020/04/18,null,rccc,rccc
495,,2020/04/19,38,rccc,rccc
496,,2020/04/20,7,rccc,rccc
497,,2020/04/21,1,rccc,rccc
498,,2020/04/22,null,rccc,rccc
499,,2020/04/23,null,rccc,rccc
500,,2020/04/24,1,rccc,rccc
501,,2020/04/25,1,rccc,rccc
502,,2020/04/26,1,rccc,rccc
503,,2020/04/27,null,rccc,rccc
504,,2020/04/28,null,rccc,rccc
505,,2020/04/29,null,rccc,rccc
506,,2020/04/30,4,rccc,rccc
507,,2020/05/01,null,rccc,rccc
508,,2020/05/02,null,rccc,rccc
509,,2020/05/03,null,rccc,rccc
510,,2020/05/04,null,rccc,rccc
511,,2020/05/05,null,rccc,rccc
512,,2020/05/06,null,rccc,rccc
513,,2020/05/07,null,rccc,rccc
514,,2020/05/08,null,rccc,rccc
515,,2020/05/09,null,rccc,rccc
516,,2020/05/10,null,rccc,rccc
517,,2020/05/11,null,rccc,rccc
518,,2020/05/12,null,rccc,rccc
519,,2020/05/13,null,rccc,rccc
520,,2020/05/14,null,rccc,rccc
521,,2020/05/15,null,rccc,rccc
522,,2020/05/16,null,rccc,rccc
523,,2020/05/17,null,rccc,rccc
524,,2020/05/18,null,rccc,rccc
525,,2020/05/19,null,rccc,rccc
526,,2020/05/20,null,rccc,rccc
527,,2020/05/21,null,rccc,rccc
528,,2020/05/22,null,rccc,rccc
529,,2020/05/23,null,rccc,rccc
530,,2020/05/24,null,rccc,rccc
531,,2020/05/25,null,rccc,rccc
532,,2020/05/26,null,rccc,rccc
533,,2020/05/27,null,rccc,rccc
534,,2020/05/28,null,rccc,rccc
535,,2020/05/29,null,rccc,rccc
536,,2020/05/30,null,rccc,rccc
537,,2020/05/31,null,rccc,rccc
538,,2020/06/01,null,rccc,rccc
539,,2020/06/02,null,rccc,rccc
540,,2020/06/03,null,rccc,rccc
541,,2020/06/04,null,rccc,rccc
542,,2020/06/05,null,rccc,rccc
543,,2020/06/06,null,rccc,rccc
544,,2020/06/07,null,rccc,rccc
545,,2020/06/08,null,rccc,rccc
546,,2020/06/09,null,rccc,rccc
547,,2020/06/10,null,rccc,rccc
548,,2020/06/11,null,rccc,rccc
549,,2020/06/12,null,rccc,rccc
550,,2020/06/13,null,rccc,rccc
551,,2020/06/14,null,rccc,rccc
552,,2020/06/15,null,rccc,rccc
553,,2020/06/16,null,rccc,rccc
554,,2020/06/17,null,rccc,rccc
555,,2020/06/18,null,rccc,rccc
556,,2020/06/19,null,rccc,rccc
557,,2020/06/20,null,rccc,rccc
558,,2020/06/21,null,rccc,rccc
559,,2020/06/22,null,rccc,rccc
560,,2020/06/23,null,rccc,rccc
561,,2020/06/24,null,rccc,rccc
562,,2020/06/25,null,rccc,rccc
563,,2020/06/26,null,rccc,rccc
564,,2020/06/27,null,rccc,rccc
565,,2020/06/28,null,rccc,rccc
566,,2020/06/29,null,rccc,rccc
567,,2020/06/30,null,rccc,rccc
568,,2020/07/01,null,rccc,rccc
569,,2020/07/02,null,rccc,rccc
570,,2020/07/03,null,rccc,rccc
571,,2020/07/04,null,rccc,rccc
572,,2020/07/05,null,rccc,rccc
573,,2020/07/06,null,rccc,rccc
574,,2020/07/07,null,rccc,rccc
575,,2020/07/08,null,rccc,rccc
576,,2020/07/09,null,rccc,rccc
577,,2020/07/10,null,rccc,rccc
578,,2020/07/11,null,rccc,rccc
579,,2020/07/12,null,rccc,rccc
580,,2020/07/13,null,rccc,rccc
581,,2020/07/14,null,rccc,rccc
582,,2020/07/15,null,rccc,rccc
583,,2020/07/16,5,rccc,rccc
584,,2020/07/17,null,rccc,rccc
585,,2020/07/18,null,rccc,rccc
586,,2020/07/19,5,rccc,rccc
587,,2020/07/20,3,rccc,rccc
588,,2020/07/21,null,rccc,rccc
589,,2020/07/22,null,rccc,rccc
590,,2020/07/23,null,rccc,rccc
591,,2020/07/24,null,rccc,rccc
592,,2020/07/25,null,rccc,rccc
593,,2020/07/26,null,rccc,rccc
594,,2020/07/27,null,rccc,rccc
595,,2020/07/28,null,rccc,rccc
596,,2020/07/29,null,rccc,rccc
597,,2020/07/30,null,rccc,rccc
598,,2020/07/31,null,rccc,rccc
599,,2020/08/01,null,rccc,rccc
600,,2020/08/02,null,rccc,rccc
601,,2020/08/03,3,rccc,rccc
602,,2020/08/04,null,rccc,rccc
603,,2020/08/05,null,rccc,rccc
604,,2020/08/06,1,rccc,rccc
605,,2020/08/07,null,rccc,rccc
606,,2020/08/08,1,rccc,rccc
607,,2020/08/09,null,rccc,rccc
608,,2020/08/10,null,rccc,rccc
609,,2020/08/11,null,rccc,rccc
610,,2020/08/12,null,rccc,rccc
611,,2020/08/13,null,rccc,rccc
612,,2020/08/14,null,rccc,rccc
613,,2020/08/15,null,rccc,rccc
614,,2020/08/16,null,rccc,rccc
615,,2020/08/17,4,rccc,rccc
616,,2020/08/18,3,rccc,rccc
