,google_trends,date,tweets,full_name,coin
0,,2014/04/09,7,reddcoin,rdd
1,,2014/04/10,41,reddcoin,rdd
2,,2014/04/11,39,reddcoin,rdd
3,,2014/04/12,25,reddcoin,rdd
4,,2014/04/13,65,reddcoin,rdd
5,,2014/04/14,194,reddcoin,rdd
6,,2014/04/15,65,reddcoin,rdd
7,,2014/04/16,41,reddcoin,rdd
8,,2014/04/17,28,reddcoin,rdd
9,,2014/04/18,50,reddcoin,rdd
10,,2014/04/19,37,reddcoin,rdd
11,,2014/04/20,59,reddcoin,rdd
12,,2014/04/21,72,reddcoin,rdd
13,,2014/04/22,170,reddcoin,rdd
14,,2014/04/23,107,reddcoin,rdd
15,,2014/04/24,119,reddcoin,rdd
16,,2014/04/25,123,reddcoin,rdd
17,,2014/04/26,98,reddcoin,rdd
18,,2014/04/27,61,reddcoin,rdd
19,,2014/04/28,50,reddcoin,rdd
20,,2014/04/29,246,reddcoin,rdd
21,,2014/04/30,146,reddcoin,rdd
22,,2014/05/01,119,reddcoin,rdd
23,,2014/05/02,105,reddcoin,rdd
24,,2014/05/03,81,reddcoin,rdd
25,,2014/05/04,492,reddcoin,rdd
26,,2014/05/05,8110,reddcoin,rdd
27,,2014/05/06,388,reddcoin,rdd
28,,2014/05/07,475,reddcoin,rdd
29,,2014/05/08,179,reddcoin,rdd
30,,2014/05/09,534,reddcoin,rdd
31,,2014/05/10,399,reddcoin,rdd
32,,2014/05/11,463,reddcoin,rdd
33,,2014/05/12,473,reddcoin,rdd
34,,2014/05/13,320,reddcoin,rdd
35,,2014/05/14,191,reddcoin,rdd
36,,2014/05/15,180,reddcoin,rdd
37,,2014/05/16,87,reddcoin,rdd
38,,2014/05/17,71,reddcoin,rdd
39,,2014/05/18,74,reddcoin,rdd
40,,2014/05/19,176,reddcoin,rdd
41,,2014/05/20,214,reddcoin,rdd
42,,2014/05/21,201,reddcoin,rdd
43,,2014/05/22,190,reddcoin,rdd
44,,2014/05/23,249,reddcoin,rdd
45,,2014/05/24,121,reddcoin,rdd
46,,2014/05/25,111,reddcoin,rdd
47,,2014/05/26,90,reddcoin,rdd
48,,2014/05/27,98,reddcoin,rdd
49,,2014/05/28,145,reddcoin,rdd
50,,2014/05/29,154,reddcoin,rdd
51,,2014/05/30,131,reddcoin,rdd
52,,2014/05/31,68,reddcoin,rdd
53,,2014/06/01,130,reddcoin,rdd
54,,2014/06/02,320,reddcoin,rdd
55,,2014/06/03,327,reddcoin,rdd
56,,2014/06/04,312,reddcoin,rdd
57,,2014/06/05,361,reddcoin,rdd
58,,2014/06/06,335,reddcoin,rdd
59,,2014/06/07,429,reddcoin,rdd
60,,2014/06/08,194,reddcoin,rdd
61,,2014/06/09,450,reddcoin,rdd
62,,2014/06/10,196,reddcoin,rdd
63,,2014/06/11,233,reddcoin,rdd
64,,2014/06/12,177,reddcoin,rdd
65,,2014/06/13,175,reddcoin,rdd
66,,2014/06/14,180,reddcoin,rdd
67,,2014/06/15,189,reddcoin,rdd
68,,2014/06/16,108,reddcoin,rdd
69,,2014/06/17,124,reddcoin,rdd
70,,2014/06/18,121,reddcoin,rdd
71,,2014/06/19,107,reddcoin,rdd
72,,2014/06/20,114,reddcoin,rdd
73,,2014/06/21,64,reddcoin,rdd
74,,2014/06/22,74,reddcoin,rdd
75,,2014/06/23,121,reddcoin,rdd
76,,2014/06/24,95,reddcoin,rdd
77,,2014/06/25,85,reddcoin,rdd
78,,2014/06/26,77,reddcoin,rdd
79,,2014/06/27,88,reddcoin,rdd
80,,2014/06/28,43,reddcoin,rdd
81,,2014/06/29,49,reddcoin,rdd
82,,2014/06/30,7973,reddcoin,rdd
83,,2014/07/01,5116,reddcoin,rdd
84,,2014/07/02,7767,reddcoin,rdd
85,,2014/07/03,120,reddcoin,rdd
86,,2014/07/04,98,reddcoin,rdd
87,,2014/07/05,68,reddcoin,rdd
88,,2014/07/06,222,reddcoin,rdd
89,,2014/07/07,193,reddcoin,rdd
90,,2014/07/08,92,reddcoin,rdd
91,,2014/07/09,139,reddcoin,rdd
92,,2014/07/10,126,reddcoin,rdd
93,,2014/07/11,126,reddcoin,rdd
94,,2014/07/12,45,reddcoin,rdd
95,,2014/07/13,123,reddcoin,rdd
96,,2014/07/14,550,reddcoin,rdd
97,,2014/07/15,729,reddcoin,rdd
98,,2014/07/16,1041,reddcoin,rdd
99,,2014/07/17,1116,reddcoin,rdd
100,,2014/07/18,391,reddcoin,rdd
101,,2014/07/19,827,reddcoin,rdd
102,,2014/07/20,300,reddcoin,rdd
103,,2014/07/21,402,reddcoin,rdd
104,,2014/07/22,347,reddcoin,rdd
105,,2014/07/23,337,reddcoin,rdd
106,,2014/07/24,412,reddcoin,rdd
107,,2014/07/25,884,reddcoin,rdd
108,,2014/07/26,643,reddcoin,rdd
109,,2014/07/27,420,reddcoin,rdd
110,,2014/07/28,3110,reddcoin,rdd
111,,2014/07/29,414,reddcoin,rdd
112,,2014/07/30,240,reddcoin,rdd
113,,2014/07/31,419,reddcoin,rdd
114,,2014/08/01,459,reddcoin,rdd
115,,2014/08/02,603,reddcoin,rdd
116,,2014/08/03,515,reddcoin,rdd
117,,2014/08/04,645,reddcoin,rdd
118,,2014/08/05,478,reddcoin,rdd
119,,2014/08/06,471,reddcoin,rdd
120,,2014/08/07,380,reddcoin,rdd
121,,2014/08/08,307,reddcoin,rdd
122,,2014/08/09,265,reddcoin,rdd
123,,2014/08/10,614,reddcoin,rdd
124,,2014/08/11,849,reddcoin,rdd
125,,2014/08/12,1029,reddcoin,rdd
126,,2014/08/13,1016,reddcoin,rdd
127,,2014/08/14,995,reddcoin,rdd
128,,2014/08/15,828,reddcoin,rdd
129,,2014/08/16,877,reddcoin,rdd
130,,2014/08/17,366,reddcoin,rdd
131,,2014/08/18,3264,reddcoin,rdd
132,,2014/08/19,573,reddcoin,rdd
133,,2014/08/20,419,reddcoin,rdd
134,,2014/08/21,379,reddcoin,rdd
135,,2014/08/22,291,reddcoin,rdd
136,,2014/08/23,209,reddcoin,rdd
137,,2014/08/24,235,reddcoin,rdd
138,,2014/08/25,247,reddcoin,rdd
139,,2014/08/26,280,reddcoin,rdd
140,,2014/08/27,322,reddcoin,rdd
141,,2014/08/28,318,reddcoin,rdd
142,,2014/08/29,287,reddcoin,rdd
143,,2014/08/30,247,reddcoin,rdd
144,,2014/08/31,266,reddcoin,rdd
145,,2014/09/01,342,reddcoin,rdd
146,,2014/09/02,288,reddcoin,rdd
147,,2014/09/03,254,reddcoin,rdd
148,,2014/09/04,240,reddcoin,rdd
149,,2014/09/05,314,reddcoin,rdd
150,,2014/09/06,373,reddcoin,rdd
151,,2014/09/07,327,reddcoin,rdd
152,,2014/09/08,512,reddcoin,rdd
153,,2014/09/09,653,reddcoin,rdd
154,,2014/09/10,743,reddcoin,rdd
155,,2014/09/11,1556,reddcoin,rdd
156,,2014/09/12,1260,reddcoin,rdd
157,,2014/09/13,1360,reddcoin,rdd
158,,2014/09/14,1585,reddcoin,rdd
159,,2014/09/15,1080,reddcoin,rdd
160,,2014/09/16,335,reddcoin,rdd
161,,2014/09/17,437,reddcoin,rdd
162,,2014/09/18,220,reddcoin,rdd
163,,2014/09/19,313,reddcoin,rdd
164,,2014/09/20,209,reddcoin,rdd
165,,2014/09/21,256,reddcoin,rdd
166,,2014/09/22,180,reddcoin,rdd
167,,2014/09/23,270,reddcoin,rdd
168,,2014/09/24,285,reddcoin,rdd
169,,2014/09/25,307,reddcoin,rdd
170,,2014/09/26,585,reddcoin,rdd
171,,2014/09/27,288,reddcoin,rdd
172,,2014/09/28,734,reddcoin,rdd
173,,2014/09/29,397,reddcoin,rdd
174,,2014/09/30,434,reddcoin,rdd
175,,2014/10/01,289,reddcoin,rdd
176,,2014/10/02,174,reddcoin,rdd
177,,2014/10/03,760,reddcoin,rdd
178,,2014/10/04,199,reddcoin,rdd
179,,2014/10/05,169,reddcoin,rdd
180,,2014/10/06,197,reddcoin,rdd
181,,2014/10/07,229,reddcoin,rdd
182,,2014/10/08,663,reddcoin,rdd
183,,2014/10/09,702,reddcoin,rdd
184,,2014/10/10,211,reddcoin,rdd
185,,2014/10/11,413,reddcoin,rdd
186,,2014/10/12,446,reddcoin,rdd
187,,2014/10/13,308,reddcoin,rdd
188,,2014/10/14,186,reddcoin,rdd
189,,2014/10/15,166,reddcoin,rdd
190,,2014/10/16,266,reddcoin,rdd
191,,2014/10/17,366,reddcoin,rdd
192,,2014/10/18,349,reddcoin,rdd
193,,2014/10/19,310,reddcoin,rdd
194,,2014/10/20,381,reddcoin,rdd
195,,2014/10/21,423,reddcoin,rdd
196,,2014/10/22,381,reddcoin,rdd
197,,2014/10/23,325,reddcoin,rdd
198,,2014/10/24,171,reddcoin,rdd
199,,2014/10/25,324,reddcoin,rdd
200,,2014/10/26,358,reddcoin,rdd
201,,2014/10/27,289,reddcoin,rdd
202,,2014/10/28,322,reddcoin,rdd
203,,2014/10/29,329,reddcoin,rdd
204,,2014/10/30,369,reddcoin,rdd
205,,2014/10/31,335,reddcoin,rdd
206,,2014/11/01,341,reddcoin,rdd
207,,2014/11/02,361,reddcoin,rdd
208,,2014/11/03,297,reddcoin,rdd
209,,2014/11/04,279,reddcoin,rdd
210,,2014/11/05,448,reddcoin,rdd
211,,2014/11/06,288,reddcoin,rdd
212,,2014/11/07,348,reddcoin,rdd
213,,2014/11/08,392,reddcoin,rdd
214,,2014/11/09,414,reddcoin,rdd
215,,2014/11/10,393,reddcoin,rdd
216,,2014/11/11,252,reddcoin,rdd
217,,2014/11/12,865,reddcoin,rdd
218,,2014/11/13,632,reddcoin,rdd
219,,2014/11/14,278,reddcoin,rdd
220,,2014/11/15,326,reddcoin,rdd
221,,2014/11/16,334,reddcoin,rdd
222,,2014/11/17,302,reddcoin,rdd
223,,2014/11/18,321,reddcoin,rdd
224,,2014/11/19,310,reddcoin,rdd
225,,2014/11/20,299,reddcoin,rdd
226,,2014/11/21,299,reddcoin,rdd
227,,2014/11/22,378,reddcoin,rdd
228,,2014/11/23,338,reddcoin,rdd
229,,2014/11/24,343,reddcoin,rdd
230,,2014/11/25,269,reddcoin,rdd
231,,2014/11/26,283,reddcoin,rdd
232,,2014/11/27,270,reddcoin,rdd
233,,2014/11/28,278,reddcoin,rdd
234,,2014/11/29,378,reddcoin,rdd
235,,2014/11/30,307,reddcoin,rdd
236,,2014/12/01,302,reddcoin,rdd
237,,2014/12/02,267,reddcoin,rdd
238,,2014/12/03,574,reddcoin,rdd
239,,2014/12/04,427,reddcoin,rdd
240,,2014/12/05,307,reddcoin,rdd
241,,2014/12/06,291,reddcoin,rdd
242,,2014/12/07,771,reddcoin,rdd
243,,2014/12/08,311,reddcoin,rdd
244,,2014/12/09,298,reddcoin,rdd
245,,2014/12/10,308,reddcoin,rdd
246,,2014/12/11,302,reddcoin,rdd
247,,2014/12/12,305,reddcoin,rdd
248,,2014/12/13,244,reddcoin,rdd
249,,2014/12/14,271,reddcoin,rdd
250,,2014/12/15,298,reddcoin,rdd
251,,2014/12/16,294,reddcoin,rdd
252,,2014/12/17,279,reddcoin,rdd
253,,2014/12/18,283,reddcoin,rdd
254,,2014/12/19,278,reddcoin,rdd
255,,2014/12/20,303,reddcoin,rdd
256,,2014/12/21,289,reddcoin,rdd
257,,2014/12/22,266,reddcoin,rdd
258,,2014/12/23,261,reddcoin,rdd
259,,2014/12/24,303,reddcoin,rdd
260,,2014/12/25,342,reddcoin,rdd
261,,2014/12/26,310,reddcoin,rdd
262,,2014/12/27,346,reddcoin,rdd
263,,2014/12/28,267,reddcoin,rdd
264,,2014/12/29,323,reddcoin,rdd
265,,2014/12/30,344,reddcoin,rdd
266,,2014/12/31,310,reddcoin,rdd
267,,2015/01/01,297,reddcoin,rdd
268,,2015/01/02,128,reddcoin,rdd
269,,2015/01/03,null,reddcoin,rdd
270,,2015/01/04,209,reddcoin,rdd
271,,2015/01/05,309,reddcoin,rdd
272,,2015/01/06,302,reddcoin,rdd
273,,2015/01/07,347,reddcoin,rdd
274,,2015/01/08,314,reddcoin,rdd
275,,2015/01/09,310,reddcoin,rdd
276,,2015/01/10,351,reddcoin,rdd
277,,2015/01/11,363,reddcoin,rdd
278,,2015/01/12,301,reddcoin,rdd
279,,2015/01/13,275,reddcoin,rdd
280,,2015/01/14,258,reddcoin,rdd
281,,2015/01/15,286,reddcoin,rdd
282,,2015/01/16,281,reddcoin,rdd
283,,2015/01/17,274,reddcoin,rdd
284,,2015/01/18,282,reddcoin,rdd
285,,2015/01/19,243,reddcoin,rdd
286,,2015/01/20,286,reddcoin,rdd
287,,2015/01/21,311,reddcoin,rdd
288,,2015/01/22,285,reddcoin,rdd
289,,2015/01/23,293,reddcoin,rdd
290,,2015/01/24,270,reddcoin,rdd
291,,2015/01/25,286,reddcoin,rdd
292,,2015/01/26,250,reddcoin,rdd
293,,2015/01/27,256,reddcoin,rdd
294,,2015/01/28,261,reddcoin,rdd
295,,2015/01/29,269,reddcoin,rdd
296,,2015/01/30,258,reddcoin,rdd
297,,2015/01/31,258,reddcoin,rdd
298,,2015/02/01,474,reddcoin,rdd
299,,2015/02/02,281,reddcoin,rdd
300,,2015/02/03,284,reddcoin,rdd
301,,2015/02/04,277,reddcoin,rdd
302,,2015/02/05,271,reddcoin,rdd
303,,2015/02/06,256,reddcoin,rdd
304,,2015/02/07,288,reddcoin,rdd
305,,2015/02/08,276,reddcoin,rdd
306,,2015/02/09,277,reddcoin,rdd
307,,2015/02/10,249,reddcoin,rdd
308,,2015/02/11,240,reddcoin,rdd
309,,2015/02/12,229,reddcoin,rdd
310,,2015/02/13,230,reddcoin,rdd
311,,2015/02/14,243,reddcoin,rdd
312,,2015/02/15,null,reddcoin,rdd
313,,2015/02/16,1927,reddcoin,rdd
314,,2015/02/17,222,reddcoin,rdd
315,,2015/02/18,239,reddcoin,rdd
316,,2015/02/19,248,reddcoin,rdd
317,,2015/02/20,311,reddcoin,rdd
318,,2015/02/21,282,reddcoin,rdd
319,,2015/02/22,240,reddcoin,rdd
320,,2015/02/23,247,reddcoin,rdd
321,,2015/02/24,247,reddcoin,rdd
322,,2015/02/25,269,reddcoin,rdd
323,,2015/02/26,236,reddcoin,rdd
324,,2015/02/27,234,reddcoin,rdd
325,,2015/02/28,225,reddcoin,rdd
326,,2015/03/01,242,reddcoin,rdd
327,,2015/03/02,233,reddcoin,rdd
328,,2015/03/03,245,reddcoin,rdd
329,,2015/03/04,234,reddcoin,rdd
330,,2015/03/05,238,reddcoin,rdd
331,,2015/03/06,237,reddcoin,rdd
332,,2015/03/07,291,reddcoin,rdd
333,,2015/03/08,741,reddcoin,rdd
334,,2015/03/09,253,reddcoin,rdd
335,,2015/03/10,231,reddcoin,rdd
336,,2015/03/11,218,reddcoin,rdd
337,,2015/03/12,237,reddcoin,rdd
338,,2015/03/13,249,reddcoin,rdd
339,,2015/03/14,218,reddcoin,rdd
340,,2015/03/15,318,reddcoin,rdd
341,,2015/03/16,278,reddcoin,rdd
342,,2015/03/17,260,reddcoin,rdd
343,,2015/03/18,228,reddcoin,rdd
344,,2015/03/19,246,reddcoin,rdd
345,,2015/03/20,252,reddcoin,rdd
346,,2015/03/21,232,reddcoin,rdd
347,,2015/03/22,264,reddcoin,rdd
348,,2015/03/23,219,reddcoin,rdd
349,,2015/03/24,230,reddcoin,rdd
350,,2015/03/25,215,reddcoin,rdd
351,,2015/03/26,226,reddcoin,rdd
352,,2015/03/27,232,reddcoin,rdd
353,,2015/03/28,257,reddcoin,rdd
354,,2015/03/29,262,reddcoin,rdd
355,,2015/03/30,249,reddcoin,rdd
356,,2015/03/31,228,reddcoin,rdd
357,,2015/04/01,231,reddcoin,rdd
358,,2015/04/02,228,reddcoin,rdd
359,,2015/04/03,224,reddcoin,rdd
360,,2015/04/04,211,reddcoin,rdd
361,,2015/04/05,222,reddcoin,rdd
362,,2015/04/06,238,reddcoin,rdd
363,,2015/04/07,222,reddcoin,rdd
364,,2015/04/08,274,reddcoin,rdd
365,,2015/04/09,262,reddcoin,rdd
366,,2015/04/10,249,reddcoin,rdd
367,,2015/04/11,241,reddcoin,rdd
368,,2015/04/12,241,reddcoin,rdd
369,,2015/04/13,244,reddcoin,rdd
370,,2015/04/14,266,reddcoin,rdd
371,,2015/04/15,236,reddcoin,rdd
372,,2015/04/16,246,reddcoin,rdd
373,,2015/04/17,245,reddcoin,rdd
374,,2015/04/18,242,reddcoin,rdd
375,,2015/04/19,252,reddcoin,rdd
376,,2015/04/20,254,reddcoin,rdd
377,,2015/04/21,240,reddcoin,rdd
378,,2015/04/22,232,reddcoin,rdd
379,,2015/04/23,233,reddcoin,rdd
380,,2015/04/24,237,reddcoin,rdd
381,,2015/04/25,235,reddcoin,rdd
382,,2015/04/26,244,reddcoin,rdd
383,,2015/04/27,248,reddcoin,rdd
384,,2015/04/28,235,reddcoin,rdd
385,,2015/04/29,262,reddcoin,rdd
386,,2015/04/30,265,reddcoin,rdd
387,,2015/05/01,390,reddcoin,rdd
388,,2015/05/02,289,reddcoin,rdd
389,,2015/05/03,237,reddcoin,rdd
390,,2015/05/04,243,reddcoin,rdd
391,,2015/05/05,224,reddcoin,rdd
392,,2015/05/06,231,reddcoin,rdd
393,,2015/05/07,232,reddcoin,rdd
394,,2015/05/08,227,reddcoin,rdd
395,,2015/05/09,230,reddcoin,rdd
396,,2015/05/10,236,reddcoin,rdd
397,,2015/05/11,231,reddcoin,rdd
398,,2015/05/12,241,reddcoin,rdd
399,,2015/05/13,223,reddcoin,rdd
400,,2015/05/14,231,reddcoin,rdd
401,,2015/05/15,230,reddcoin,rdd
402,,2015/05/16,242,reddcoin,rdd
403,,2015/05/17,231,reddcoin,rdd
404,,2015/05/18,234,reddcoin,rdd
405,,2015/05/19,288,reddcoin,rdd
406,,2015/05/20,213,reddcoin,rdd
407,,2015/05/21,207,reddcoin,rdd
408,,2015/05/22,255,reddcoin,rdd
409,,2015/05/23,249,reddcoin,rdd
410,,2015/05/24,215,reddcoin,rdd
411,,2015/05/25,241,reddcoin,rdd
412,,2015/05/26,255,reddcoin,rdd
413,,2015/05/27,279,reddcoin,rdd
414,,2015/05/28,259,reddcoin,rdd
415,,2015/05/29,242,reddcoin,rdd
416,,2015/05/30,239,reddcoin,rdd
417,,2015/05/31,252,reddcoin,rdd
418,,2015/06/01,246,reddcoin,rdd
419,,2015/06/02,254,reddcoin,rdd
420,,2015/06/03,268,reddcoin,rdd
421,,2015/06/04,229,reddcoin,rdd
422,,2015/06/05,243,reddcoin,rdd
423,,2015/06/06,232,reddcoin,rdd
424,,2015/06/07,245,reddcoin,rdd
425,,2015/06/08,253,reddcoin,rdd
426,,2015/06/09,272,reddcoin,rdd
427,,2015/06/10,227,reddcoin,rdd
428,,2015/06/11,221,reddcoin,rdd
429,,2015/06/12,243,reddcoin,rdd
430,,2015/06/13,150,reddcoin,rdd
431,,2015/06/14,140,reddcoin,rdd
432,,2015/06/15,131,reddcoin,rdd
433,,2015/06/16,137,reddcoin,rdd
434,,2015/06/17,146,reddcoin,rdd
435,,2015/06/18,155,reddcoin,rdd
436,,2015/06/19,262,reddcoin,rdd
437,,2015/06/20,125,reddcoin,rdd
438,,2015/06/21,136,reddcoin,rdd
439,,2015/06/22,139,reddcoin,rdd
440,,2015/06/23,140,reddcoin,rdd
441,,2015/06/24,124,reddcoin,rdd
442,,2015/06/25,133,reddcoin,rdd
443,,2015/06/26,144,reddcoin,rdd
444,,2015/06/27,138,reddcoin,rdd
445,,2015/06/28,139,reddcoin,rdd
446,,2015/06/29,134,reddcoin,rdd
447,,2015/06/30,147,reddcoin,rdd
448,,2015/07/01,124,reddcoin,rdd
449,,2015/07/02,127,reddcoin,rdd
450,,2015/07/03,123,reddcoin,rdd
451,,2015/07/04,134,reddcoin,rdd
452,,2015/07/05,125,reddcoin,rdd
453,,2015/07/06,109,reddcoin,rdd
454,,2015/07/07,124,reddcoin,rdd
455,,2015/07/08,118,reddcoin,rdd
456,,2015/07/09,128,reddcoin,rdd
457,,2015/07/10,128,reddcoin,rdd
458,,2015/07/11,126,reddcoin,rdd
459,,2015/07/12,140,reddcoin,rdd
460,,2015/07/13,139,reddcoin,rdd
461,,2015/07/14,132,reddcoin,rdd
462,,2015/07/15,150,reddcoin,rdd
463,,2015/07/16,139,reddcoin,rdd
464,,2015/07/17,135,reddcoin,rdd
465,,2015/07/18,144,reddcoin,rdd
466,,2015/07/19,125,reddcoin,rdd
467,,2015/07/20,125,reddcoin,rdd
468,,2015/07/21,124,reddcoin,rdd
469,,2015/07/22,115,reddcoin,rdd
470,,2015/07/23,76,reddcoin,rdd
471,,2015/07/24,122,reddcoin,rdd
472,,2015/07/25,155,reddcoin,rdd
473,,2015/07/26,103,reddcoin,rdd
474,,2015/07/27,146,reddcoin,rdd
475,,2015/07/28,140,reddcoin,rdd
476,,2015/07/29,145,reddcoin,rdd
477,,2015/07/30,143,reddcoin,rdd
478,,2015/07/31,141,reddcoin,rdd
479,,2015/08/01,133,reddcoin,rdd
480,,2015/08/02,130,reddcoin,rdd
481,,2015/08/03,161,reddcoin,rdd
482,,2015/08/04,134,reddcoin,rdd
483,,2015/08/05,130,reddcoin,rdd
484,,2015/08/06,142,reddcoin,rdd
485,,2015/08/07,135,reddcoin,rdd
486,,2015/08/08,143,reddcoin,rdd
487,,2015/08/09,129,reddcoin,rdd
488,,2015/08/10,140,reddcoin,rdd
489,,2015/08/11,157,reddcoin,rdd
490,,2015/08/12,136,reddcoin,rdd
491,,2015/08/13,137,reddcoin,rdd
492,,2015/08/14,141,reddcoin,rdd
493,,2015/08/15,146,reddcoin,rdd
494,,2015/08/16,133,reddcoin,rdd
495,,2015/08/17,128,reddcoin,rdd
496,,2015/08/18,127,reddcoin,rdd
497,,2015/08/19,141,reddcoin,rdd
498,,2015/08/20,146,reddcoin,rdd
499,,2015/08/21,156,reddcoin,rdd
500,,2015/08/22,142,reddcoin,rdd
501,,2015/08/23,142,reddcoin,rdd
502,,2015/08/24,153,reddcoin,rdd
503,,2015/08/25,138,reddcoin,rdd
504,,2015/08/26,137,reddcoin,rdd
505,,2015/08/27,129,reddcoin,rdd
506,,2015/08/28,116,reddcoin,rdd
507,,2015/08/29,76,reddcoin,rdd
508,,2015/08/30,157,reddcoin,rdd
509,,2015/08/31,140,reddcoin,rdd
510,,2015/09/01,133,reddcoin,rdd
511,,2015/09/02,134,reddcoin,rdd
512,,2015/09/03,92,reddcoin,rdd
513,,2015/09/04,102,reddcoin,rdd
514,,2015/09/05,122,reddcoin,rdd
515,,2015/09/06,140,reddcoin,rdd
516,,2015/09/07,146,reddcoin,rdd
517,,2015/09/08,132,reddcoin,rdd
518,,2015/09/09,67,reddcoin,rdd
519,,2015/09/10,158,reddcoin,rdd
520,,2015/09/11,131,reddcoin,rdd
521,,2015/09/12,129,reddcoin,rdd
522,,2015/09/13,138,reddcoin,rdd
523,,2015/09/14,49,reddcoin,rdd
524,,2015/09/15,60,reddcoin,rdd
525,,2015/09/16,142,reddcoin,rdd
526,,2015/09/17,116,reddcoin,rdd
527,,2015/09/18,133,reddcoin,rdd
528,,2015/09/19,129,reddcoin,rdd
529,,2015/09/20,132,reddcoin,rdd
530,,2015/09/21,134,reddcoin,rdd
531,,2015/09/22,143,reddcoin,rdd
532,,2015/09/23,141,reddcoin,rdd
533,,2015/09/24,129,reddcoin,rdd
534,,2015/09/25,134,reddcoin,rdd
535,,2015/09/26,151,reddcoin,rdd
536,,2015/09/27,134,reddcoin,rdd
537,,2015/09/28,134,reddcoin,rdd
538,,2015/09/29,148,reddcoin,rdd
539,,2015/09/30,152,reddcoin,rdd
540,,2015/10/01,149,reddcoin,rdd
541,,2015/10/02,144,reddcoin,rdd
542,,2015/10/03,159,reddcoin,rdd
543,,2015/10/04,141,reddcoin,rdd
544,,2015/10/05,121,reddcoin,rdd
545,,2015/10/06,121,reddcoin,rdd
546,,2015/10/07,125,reddcoin,rdd
547,,2015/10/08,134,reddcoin,rdd
548,,2015/10/09,141,reddcoin,rdd
549,,2015/10/10,136,reddcoin,rdd
550,,2015/10/11,139,reddcoin,rdd
551,,2015/10/12,144,reddcoin,rdd
552,,2015/10/13,138,reddcoin,rdd
553,,2015/10/14,139,reddcoin,rdd
554,,2015/10/15,141,reddcoin,rdd
555,,2015/10/16,117,reddcoin,rdd
556,,2015/10/17,185,reddcoin,rdd
557,,2015/10/18,169,reddcoin,rdd
558,,2015/10/19,129,reddcoin,rdd
559,,2015/10/20,132,reddcoin,rdd
560,,2015/10/21,122,reddcoin,rdd
561,,2015/10/22,122,reddcoin,rdd
562,,2015/10/23,132,reddcoin,rdd
563,,2015/10/24,162,reddcoin,rdd
564,,2015/10/25,138,reddcoin,rdd
565,,2015/10/26,150,reddcoin,rdd
566,,2015/10/27,204,reddcoin,rdd
567,,2015/10/28,264,reddcoin,rdd
568,,2015/10/29,303,reddcoin,rdd
569,,2015/10/30,297,reddcoin,rdd
570,,2015/10/31,255,reddcoin,rdd
571,,2015/11/01,276,reddcoin,rdd
572,,2015/11/02,255,reddcoin,rdd
573,,2015/11/03,291,reddcoin,rdd
574,,2015/11/04,246,reddcoin,rdd
575,,2015/11/05,236,reddcoin,rdd
576,,2015/11/06,255,reddcoin,rdd
577,,2015/11/07,271,reddcoin,rdd
578,,2015/11/08,279,reddcoin,rdd
579,,2015/11/09,251,reddcoin,rdd
580,,2015/11/10,271,reddcoin,rdd
581,,2015/11/11,299,reddcoin,rdd
582,,2015/11/12,291,reddcoin,rdd
583,,2015/11/13,310,reddcoin,rdd
584,,2015/11/14,300,reddcoin,rdd
585,,2015/11/15,271,reddcoin,rdd
586,,2015/11/16,261,reddcoin,rdd
587,,2015/11/17,291,reddcoin,rdd
588,,2015/11/18,272,reddcoin,rdd
589,,2015/11/19,259,reddcoin,rdd
590,,2015/11/20,262,reddcoin,rdd
591,,2015/11/21,280,reddcoin,rdd
592,,2015/11/22,280,reddcoin,rdd
593,,2015/11/23,244,reddcoin,rdd
594,,2015/11/24,234,reddcoin,rdd
595,,2015/11/25,261,reddcoin,rdd
596,,2015/11/26,284,reddcoin,rdd
597,,2015/11/27,286,reddcoin,rdd
598,,2015/11/28,327,reddcoin,rdd
599,,2015/11/29,292,reddcoin,rdd
600,,2015/11/30,305,reddcoin,rdd
601,,2015/12/01,308,reddcoin,rdd
602,,2015/12/02,296,reddcoin,rdd
603,,2015/12/03,315,reddcoin,rdd
604,,2015/12/04,316,reddcoin,rdd
605,,2015/12/05,296,reddcoin,rdd
606,,2015/12/06,292,reddcoin,rdd
607,,2015/12/07,285,reddcoin,rdd
608,,2015/12/08,304,reddcoin,rdd
609,,2015/12/09,284,reddcoin,rdd
610,,2015/12/10,284,reddcoin,rdd
611,,2015/12/11,280,reddcoin,rdd
612,,2015/12/12,268,reddcoin,rdd
613,,2015/12/13,320,reddcoin,rdd
614,,2015/12/14,341,reddcoin,rdd
615,,2015/12/15,290,reddcoin,rdd
616,,2015/12/16,278,reddcoin,rdd
617,,2015/12/17,284,reddcoin,rdd
618,,2015/12/18,286,reddcoin,rdd
619,,2015/12/19,312,reddcoin,rdd
620,,2015/12/20,322,reddcoin,rdd
621,,2015/12/21,309,reddcoin,rdd
622,,2015/12/22,284,reddcoin,rdd
623,,2015/12/23,247,reddcoin,rdd
624,,2015/12/24,254,reddcoin,rdd
625,,2015/12/25,260,reddcoin,rdd
626,,2015/12/26,248,reddcoin,rdd
627,,2015/12/27,240,reddcoin,rdd
628,,2015/12/28,238,reddcoin,rdd
629,,2015/12/29,237,reddcoin,rdd
630,,2015/12/30,234,reddcoin,rdd
631,,2015/12/31,237,reddcoin,rdd
632,,2016/01/01,269,reddcoin,rdd
633,,2016/01/02,234,reddcoin,rdd
634,,2016/01/03,251,reddcoin,rdd
635,,2016/01/04,229,reddcoin,rdd
636,,2016/01/05,238,reddcoin,rdd
637,,2016/01/06,248,reddcoin,rdd
638,,2016/01/07,259,reddcoin,rdd
639,,2016/01/08,1817,reddcoin,rdd
640,,2016/01/09,242,reddcoin,rdd
641,,2016/01/10,297,reddcoin,rdd
642,,2016/01/11,315,reddcoin,rdd
643,,2016/01/12,308,reddcoin,rdd
644,,2016/01/13,285,reddcoin,rdd
645,,2016/01/14,291,reddcoin,rdd
646,,2016/01/15,283,reddcoin,rdd
647,,2016/01/16,275,reddcoin,rdd
648,,2016/01/17,284,reddcoin,rdd
649,,2016/01/18,291,reddcoin,rdd
650,,2016/01/19,215,reddcoin,rdd
651,,2016/01/20,286,reddcoin,rdd
652,,2016/01/21,311,reddcoin,rdd
653,,2016/01/22,348,reddcoin,rdd
654,,2016/01/23,305,reddcoin,rdd
655,,2016/01/24,283,reddcoin,rdd
656,,2016/01/25,320,reddcoin,rdd
657,,2016/01/26,266,reddcoin,rdd
658,,2016/01/27,346,reddcoin,rdd
659,,2016/01/28,353,reddcoin,rdd
660,,2016/01/29,390,reddcoin,rdd
661,,2016/01/30,317,reddcoin,rdd
662,,2016/01/31,378,reddcoin,rdd
663,,2016/02/01,394,reddcoin,rdd
664,,2016/02/02,400,reddcoin,rdd
665,,2016/02/03,328,reddcoin,rdd
666,,2016/02/04,254,reddcoin,rdd
667,,2016/02/05,378,reddcoin,rdd
668,,2016/02/06,401,reddcoin,rdd
669,,2016/02/07,374,reddcoin,rdd
670,,2016/02/08,375,reddcoin,rdd
671,,2016/02/09,402,reddcoin,rdd
672,,2016/02/10,365,reddcoin,rdd
673,,2016/02/11,336,reddcoin,rdd
674,,2016/02/12,291,reddcoin,rdd
675,,2016/02/13,205,reddcoin,rdd
676,,2016/02/14,202,reddcoin,rdd
677,,2016/02/15,217,reddcoin,rdd
678,,2016/02/16,210,reddcoin,rdd
679,,2016/02/17,212,reddcoin,rdd
680,,2016/02/18,213,reddcoin,rdd
681,,2016/02/19,205,reddcoin,rdd
682,,2016/02/20,227,reddcoin,rdd
683,,2016/02/21,216,reddcoin,rdd
684,,2016/02/22,232,reddcoin,rdd
685,,2016/02/23,234,reddcoin,rdd
686,,2016/02/24,224,reddcoin,rdd
687,,2016/02/25,212,reddcoin,rdd
688,,2016/02/26,171,reddcoin,rdd
689,,2016/02/27,177,reddcoin,rdd
690,,2016/02/28,176,reddcoin,rdd
691,,2016/02/29,192,reddcoin,rdd
692,,2016/03/01,190,reddcoin,rdd
693,,2016/03/02,191,reddcoin,rdd
694,,2016/03/03,211,reddcoin,rdd
695,,2016/03/04,227,reddcoin,rdd
696,,2016/03/05,206,reddcoin,rdd
697,,2016/03/06,207,reddcoin,rdd
698,,2016/03/07,214,reddcoin,rdd
699,,2016/03/08,202,reddcoin,rdd
700,,2016/03/09,207,reddcoin,rdd
701,,2016/03/10,205,reddcoin,rdd
702,,2016/03/11,201,reddcoin,rdd
703,,2016/03/12,201,reddcoin,rdd
704,,2016/03/13,154,reddcoin,rdd
705,,2016/03/14,134,reddcoin,rdd
706,,2016/03/15,160,reddcoin,rdd
707,,2016/03/16,191,reddcoin,rdd
708,,2016/03/17,156,reddcoin,rdd
709,,2016/03/18,182,reddcoin,rdd
710,,2016/03/19,120,reddcoin,rdd
711,,2016/03/20,112,reddcoin,rdd
712,,2016/03/21,116,reddcoin,rdd
713,,2016/03/22,112,reddcoin,rdd
714,,2016/03/23,96,reddcoin,rdd
715,,2016/03/24,118,reddcoin,rdd
716,,2016/03/25,109,reddcoin,rdd
717,,2016/03/26,114,reddcoin,rdd
718,,2016/03/27,119,reddcoin,rdd
719,,2016/03/28,136,reddcoin,rdd
720,,2016/03/29,133,reddcoin,rdd
721,,2016/03/30,157,reddcoin,rdd
722,,2016/03/31,123,reddcoin,rdd
723,,2016/04/01,103,reddcoin,rdd
724,,2016/04/02,111,reddcoin,rdd
725,,2016/04/03,88,reddcoin,rdd
726,,2016/04/04,119,reddcoin,rdd
727,,2016/04/05,114,reddcoin,rdd
728,,2016/04/06,124,reddcoin,rdd
729,,2016/04/07,123,reddcoin,rdd
730,,2016/04/08,119,reddcoin,rdd
731,,2016/04/09,111,reddcoin,rdd
732,,2016/04/10,108,reddcoin,rdd
733,,2016/04/11,116,reddcoin,rdd
734,,2016/04/12,117,reddcoin,rdd
735,,2016/04/13,54,reddcoin,rdd
736,,2016/04/14,19,reddcoin,rdd
737,,2016/04/15,25,reddcoin,rdd
738,,2016/04/16,8,reddcoin,rdd
739,,2016/04/17,14,reddcoin,rdd
740,,2016/04/18,12,reddcoin,rdd
741,,2016/04/19,10,reddcoin,rdd
742,,2016/04/20,12,reddcoin,rdd
743,,2016/04/21,11,reddcoin,rdd
744,,2016/04/22,17,reddcoin,rdd
745,,2016/04/23,18,reddcoin,rdd
746,,2016/04/24,11,reddcoin,rdd
747,,2016/04/25,16,reddcoin,rdd
748,,2016/04/26,3,reddcoin,rdd
749,,2016/04/27,10,reddcoin,rdd
750,,2016/04/28,24,reddcoin,rdd
751,,2016/04/29,34,reddcoin,rdd
752,,2016/04/30,26,reddcoin,rdd
753,,2016/05/01,16,reddcoin,rdd
754,,2016/05/02,26,reddcoin,rdd
755,,2016/05/03,34,reddcoin,rdd
756,,2016/05/04,17,reddcoin,rdd
757,,2016/05/05,23,reddcoin,rdd
758,,2016/05/06,32,reddcoin,rdd
759,,2016/05/07,10,reddcoin,rdd
760,,2016/05/08,26,reddcoin,rdd
761,,2016/05/09,17,reddcoin,rdd
762,,2016/05/10,22,reddcoin,rdd
763,,2016/05/11,19,reddcoin,rdd
764,,2016/05/12,13,reddcoin,rdd
765,,2016/05/13,20,reddcoin,rdd
766,,2016/05/14,10,reddcoin,rdd
767,,2016/05/15,19,reddcoin,rdd
768,,2016/05/16,26,reddcoin,rdd
769,,2016/05/17,20,reddcoin,rdd
770,,2016/05/18,14,reddcoin,rdd
771,,2016/05/19,22,reddcoin,rdd
772,,2016/05/20,17,reddcoin,rdd
773,,2016/05/21,14,reddcoin,rdd
774,,2016/05/22,17,reddcoin,rdd
775,,2016/05/23,24,reddcoin,rdd
776,,2016/05/24,17,reddcoin,rdd
777,,2016/05/25,18,reddcoin,rdd
778,,2016/05/26,26,reddcoin,rdd
779,,2016/05/27,22,reddcoin,rdd
780,,2016/05/28,16,reddcoin,rdd
781,,2016/05/29,19,reddcoin,rdd
782,,2016/05/30,23,reddcoin,rdd
783,,2016/05/31,15,reddcoin,rdd
784,,2016/06/01,15,reddcoin,rdd
785,,2016/06/02,14,reddcoin,rdd
786,,2016/06/03,13,reddcoin,rdd
787,,2016/06/04,15,reddcoin,rdd
788,,2016/06/05,20,reddcoin,rdd
789,,2016/06/06,19,reddcoin,rdd
790,,2016/06/07,11,reddcoin,rdd
791,,2016/06/08,11,reddcoin,rdd
792,,2016/06/09,18,reddcoin,rdd
793,,2016/06/10,25,reddcoin,rdd
794,,2016/06/11,20,reddcoin,rdd
795,,2016/06/12,25,reddcoin,rdd
796,,2016/06/13,32,reddcoin,rdd
797,,2016/06/14,28,reddcoin,rdd
798,,2016/06/15,23,reddcoin,rdd
799,,2016/06/16,25,reddcoin,rdd
800,,2016/06/17,21,reddcoin,rdd
801,,2016/06/18,32,reddcoin,rdd
802,,2016/06/19,26,reddcoin,rdd
803,,2016/06/20,32,reddcoin,rdd
804,,2016/06/21,22,reddcoin,rdd
805,,2016/06/22,20,reddcoin,rdd
806,,2016/06/23,15,reddcoin,rdd
807,,2016/06/24,21,reddcoin,rdd
808,,2016/06/25,17,reddcoin,rdd
809,,2016/06/26,13,reddcoin,rdd
810,,2016/06/27,26,reddcoin,rdd
811,,2016/06/28,14,reddcoin,rdd
812,,2016/06/29,14,reddcoin,rdd
813,,2016/06/30,16,reddcoin,rdd
814,,2016/07/01,17,reddcoin,rdd
815,,2016/07/02,23,reddcoin,rdd
816,,2016/07/03,20,reddcoin,rdd
817,,2016/07/04,26,reddcoin,rdd
818,,2016/07/05,23,reddcoin,rdd
819,,2016/07/06,26,reddcoin,rdd
820,,2016/07/07,20,reddcoin,rdd
821,,2016/07/08,22,reddcoin,rdd
822,,2016/07/09,24,reddcoin,rdd
823,,2016/07/10,17,reddcoin,rdd
824,,2016/07/11,22,reddcoin,rdd
825,,2016/07/12,18,reddcoin,rdd
826,,2016/07/13,17,reddcoin,rdd
827,,2016/07/14,30,reddcoin,rdd
828,,2016/07/15,16,reddcoin,rdd
829,,2016/07/16,20,reddcoin,rdd
830,,2016/07/17,19,reddcoin,rdd
831,,2016/07/18,19,reddcoin,rdd
832,,2016/07/19,22,reddcoin,rdd
833,,2016/07/20,21,reddcoin,rdd
834,,2016/07/21,26,reddcoin,rdd
835,,2016/07/22,16,reddcoin,rdd
836,,2016/07/23,22,reddcoin,rdd
837,,2016/07/24,21,reddcoin,rdd
838,,2016/07/25,17,reddcoin,rdd
839,,2016/07/26,18,reddcoin,rdd
840,,2016/07/27,18,reddcoin,rdd
841,,2016/07/28,20,reddcoin,rdd
842,,2016/07/29,14,reddcoin,rdd
843,,2016/07/30,20,reddcoin,rdd
844,,2016/07/31,10,reddcoin,rdd
845,,2016/08/01,16,reddcoin,rdd
846,,2016/08/02,16,reddcoin,rdd
847,,2016/08/03,22,reddcoin,rdd
848,,2016/08/04,28,reddcoin,rdd
849,,2016/08/05,14,reddcoin,rdd
850,,2016/08/06,19,reddcoin,rdd
851,,2016/08/07,12,reddcoin,rdd
852,,2016/08/08,13,reddcoin,rdd
853,,2016/08/09,24,reddcoin,rdd
854,,2016/08/10,47,reddcoin,rdd
855,,2016/08/11,42,reddcoin,rdd
856,,2016/08/12,36,reddcoin,rdd
857,,2016/08/13,24,reddcoin,rdd
858,,2016/08/14,27,reddcoin,rdd
859,,2016/08/15,13,reddcoin,rdd
860,,2016/08/16,42,reddcoin,rdd
861,,2016/08/17,27,reddcoin,rdd
862,,2016/08/18,29,reddcoin,rdd
863,,2016/08/19,20,reddcoin,rdd
864,,2016/08/20,18,reddcoin,rdd
865,,2016/08/21,28,reddcoin,rdd
866,,2016/08/22,34,reddcoin,rdd
867,,2016/08/23,25,reddcoin,rdd
868,,2016/08/24,21,reddcoin,rdd
869,,2016/08/25,22,reddcoin,rdd
870,,2016/08/26,20,reddcoin,rdd
871,,2016/08/27,27,reddcoin,rdd
872,,2016/08/28,16,reddcoin,rdd
873,,2016/08/29,26,reddcoin,rdd
874,,2016/08/30,27,reddcoin,rdd
875,,2016/08/31,48,reddcoin,rdd
876,,2016/09/01,22,reddcoin,rdd
877,,2016/09/02,22,reddcoin,rdd
878,,2016/09/03,23,reddcoin,rdd
879,,2016/09/04,8,reddcoin,rdd
880,,2016/09/05,19,reddcoin,rdd
881,,2016/09/06,41,reddcoin,rdd
882,,2016/09/07,65,reddcoin,rdd
883,,2016/09/08,20,reddcoin,rdd
884,,2016/09/09,22,reddcoin,rdd
885,,2016/09/10,63,reddcoin,rdd
886,,2016/09/11,17,reddcoin,rdd
887,,2016/09/12,20,reddcoin,rdd
888,,2016/09/13,10,reddcoin,rdd
889,,2016/09/14,19,reddcoin,rdd
890,,2016/09/15,22,reddcoin,rdd
891,,2016/09/16,17,reddcoin,rdd
892,,2016/09/17,23,reddcoin,rdd
893,,2016/09/18,26,reddcoin,rdd
894,,2016/09/19,14,reddcoin,rdd
895,,2016/09/20,28,reddcoin,rdd
896,,2016/09/21,21,reddcoin,rdd
897,,2016/09/22,26,reddcoin,rdd
898,,2016/09/23,24,reddcoin,rdd
899,,2016/09/24,25,reddcoin,rdd
900,,2016/09/25,16,reddcoin,rdd
901,,2016/09/26,28,reddcoin,rdd
902,,2016/09/27,29,reddcoin,rdd
903,,2016/09/28,21,reddcoin,rdd
904,,2016/09/29,22,reddcoin,rdd
905,,2016/09/30,43,reddcoin,rdd
906,,2016/10/01,36,reddcoin,rdd
907,,2016/10/02,28,reddcoin,rdd
908,,2016/10/03,30,reddcoin,rdd
909,,2016/10/04,32,reddcoin,rdd
910,,2016/10/05,32,reddcoin,rdd
911,,2016/10/06,64,reddcoin,rdd
912,,2016/10/07,54,reddcoin,rdd
913,,2016/10/08,17,reddcoin,rdd
914,,2016/10/09,32,reddcoin,rdd
915,,2016/10/10,46,reddcoin,rdd
916,,2016/10/11,38,reddcoin,rdd
917,,2016/10/12,38,reddcoin,rdd
918,,2016/10/13,30,reddcoin,rdd
919,,2016/10/14,25,reddcoin,rdd
920,,2016/10/15,36,reddcoin,rdd
921,,2016/10/16,19,reddcoin,rdd
922,,2016/10/17,19,reddcoin,rdd
923,,2016/10/18,19,reddcoin,rdd
924,,2016/10/19,22,reddcoin,rdd
925,,2016/10/20,37,reddcoin,rdd
926,,2016/10/21,24,reddcoin,rdd
927,,2016/10/22,22,reddcoin,rdd
928,,2016/10/23,19,reddcoin,rdd
929,,2016/10/24,15,reddcoin,rdd
930,,2016/10/25,22,reddcoin,rdd
931,,2016/10/26,16,reddcoin,rdd
932,,2016/10/27,12,reddcoin,rdd
933,,2016/10/28,22,reddcoin,rdd
934,,2016/10/29,19,reddcoin,rdd
935,,2016/10/30,14,reddcoin,rdd
936,,2016/10/31,15,reddcoin,rdd
937,,2016/11/01,17,reddcoin,rdd
938,,2016/11/02,12,reddcoin,rdd
939,,2016/11/03,10,reddcoin,rdd
940,,2016/11/04,19,reddcoin,rdd
941,,2016/11/05,12,reddcoin,rdd
942,,2016/11/06,11,reddcoin,rdd
943,,2016/11/07,9,reddcoin,rdd
944,,2016/11/08,46,reddcoin,rdd
945,,2016/11/09,36,reddcoin,rdd
946,,2016/11/10,18,reddcoin,rdd
947,,2016/11/11,20,reddcoin,rdd
948,,2016/11/12,12,reddcoin,rdd
949,,2016/11/13,60,reddcoin,rdd
950,,2016/11/14,13,reddcoin,rdd
951,,2016/11/15,11,reddcoin,rdd
952,,2016/11/16,15,reddcoin,rdd
953,,2016/11/17,15,reddcoin,rdd
954,,2016/11/18,13,reddcoin,rdd
955,,2016/11/19,22,reddcoin,rdd
956,,2016/11/20,8,reddcoin,rdd
957,,2016/11/21,14,reddcoin,rdd
958,,2016/11/22,18,reddcoin,rdd
959,,2016/11/23,17,reddcoin,rdd
960,,2016/11/24,6,reddcoin,rdd
961,,2016/11/25,6,reddcoin,rdd
962,,2016/11/26,18,reddcoin,rdd
963,,2016/11/27,13,reddcoin,rdd
964,,2016/11/28,16,reddcoin,rdd
965,,2016/11/29,15,reddcoin,rdd
966,,2016/11/30,17,reddcoin,rdd
967,,2016/12/01,16,reddcoin,rdd
968,,2016/12/02,8,reddcoin,rdd
969,,2016/12/03,10,reddcoin,rdd
970,,2016/12/04,25,reddcoin,rdd
971,,2016/12/05,22,reddcoin,rdd
972,,2016/12/06,31,reddcoin,rdd
973,,2016/12/07,22,reddcoin,rdd
974,,2016/12/08,14,reddcoin,rdd
975,,2016/12/09,15,reddcoin,rdd
976,,2016/12/10,20,reddcoin,rdd
977,,2016/12/11,18,reddcoin,rdd
978,,2016/12/12,21,reddcoin,rdd
979,,2016/12/13,31,reddcoin,rdd
980,,2016/12/14,14,reddcoin,rdd
981,,2016/12/15,14,reddcoin,rdd
982,,2016/12/16,16,reddcoin,rdd
983,,2016/12/17,12,reddcoin,rdd
984,,2016/12/18,18,reddcoin,rdd
985,,2016/12/19,38,reddcoin,rdd
986,,2016/12/20,39,reddcoin,rdd
987,,2016/12/21,48,reddcoin,rdd
988,,2016/12/22,22,reddcoin,rdd
989,,2016/12/23,21,reddcoin,rdd
990,,2016/12/24,39,reddcoin,rdd
991,,2016/12/25,30,reddcoin,rdd
992,,2016/12/26,19,reddcoin,rdd
993,,2016/12/27,7,reddcoin,rdd
994,,2016/12/28,20,reddcoin,rdd
995,,2016/12/29,10,reddcoin,rdd
996,,2016/12/30,33,reddcoin,rdd
997,,2016/12/31,22,reddcoin,rdd
998,,2017/01/01,13,reddcoin,rdd
999,,2017/01/02,18,reddcoin,rdd
1000,,2017/01/03,17,reddcoin,rdd
1001,,2017/01/04,34,reddcoin,rdd
1002,,2017/01/05,19,reddcoin,rdd
1003,,2017/01/06,33,reddcoin,rdd
1004,,2017/01/07,21,reddcoin,rdd
1005,,2017/01/08,18,reddcoin,rdd
1006,,2017/01/09,7,reddcoin,rdd
1007,,2017/01/10,7,reddcoin,rdd
1008,,2017/01/11,14,reddcoin,rdd
1009,,2017/01/12,9,reddcoin,rdd
1010,,2017/01/13,16,reddcoin,rdd
1011,,2017/01/14,18,reddcoin,rdd
1012,,2017/01/15,11,reddcoin,rdd
1013,,2017/01/16,28,reddcoin,rdd
1014,,2017/01/17,44,reddcoin,rdd
1015,,2017/01/18,19,reddcoin,rdd
1016,,2017/01/19,13,reddcoin,rdd
1017,,2017/01/20,24,reddcoin,rdd
1018,,2017/01/21,40,reddcoin,rdd
1019,,2017/01/22,40,reddcoin,rdd
1020,,2017/01/23,28,reddcoin,rdd
1021,,2017/01/24,27,reddcoin,rdd
1022,,2017/01/25,21,reddcoin,rdd
1023,,2017/01/26,22,reddcoin,rdd
1024,,2017/01/27,21,reddcoin,rdd
1025,,2017/01/28,25,reddcoin,rdd
1026,,2017/01/29,24,reddcoin,rdd
1027,,2017/01/30,27,reddcoin,rdd
1028,,2017/01/31,16,reddcoin,rdd
1029,,2017/02/01,18,reddcoin,rdd
1030,,2017/02/02,13,reddcoin,rdd
1031,,2017/02/03,14,reddcoin,rdd
1032,,2017/02/04,17,reddcoin,rdd
1033,,2017/02/05,14,reddcoin,rdd
1034,,2017/02/06,14,reddcoin,rdd
1035,,2017/02/07,21,reddcoin,rdd
1036,,2017/02/08,11,reddcoin,rdd
1037,,2017/02/09,10,reddcoin,rdd
1038,,2017/02/10,12,reddcoin,rdd
1039,,2017/02/11,13,reddcoin,rdd
1040,,2017/02/12,5,reddcoin,rdd
1041,,2017/02/13,13,reddcoin,rdd
1042,,2017/02/14,11,reddcoin,rdd
1043,,2017/02/15,11,reddcoin,rdd
1044,,2017/02/16,22,reddcoin,rdd
1045,,2017/02/17,22,reddcoin,rdd
1046,,2017/02/18,12,reddcoin,rdd
1047,,2017/02/19,6,reddcoin,rdd
1048,,2017/02/20,18,reddcoin,rdd
1049,,2017/02/21,17,reddcoin,rdd
1050,,2017/02/22,12,reddcoin,rdd
1051,,2017/02/23,4,reddcoin,rdd
1052,,2017/02/24,8,reddcoin,rdd
1053,,2017/02/25,14,reddcoin,rdd
1054,,2017/02/26,2,reddcoin,rdd
1055,,2017/02/27,52,reddcoin,rdd
1056,,2017/02/28,16,reddcoin,rdd
1057,,2017/03/01,8,reddcoin,rdd
1058,,2017/03/02,7,reddcoin,rdd
1059,,2017/03/03,11,reddcoin,rdd
1060,,2017/03/04,18,reddcoin,rdd
1061,,2017/03/05,8,reddcoin,rdd
1062,,2017/03/06,12,reddcoin,rdd
1063,,2017/03/07,13,reddcoin,rdd
1064,,2017/03/08,21,reddcoin,rdd
1065,,2017/03/09,17,reddcoin,rdd
1066,,2017/03/10,11,reddcoin,rdd
1067,,2017/03/11,8,reddcoin,rdd
1068,,2017/03/12,6,reddcoin,rdd
1069,,2017/03/13,15,reddcoin,rdd
1070,,2017/03/14,4,reddcoin,rdd
1071,,2017/03/15,29,reddcoin,rdd
1072,,2017/03/16,18,reddcoin,rdd
1073,,2017/03/17,16,reddcoin,rdd
1074,,2017/03/18,14,reddcoin,rdd
1075,,2017/03/19,14,reddcoin,rdd
1076,,2017/03/20,17,reddcoin,rdd
1077,,2017/03/21,30,reddcoin,rdd
1078,,2017/03/22,19,reddcoin,rdd
1079,,2017/03/23,15,reddcoin,rdd
1080,,2017/03/24,36,reddcoin,rdd
1081,,2017/03/25,20,reddcoin,rdd
1082,,2017/03/26,13,reddcoin,rdd
1083,,2017/03/27,29,reddcoin,rdd
1084,,2017/03/28,27,reddcoin,rdd
1085,,2017/03/29,21,reddcoin,rdd
1086,,2017/03/30,22,reddcoin,rdd
1087,,2017/03/31,17,reddcoin,rdd
1088,,2017/04/01,14,reddcoin,rdd
1089,,2017/04/02,12,reddcoin,rdd
1090,,2017/04/03,27,reddcoin,rdd
1091,,2017/04/04,29,reddcoin,rdd
1092,,2017/04/05,11,reddcoin,rdd
1093,,2017/04/06,1606,reddcoin,rdd
1094,,2017/04/07,163,reddcoin,rdd
1095,,2017/04/08,61,reddcoin,rdd
1096,,2017/04/09,28,reddcoin,rdd
1097,,2017/04/10,18,reddcoin,rdd
1098,,2017/04/11,19,reddcoin,rdd
1099,,2017/04/12,15,reddcoin,rdd
1100,,2017/04/13,16,reddcoin,rdd
1101,,2017/04/14,14,reddcoin,rdd
1102,,2017/04/15,14,reddcoin,rdd
1103,,2017/04/16,17,reddcoin,rdd
1104,,2017/04/17,19,reddcoin,rdd
1105,,2017/04/18,12,reddcoin,rdd
1106,,2017/04/19,16,reddcoin,rdd
1107,,2017/04/20,16,reddcoin,rdd
1108,,2017/04/21,11,reddcoin,rdd
1109,,2017/04/22,12,reddcoin,rdd
1110,,2017/04/23,21,reddcoin,rdd
1111,,2017/04/24,9,reddcoin,rdd
1112,,2017/04/25,8,reddcoin,rdd
1113,,2017/04/26,9,reddcoin,rdd
1114,,2017/04/27,13,reddcoin,rdd
1115,,2017/04/28,7,reddcoin,rdd
1116,,2017/04/29,19,reddcoin,rdd
1117,,2017/04/30,13,reddcoin,rdd
1118,,2017/05/01,23,reddcoin,rdd
1119,,2017/05/02,8,reddcoin,rdd
1120,,2017/05/03,7,reddcoin,rdd
1121,,2017/05/04,7,reddcoin,rdd
1122,,2017/05/05,6,reddcoin,rdd
1123,,2017/05/06,19,reddcoin,rdd
1124,,2017/05/07,9,reddcoin,rdd
1125,,2017/05/08,11,reddcoin,rdd
1126,,2017/05/09,8,reddcoin,rdd
1127,,2017/05/10,40,reddcoin,rdd
1128,,2017/05/11,17,reddcoin,rdd
1129,,2017/05/12,25,reddcoin,rdd
1130,,2017/05/13,24,reddcoin,rdd
1131,,2017/05/14,12,reddcoin,rdd
1132,,2017/05/15,7,reddcoin,rdd
1133,,2017/05/16,11,reddcoin,rdd
1134,,2017/05/17,23,reddcoin,rdd
1135,,2017/05/18,155,reddcoin,rdd
1136,,2017/05/19,48,reddcoin,rdd
1137,,2017/05/20,64,reddcoin,rdd
1138,,2017/05/21,126,reddcoin,rdd
1139,,2017/05/22,203,reddcoin,rdd
1140,,2017/05/23,460,reddcoin,rdd
1141,,2017/05/24,303,reddcoin,rdd
1142,,2017/05/25,474,reddcoin,rdd
1143,,2017/05/26,163,reddcoin,rdd
1144,,2017/05/27,84,reddcoin,rdd
1145,,2017/05/28,162,reddcoin,rdd
1146,,2017/05/29,109,reddcoin,rdd
1147,,2017/05/30,81,reddcoin,rdd
1148,,2017/05/31,71,reddcoin,rdd
1149,,2017/06/01,107,reddcoin,rdd
1150,,2017/06/02,150,reddcoin,rdd
1151,,2017/06/03,185,reddcoin,rdd
1152,,2017/06/04,172,reddcoin,rdd
1153,,2017/06/05,220,reddcoin,rdd
1154,,2017/06/06,120,reddcoin,rdd
1155,,2017/06/07,118,reddcoin,rdd
1156,,2017/06/08,102,reddcoin,rdd
1157,,2017/06/09,87,reddcoin,rdd
1158,,2017/06/10,141,reddcoin,rdd
1159,,2017/06/11,123,reddcoin,rdd
1160,,2017/06/12,94,reddcoin,rdd
1161,,2017/06/13,123,reddcoin,rdd
1162,,2017/06/14,162,reddcoin,rdd
1163,,2017/06/15,78,reddcoin,rdd
1164,,2017/06/16,39,reddcoin,rdd
1165,,2017/06/17,84,reddcoin,rdd
1166,,2017/06/18,66,reddcoin,rdd
1167,,2017/06/19,79,reddcoin,rdd
1168,,2017/06/20,100,reddcoin,rdd
1169,,2017/06/21,51,reddcoin,rdd
1170,,2017/06/22,139,reddcoin,rdd
1171,,2017/06/23,125,reddcoin,rdd
1172,,2017/06/24,null,reddcoin,rdd
1173,,2017/06/25,null,reddcoin,rdd
1174,,2017/06/26,null,reddcoin,rdd
1175,,2017/06/27,null,reddcoin,rdd
1176,,2017/06/28,null,reddcoin,rdd
1177,,2017/06/29,null,reddcoin,rdd
1178,,2017/06/30,null,reddcoin,rdd
1179,,2017/07/01,null,reddcoin,rdd
1180,,2017/07/02,null,reddcoin,rdd
1181,,2017/07/03,null,reddcoin,rdd
1182,,2017/07/04,null,reddcoin,rdd
1183,,2017/07/05,null,reddcoin,rdd
1184,,2017/07/06,null,reddcoin,rdd
1185,,2017/07/07,null,reddcoin,rdd
1186,,2017/07/08,null,reddcoin,rdd
1187,,2017/07/09,null,reddcoin,rdd
1188,,2017/07/10,null,reddcoin,rdd
1189,,2017/07/11,null,reddcoin,rdd
1190,,2017/07/12,173,reddcoin,rdd
1191,,2017/07/13,80,reddcoin,rdd
1192,,2017/07/14,110,reddcoin,rdd
1193,,2017/07/15,77,reddcoin,rdd
1194,,2017/07/16,52,reddcoin,rdd
1195,,2017/07/17,37,reddcoin,rdd
1196,,2017/07/18,159,reddcoin,rdd
1197,,2017/07/19,87,reddcoin,rdd
1198,,2017/07/20,100,reddcoin,rdd
1199,,2017/07/21,68,reddcoin,rdd
1200,,2017/07/22,175,reddcoin,rdd
1201,,2017/07/23,172,reddcoin,rdd
1202,,2017/07/24,182,reddcoin,rdd
1203,,2017/07/25,220,reddcoin,rdd
1204,,2017/07/26,137,reddcoin,rdd
1205,,2017/07/27,211,reddcoin,rdd
1206,,2017/07/28,427,reddcoin,rdd
1207,,2017/07/29,143,reddcoin,rdd
1208,,2017/07/30,117,reddcoin,rdd
1209,,2017/07/31,126,reddcoin,rdd
1210,,2017/08/01,72,reddcoin,rdd
1211,,2017/08/02,45,reddcoin,rdd
1212,,2017/08/03,80,reddcoin,rdd
1213,,2017/08/04,69,reddcoin,rdd
1214,,2017/08/05,140,reddcoin,rdd
1215,,2017/08/06,137,reddcoin,rdd
1216,,2017/08/07,82,reddcoin,rdd
1217,,2017/08/08,93,reddcoin,rdd
1218,,2017/08/09,106,reddcoin,rdd
1219,,2017/08/10,74,reddcoin,rdd
1220,,2017/08/11,70,reddcoin,rdd
1221,,2017/08/12,99,reddcoin,rdd
1222,,2017/08/13,49,reddcoin,rdd
1223,,2017/08/14,87,reddcoin,rdd
1224,,2017/08/15,124,reddcoin,rdd
1225,,2017/08/16,132,reddcoin,rdd
1226,,2017/08/17,131,reddcoin,rdd
1227,,2017/08/18,78,reddcoin,rdd
1228,,2017/08/19,88,reddcoin,rdd
1229,,2017/08/20,80,reddcoin,rdd
1230,,2017/08/21,92,reddcoin,rdd
1231,,2017/08/22,68,reddcoin,rdd
1232,,2017/08/23,60,reddcoin,rdd
1233,,2017/08/24,100,reddcoin,rdd
1234,,2017/08/25,82,reddcoin,rdd
1235,,2017/08/26,77,reddcoin,rdd
1236,,2017/08/27,108,reddcoin,rdd
1237,,2017/08/28,102,reddcoin,rdd
1238,,2017/08/29,93,reddcoin,rdd
1239,,2017/08/30,69,reddcoin,rdd
1240,,2017/08/31,230,reddcoin,rdd
1241,,2017/09/01,102,reddcoin,rdd
1242,,2017/09/02,54,reddcoin,rdd
1243,,2017/09/03,62,reddcoin,rdd
1244,,2017/09/04,75,reddcoin,rdd
1245,,2017/09/05,96,reddcoin,rdd
1246,,2017/09/06,53,reddcoin,rdd
1247,,2017/09/07,64,reddcoin,rdd
1248,,2017/09/08,93,reddcoin,rdd
1249,,2017/09/09,46,reddcoin,rdd
1250,,2017/09/10,75,reddcoin,rdd
1251,,2017/09/11,102,reddcoin,rdd
1252,,2017/09/12,83,reddcoin,rdd
1253,,2017/09/13,122,reddcoin,rdd
1254,,2017/09/14,86,reddcoin,rdd
1255,,2017/09/15,59,reddcoin,rdd
1256,,2017/09/16,63,reddcoin,rdd
1257,,2017/09/17,55,reddcoin,rdd
1258,,2017/09/18,75,reddcoin,rdd
1259,,2017/09/19,101,reddcoin,rdd
1260,,2017/09/20,101,reddcoin,rdd
1261,,2017/09/21,87,reddcoin,rdd
1262,,2017/09/22,61,reddcoin,rdd
1263,,2017/09/23,49,reddcoin,rdd
1264,,2017/09/24,72,reddcoin,rdd
1265,,2017/09/25,308,reddcoin,rdd
1266,,2017/09/26,154,reddcoin,rdd
1267,,2017/09/27,116,reddcoin,rdd
1268,,2017/09/28,92,reddcoin,rdd
1269,,2017/09/29,117,reddcoin,rdd
1270,,2017/09/30,85,reddcoin,rdd
1271,,2017/10/01,94,reddcoin,rdd
1272,,2017/10/02,68,reddcoin,rdd
1273,,2017/10/03,59,reddcoin,rdd
1274,,2017/10/04,153,reddcoin,rdd
1275,,2017/10/05,138,reddcoin,rdd
1276,,2017/10/06,241,reddcoin,rdd
1277,,2017/10/07,131,reddcoin,rdd
1278,,2017/10/08,110,reddcoin,rdd
1279,,2017/10/09,170,reddcoin,rdd
1280,,2017/10/10,156,reddcoin,rdd
1281,,2017/10/11,176,reddcoin,rdd
1282,,2017/10/12,106,reddcoin,rdd
1283,,2017/10/13,56,reddcoin,rdd
1284,,2017/10/14,88,reddcoin,rdd
1285,,2017/10/15,98,reddcoin,rdd
1286,,2017/10/16,108,reddcoin,rdd
1287,,2017/10/17,69,reddcoin,rdd
1288,,2017/10/18,60,reddcoin,rdd
1289,,2017/10/19,54,reddcoin,rdd
1290,,2017/10/20,107,reddcoin,rdd
1291,,2017/10/21,108,reddcoin,rdd
1292,,2017/10/22,66,reddcoin,rdd
1293,,2017/10/23,54,reddcoin,rdd
1294,,2017/10/24,93,reddcoin,rdd
1295,,2017/10/25,61,reddcoin,rdd
1296,,2017/10/26,101,reddcoin,rdd
1297,,2017/10/27,74,reddcoin,rdd
1298,,2017/10/28,50,reddcoin,rdd
1299,,2017/10/29,66,reddcoin,rdd
1300,,2017/10/30,57,reddcoin,rdd
1301,,2017/10/31,56,reddcoin,rdd
1302,,2017/11/01,68,reddcoin,rdd
1303,,2017/11/02,45,reddcoin,rdd
1304,,2017/11/03,59,reddcoin,rdd
1305,,2017/11/04,46,reddcoin,rdd
1306,,2017/11/05,76,reddcoin,rdd
1307,,2017/11/06,75,reddcoin,rdd
1308,,2017/11/07,59,reddcoin,rdd
1309,,2017/11/08,46,reddcoin,rdd
1310,,2017/11/09,80,reddcoin,rdd
1311,,2017/11/10,106,reddcoin,rdd
1312,,2017/11/11,51,reddcoin,rdd
1313,,2017/11/12,54,reddcoin,rdd
1314,,2017/11/13,66,reddcoin,rdd
1315,,2017/11/14,88,reddcoin,rdd
1316,,2017/11/15,74,reddcoin,rdd
1317,,2017/11/16,59,reddcoin,rdd
1318,,2017/11/17,69,reddcoin,rdd
1319,,2017/11/18,70,reddcoin,rdd
1320,,2017/11/19,68,reddcoin,rdd
1321,,2017/11/20,78,reddcoin,rdd
1322,,2017/11/21,55,reddcoin,rdd
1323,,2017/11/22,47,reddcoin,rdd
1324,,2017/11/23,77,reddcoin,rdd
1325,,2017/11/24,84,reddcoin,rdd
1326,,2017/11/25,63,reddcoin,rdd
1327,,2017/11/26,78,reddcoin,rdd
1328,,2017/11/27,80,reddcoin,rdd
1329,,2017/11/28,81,reddcoin,rdd
1330,,2017/11/29,85,reddcoin,rdd
1331,,2017/11/30,69,reddcoin,rdd
1332,,2017/12/01,57,reddcoin,rdd
1333,,2017/12/02,73,reddcoin,rdd
1334,,2017/12/03,69,reddcoin,rdd
1335,,2017/12/04,99,reddcoin,rdd
1336,,2017/12/05,72,reddcoin,rdd
1337,,2017/12/06,83,reddcoin,rdd
1338,,2017/12/07,143,reddcoin,rdd
1339,,2017/12/08,151,reddcoin,rdd
1340,,2017/12/09,73,reddcoin,rdd
1341,,2017/12/10,87,reddcoin,rdd
1342,,2017/12/11,105,reddcoin,rdd
1343,,2017/12/12,79,reddcoin,rdd
1344,,2017/12/13,97,reddcoin,rdd
1345,,2017/12/14,121,reddcoin,rdd
1346,,2017/12/15,105,reddcoin,rdd
1347,,2017/12/16,189,reddcoin,rdd
1348,,2017/12/17,272,reddcoin,rdd
1349,,2017/12/18,155,reddcoin,rdd
1350,,2017/12/19,183,reddcoin,rdd
1351,,2017/12/20,893,reddcoin,rdd
1352,,2017/12/21,845,reddcoin,rdd
1353,,2017/12/22,504,reddcoin,rdd
1354,,2017/12/23,792,reddcoin,rdd
1355,,2017/12/24,1121,reddcoin,rdd
1356,,2017/12/25,1247,reddcoin,rdd
1357,,2017/12/26,1260,reddcoin,rdd
1358,,2017/12/27,992,reddcoin,rdd
1359,,2017/12/28,776,reddcoin,rdd
1360,,2017/12/29,967,reddcoin,rdd
1361,,2017/12/30,1146,reddcoin,rdd
1362,,2017/12/31,1084,reddcoin,rdd
1363,,2018/01/01,1089,reddcoin,rdd
1364,,2018/01/02,1672,reddcoin,rdd
1365,,2018/01/03,3788,reddcoin,rdd
1366,,2018/01/04,2264,reddcoin,rdd
1367,,2018/01/05,1932,reddcoin,rdd
1368,,2018/01/06,2039,reddcoin,rdd
1369,,2018/01/07,2637,reddcoin,rdd
1370,,2018/01/08,767,reddcoin,rdd
1371,,2018/01/09,1402,reddcoin,rdd
1372,,2018/01/10,1563,reddcoin,rdd
1373,,2018/01/11,1570,reddcoin,rdd
1374,,2018/01/12,1488,reddcoin,rdd
1375,,2018/01/13,1873,reddcoin,rdd
1376,,2018/01/14,1490,reddcoin,rdd
1377,,2018/01/15,1394,reddcoin,rdd
1378,,2018/01/16,899,reddcoin,rdd
1379,,2018/01/17,964,reddcoin,rdd
1380,,2018/01/18,1010,reddcoin,rdd
1381,,2018/01/19,471,reddcoin,rdd
1382,,2018/01/20,649,reddcoin,rdd
1383,,2018/01/21,996,reddcoin,rdd
1384,,2018/01/22,911,reddcoin,rdd
1385,,2018/01/23,516,reddcoin,rdd
1386,,2018/01/24,505,reddcoin,rdd
1387,,2018/01/25,306,reddcoin,rdd
1388,,2018/01/26,543,reddcoin,rdd
1389,,2018/01/27,1241,reddcoin,rdd
1390,,2018/01/28,823,reddcoin,rdd
1391,,2018/01/29,535,reddcoin,rdd
1392,,2018/01/30,742,reddcoin,rdd
1393,,2018/01/31,721,reddcoin,rdd
1394,,2018/02/01,641,reddcoin,rdd
1395,,2018/02/02,1018,reddcoin,rdd
1396,,2018/02/03,1395,reddcoin,rdd
1397,,2018/02/04,1652,reddcoin,rdd
1398,,2018/02/05,1755,reddcoin,rdd
1399,,2018/02/06,1302,reddcoin,rdd
1400,,2018/02/07,1532,reddcoin,rdd
1401,,2018/02/08,1387,reddcoin,rdd
1402,,2018/02/09,890,reddcoin,rdd
1403,,2018/02/10,617,reddcoin,rdd
1404,,2018/02/11,622,reddcoin,rdd
1405,,2018/02/12,633,reddcoin,rdd
1406,,2018/02/13,1020,reddcoin,rdd
1407,,2018/02/14,653,reddcoin,rdd
1408,,2018/02/15,713,reddcoin,rdd
1409,,2018/02/16,509,reddcoin,rdd
1410,,2018/02/17,481,reddcoin,rdd
1411,,2018/02/18,341,reddcoin,rdd
1412,,2018/02/19,431,reddcoin,rdd
1413,,2018/02/20,1665,reddcoin,rdd
1414,,2018/02/21,914,reddcoin,rdd
1415,,2018/02/22,380,reddcoin,rdd
1416,,2018/02/23,715,reddcoin,rdd
1417,,2018/02/24,623,reddcoin,rdd
1418,,2018/02/25,934,reddcoin,rdd
1419,,2018/02/26,753,reddcoin,rdd
1420,,2018/02/27,471,reddcoin,rdd
1421,,2018/02/28,375,reddcoin,rdd
1422,,2018/03/01,452,reddcoin,rdd
1423,,2018/03/02,605,reddcoin,rdd
1424,,2018/03/03,null,reddcoin,rdd
1425,,2018/03/04,null,reddcoin,rdd
1426,,2018/03/05,null,reddcoin,rdd
1427,,2018/03/06,null,reddcoin,rdd
1428,,2018/03/07,null,reddcoin,rdd
1429,,2018/03/08,null,reddcoin,rdd
1430,,2018/03/09,null,reddcoin,rdd
1431,,2018/03/10,null,reddcoin,rdd
1432,,2018/03/11,null,reddcoin,rdd
1433,,2018/03/12,null,reddcoin,rdd
1434,,2018/03/13,null,reddcoin,rdd
1435,,2018/03/14,null,reddcoin,rdd
1436,,2018/03/15,null,reddcoin,rdd
1437,,2018/03/16,null,reddcoin,rdd
1438,,2018/03/17,null,reddcoin,rdd
1439,,2018/03/18,null,reddcoin,rdd
1440,,2018/03/19,null,reddcoin,rdd
1441,,2018/03/20,null,reddcoin,rdd
1442,,2018/03/21,null,reddcoin,rdd
1443,,2018/03/22,null,reddcoin,rdd
1444,,2018/03/23,null,reddcoin,rdd
1445,,2018/03/24,null,reddcoin,rdd
1446,,2018/03/25,null,reddcoin,rdd
1447,,2018/03/26,null,reddcoin,rdd
1448,,2018/03/27,null,reddcoin,rdd
1449,,2018/03/28,null,reddcoin,rdd
1450,,2018/03/29,null,reddcoin,rdd
1451,,2018/03/30,null,reddcoin,rdd
1452,,2018/03/31,null,reddcoin,rdd
1453,,2018/04/01,null,reddcoin,rdd
1454,,2018/04/02,null,reddcoin,rdd
1455,,2018/04/03,null,reddcoin,rdd
1456,,2018/04/04,null,reddcoin,rdd
1457,,2018/04/05,null,reddcoin,rdd
1458,,2018/04/06,null,reddcoin,rdd
1459,,2018/04/07,161,reddcoin,rdd
1460,,2018/04/08,415,reddcoin,rdd
1461,,2018/04/09,317,reddcoin,rdd
1462,,2018/04/10,252,reddcoin,rdd
1463,,2018/04/11,456,reddcoin,rdd
1464,,2018/04/12,214,reddcoin,rdd
1465,,2018/04/13,206,reddcoin,rdd
1466,,2018/04/14,170,reddcoin,rdd
1467,,2018/04/15,165,reddcoin,rdd
1468,,2018/04/16,229,reddcoin,rdd
1469,,2018/04/17,285,reddcoin,rdd
1470,,2018/04/18,395,reddcoin,rdd
1471,,2018/04/19,358,reddcoin,rdd
1472,,2018/04/20,255,reddcoin,rdd
1473,,2018/04/21,126,reddcoin,rdd
1474,,2018/04/22,170,reddcoin,rdd
1475,,2018/04/23,285,reddcoin,rdd
1476,,2018/04/24,221,reddcoin,rdd
1477,,2018/04/25,155,reddcoin,rdd
1478,,2018/04/26,199,reddcoin,rdd
1479,,2018/04/27,331,reddcoin,rdd
1480,,2018/04/28,322,reddcoin,rdd
1481,,2018/04/29,506,reddcoin,rdd
1482,,2018/04/30,385,reddcoin,rdd
1483,,2018/05/01,178,reddcoin,rdd
1484,,2018/05/02,571,reddcoin,rdd
1485,,2018/05/03,293,reddcoin,rdd
1486,,2018/05/04,248,reddcoin,rdd
1487,,2018/05/05,394,reddcoin,rdd
1488,,2018/05/06,190,reddcoin,rdd
1489,,2018/05/07,87,reddcoin,rdd
1490,,2018/05/08,340,reddcoin,rdd
1491,,2018/05/09,282,reddcoin,rdd
1492,,2018/05/10,269,reddcoin,rdd
1493,,2018/05/11,199,reddcoin,rdd
1494,,2018/05/12,398,reddcoin,rdd
1495,,2018/05/13,417,reddcoin,rdd
1496,,2018/05/14,481,reddcoin,rdd
1497,,2018/05/15,310,reddcoin,rdd
1498,,2018/05/16,231,reddcoin,rdd
1499,,2018/05/17,179,reddcoin,rdd
1500,,2018/05/18,177,reddcoin,rdd
1501,,2018/05/19,198,reddcoin,rdd
1502,,2018/05/20,158,reddcoin,rdd
1503,,2018/05/21,102,reddcoin,rdd
1504,,2018/05/22,175,reddcoin,rdd
1505,,2018/05/23,111,reddcoin,rdd
1506,,2018/05/24,272,reddcoin,rdd
1507,,2018/05/25,279,reddcoin,rdd
1508,,2018/05/26,220,reddcoin,rdd
1509,,2018/05/27,102,reddcoin,rdd
1510,,2018/05/28,104,reddcoin,rdd
1511,,2018/05/29,81,reddcoin,rdd
1512,,2018/05/30,125,reddcoin,rdd
1513,,2018/05/31,68,reddcoin,rdd
1514,,2018/06/01,98,reddcoin,rdd
1515,,2018/06/02,155,reddcoin,rdd
1516,,2018/06/03,84,reddcoin,rdd
1517,,2018/06/04,46,reddcoin,rdd
1518,,2018/06/05,232,reddcoin,rdd
1519,,2018/06/06,145,reddcoin,rdd
1520,,2018/06/07,134,reddcoin,rdd
1521,,2018/06/08,108,reddcoin,rdd
1522,,2018/06/09,74,reddcoin,rdd
1523,,2018/06/10,67,reddcoin,rdd
1524,,2018/06/11,36,reddcoin,rdd
1525,,2018/06/12,317,reddcoin,rdd
1526,,2018/06/13,159,reddcoin,rdd
1527,,2018/06/14,227,reddcoin,rdd
1528,,2018/06/15,171,reddcoin,rdd
1529,,2018/06/16,151,reddcoin,rdd
1530,,2018/06/17,112,reddcoin,rdd
1531,,2018/06/18,266,reddcoin,rdd
1532,,2018/06/19,187,reddcoin,rdd
1533,,2018/06/20,132,reddcoin,rdd
1534,,2018/06/21,319,reddcoin,rdd
1535,,2018/06/22,234,reddcoin,rdd
1536,,2018/06/23,174,reddcoin,rdd
1537,,2018/06/24,121,reddcoin,rdd
1538,,2018/06/25,195,reddcoin,rdd
1539,,2018/06/26,148,reddcoin,rdd
1540,,2018/06/27,219,reddcoin,rdd
1541,,2018/06/28,84,reddcoin,rdd
1542,,2018/06/29,91,reddcoin,rdd
1543,,2018/06/30,104,reddcoin,rdd
1544,,2018/07/01,154,reddcoin,rdd
1545,,2018/07/02,98,reddcoin,rdd
1546,,2018/07/03,62,reddcoin,rdd
1547,,2018/07/04,47,reddcoin,rdd
1548,,2018/07/05,80,reddcoin,rdd
1549,,2018/07/06,69,reddcoin,rdd
1550,,2018/07/07,57,reddcoin,rdd
1551,,2018/07/08,68,reddcoin,rdd
1552,,2018/07/09,232,reddcoin,rdd
1553,,2018/07/10,76,reddcoin,rdd
1554,,2018/07/11,38,reddcoin,rdd
1555,,2018/07/12,50,reddcoin,rdd
1556,,2018/07/13,74,reddcoin,rdd
1557,,2018/07/14,88,reddcoin,rdd
1558,,2018/07/15,58,reddcoin,rdd
1559,,2018/07/16,81,reddcoin,rdd
1560,,2018/07/17,81,reddcoin,rdd
1561,,2018/07/18,146,reddcoin,rdd
1562,,2018/07/19,135,reddcoin,rdd
1563,,2018/07/20,144,reddcoin,rdd
1564,,2018/07/21,115,reddcoin,rdd
1565,,2018/07/22,112,reddcoin,rdd
1566,,2018/07/23,229,reddcoin,rdd
1567,,2018/07/24,109,reddcoin,rdd
1568,,2018/07/25,185,reddcoin,rdd
1569,,2018/07/26,217,reddcoin,rdd
1570,,2018/07/27,180,reddcoin,rdd
1571,,2018/07/28,157,reddcoin,rdd
1572,,2018/07/29,172,reddcoin,rdd
1573,,2018/07/30,76,reddcoin,rdd
1574,,2018/07/31,64,reddcoin,rdd
1575,,2018/08/01,162,reddcoin,rdd
1576,,2018/08/02,164,reddcoin,rdd
1577,,2018/08/03,55,reddcoin,rdd
1578,,2018/08/04,214,reddcoin,rdd
1579,,2018/08/05,64,reddcoin,rdd
1580,,2018/08/06,64,reddcoin,rdd
1581,,2018/08/07,113,reddcoin,rdd
1582,,2018/08/08,100,reddcoin,rdd
1583,,2018/08/09,99,reddcoin,rdd
1584,,2018/08/10,73,reddcoin,rdd
1585,,2018/08/11,97,reddcoin,rdd
1586,,2018/08/12,119,reddcoin,rdd
1587,,2018/08/13,127,reddcoin,rdd
1588,,2018/08/14,207,reddcoin,rdd
1589,,2018/08/15,264,reddcoin,rdd
1590,,2018/08/16,65,reddcoin,rdd
1591,,2018/08/17,36,reddcoin,rdd
1592,,2018/08/18,80,reddcoin,rdd
1593,,2018/08/19,216,reddcoin,rdd
1594,,2018/08/20,242,reddcoin,rdd
1595,,2018/08/21,207,reddcoin,rdd
1596,,2018/08/22,52,reddcoin,rdd
1597,,2018/08/23,52,reddcoin,rdd
1598,,2018/08/24,35,reddcoin,rdd
1599,,2018/08/25,80,reddcoin,rdd
1600,,2018/08/26,63,reddcoin,rdd
1601,,2018/08/27,128,reddcoin,rdd
1602,,2018/08/28,139,reddcoin,rdd
1603,,2018/08/29,110,reddcoin,rdd
1604,,2018/08/30,59,reddcoin,rdd
1605,,2018/08/31,99,reddcoin,rdd
1606,,2018/09/01,311,reddcoin,rdd
1607,,2018/09/02,79,reddcoin,rdd
1608,,2018/09/03,139,reddcoin,rdd
1609,,2018/09/04,143,reddcoin,rdd
1610,,2018/09/05,80,reddcoin,rdd
1611,,2018/09/06,38,reddcoin,rdd
1612,,2018/09/07,54,reddcoin,rdd
1613,,2018/09/08,15,reddcoin,rdd
1614,,2018/09/09,32,reddcoin,rdd
1615,,2018/09/10,110,reddcoin,rdd
1616,,2018/09/11,138,reddcoin,rdd
1617,,2018/09/12,96,reddcoin,rdd
1618,,2018/09/13,88,reddcoin,rdd
1619,,2018/09/14,110,reddcoin,rdd
1620,,2018/09/15,46,reddcoin,rdd
1621,,2018/09/16,43,reddcoin,rdd
1622,,2018/09/17,44,reddcoin,rdd
1623,,2018/09/18,57,reddcoin,rdd
1624,,2018/09/19,42,reddcoin,rdd
1625,,2018/09/20,109,reddcoin,rdd
1626,,2018/09/21,109,reddcoin,rdd
1627,,2018/09/22,39,reddcoin,rdd
1628,,2018/09/23,61,reddcoin,rdd
1629,,2018/09/24,498,reddcoin,rdd
1630,,2018/09/25,541,reddcoin,rdd
1631,,2018/09/26,194,reddcoin,rdd
1632,,2018/09/27,309,reddcoin,rdd
1633,,2018/09/28,339,reddcoin,rdd
1634,,2018/09/29,777,reddcoin,rdd
1635,,2018/09/30,1017,reddcoin,rdd
1636,,2018/10/01,781,reddcoin,rdd
1637,,2018/10/02,167,reddcoin,rdd
1638,,2018/10/03,203,reddcoin,rdd
1639,,2018/10/04,154,reddcoin,rdd
1640,,2018/10/05,234,reddcoin,rdd
1641,,2018/10/06,152,reddcoin,rdd
1642,,2018/10/07,40,reddcoin,rdd
1643,,2018/10/08,90,reddcoin,rdd
1644,,2018/10/09,38,reddcoin,rdd
1645,,2018/10/10,45,reddcoin,rdd
1646,,2018/10/11,40,reddcoin,rdd
1647,,2018/10/12,131,reddcoin,rdd
1648,,2018/10/13,150,reddcoin,rdd
1649,,2018/10/14,24,reddcoin,rdd
1650,,2018/10/15,129,reddcoin,rdd
1651,,2018/10/16,112,reddcoin,rdd
1652,,2018/10/17,76,reddcoin,rdd
1653,,2018/10/18,66,reddcoin,rdd
1654,,2018/10/19,32,reddcoin,rdd
1655,,2018/10/20,53,reddcoin,rdd
1656,,2018/10/21,31,reddcoin,rdd
1657,,2018/10/22,178,reddcoin,rdd
1658,,2018/10/23,224,reddcoin,rdd
1659,,2018/10/24,191,reddcoin,rdd
1660,,2018/10/25,86,reddcoin,rdd
1661,,2018/10/26,49,reddcoin,rdd
1662,,2018/10/27,55,reddcoin,rdd
1663,,2018/10/28,38,reddcoin,rdd
1664,,2018/10/29,47,reddcoin,rdd
1665,,2018/10/30,87,reddcoin,rdd
1666,,2018/10/31,79,reddcoin,rdd
1667,,2018/11/01,25,reddcoin,rdd
1668,,2018/11/02,59,reddcoin,rdd
1669,,2018/11/03,21,reddcoin,rdd
1670,,2018/11/04,26,reddcoin,rdd
1671,,2018/11/05,68,reddcoin,rdd
1672,,2018/11/06,50,reddcoin,rdd
1673,,2018/11/07,61,reddcoin,rdd
1674,,2018/11/08,50,reddcoin,rdd
1675,,2018/11/09,45,reddcoin,rdd
1676,,2018/11/10,20,reddcoin,rdd
1677,,2018/11/11,24,reddcoin,rdd
1678,,2018/11/12,18,reddcoin,rdd
1679,,2018/11/13,26,reddcoin,rdd
1680,,2018/11/14,18,reddcoin,rdd
1681,,2018/11/15,35,reddcoin,rdd
1682,,2018/11/16,56,reddcoin,rdd
1683,,2018/11/17,32,reddcoin,rdd
1684,,2018/11/18,32,reddcoin,rdd
1685,,2018/11/19,20,reddcoin,rdd
1686,,2018/11/20,10,reddcoin,rdd
1687,,2018/11/21,25,reddcoin,rdd
1688,,2018/11/22,25,reddcoin,rdd
1689,,2018/11/23,27,reddcoin,rdd
1690,,2018/11/24,36,reddcoin,rdd
1691,,2018/11/25,13,reddcoin,rdd
1692,,2018/11/26,36,reddcoin,rdd
1693,,2018/11/27,22,reddcoin,rdd
1694,,2018/11/28,39,reddcoin,rdd
1695,,2018/11/29,16,reddcoin,rdd
1696,,2018/11/30,25,reddcoin,rdd
1697,,2018/12/01,36,reddcoin,rdd
1698,,2018/12/02,17,reddcoin,rdd
1699,,2018/12/03,41,reddcoin,rdd
1700,,2018/12/04,28,reddcoin,rdd
1701,,2018/12/05,10,reddcoin,rdd
1702,,2018/12/06,null,reddcoin,rdd
1703,,2018/12/07,48,reddcoin,rdd
1704,,2018/12/08,15,reddcoin,rdd
1705,,2018/12/09,9,reddcoin,rdd
1706,,2018/12/10,72,reddcoin,rdd
1707,,2018/12/11,18,reddcoin,rdd
1708,,2018/12/12,31,reddcoin,rdd
1709,,2018/12/13,32,reddcoin,rdd
1710,,2018/12/14,23,reddcoin,rdd
1711,,2018/12/15,61,reddcoin,rdd
1712,,2018/12/16,100,reddcoin,rdd
1713,,2018/12/17,71,reddcoin,rdd
1714,,2018/12/18,73,reddcoin,rdd
1715,,2018/12/19,126,reddcoin,rdd
1716,,2018/12/20,125,reddcoin,rdd
1717,,2018/12/21,93,reddcoin,rdd
1718,,2018/12/22,269,reddcoin,rdd
1719,,2018/12/23,160,reddcoin,rdd
1720,,2018/12/24,103,reddcoin,rdd
1721,,2018/12/25,164,reddcoin,rdd
1722,,2018/12/26,29,reddcoin,rdd
1723,,2018/12/27,26,reddcoin,rdd
1724,,2018/12/28,63,reddcoin,rdd
1725,,2018/12/29,75,reddcoin,rdd
1726,,2018/12/30,71,reddcoin,rdd
1727,,2018/12/31,48,reddcoin,rdd
1728,,2019/01/01,21,reddcoin,rdd
1729,,2019/01/02,71,reddcoin,rdd
1730,,2019/01/03,102,reddcoin,rdd
1731,,2019/01/04,54,reddcoin,rdd
1732,,2019/01/05,84,reddcoin,rdd
1733,,2019/01/06,68,reddcoin,rdd
1734,,2019/01/07,125,reddcoin,rdd
1735,,2019/01/08,77,reddcoin,rdd
1736,,2019/01/09,46,reddcoin,rdd
1737,,2019/01/10,31,reddcoin,rdd
1738,,2019/01/11,34,reddcoin,rdd
1739,,2019/01/12,20,reddcoin,rdd
1740,,2019/01/13,25,reddcoin,rdd
1741,,2019/01/14,34,reddcoin,rdd
1742,,2019/01/15,42,reddcoin,rdd
1743,,2019/01/16,35,reddcoin,rdd
1744,,2019/01/17,70,reddcoin,rdd
1745,,2019/01/18,78,reddcoin,rdd
1746,,2019/01/19,66,reddcoin,rdd
1747,,2019/01/20,18,reddcoin,rdd
1748,,2019/01/21,64,reddcoin,rdd
1749,,2019/01/22,35,reddcoin,rdd
1750,,2019/01/23,122,reddcoin,rdd
1751,,2019/01/24,210,reddcoin,rdd
1752,,2019/01/25,127,reddcoin,rdd
1753,,2019/01/26,141,reddcoin,rdd
1754,,2019/01/27,82,reddcoin,rdd
1755,,2019/01/28,37,reddcoin,rdd
1756,,2019/01/29,32,reddcoin,rdd
1757,,2019/01/30,36,reddcoin,rdd
1758,,2019/01/31,62,reddcoin,rdd
1759,,2019/02/01,76,reddcoin,rdd
1760,,2019/02/02,56,reddcoin,rdd
1761,,2019/02/03,77,reddcoin,rdd
1762,,2019/02/04,287,reddcoin,rdd
1763,,2019/02/05,99,reddcoin,rdd
1764,,2019/02/06,137,reddcoin,rdd
1765,,2019/02/07,50,reddcoin,rdd
1766,,2019/02/08,69,reddcoin,rdd
1767,,2019/02/09,77,reddcoin,rdd
1768,,2019/02/10,97,reddcoin,rdd
1769,,2019/02/11,67,reddcoin,rdd
1770,,2019/02/12,49,reddcoin,rdd
1771,,2019/02/13,71,reddcoin,rdd
1772,,2019/02/14,53,reddcoin,rdd
1773,,2019/02/15,30,reddcoin,rdd
1774,,2019/02/16,42,reddcoin,rdd
1775,,2019/02/17,50,reddcoin,rdd
1776,,2019/02/18,74,reddcoin,rdd
1777,,2019/02/19,140,reddcoin,rdd
1778,,2019/02/20,102,reddcoin,rdd
1779,,2019/02/21,92,reddcoin,rdd
1780,,2019/02/22,60,reddcoin,rdd
1781,,2019/02/23,44,reddcoin,rdd
1782,,2019/02/24,66,reddcoin,rdd
1783,,2019/02/25,27,reddcoin,rdd
1784,,2019/02/26,28,reddcoin,rdd
1785,,2019/02/27,20,reddcoin,rdd
1786,,2019/02/28,53,reddcoin,rdd
1787,,2019/03/01,null,reddcoin,rdd
1788,,2019/03/02,30,reddcoin,rdd
1789,,2019/03/03,15,reddcoin,rdd
1790,,2019/03/04,34,reddcoin,rdd
1791,,2019/03/05,43,reddcoin,rdd
1792,,2019/03/06,17,reddcoin,rdd
1793,,2019/03/07,null,reddcoin,rdd
1794,,2019/03/08,null,reddcoin,rdd
1795,,2019/03/09,null,reddcoin,rdd
1796,,2019/03/10,44,reddcoin,rdd
1797,,2019/03/11,37,reddcoin,rdd
1798,,2019/03/12,19,reddcoin,rdd
1799,,2019/03/13,22,reddcoin,rdd
1800,,2019/03/14,26,reddcoin,rdd
1801,,2019/03/15,40,reddcoin,rdd
1802,,2019/03/16,51,reddcoin,rdd
1803,,2019/03/17,18,reddcoin,rdd
1804,,2019/03/18,14,reddcoin,rdd
1805,,2019/03/19,9,reddcoin,rdd
1806,,2019/03/20,12,reddcoin,rdd
1807,,2019/03/21,13,reddcoin,rdd
1808,,2019/03/22,11,reddcoin,rdd
1809,,2019/03/23,23,reddcoin,rdd
1810,,2019/03/24,null,reddcoin,rdd
1811,,2019/03/25,30,reddcoin,rdd
1812,,2019/03/26,21,reddcoin,rdd
1813,,2019/03/27,69,reddcoin,rdd
1814,,2019/03/28,null,reddcoin,rdd
1815,,2019/03/29,15,reddcoin,rdd
1816,,2019/03/30,32,reddcoin,rdd
1817,,2019/03/31,56,reddcoin,rdd
1818,,2019/04/01,45,reddcoin,rdd
1819,,2019/04/02,44,reddcoin,rdd
1820,,2019/04/03,99,reddcoin,rdd
1821,,2019/04/04,61,reddcoin,rdd
1822,,2019/04/05,25,reddcoin,rdd
1823,,2019/04/06,17,reddcoin,rdd
1824,,2019/04/07,31,reddcoin,rdd
1825,,2019/04/08,26,reddcoin,rdd
1826,,2019/04/09,27,reddcoin,rdd
1827,,2019/04/10,31,reddcoin,rdd
1828,,2019/04/11,34,reddcoin,rdd
1829,,2019/04/12,27,reddcoin,rdd
1830,,2019/04/13,14,reddcoin,rdd
1831,,2019/04/14,28,reddcoin,rdd
1832,,2019/04/15,22,reddcoin,rdd
1833,,2019/04/16,24,reddcoin,rdd
1834,,2019/04/17,27,reddcoin,rdd
1835,,2019/04/18,65,reddcoin,rdd
1836,,2019/04/19,33,reddcoin,rdd
1837,,2019/04/20,35,reddcoin,rdd
1838,,2019/04/21,45,reddcoin,rdd
1839,,2019/04/22,26,reddcoin,rdd
1840,,2019/04/23,25,reddcoin,rdd
1841,,2019/04/24,72,reddcoin,rdd
1842,,2019/04/25,66,reddcoin,rdd
1843,,2019/04/26,91,reddcoin,rdd
1844,,2019/04/27,36,reddcoin,rdd
1845,,2019/04/28,31,reddcoin,rdd
1846,,2019/04/29,7,reddcoin,rdd
1847,,2019/04/30,12,reddcoin,rdd
1848,,2019/05/01,19,reddcoin,rdd
1849,,2019/05/02,7,reddcoin,rdd
1850,,2019/05/03,37,reddcoin,rdd
1851,,2019/05/04,21,reddcoin,rdd
1852,,2019/05/05,29,reddcoin,rdd
1853,,2019/05/06,13,reddcoin,rdd
1854,,2019/05/07,19,reddcoin,rdd
1855,,2019/05/08,34,reddcoin,rdd
1856,,2019/05/09,65,reddcoin,rdd
1857,,2019/05/10,53,reddcoin,rdd
1858,,2019/05/11,46,reddcoin,rdd
1859,,2019/05/12,30,reddcoin,rdd
1860,,2019/05/13,54,reddcoin,rdd
1861,,2019/05/14,58,reddcoin,rdd
1862,,2019/05/15,53,reddcoin,rdd
1863,,2019/05/16,73,reddcoin,rdd
1864,,2019/05/17,55,reddcoin,rdd
1865,,2019/05/18,157,reddcoin,rdd
1866,,2019/05/19,62,reddcoin,rdd
1867,,2019/05/20,93,reddcoin,rdd
1868,,2019/05/21,49,reddcoin,rdd
1869,,2019/05/22,102,reddcoin,rdd
1870,,2019/05/23,155,reddcoin,rdd
1871,,2019/05/24,32,reddcoin,rdd
1872,,2019/05/25,38,reddcoin,rdd
1873,,2019/05/26,27,reddcoin,rdd
1874,,2019/05/27,37,reddcoin,rdd
1875,,2019/05/28,27,reddcoin,rdd
1876,,2019/05/29,20,reddcoin,rdd
1877,,2019/05/30,18,reddcoin,rdd
1878,,2019/05/31,52,reddcoin,rdd
1879,,2019/06/01,25,reddcoin,rdd
1880,,2019/06/02,45,reddcoin,rdd
1881,,2019/06/03,24,reddcoin,rdd
1882,,2019/06/04,13,reddcoin,rdd
1883,,2019/06/05,11,reddcoin,rdd
1884,,2019/06/06,21,reddcoin,rdd
1885,,2019/06/07,19,reddcoin,rdd
1886,,2019/06/08,37,reddcoin,rdd
1887,,2019/06/09,28,reddcoin,rdd
1888,,2019/06/10,27,reddcoin,rdd
1889,,2019/06/11,42,reddcoin,rdd
1890,,2019/06/12,73,reddcoin,rdd
1891,,2019/06/13,25,reddcoin,rdd
1892,,2019/06/14,13,reddcoin,rdd
1893,,2019/06/15,8,reddcoin,rdd
1894,,2019/06/16,87,reddcoin,rdd
1895,,2019/06/17,111,reddcoin,rdd
1896,,2019/06/18,98,reddcoin,rdd
1897,,2019/06/19,92,reddcoin,rdd
1898,,2019/06/20,143,reddcoin,rdd
1899,,2019/06/21,123,reddcoin,rdd
1900,,2019/06/22,189,reddcoin,rdd
1901,,2019/06/23,92,reddcoin,rdd
1902,,2019/06/24,95,reddcoin,rdd
1903,,2019/06/25,33,reddcoin,rdd
1904,,2019/06/26,130,reddcoin,rdd
1905,,2019/06/27,62,reddcoin,rdd
1906,,2019/06/28,56,reddcoin,rdd
1907,,2019/06/29,32,reddcoin,rdd
1908,,2019/06/30,32,reddcoin,rdd
1909,,2019/07/01,66,reddcoin,rdd
1910,,2019/07/02,36,reddcoin,rdd
1911,,2019/07/03,38,reddcoin,rdd
1912,,2019/07/04,27,reddcoin,rdd
1913,,2019/07/05,31,reddcoin,rdd
1914,,2019/07/06,47,reddcoin,rdd
1915,,2019/07/07,39,reddcoin,rdd
1916,,2019/07/08,39,reddcoin,rdd
1917,,2019/07/09,37,reddcoin,rdd
1918,,2019/07/10,59,reddcoin,rdd
1919,,2019/07/11,29,reddcoin,rdd
1920,,2019/07/12,18,reddcoin,rdd
1921,,2019/07/13,18,reddcoin,rdd
1922,,2019/07/14,null,reddcoin,rdd
1923,,2019/07/15,null,reddcoin,rdd
1924,,2019/07/16,null,reddcoin,rdd
1925,,2019/07/17,null,reddcoin,rdd
1926,,2019/07/18,null,reddcoin,rdd
1927,,2019/07/19,19,reddcoin,rdd
1928,,2019/07/20,10,reddcoin,rdd
1929,,2019/07/21,null,reddcoin,rdd
1930,,2019/07/22,null,reddcoin,rdd
1931,,2019/07/23,null,reddcoin,rdd
1932,,2019/07/24,null,reddcoin,rdd
1933,,2019/07/25,null,reddcoin,rdd
1934,,2019/07/26,null,reddcoin,rdd
1935,,2019/07/27,null,reddcoin,rdd
1936,,2019/07/28,30,reddcoin,rdd
1937,,2019/07/29,null,reddcoin,rdd
1938,,2019/07/30,17,reddcoin,rdd
1939,,2019/07/31,null,reddcoin,rdd
1940,,2019/08/01,null,reddcoin,rdd
1941,,2019/08/02,null,reddcoin,rdd
1942,,2019/08/03,142,reddcoin,rdd
1943,,2019/08/04,111,reddcoin,rdd
1944,,2019/08/05,null,reddcoin,rdd
1945,,2019/08/06,null,reddcoin,rdd
1946,,2019/08/07,null,reddcoin,rdd
1947,,2019/08/08,43,reddcoin,rdd
1948,,2019/08/09,67,reddcoin,rdd
1949,,2019/08/10,42,reddcoin,rdd
1950,,2019/08/11,14,reddcoin,rdd
1951,,2019/08/12,12,reddcoin,rdd
1952,,2019/08/13,null,reddcoin,rdd
1953,,2019/08/14,7,reddcoin,rdd
1954,,2019/08/15,8,reddcoin,rdd
1955,,2019/08/16,27,reddcoin,rdd
1956,,2019/08/17,18,reddcoin,rdd
1957,,2019/08/18,17,reddcoin,rdd
1958,,2019/08/19,null,reddcoin,rdd
1959,,2019/08/20,null,reddcoin,rdd
1960,,2019/08/21,null,reddcoin,rdd
1961,,2019/08/22,null,reddcoin,rdd
1962,,2019/08/23,null,reddcoin,rdd
1963,,2019/08/24,null,reddcoin,rdd
1964,,2019/08/25,null,reddcoin,rdd
1965,,2019/08/26,null,reddcoin,rdd
1966,,2019/08/27,null,reddcoin,rdd
1967,,2019/08/28,null,reddcoin,rdd
1968,,2019/08/29,null,reddcoin,rdd
1969,,2019/08/30,null,reddcoin,rdd
1970,,2019/08/31,null,reddcoin,rdd
1971,,2019/09/01,null,reddcoin,rdd
1972,,2019/09/02,null,reddcoin,rdd
1973,,2019/09/03,null,reddcoin,rdd
1974,,2019/09/04,21,reddcoin,rdd
1975,,2019/09/05,29,reddcoin,rdd
1976,,2019/09/06,null,reddcoin,rdd
1977,,2019/09/07,null,reddcoin,rdd
1978,,2019/09/08,null,reddcoin,rdd
1979,,2019/09/09,37,reddcoin,rdd
1980,,2019/09/10,38,reddcoin,rdd
1981,,2019/09/11,20,reddcoin,rdd
1982,,2019/09/12,16,reddcoin,rdd
1983,,2019/09/13,null,reddcoin,rdd
1984,,2019/09/14,null,reddcoin,rdd
1985,,2019/09/15,null,reddcoin,rdd
1986,,2019/09/16,null,reddcoin,rdd
1987,,2019/09/17,null,reddcoin,rdd
1988,,2019/09/18,null,reddcoin,rdd
1989,,2019/09/19,null,reddcoin,rdd
1990,,2019/09/20,null,reddcoin,rdd
1991,,2019/09/21,null,reddcoin,rdd
1992,,2019/09/22,null,reddcoin,rdd
1993,,2019/09/23,null,reddcoin,rdd
1994,,2019/09/24,null,reddcoin,rdd
1995,,2019/09/25,null,reddcoin,rdd
1996,,2019/09/26,null,reddcoin,rdd
1997,,2019/09/27,63,reddcoin,rdd
1998,,2019/09/28,26,reddcoin,rdd
1999,,2019/09/29,26,reddcoin,rdd
2000,,2019/09/30,52,reddcoin,rdd
2001,,2019/10/01,null,reddcoin,rdd
2002,,2019/10/02,null,reddcoin,rdd
2003,,2019/10/03,null,reddcoin,rdd
2004,,2019/10/04,null,reddcoin,rdd
2005,,2019/10/05,26,reddcoin,rdd
2006,,2019/10/06,18,reddcoin,rdd
2007,,2019/10/07,22,reddcoin,rdd
2008,,2019/10/08,16,reddcoin,rdd
2009,,2019/10/09,61,reddcoin,rdd
2010,,2019/10/10,63,reddcoin,rdd
2011,,2019/10/11,52,reddcoin,rdd
2012,,2019/10/12,33,reddcoin,rdd
2013,,2019/10/13,34,reddcoin,rdd
2014,,2019/10/14,58,reddcoin,rdd
2015,,2019/10/15,32,reddcoin,rdd
2016,,2019/10/16,10,reddcoin,rdd
2017,,2019/10/17,44,reddcoin,rdd
2018,,2019/10/18,430,reddcoin,rdd
2019,,2019/10/19,28,reddcoin,rdd
2020,,2019/10/20,22,reddcoin,rdd
2021,,2019/10/21,28,reddcoin,rdd
2022,,2019/10/22,null,reddcoin,rdd
2023,,2019/10/23,null,reddcoin,rdd
2024,,2019/10/24,null,reddcoin,rdd
2025,,2019/10/25,22,reddcoin,rdd
2026,,2019/10/26,26,reddcoin,rdd
2027,,2019/10/27,29,reddcoin,rdd
2028,,2019/10/28,50,reddcoin,rdd
2029,,2019/10/29,null,reddcoin,rdd
2030,,2019/10/30,null,reddcoin,rdd
2031,,2019/10/31,null,reddcoin,rdd
2032,,2019/11/01,null,reddcoin,rdd
2033,,2019/11/02,null,reddcoin,rdd
2034,,2019/11/03,null,reddcoin,rdd
2035,,2019/11/04,null,reddcoin,rdd
2036,,2019/11/05,23,reddcoin,rdd
2037,,2019/11/06,null,reddcoin,rdd
2038,,2019/11/07,null,reddcoin,rdd
2039,,2019/11/08,null,reddcoin,rdd
2040,,2019/11/09,null,reddcoin,rdd
2041,,2019/11/10,null,reddcoin,rdd
2042,,2019/11/11,null,reddcoin,rdd
2043,,2019/11/12,null,reddcoin,rdd
2044,,2019/11/13,51,reddcoin,rdd
2045,,2019/11/14,null,reddcoin,rdd
2046,,2019/11/15,null,reddcoin,rdd
2047,,2019/11/16,null,reddcoin,rdd
2048,,2019/11/17,null,reddcoin,rdd
2049,,2019/11/18,null,reddcoin,rdd
2050,,2019/11/19,null,reddcoin,rdd
2051,,2019/11/20,null,reddcoin,rdd
2052,,2019/11/21,null,reddcoin,rdd
2053,,2019/11/22,null,reddcoin,rdd
2054,,2019/11/23,null,reddcoin,rdd
2055,,2019/11/24,null,reddcoin,rdd
2056,,2019/11/25,null,reddcoin,rdd
2057,,2019/11/26,null,reddcoin,rdd
2058,,2019/11/27,null,reddcoin,rdd
2059,,2019/11/28,null,reddcoin,rdd
2060,,2019/11/29,null,reddcoin,rdd
2061,,2019/11/30,null,reddcoin,rdd
2062,,2019/12/01,null,reddcoin,rdd
2063,,2019/12/02,null,reddcoin,rdd
2064,,2019/12/03,null,reddcoin,rdd
2065,,2019/12/04,null,reddcoin,rdd
2066,,2019/12/05,35,reddcoin,rdd
2067,,2019/12/06,39,reddcoin,rdd
2068,,2019/12/07,null,reddcoin,rdd
2069,,2019/12/08,null,reddcoin,rdd
2070,,2019/12/09,null,reddcoin,rdd
2071,,2019/12/10,null,reddcoin,rdd
2072,,2019/12/11,null,reddcoin,rdd
2073,,2019/12/12,11,reddcoin,rdd
2074,,2019/12/13,23,reddcoin,rdd
2075,,2019/12/14,10,reddcoin,rdd
2076,,2019/12/15,null,reddcoin,rdd
2077,,2019/12/16,null,reddcoin,rdd
2078,,2019/12/17,null,reddcoin,rdd
2079,,2019/12/18,null,reddcoin,rdd
2080,,2019/12/19,null,reddcoin,rdd
2081,,2019/12/20,null,reddcoin,rdd
2082,,2019/12/21,null,reddcoin,rdd
2083,,2019/12/22,null,reddcoin,rdd
2084,,2019/12/23,null,reddcoin,rdd
2085,,2019/12/24,null,reddcoin,rdd
2086,,2019/12/25,null,reddcoin,rdd
2087,,2019/12/26,73,reddcoin,rdd
2088,,2019/12/27,47,reddcoin,rdd
2089,,2019/12/28,null,reddcoin,rdd
2090,,2019/12/29,null,reddcoin,rdd
2091,,2019/12/30,null,reddcoin,rdd
2092,,2019/12/31,null,reddcoin,rdd
2093,,2020/01/01,null,reddcoin,rdd
2094,,2020/01/02,null,reddcoin,rdd
2095,,2020/01/03,null,reddcoin,rdd
2096,,2020/01/04,null,reddcoin,rdd
2097,,2020/01/05,null,reddcoin,rdd
2098,,2020/01/06,null,reddcoin,rdd
2099,,2020/01/07,null,reddcoin,rdd
2100,,2020/01/08,null,reddcoin,rdd
2101,,2020/01/09,null,reddcoin,rdd
2102,,2020/01/10,null,reddcoin,rdd
2103,,2020/01/11,null,reddcoin,rdd
2104,,2020/01/12,null,reddcoin,rdd
2105,,2020/01/13,null,reddcoin,rdd
2106,,2020/01/14,null,reddcoin,rdd
2107,,2020/01/15,null,reddcoin,rdd
2108,,2020/01/16,67,reddcoin,rdd
2109,,2020/01/17,55,reddcoin,rdd
2110,,2020/01/18,null,reddcoin,rdd
2111,,2020/01/19,null,reddcoin,rdd
2112,,2020/01/20,null,reddcoin,rdd
2113,,2020/01/21,null,reddcoin,rdd
2114,,2020/01/22,null,reddcoin,rdd
2115,,2020/01/23,null,reddcoin,rdd
2116,,2020/01/24,null,reddcoin,rdd
2117,,2020/01/25,null,reddcoin,rdd
2118,,2020/01/26,null,reddcoin,rdd
2119,,2020/01/27,null,reddcoin,rdd
2120,,2020/01/28,null,reddcoin,rdd
2121,,2020/01/29,null,reddcoin,rdd
2122,,2020/01/30,null,reddcoin,rdd
2123,,2020/01/31,null,reddcoin,rdd
2124,,2020/02/01,null,reddcoin,rdd
2125,,2020/02/02,null,reddcoin,rdd
2126,,2020/02/03,null,reddcoin,rdd
2127,,2020/02/04,null,reddcoin,rdd
2128,,2020/02/05,null,reddcoin,rdd
2129,,2020/02/06,null,reddcoin,rdd
2130,,2020/02/07,null,reddcoin,rdd
2131,,2020/02/08,null,reddcoin,rdd
2132,,2020/02/09,null,reddcoin,rdd
2133,,2020/02/10,null,reddcoin,rdd
2134,,2020/02/11,null,reddcoin,rdd
2135,,2020/02/12,null,reddcoin,rdd
2136,,2020/02/13,null,reddcoin,rdd
2137,,2020/02/14,null,reddcoin,rdd
2138,,2020/02/15,null,reddcoin,rdd
2139,,2020/02/16,49,reddcoin,rdd
2140,,2020/02/17,44,reddcoin,rdd
2141,,2020/02/18,null,reddcoin,rdd
2142,,2020/02/19,null,reddcoin,rdd
2143,,2020/02/20,null,reddcoin,rdd
2144,,2020/02/21,null,reddcoin,rdd
2145,,2020/02/22,null,reddcoin,rdd
2146,,2020/02/23,null,reddcoin,rdd
2147,,2020/02/24,null,reddcoin,rdd
2148,,2020/02/25,null,reddcoin,rdd
2149,,2020/02/26,null,reddcoin,rdd
2150,,2020/02/27,null,reddcoin,rdd
2151,,2020/02/28,null,reddcoin,rdd
2152,,2020/02/29,null,reddcoin,rdd
2153,,2020/03/01,null,reddcoin,rdd
2154,,2020/03/02,40,reddcoin,rdd
2155,,2020/03/03,52,reddcoin,rdd
2156,,2020/03/04,null,reddcoin,rdd
2157,,2020/03/05,null,reddcoin,rdd
2158,,2020/03/06,null,reddcoin,rdd
2159,,2020/03/07,null,reddcoin,rdd
2160,,2020/03/08,null,reddcoin,rdd
2161,,2020/03/09,null,reddcoin,rdd
2162,,2020/03/10,null,reddcoin,rdd
2163,,2020/03/11,null,reddcoin,rdd
2164,,2020/03/12,null,reddcoin,rdd
2165,,2020/03/13,null,reddcoin,rdd
2166,,2020/03/14,null,reddcoin,rdd
2167,,2020/03/15,null,reddcoin,rdd
2168,,2020/03/16,11,reddcoin,rdd
2169,,2020/03/17,9,reddcoin,rdd
2170,,2020/03/18,11,reddcoin,rdd
2171,,2020/03/19,14,reddcoin,rdd
2172,,2020/03/20,null,reddcoin,rdd
2173,,2020/03/21,null,reddcoin,rdd
2174,,2020/03/22,null,reddcoin,rdd
2175,,2020/03/23,null,reddcoin,rdd
2176,,2020/03/24,null,reddcoin,rdd
2177,,2020/03/25,null,reddcoin,rdd
2178,,2020/03/26,null,reddcoin,rdd
2179,,2020/03/27,null,reddcoin,rdd
2180,,2020/03/28,null,reddcoin,rdd
2181,,2020/03/29,null,reddcoin,rdd
2182,,2020/03/30,null,reddcoin,rdd
2183,,2020/03/31,null,reddcoin,rdd
2184,,2020/04/01,null,reddcoin,rdd
2185,,2020/04/02,null,reddcoin,rdd
2186,,2020/04/03,null,reddcoin,rdd
2187,,2020/04/04,null,reddcoin,rdd
2188,,2020/04/05,null,reddcoin,rdd
2189,,2020/04/06,null,reddcoin,rdd
2190,,2020/04/07,null,reddcoin,rdd
2191,,2020/04/08,null,reddcoin,rdd
2192,,2020/04/09,null,reddcoin,rdd
2193,,2020/04/10,69,reddcoin,rdd
2194,,2020/04/11,9,reddcoin,rdd
2195,,2020/04/12,null,reddcoin,rdd
2196,,2020/04/13,31,reddcoin,rdd
2197,,2020/04/14,null,reddcoin,rdd
2198,,2020/04/15,null,reddcoin,rdd
2199,,2020/04/16,null,reddcoin,rdd
2200,,2020/04/17,null,reddcoin,rdd
2201,,2020/04/18,null,reddcoin,rdd
2202,,2020/04/19,null,reddcoin,rdd
2203,,2020/04/20,null,reddcoin,rdd
2204,,2020/04/21,null,reddcoin,rdd
2205,,2020/04/22,null,reddcoin,rdd
2206,,2020/04/23,null,reddcoin,rdd
2207,,2020/04/24,null,reddcoin,rdd
2208,,2020/04/25,null,reddcoin,rdd
2209,,2020/04/26,null,reddcoin,rdd
2210,,2020/04/27,null,reddcoin,rdd
2211,,2020/04/28,null,reddcoin,rdd
2212,,2020/04/29,null,reddcoin,rdd
2213,,2020/04/30,null,reddcoin,rdd
2214,,2020/05/01,null,reddcoin,rdd
2215,,2020/05/02,null,reddcoin,rdd
2216,,2020/05/03,null,reddcoin,rdd
2217,,2020/05/04,null,reddcoin,rdd
2218,,2020/05/05,null,reddcoin,rdd
2219,,2020/05/06,125,reddcoin,rdd
2220,,2020/05/07,48,reddcoin,rdd
2221,,2020/05/08,21,reddcoin,rdd
2222,,2020/05/09,40,reddcoin,rdd
2223,,2020/05/10,27,reddcoin,rdd
2224,,2020/05/11,138,reddcoin,rdd
2225,,2020/05/12,99,reddcoin,rdd
2226,,2020/05/13,68,reddcoin,rdd
2227,,2020/05/14,31,reddcoin,rdd
2228,,2020/05/15,63,reddcoin,rdd
2229,,2020/05/16,33,reddcoin,rdd
2230,,2020/05/17,39,reddcoin,rdd
2231,,2020/05/18,109,reddcoin,rdd
2232,,2020/05/19,30,reddcoin,rdd
2233,,2020/05/20,48,reddcoin,rdd
2234,,2020/05/21,24,reddcoin,rdd
2235,,2020/05/22,14,reddcoin,rdd
2236,,2020/05/23,28,reddcoin,rdd
2237,,2020/05/24,null,reddcoin,rdd
2238,,2020/05/25,18,reddcoin,rdd
2239,,2020/05/26,18,reddcoin,rdd
2240,,2020/05/27,null,reddcoin,rdd
2241,,2020/05/28,null,reddcoin,rdd
2242,,2020/05/29,null,reddcoin,rdd
2243,,2020/05/30,null,reddcoin,rdd
2244,,2020/05/31,null,reddcoin,rdd
2245,,2020/06/01,null,reddcoin,rdd
2246,,2020/06/02,null,reddcoin,rdd
2247,,2020/06/03,null,reddcoin,rdd
2248,,2020/06/04,12,reddcoin,rdd
2249,,2020/06/05,5,reddcoin,rdd
2250,,2020/06/06,null,reddcoin,rdd
2251,,2020/06/07,66,reddcoin,rdd
2252,,2020/06/08,30,reddcoin,rdd
2253,,2020/06/09,16,reddcoin,rdd
2254,,2020/06/10,17,reddcoin,rdd
2255,,2020/06/11,73,reddcoin,rdd
2256,,2020/06/12,null,reddcoin,rdd
2257,,2020/06/13,null,reddcoin,rdd
2258,,2020/06/14,173,reddcoin,rdd
2259,,2020/06/15,15,reddcoin,rdd
2260,,2020/06/16,55,reddcoin,rdd
2261,,2020/06/17,8,reddcoin,rdd
2262,,2020/06/18,15,reddcoin,rdd
2263,,2020/06/19,40,reddcoin,rdd
2264,,2020/06/20,24,reddcoin,rdd
2265,,2020/06/21,27,reddcoin,rdd
2266,,2020/06/22,5,reddcoin,rdd
2267,,2020/06/23,null,reddcoin,rdd
2268,,2020/06/24,null,reddcoin,rdd
2269,,2020/06/25,null,reddcoin,rdd
2270,,2020/06/26,null,reddcoin,rdd
2271,,2020/06/27,null,reddcoin,rdd
2272,,2020/06/28,null,reddcoin,rdd
2273,,2020/06/29,null,reddcoin,rdd
2274,,2020/06/30,null,reddcoin,rdd
2275,,2020/07/01,null,reddcoin,rdd
2276,,2020/07/02,null,reddcoin,rdd
2277,,2020/07/03,null,reddcoin,rdd
2278,,2020/07/04,null,reddcoin,rdd
2279,,2020/07/05,null,reddcoin,rdd
2280,,2020/07/06,null,reddcoin,rdd
2281,,2020/07/07,null,reddcoin,rdd
2282,,2020/07/08,9,reddcoin,rdd
2283,,2020/07/09,17,reddcoin,rdd
2284,,2020/07/10,null,reddcoin,rdd
2285,,2020/07/11,null,reddcoin,rdd
2286,,2020/07/12,null,reddcoin,rdd
2287,,2020/07/13,null,reddcoin,rdd
2288,,2020/07/14,null,reddcoin,rdd
2289,,2020/07/15,null,reddcoin,rdd
2290,,2020/07/16,null,reddcoin,rdd
2291,,2020/07/17,null,reddcoin,rdd
2292,,2020/07/18,null,reddcoin,rdd
2293,,2020/07/19,null,reddcoin,rdd
2294,,2020/07/20,null,reddcoin,rdd
2295,,2020/07/21,null,reddcoin,rdd
2296,,2020/07/22,null,reddcoin,rdd
2297,,2020/07/23,null,reddcoin,rdd
2298,,2020/07/24,null,reddcoin,rdd
2299,,2020/07/25,null,reddcoin,rdd
2300,,2020/07/26,null,reddcoin,rdd
2301,,2020/07/27,null,reddcoin,rdd
2302,,2020/07/28,null,reddcoin,rdd
2303,,2020/07/29,null,reddcoin,rdd
2304,,2020/07/30,null,reddcoin,rdd
2305,,2020/07/31,null,reddcoin,rdd
2306,,2020/08/01,null,reddcoin,rdd
2307,,2020/08/02,null,reddcoin,rdd
2308,,2020/08/03,null,reddcoin,rdd
2309,,2020/08/04,21,reddcoin,rdd
2310,,2020/08/05,null,reddcoin,rdd
2311,,2020/08/06,null,reddcoin,rdd
2312,,2020/08/07,null,reddcoin,rdd
2313,,2020/08/08,null,reddcoin,rdd
2314,,2020/08/09,null,reddcoin,rdd
2315,,2020/08/10,null,reddcoin,rdd
2316,,2020/08/11,null,reddcoin,rdd
2317,,2020/08/12,null,reddcoin,rdd
2318,,2020/08/13,null,reddcoin,rdd
2319,,2020/08/14,null,reddcoin,rdd
2320,,2020/08/15,null,reddcoin,rdd
2321,,2020/08/16,null,reddcoin,rdd
2322,,2020/08/17,null,reddcoin,rdd
2323,,2020/08/18,null,reddcoin,rdd
2324,,2020/08/19,null,reddcoin,rdd
2325,,2020/08/20,null,reddcoin,rdd
2326,,2020/08/21,null,reddcoin,rdd
2327,,2020/08/22,null,reddcoin,rdd
2328,,2020/08/23,null,reddcoin,rdd
2329,,2020/08/24,null,reddcoin,rdd
2330,,2020/08/25,null,reddcoin,rdd
2331,,2020/08/26,null,reddcoin,rdd
2332,,2020/08/27,null,reddcoin,rdd
2333,,2020/08/28,null,reddcoin,rdd
2334,,2020/08/29,null,reddcoin,rdd
2335,,2020/08/30,null,reddcoin,rdd
2336,,2020/08/31,null,reddcoin,rdd
2337,,2020/09/01,null,reddcoin,rdd
2338,,2020/09/02,null,reddcoin,rdd
2339,,2020/09/03,null,reddcoin,rdd
2340,,2020/09/04,null,reddcoin,rdd
2341,,2020/09/05,null,reddcoin,rdd
2342,,2020/09/06,null,reddcoin,rdd
2343,,2020/09/07,null,reddcoin,rdd
2344,,2020/09/08,null,reddcoin,rdd
2345,,2020/09/09,null,reddcoin,rdd
2346,,2020/09/10,null,reddcoin,rdd
2347,,2020/09/11,null,reddcoin,rdd
2348,,2020/09/12,null,reddcoin,rdd
2349,,2020/09/13,null,reddcoin,rdd
2350,,2020/09/14,null,reddcoin,rdd
2351,,2020/09/15,null,reddcoin,rdd
2352,,2020/09/16,null,reddcoin,rdd
2353,,2020/09/17,null,reddcoin,rdd
2354,,2020/09/18,null,reddcoin,rdd
2355,,2020/09/19,null,reddcoin,rdd
2356,,2020/09/20,null,reddcoin,rdd
2357,,2020/09/21,null,reddcoin,rdd
2358,,2020/09/22,null,reddcoin,rdd
2359,,2020/09/23,null,reddcoin,rdd
2360,,2020/09/24,null,reddcoin,rdd
2361,,2020/09/25,null,reddcoin,rdd
2362,,2020/09/26,null,reddcoin,rdd
2363,,2020/09/27,null,reddcoin,rdd
2364,,2020/09/28,null,reddcoin,rdd
2365,,2020/09/29,null,reddcoin,rdd
2366,,2020/09/30,null,reddcoin,rdd
2367,,2020/10/01,null,reddcoin,rdd
2368,,2020/10/02,null,reddcoin,rdd
2369,,2020/10/03,null,reddcoin,rdd
2370,,2020/10/04,null,reddcoin,rdd
2371,,2020/10/05,null,reddcoin,rdd
2372,,2020/10/06,null,reddcoin,rdd
2373,,2020/10/07,null,reddcoin,rdd
2374,,2020/10/08,null,reddcoin,rdd
2375,,2020/10/09,null,reddcoin,rdd
2376,,2020/10/10,null,reddcoin,rdd
2377,,2020/10/11,null,reddcoin,rdd
2378,,2020/10/12,null,reddcoin,rdd
2379,,2020/10/13,null,reddcoin,rdd
2380,,2020/10/14,null,reddcoin,rdd
2381,,2020/10/15,null,reddcoin,rdd
2382,,2020/10/16,null,reddcoin,rdd
2383,,2020/10/17,null,reddcoin,rdd
2384,,2020/10/18,null,reddcoin,rdd
2385,,2020/10/19,null,reddcoin,rdd
2386,,2020/10/20,null,reddcoin,rdd
2387,,2020/10/21,null,reddcoin,rdd
2388,,2020/10/22,null,reddcoin,rdd
2389,,2020/10/23,null,reddcoin,rdd
2390,,2020/10/24,null,reddcoin,rdd
2391,,2020/10/25,null,reddcoin,rdd
2392,,2020/10/26,null,reddcoin,rdd
2393,,2020/10/27,null,reddcoin,rdd
2394,,2020/10/28,null,reddcoin,rdd
2395,,2020/10/29,null,reddcoin,rdd
2396,,2020/10/30,null,reddcoin,rdd
2397,,2020/10/31,35,reddcoin,rdd
2398,,2020/11/01,66,reddcoin,rdd
2399,,2020/11/02,null,reddcoin,rdd
2400,,2020/11/03,null,reddcoin,rdd
2401,,2020/11/04,null,reddcoin,rdd
2402,,2020/11/05,null,reddcoin,rdd
2403,,2020/11/06,null,reddcoin,rdd
2404,,2020/11/07,null,reddcoin,rdd
2405,,2020/11/08,null,reddcoin,rdd
2406,,2020/11/09,null,reddcoin,rdd
2407,,2020/11/10,null,reddcoin,rdd
2408,,2020/11/11,null,reddcoin,rdd
2409,,2020/11/12,null,reddcoin,rdd
2410,,2020/11/13,null,reddcoin,rdd
2411,,2020/11/14,null,reddcoin,rdd
2412,,2020/11/15,null,reddcoin,rdd
2413,,2020/11/16,null,reddcoin,rdd
2414,,2020/11/17,null,reddcoin,rdd
2415,,2020/11/18,null,reddcoin,rdd
2416,,2020/11/19,null,reddcoin,rdd
2417,,2020/11/20,null,reddcoin,rdd
2418,,2020/11/21,null,reddcoin,rdd
2419,,2020/11/22,null,reddcoin,rdd
2420,,2020/11/23,null,reddcoin,rdd
2421,,2020/11/24,null,reddcoin,rdd
2422,,2020/11/25,null,reddcoin,rdd
2423,,2020/11/26,8,reddcoin,rdd
2424,,2020/11/27,11,reddcoin,rdd
2425,,2020/11/28,null,reddcoin,rdd
2426,,2020/11/29,null,reddcoin,rdd
2427,,2020/11/30,null,reddcoin,rdd
2428,,2020/12/01,9,reddcoin,rdd
2429,,2020/12/02,null,reddcoin,rdd
2430,,2020/12/03,null,reddcoin,rdd
2431,,2020/12/04,null,reddcoin,rdd
2432,,2020/12/05,null,reddcoin,rdd
2433,,2020/12/06,null,reddcoin,rdd
2434,,2020/12/07,null,reddcoin,rdd
2435,,2020/12/08,null,reddcoin,rdd
2436,,2020/12/09,null,reddcoin,rdd
2437,,2020/12/10,null,reddcoin,rdd
2438,,2020/12/11,null,reddcoin,rdd
2439,,2020/12/12,null,reddcoin,rdd
2440,,2020/12/13,null,reddcoin,rdd
2441,,2020/12/14,null,reddcoin,rdd
2442,,2020/12/15,null,reddcoin,rdd
2443,,2020/12/16,null,reddcoin,rdd
2444,,2020/12/17,null,reddcoin,rdd
2445,,2020/12/18,null,reddcoin,rdd
2446,,2020/12/19,null,reddcoin,rdd
2447,,2020/12/20,null,reddcoin,rdd
2448,,2020/12/21,null,reddcoin,rdd
2449,,2020/12/22,null,reddcoin,rdd
2450,,2020/12/23,null,reddcoin,rdd
2451,,2020/12/24,null,reddcoin,rdd
2452,,2020/12/25,null,reddcoin,rdd
2453,,2020/12/26,null,reddcoin,rdd
2454,,2020/12/27,null,reddcoin,rdd
2455,,2020/12/28,null,reddcoin,rdd
2456,,2020/12/29,null,reddcoin,rdd
2457,,2020/12/30,null,reddcoin,rdd
2458,,2020/12/31,14,reddcoin,rdd
2459,,2021/01/01,18,reddcoin,rdd
2460,,2021/01/02,null,reddcoin,rdd
2461,,2021/01/03,null,reddcoin,rdd
2462,,2021/01/04,null,reddcoin,rdd
2463,,2021/01/05,null,reddcoin,rdd
2464,,2021/01/06,null,reddcoin,rdd
2465,,2021/01/07,null,reddcoin,rdd
2466,,2021/01/08,null,reddcoin,rdd
2467,,2021/01/09,null,reddcoin,rdd
2468,,2021/01/10,null,reddcoin,rdd
2469,,2021/01/11,null,reddcoin,rdd
2470,,2021/01/12,null,reddcoin,rdd
2471,,2021/01/13,null,reddcoin,rdd
2472,,2021/01/14,null,reddcoin,rdd
2473,,2021/01/15,null,reddcoin,rdd
2474,,2021/01/16,null,reddcoin,rdd
2475,,2021/01/17,null,reddcoin,rdd
2476,,2021/01/18,null,reddcoin,rdd
2477,,2021/01/19,null,reddcoin,rdd
2478,,2021/01/20,null,reddcoin,rdd
2479,,2021/01/21,null,reddcoin,rdd
2480,,2021/01/22,null,reddcoin,rdd
2481,,2021/01/23,null,reddcoin,rdd
2482,,2021/01/24,null,reddcoin,rdd
2483,,2021/01/25,null,reddcoin,rdd
2484,,2021/01/26,null,reddcoin,rdd
2485,,2021/01/27,null,reddcoin,rdd
2486,,2021/01/28,null,reddcoin,rdd
2487,,2021/01/29,null,reddcoin,rdd
2488,,2021/01/30,746,reddcoin,rdd
2489,,2021/01/31,797,reddcoin,rdd
2490,,2021/02/01,335,reddcoin,rdd
2491,,2021/02/02,228,reddcoin,rdd
2492,,2021/02/03,null,reddcoin,rdd
2493,,2021/02/04,null,reddcoin,rdd
2494,,2021/02/05,null,reddcoin,rdd
2495,,2021/02/06,null,reddcoin,rdd
2496,,2021/02/07,null,reddcoin,rdd
2497,,2021/02/08,null,reddcoin,rdd
2498,,2021/02/09,null,reddcoin,rdd
2499,,2021/02/10,null,reddcoin,rdd
2500,,2021/02/11,null,reddcoin,rdd
2501,,2021/02/12,361,reddcoin,rdd
2502,,2021/02/13,384,reddcoin,rdd
2503,,2021/02/14,582,reddcoin,rdd
2504,,2021/02/15,336,reddcoin,rdd
2505,,2021/02/16,null,reddcoin,rdd
2506,,2021/02/17,null,reddcoin,rdd
2507,,2021/02/18,null,reddcoin,rdd
2508,,2021/02/19,null,reddcoin,rdd
2509,,2021/02/20,null,reddcoin,rdd
2510,,2021/02/21,178,reddcoin,rdd
2511,,2021/02/22,null,reddcoin,rdd
2512,,2021/02/23,null,reddcoin,rdd
2513,,2021/02/24,null,reddcoin,rdd
2514,,2021/02/25,null,reddcoin,rdd
2515,,2021/02/26,null,reddcoin,rdd
2516,,2021/02/27,null,reddcoin,rdd
2517,,2021/02/28,null,reddcoin,rdd
2518,,2021/03/01,null,reddcoin,rdd
2519,,2021/03/02,127,reddcoin,rdd
2520,,2021/03/03,156,reddcoin,rdd
2521,,2021/03/04,null,reddcoin,rdd
2522,,2021/03/05,null,reddcoin,rdd
2523,,2021/03/06,null,reddcoin,rdd
2524,,2021/03/07,null,reddcoin,rdd
2525,,2021/03/08,null,reddcoin,rdd
2526,,2021/03/09,null,reddcoin,rdd
2527,,2021/03/10,null,reddcoin,rdd
2528,,2021/03/11,null,reddcoin,rdd
2529,,2021/03/12,null,reddcoin,rdd
2530,,2021/03/13,null,reddcoin,rdd
2531,,2021/03/14,null,reddcoin,rdd
2532,,2021/03/15,null,reddcoin,rdd
2533,,2021/03/16,null,reddcoin,rdd
2534,,2021/03/17,null,reddcoin,rdd
2535,,2021/03/18,null,reddcoin,rdd
2536,,2021/03/19,null,reddcoin,rdd
2537,,2021/03/20,null,reddcoin,rdd
2538,,2021/03/21,null,reddcoin,rdd
2539,,2021/03/22,null,reddcoin,rdd
2540,,2021/03/23,null,reddcoin,rdd
2541,,2021/03/24,109,reddcoin,rdd
2542,,2021/03/25,73,reddcoin,rdd
2543,,2021/03/26,null,reddcoin,rdd
2544,,2021/03/27,null,reddcoin,rdd
2545,,2021/03/28,null,reddcoin,rdd
2546,,2021/03/29,null,reddcoin,rdd
2547,,2021/03/30,null,reddcoin,rdd
2548,,2021/03/31,null,reddcoin,rdd
2549,,2021/04/01,null,reddcoin,rdd
2550,,2021/04/02,null,reddcoin,rdd
2551,,2021/04/03,null,reddcoin,rdd
2552,,2021/04/04,null,reddcoin,rdd
2553,,2021/04/05,null,reddcoin,rdd
2554,,2021/04/06,null,reddcoin,rdd
2555,,2021/04/07,null,reddcoin,rdd
2556,,2021/04/08,null,reddcoin,rdd
2557,,2021/04/09,null,reddcoin,rdd
2558,,2021/04/10,null,reddcoin,rdd
2559,,2021/04/11,null,reddcoin,rdd
2560,,2021/04/12,null,reddcoin,rdd
2561,,2021/04/13,null,reddcoin,rdd
2562,,2021/04/14,null,reddcoin,rdd
2563,,2021/04/15,null,reddcoin,rdd
2564,,2021/04/16,null,reddcoin,rdd
2565,,2021/04/17,151,reddcoin,rdd
2566,,2021/04/18,92,reddcoin,rdd
2567,,2021/04/19,null,reddcoin,rdd
2568,,2021/04/20,null,reddcoin,rdd
2569,,2021/04/21,null,reddcoin,rdd
2570,,2021/04/22,248,reddcoin,rdd
2571,,2021/04/23,176,reddcoin,rdd
2572,,2021/04/24,105,reddcoin,rdd
2573,,2021/04/25,157,reddcoin,rdd
2574,,2021/04/26,null,reddcoin,rdd
2575,,2021/04/27,null,reddcoin,rdd
2576,,2021/04/28,null,reddcoin,rdd
2577,,2021/04/29,null,reddcoin,rdd
2578,,2021/04/30,null,reddcoin,rdd
2579,,2021/05/01,null,reddcoin,rdd
2580,,2021/05/02,null,reddcoin,rdd
2581,,2021/05/03,null,reddcoin,rdd
2582,,2021/05/04,null,reddcoin,rdd
2583,,2021/05/05,null,reddcoin,rdd
2584,,2021/05/06,null,reddcoin,rdd
2585,,2021/05/07,null,reddcoin,rdd
2586,,2021/05/08,null,reddcoin,rdd
2587,,2021/05/09,null,reddcoin,rdd
2588,,2021/05/10,null,reddcoin,rdd
2589,,2021/05/11,null,reddcoin,rdd
2590,,2021/05/12,null,reddcoin,rdd
2591,,2021/05/13,null,reddcoin,rdd
2592,,2021/05/14,null,reddcoin,rdd
2593,,2021/05/15,null,reddcoin,rdd
2594,,2021/05/16,null,reddcoin,rdd
2595,,2021/05/17,null,reddcoin,rdd
2596,,2021/05/18,null,reddcoin,rdd
2597,,2021/05/19,null,reddcoin,rdd
2598,,2021/05/20,null,reddcoin,rdd
2599,,2021/05/21,null,reddcoin,rdd
2600,,2021/05/22,null,reddcoin,rdd
2601,,2021/05/23,null,reddcoin,rdd
2602,,2021/05/24,null,reddcoin,rdd
2603,,2021/05/25,null,reddcoin,rdd
2604,,2021/05/26,null,reddcoin,rdd
2605,,2021/05/27,null,reddcoin,rdd
2606,,2021/05/28,null,reddcoin,rdd
2607,,2021/05/29,null,reddcoin,rdd
2608,,2021/05/30,null,reddcoin,rdd
2609,,2021/05/31,null,reddcoin,rdd
2610,,2021/06/01,null,reddcoin,rdd
2611,,2021/06/02,null,reddcoin,rdd
2612,,2021/06/03,null,reddcoin,rdd
2613,,2021/06/04,null,reddcoin,rdd
2614,,2021/06/05,null,reddcoin,rdd
2615,,2021/06/06,null,reddcoin,rdd
2616,,2021/06/07,null,reddcoin,rdd
2617,,2021/06/08,null,reddcoin,rdd
2618,,2021/06/09,null,reddcoin,rdd
2619,,2021/06/10,null,reddcoin,rdd
2620,,2021/06/11,null,reddcoin,rdd
2621,,2021/06/12,null,reddcoin,rdd
2622,,2021/06/13,null,reddcoin,rdd
2623,,2021/06/14,null,reddcoin,rdd
2624,,2021/06/15,null,reddcoin,rdd
2625,,2021/06/16,null,reddcoin,rdd
2626,,2021/06/17,null,reddcoin,rdd
2627,,2021/06/18,null,reddcoin,rdd
2628,,2021/06/19,44,reddcoin,rdd
