,google_trends,date,tweets,full_name,coin
0,,2021/03/31,3,rendertoken,rndr
1,,2021/04/01,3,rendertoken,rndr
2,,2021/04/02,null,rendertoken,rndr
3,,2021/04/03,2,rendertoken,rndr
4,,2021/04/04,null,rendertoken,rndr
5,,2021/04/05,null,rendertoken,rndr
6,,2021/04/06,null,rendertoken,rndr
7,,2021/04/07,null,rendertoken,rndr
8,,2021/04/08,null,rendertoken,rndr
9,,2021/04/09,null,rendertoken,rndr
10,,2021/04/10,null,rendertoken,rndr
11,,2021/04/11,null,rendertoken,rndr
12,,2021/04/12,null,rendertoken,rndr
13,,2021/04/13,null,rendertoken,rndr
14,,2021/04/14,1,rendertoken,rndr
15,,2021/04/15,null,rendertoken,rndr
16,,2021/04/16,1,rendertoken,rndr
17,,2021/04/17,null,rendertoken,rndr
18,,2021/04/18,null,rendertoken,rndr
19,,2021/04/19,null,rendertoken,rndr
20,,2021/04/20,null,rendertoken,rndr
21,,2021/04/21,null,rendertoken,rndr
22,,2021/04/22,2,rendertoken,rndr
23,,2021/04/23,null,rendertoken,rndr
24,,2021/04/24,null,rendertoken,rndr
25,,2021/04/25,null,rendertoken,rndr
26,,2021/04/26,null,rendertoken,rndr
27,,2021/04/27,null,rendertoken,rndr
28,,2021/04/28,null,rendertoken,rndr
29,,2021/04/29,null,rendertoken,rndr
30,,2021/04/30,null,rendertoken,rndr
31,,2021/05/01,null,rendertoken,rndr
32,,2021/05/02,null,rendertoken,rndr
33,,2021/05/03,null,rendertoken,rndr
34,,2021/05/04,null,rendertoken,rndr
35,,2021/05/05,1,rendertoken,rndr
36,,2021/05/06,null,rendertoken,rndr
37,,2021/05/07,null,rendertoken,rndr
38,,2021/05/08,null,rendertoken,rndr
39,,2021/05/09,null,rendertoken,rndr
40,,2021/05/10,null,rendertoken,rndr
41,,2021/05/11,null,rendertoken,rndr
42,,2021/05/12,null,rendertoken,rndr
43,,2021/05/13,null,rendertoken,rndr
44,,2021/05/14,null,rendertoken,rndr
45,,2021/05/15,1,rendertoken,rndr
46,,2021/05/16,2,rendertoken,rndr
47,,2021/05/17,2,rendertoken,rndr
48,,2021/05/18,2,rendertoken,rndr
49,,2021/05/19,null,rendertoken,rndr
50,,2021/05/20,1,rendertoken,rndr
51,,2021/05/21,1,rendertoken,rndr
52,,2021/05/22,null,rendertoken,rndr
53,,2021/05/23,null,rendertoken,rndr
54,,2021/05/24,null,rendertoken,rndr
55,,2021/05/25,null,rendertoken,rndr
56,,2021/05/26,null,rendertoken,rndr
57,,2021/05/27,2,rendertoken,rndr
58,,2021/05/28,null,rendertoken,rndr
59,,2021/05/29,1,rendertoken,rndr
60,,2021/05/30,2,rendertoken,rndr
61,,2021/05/31,null,rendertoken,rndr
62,,2021/06/01,null,rendertoken,rndr
63,,2021/06/02,null,rendertoken,rndr
64,,2021/06/03,null,rendertoken,rndr
65,,2021/06/04,null,rendertoken,rndr
66,,2021/06/05,null,rendertoken,rndr
67,,2021/06/06,null,rendertoken,rndr
68,,2021/06/07,null,rendertoken,rndr
69,,2021/06/08,null,rendertoken,rndr
70,,2021/06/09,null,rendertoken,rndr
71,,2021/06/10,null,rendertoken,rndr
72,,2021/06/11,null,rendertoken,rndr
73,,2021/06/12,null,rendertoken,rndr
74,,2021/06/13,null,rendertoken,rndr
75,,2021/06/14,null,rendertoken,rndr
76,,2021/06/15,null,rendertoken,rndr
77,,2021/06/16,null,rendertoken,rndr
78,,2021/06/17,null,rendertoken,rndr
79,,2021/06/18,null,rendertoken,rndr
80,,2021/06/19,1,rendertoken,rndr
81,,2021/06/20,null,rendertoken,rndr
82,,2021/06/21,null,rendertoken,rndr
83,,2021/06/22,null,rendertoken,rndr
84,,2021/06/23,null,rendertoken,rndr
85,,2021/06/24,null,rendertoken,rndr
86,,2021/06/25,null,rendertoken,rndr
87,,2021/06/26,null,rendertoken,rndr
88,,2021/06/27,null,rendertoken,rndr
89,,2021/06/28,null,rendertoken,rndr
90,,2021/06/29,null,rendertoken,rndr
91,,2021/06/30,null,rendertoken,rndr
92,,2021/07/01,null,rendertoken,rndr
93,,2021/07/02,null,rendertoken,rndr
94,,2021/07/03,null,rendertoken,rndr
95,,2021/07/04,null,rendertoken,rndr
96,,2021/07/05,null,rendertoken,rndr
97,,2021/07/06,null,rendertoken,rndr
98,,2021/07/07,null,rendertoken,rndr
99,,2021/07/08,2,rendertoken,rndr
100,,2021/07/09,null,rendertoken,rndr
101,,2021/07/10,null,rendertoken,rndr
102,,2021/07/11,null,rendertoken,rndr
103,,2021/07/12,null,rendertoken,rndr
104,,2021/07/13,null,rendertoken,rndr
105,,2021/07/14,1,rendertoken,rndr
106,,2021/07/15,null,rendertoken,rndr
107,,2021/07/16,null,rendertoken,rndr
108,,2021/07/17,1,rendertoken,rndr
109,,2021/07/18,null,rendertoken,rndr
110,,2021/07/19,null,rendertoken,rndr
111,,2021/07/20,null,rendertoken,rndr
112,,2021/07/21,null,rendertoken,rndr
113,,2021/07/22,null,rendertoken,rndr
114,,2021/07/23,null,rendertoken,rndr
115,,2021/07/24,2,rendertoken,rndr
116,,2021/07/25,null,rendertoken,rndr
117,,2021/07/26,3,rendertoken,rndr
118,,2021/07/27,null,rendertoken,rndr
119,,2021/07/28,null,rendertoken,rndr
120,,2021/07/29,null,rendertoken,rndr
121,,2021/07/30,null,rendertoken,rndr
122,,2021/07/31,null,rendertoken,rndr
123,,2021/08/01,null,rendertoken,rndr
124,,2021/08/02,null,rendertoken,rndr
125,,2021/08/03,null,rendertoken,rndr
126,,2021/08/04,1,rendertoken,rndr
127,,2021/08/05,4,rendertoken,rndr
128,,2021/08/06,1,rendertoken,rndr
129,,2021/08/07,null,rendertoken,rndr
130,,2021/08/08,null,rendertoken,rndr
131,,2021/08/09,null,rendertoken,rndr
132,,2021/08/10,null,rendertoken,rndr
133,,2021/08/11,1,rendertoken,rndr
134,,2021/08/12,null,rendertoken,rndr
135,,2021/08/13,null,rendertoken,rndr
136,,2021/08/14,null,rendertoken,rndr
137,,2021/08/15,null,rendertoken,rndr
138,,2021/08/16,4,rendertoken,rndr
139,,2021/08/17,null,rendertoken,rndr
140,,2021/08/18,null,rendertoken,rndr
141,,2021/08/19,1,rendertoken,rndr
142,,2021/08/20,null,rendertoken,rndr
143,,2021/08/21,1,rendertoken,rndr
144,,2021/08/22,null,rendertoken,rndr
145,,2021/08/23,null,rendertoken,rndr
146,,2021/08/24,null,rendertoken,rndr
147,,2021/08/25,null,rendertoken,rndr
148,,2021/08/26,null,rendertoken,rndr
149,,2021/08/27,null,rendertoken,rndr
150,,2021/08/28,null,rendertoken,rndr
151,,2021/08/29,null,rendertoken,rndr
152,,2021/08/30,null,rendertoken,rndr
153,,2021/08/31,null,rendertoken,rndr
154,,2021/09/01,null,rendertoken,rndr
155,,2021/09/02,null,rendertoken,rndr
156,,2021/09/03,null,rendertoken,rndr
157,,2021/09/04,null,rendertoken,rndr
158,,2021/09/05,null,rendertoken,rndr
159,,2021/09/06,null,rendertoken,rndr
160,,2021/09/07,null,rendertoken,rndr
161,,2021/09/08,null,rendertoken,rndr
162,,2021/09/09,null,rendertoken,rndr
163,,2021/09/10,null,rendertoken,rndr
164,,2021/09/11,null,rendertoken,rndr
165,,2021/09/12,null,rendertoken,rndr
166,,2021/09/13,null,rendertoken,rndr
167,,2021/09/14,null,rendertoken,rndr
168,,2021/09/15,null,rendertoken,rndr
169,,2021/09/16,null,rendertoken,rndr
170,,2021/09/17,null,rendertoken,rndr
171,,2021/09/18,null,rendertoken,rndr
172,,2021/09/19,null,rendertoken,rndr
173,,2021/09/20,null,rendertoken,rndr
174,,2021/09/21,null,rendertoken,rndr
175,,2021/09/22,null,rendertoken,rndr
176,,2021/09/23,null,rendertoken,rndr
177,,2021/09/24,null,rendertoken,rndr
178,,2021/09/25,null,rendertoken,rndr
179,,2021/09/26,null,rendertoken,rndr
180,,2021/09/27,1,rendertoken,rndr
181,,2021/09/28,null,rendertoken,rndr
182,,2021/09/29,null,rendertoken,rndr
183,,2021/09/30,null,rendertoken,rndr
184,,2021/10/01,null,rendertoken,rndr
185,,2021/10/02,null,rendertoken,rndr
186,,2021/10/03,null,rendertoken,rndr
187,,2021/10/04,null,rendertoken,rndr
188,,2021/10/05,null,rendertoken,rndr
189,,2021/10/06,null,rendertoken,rndr
190,,2021/10/07,null,rendertoken,rndr
191,,2021/10/08,null,rendertoken,rndr
192,,2021/10/09,null,rendertoken,rndr
193,,2021/10/10,null,rendertoken,rndr
194,,2021/10/11,null,rendertoken,rndr
195,,2021/10/12,null,rendertoken,rndr
196,,2021/10/13,null,rendertoken,rndr
197,,2021/10/14,null,rendertoken,rndr
198,,2021/10/15,null,rendertoken,rndr
199,,2021/10/16,null,rendertoken,rndr
200,,2021/10/17,null,rendertoken,rndr
201,,2021/10/18,null,rendertoken,rndr
202,,2021/10/19,3,rendertoken,rndr
203,,2021/10/20,null,rendertoken,rndr
204,,2021/10/21,null,rendertoken,rndr
205,,2021/10/22,null,rendertoken,rndr
206,,2021/10/23,null,rendertoken,rndr
207,,2021/10/24,null,rendertoken,rndr
208,,2021/10/25,null,rendertoken,rndr
209,,2021/10/26,null,rendertoken,rndr
210,,2021/10/27,null,rendertoken,rndr
211,,2021/10/28,null,rendertoken,rndr
212,,2021/10/29,null,rendertoken,rndr
213,,2021/10/30,null,rendertoken,rndr
214,,2021/10/31,null,rendertoken,rndr
215,,2021/11/01,null,rendertoken,rndr
216,,2021/11/02,null,rendertoken,rndr
217,,2021/11/03,null,rendertoken,rndr
218,,2021/11/04,5,rendertoken,rndr
219,,2021/11/05,null,rendertoken,rndr
220,,2021/11/06,null,rendertoken,rndr
221,,2021/11/07,null,rendertoken,rndr
222,,2021/11/08,8,rendertoken,rndr
223,,2021/11/09,1,rendertoken,rndr
224,,2021/11/10,4,rendertoken,rndr
225,,2021/11/11,27,rendertoken,rndr
226,,2021/11/12,25,rendertoken,rndr
227,,2021/11/13,10,rendertoken,rndr
228,,2021/11/14,25,rendertoken,rndr
229,,2021/11/15,36,rendertoken,rndr
230,,2021/11/16,1725,rendertoken,rndr
