,google_trends,date,tweets,full_name,coin
0,,2020/04/17,4,revain,rev
1,,2020/04/18,5,revain,rev
2,,2020/04/19,1,revain,rev
3,,2020/04/20,null,revain,rev
4,,2020/04/21,null,revain,rev
5,,2020/04/22,null,revain,rev
6,,2020/04/23,null,revain,rev
7,,2020/04/24,null,revain,rev
8,,2020/04/25,null,revain,rev
9,,2020/04/26,null,revain,rev
10,,2020/04/27,null,revain,rev
11,,2020/04/28,null,revain,rev
12,,2020/04/29,null,revain,rev
13,,2020/04/30,null,revain,rev
14,,2020/05/01,null,revain,rev
15,,2020/05/02,null,revain,rev
16,,2020/05/03,null,revain,rev
17,,2020/05/04,null,revain,rev
18,,2020/05/05,8,revain,rev
19,,2020/05/06,8,revain,rev
20,,2020/05/07,30,revain,rev
21,,2020/05/08,19,revain,rev
22,,2020/05/09,null,revain,rev
23,,2020/05/10,5,revain,rev
24,,2020/05/11,39,revain,rev
25,,2020/05/12,21,revain,rev
26,,2020/05/13,9,revain,rev
27,,2020/05/14,3,revain,rev
28,,2020/05/15,45,revain,rev
29,,2020/05/16,19,revain,rev
30,,2020/05/17,7,revain,rev
31,,2020/05/18,8,revain,rev
32,,2020/05/19,null,revain,rev
33,,2020/05/20,24,revain,rev
34,,2020/05/21,7,revain,rev
35,,2020/05/22,null,revain,rev
36,,2020/05/23,null,revain,rev
37,,2020/05/24,null,revain,rev
38,,2020/05/25,null,revain,rev
39,,2020/05/26,null,revain,rev
40,,2020/05/27,null,revain,rev
41,,2020/05/28,null,revain,rev
42,,2020/05/29,null,revain,rev
43,,2020/05/30,null,revain,rev
44,,2020/05/31,null,revain,rev
45,,2020/06/01,null,revain,rev
46,,2020/06/02,null,revain,rev
47,,2020/06/03,null,revain,rev
48,,2020/06/04,null,revain,rev
49,,2020/06/05,null,revain,rev
50,,2020/06/06,null,revain,rev
51,,2020/06/07,null,revain,rev
52,,2020/06/08,null,revain,rev
53,,2020/06/09,null,revain,rev
54,,2020/06/10,null,revain,rev
55,,2020/06/11,null,revain,rev
56,,2020/06/12,null,revain,rev
57,,2020/06/13,null,revain,rev
58,,2020/06/14,null,revain,rev
59,,2020/06/15,null,revain,rev
60,,2020/06/16,null,revain,rev
61,,2020/06/17,null,revain,rev
62,,2020/06/18,null,revain,rev
63,,2020/06/19,null,revain,rev
64,,2020/06/20,null,revain,rev
65,,2020/06/21,null,revain,rev
66,,2020/06/22,null,revain,rev
67,,2020/06/23,null,revain,rev
68,,2020/06/24,null,revain,rev
69,,2020/06/25,null,revain,rev
70,,2020/06/26,null,revain,rev
71,,2020/06/27,null,revain,rev
72,,2020/06/28,null,revain,rev
73,,2020/06/29,null,revain,rev
74,,2020/06/30,null,revain,rev
75,,2020/07/01,null,revain,rev
76,,2020/07/02,null,revain,rev
77,,2020/07/03,null,revain,rev
78,,2020/07/04,null,revain,rev
79,,2020/07/05,null,revain,rev
80,,2020/07/06,null,revain,rev
81,,2020/07/07,null,revain,rev
82,,2020/07/08,null,revain,rev
83,,2020/07/09,null,revain,rev
84,,2020/07/10,null,revain,rev
85,,2020/07/11,null,revain,rev
86,,2020/07/12,null,revain,rev
87,,2020/07/13,null,revain,rev
88,,2020/07/14,null,revain,rev
89,,2020/07/15,null,revain,rev
90,,2020/07/16,null,revain,rev
91,,2020/07/17,null,revain,rev
92,,2020/07/18,null,revain,rev
93,,2020/07/19,null,revain,rev
94,,2020/07/20,null,revain,rev
95,,2020/07/21,null,revain,rev
96,,2020/07/22,null,revain,rev
97,,2020/07/23,null,revain,rev
98,,2020/07/24,null,revain,rev
99,,2020/07/25,null,revain,rev
100,,2020/07/26,null,revain,rev
101,,2020/07/27,null,revain,rev
102,,2020/07/28,null,revain,rev
103,,2020/07/29,null,revain,rev
104,,2020/07/30,null,revain,rev
105,,2020/07/31,null,revain,rev
106,,2020/08/01,null,revain,rev
107,,2020/08/02,null,revain,rev
108,,2020/08/03,null,revain,rev
109,,2020/08/04,null,revain,rev
110,,2020/08/05,null,revain,rev
111,,2020/08/06,null,revain,rev
112,,2020/08/07,null,revain,rev
113,,2020/08/08,null,revain,rev
114,,2020/08/09,null,revain,rev
115,,2020/08/10,null,revain,rev
116,,2020/08/11,null,revain,rev
117,,2020/08/12,null,revain,rev
118,,2020/08/13,null,revain,rev
119,,2020/08/14,null,revain,rev
120,,2020/08/15,null,revain,rev
121,,2020/08/16,null,revain,rev
122,,2020/08/17,null,revain,rev
123,,2020/08/18,null,revain,rev
124,,2020/08/19,null,revain,rev
125,,2020/08/20,null,revain,rev
126,,2020/08/21,null,revain,rev
127,,2020/08/22,null,revain,rev
128,,2020/08/23,null,revain,rev
129,,2020/08/24,null,revain,rev
130,,2020/08/25,null,revain,rev
131,,2020/08/26,null,revain,rev
132,,2020/08/27,null,revain,rev
133,,2020/08/28,null,revain,rev
134,,2020/08/29,null,revain,rev
135,,2020/08/30,null,revain,rev
136,,2020/08/31,null,revain,rev
137,,2020/09/01,null,revain,rev
138,,2020/09/02,null,revain,rev
139,,2020/09/03,null,revain,rev
140,,2020/09/04,null,revain,rev
141,,2020/09/05,null,revain,rev
142,,2020/09/06,null,revain,rev
143,,2020/09/07,null,revain,rev
144,,2020/09/08,null,revain,rev
145,,2020/09/09,null,revain,rev
146,,2020/09/10,null,revain,rev
147,,2020/09/11,null,revain,rev
148,,2020/09/12,null,revain,rev
149,,2020/09/13,null,revain,rev
150,,2020/09/14,null,revain,rev
151,,2020/09/15,null,revain,rev
152,,2020/09/16,null,revain,rev
153,,2020/09/17,null,revain,rev
154,,2020/09/18,null,revain,rev
155,,2020/09/19,null,revain,rev
156,,2020/09/20,null,revain,rev
157,,2020/09/21,null,revain,rev
158,,2020/09/22,null,revain,rev
159,,2020/09/23,null,revain,rev
160,,2020/09/24,null,revain,rev
161,,2020/09/25,null,revain,rev
162,,2020/09/26,null,revain,rev
163,,2020/09/27,null,revain,rev
164,,2020/09/28,null,revain,rev
165,,2020/09/29,null,revain,rev
166,,2020/09/30,null,revain,rev
167,,2020/10/01,null,revain,rev
168,,2020/10/02,null,revain,rev
169,,2020/10/03,null,revain,rev
170,,2020/10/04,null,revain,rev
171,,2020/10/05,null,revain,rev
172,,2020/10/06,null,revain,rev
173,,2020/10/07,3,revain,rev
174,,2020/10/08,null,revain,rev
175,,2020/10/09,null,revain,rev
176,,2020/10/10,null,revain,rev
177,,2020/10/11,null,revain,rev
178,,2020/10/12,null,revain,rev
179,,2020/10/13,null,revain,rev
180,,2020/10/14,null,revain,rev
181,,2020/10/15,null,revain,rev
182,,2020/10/16,null,revain,rev
183,,2020/10/17,null,revain,rev
184,,2020/10/18,null,revain,rev
185,,2020/10/19,null,revain,rev
186,,2020/10/20,null,revain,rev
187,,2020/10/21,null,revain,rev
188,,2020/10/22,null,revain,rev
189,,2020/10/23,null,revain,rev
190,,2020/10/24,null,revain,rev
191,,2020/10/25,null,revain,rev
192,,2020/10/26,null,revain,rev
193,,2020/10/27,null,revain,rev
194,,2020/10/28,null,revain,rev
195,,2020/10/29,null,revain,rev
196,,2020/10/30,null,revain,rev
197,,2020/10/31,null,revain,rev
198,,2020/11/01,null,revain,rev
199,,2020/11/02,null,revain,rev
200,,2020/11/03,null,revain,rev
201,,2020/11/04,null,revain,rev
202,,2020/11/05,null,revain,rev
203,,2020/11/06,null,revain,rev
204,,2020/11/07,null,revain,rev
205,,2020/11/08,null,revain,rev
206,,2020/11/09,null,revain,rev
207,,2020/11/10,null,revain,rev
208,,2020/11/11,null,revain,rev
209,,2020/11/12,null,revain,rev
210,,2020/11/13,null,revain,rev
211,,2020/11/14,null,revain,rev
212,,2020/11/15,null,revain,rev
213,,2020/11/16,null,revain,rev
214,,2020/11/17,null,revain,rev
215,,2020/11/18,null,revain,rev
216,,2020/11/19,null,revain,rev
217,,2020/11/20,null,revain,rev
218,,2020/11/21,null,revain,rev
219,,2020/11/22,null,revain,rev
220,,2020/11/23,null,revain,rev
221,,2020/11/24,null,revain,rev
222,,2020/11/25,null,revain,rev
223,,2020/11/26,null,revain,rev
224,,2020/11/27,null,revain,rev
225,,2020/11/28,null,revain,rev
226,,2020/11/29,null,revain,rev
227,,2020/11/30,null,revain,rev
228,,2020/12/01,null,revain,rev
229,,2020/12/02,null,revain,rev
230,,2020/12/03,null,revain,rev
231,,2020/12/04,null,revain,rev
232,,2020/12/05,null,revain,rev
233,,2020/12/06,null,revain,rev
234,,2020/12/07,null,revain,rev
235,,2020/12/08,null,revain,rev
236,,2020/12/09,2,revain,rev
237,,2020/12/10,null,revain,rev
238,,2020/12/11,null,revain,rev
239,,2020/12/12,null,revain,rev
240,,2020/12/13,null,revain,rev
241,,2020/12/14,null,revain,rev
242,,2020/12/15,null,revain,rev
243,,2020/12/16,null,revain,rev
244,,2020/12/17,null,revain,rev
245,,2020/12/18,null,revain,rev
246,,2020/12/19,null,revain,rev
247,,2020/12/20,null,revain,rev
248,,2020/12/21,null,revain,rev
249,,2020/12/22,null,revain,rev
250,,2020/12/23,null,revain,rev
251,,2020/12/24,null,revain,rev
252,,2020/12/25,null,revain,rev
253,,2020/12/26,null,revain,rev
254,,2020/12/27,null,revain,rev
255,,2020/12/28,null,revain,rev
256,,2020/12/29,null,revain,rev
257,,2020/12/30,null,revain,rev
258,,2020/12/31,null,revain,rev
259,,2021/01/01,null,revain,rev
260,,2021/01/02,null,revain,rev
261,,2021/01/03,null,revain,rev
262,,2021/01/04,null,revain,rev
263,,2021/01/05,null,revain,rev
264,,2021/01/06,null,revain,rev
265,,2021/01/07,null,revain,rev
266,,2021/01/08,null,revain,rev
267,,2021/01/09,null,revain,rev
268,,2021/01/10,null,revain,rev
269,,2021/01/11,null,revain,rev
270,,2021/01/12,null,revain,rev
271,,2021/01/13,null,revain,rev
272,,2021/01/14,null,revain,rev
273,,2021/01/15,null,revain,rev
274,,2021/01/16,null,revain,rev
275,,2021/01/17,null,revain,rev
276,,2021/01/18,null,revain,rev
277,,2021/01/19,null,revain,rev
278,,2021/01/20,null,revain,rev
279,,2021/01/21,null,revain,rev
280,,2021/01/22,null,revain,rev
281,,2021/01/23,null,revain,rev
282,,2021/01/24,null,revain,rev
283,,2021/01/25,null,revain,rev
284,,2021/01/26,null,revain,rev
285,,2021/01/27,null,revain,rev
286,,2021/01/28,null,revain,rev
287,,2021/01/29,null,revain,rev
288,,2021/01/30,null,revain,rev
289,,2021/01/31,null,revain,rev
290,,2021/02/01,null,revain,rev
291,,2021/02/02,null,revain,rev
292,,2021/02/03,null,revain,rev
293,,2021/02/04,null,revain,rev
294,,2021/02/05,null,revain,rev
295,,2021/02/06,null,revain,rev
296,,2021/02/07,null,revain,rev
297,,2021/02/08,null,revain,rev
298,,2021/02/09,null,revain,rev
299,,2021/02/10,null,revain,rev
300,,2021/02/11,null,revain,rev
301,,2021/02/12,null,revain,rev
302,,2021/02/13,null,revain,rev
303,,2021/02/14,null,revain,rev
304,,2021/02/15,null,revain,rev
305,,2021/02/16,null,revain,rev
306,,2021/02/17,null,revain,rev
307,,2021/02/18,null,revain,rev
308,,2021/02/19,null,revain,rev
309,,2021/02/20,null,revain,rev
310,,2021/02/21,null,revain,rev
311,,2021/02/22,null,revain,rev
312,,2021/02/23,null,revain,rev
313,,2021/02/24,null,revain,rev
314,,2021/02/25,null,revain,rev
315,,2021/02/26,null,revain,rev
316,,2021/02/27,null,revain,rev
317,,2021/02/28,null,revain,rev
318,,2021/03/01,null,revain,rev
319,,2021/03/02,null,revain,rev
320,,2021/03/03,null,revain,rev
321,,2021/03/04,null,revain,rev
322,,2021/03/05,null,revain,rev
323,,2021/03/06,null,revain,rev
324,,2021/03/07,null,revain,rev
325,,2021/03/08,null,revain,rev
326,,2021/03/09,null,revain,rev
327,,2021/03/10,null,revain,rev
328,,2021/03/11,null,revain,rev
329,,2021/03/12,null,revain,rev
330,,2021/03/13,null,revain,rev
331,,2021/03/14,null,revain,rev
332,,2021/03/15,null,revain,rev
333,,2021/03/16,null,revain,rev
334,,2021/03/17,null,revain,rev
335,,2021/03/18,null,revain,rev
336,,2021/03/19,null,revain,rev
337,,2021/03/20,null,revain,rev
338,,2021/03/21,null,revain,rev
339,,2021/03/22,null,revain,rev
340,,2021/03/23,null,revain,rev
341,,2021/03/24,null,revain,rev
342,,2021/03/25,null,revain,rev
343,,2021/03/26,null,revain,rev
344,,2021/03/27,null,revain,rev
345,,2021/03/28,null,revain,rev
346,,2021/03/29,null,revain,rev
347,,2021/03/30,null,revain,rev
348,,2021/03/31,null,revain,rev
349,,2021/04/01,null,revain,rev
350,,2021/04/02,null,revain,rev
351,,2021/04/03,null,revain,rev
352,,2021/04/04,null,revain,rev
353,,2021/04/05,null,revain,rev
354,,2021/04/06,null,revain,rev
355,,2021/04/07,null,revain,rev
356,,2021/04/08,null,revain,rev
357,,2021/04/09,null,revain,rev
358,,2021/04/10,null,revain,rev
359,,2021/04/11,null,revain,rev
360,,2021/04/12,null,revain,rev
361,,2021/04/13,null,revain,rev
362,,2021/04/14,null,revain,rev
363,,2021/04/15,null,revain,rev
364,,2021/04/16,null,revain,rev
365,,2021/04/17,null,revain,rev
366,,2021/04/18,null,revain,rev
367,,2021/04/19,null,revain,rev
368,,2021/04/20,null,revain,rev
369,,2021/04/21,null,revain,rev
370,,2021/04/22,null,revain,rev
371,,2021/04/23,null,revain,rev
372,,2021/04/24,null,revain,rev
373,,2021/04/25,null,revain,rev
374,,2021/04/26,null,revain,rev
375,,2021/04/27,null,revain,rev
376,,2021/04/28,null,revain,rev
377,,2021/04/29,null,revain,rev
378,,2021/04/30,null,revain,rev
379,,2021/05/01,null,revain,rev
380,,2021/05/02,null,revain,rev
381,,2021/05/03,null,revain,rev
382,,2021/05/04,null,revain,rev
383,,2021/05/05,null,revain,rev
384,,2021/05/06,null,revain,rev
385,,2021/05/07,null,revain,rev
386,,2021/05/08,null,revain,rev
387,,2021/05/09,null,revain,rev
388,,2021/05/10,null,revain,rev
389,,2021/05/11,null,revain,rev
390,,2021/05/12,36,revain,rev
391,,2021/05/13,38,revain,rev
