,google_trends,date,tweets,full_name,coin
0,,2020/10/01,281,secret,scrt
1,,2020/10/02,266,secret,scrt
2,,2020/10/03,184,secret,scrt
3,,2020/10/04,244,secret,scrt
4,,2020/10/05,292,secret,scrt
5,,2020/10/06,223,secret,scrt
6,,2020/10/07,270,secret,scrt
7,,2020/10/08,235,secret,scrt
8,,2020/10/09,183,secret,scrt
9,,2020/10/10,394,secret,scrt
10,,2020/10/11,255,secret,scrt
11,,2020/10/12,261,secret,scrt
12,,2020/10/13,329,secret,scrt
13,,2020/10/14,790,secret,scrt
14,,2020/10/15,306,secret,scrt
15,,2020/10/16,343,secret,scrt
16,,2020/10/17,1182,secret,scrt
17,,2020/10/18,2509,secret,scrt
18,,2020/10/19,939,secret,scrt
19,,2020/10/20,645,secret,scrt
20,,2020/10/21,642,secret,scrt
21,,2020/10/22,497,secret,scrt
22,,2020/10/23,665,secret,scrt
23,,2020/10/24,2411,secret,scrt
24,,2020/10/25,null,secret,scrt
25,,2020/10/26,null,secret,scrt
26,,2020/10/27,null,secret,scrt
27,,2020/10/28,null,secret,scrt
28,,2020/10/29,null,secret,scrt
29,,2020/10/30,null,secret,scrt
30,,2020/10/31,null,secret,scrt
31,,2020/11/01,null,secret,scrt
32,,2020/11/02,null,secret,scrt
33,,2020/11/03,null,secret,scrt
34,,2020/11/04,211,secret,scrt
35,,2020/11/05,215,secret,scrt
36,,2020/11/06,231,secret,scrt
37,,2020/11/07,253,secret,scrt
38,,2020/11/08,192,secret,scrt
39,,2020/11/09,null,secret,scrt
40,,2020/11/10,499,secret,scrt
41,,2020/11/11,197,secret,scrt
42,,2020/11/12,241,secret,scrt
43,,2020/11/13,null,secret,scrt
44,,2020/11/14,155,secret,scrt
45,,2020/11/15,200,secret,scrt
46,,2020/11/16,204,secret,scrt
47,,2020/11/17,218,secret,scrt
48,,2020/11/18,null,secret,scrt
49,,2020/11/19,null,secret,scrt
50,,2020/11/20,202,secret,scrt
51,,2020/11/21,351,secret,scrt
52,,2020/11/22,null,secret,scrt
53,,2020/11/23,null,secret,scrt
54,,2020/11/24,229,secret,scrt
55,,2020/11/25,220,secret,scrt
56,,2020/11/26,198,secret,scrt
57,,2020/11/27,null,secret,scrt
58,,2020/11/28,null,secret,scrt
59,,2020/11/29,null,secret,scrt
60,,2020/11/30,227,secret,scrt
61,,2020/12/01,250,secret,scrt
62,,2020/12/02,null,secret,scrt
63,,2020/12/03,277,secret,scrt
64,,2020/12/04,257,secret,scrt
65,,2020/12/05,235,secret,scrt
66,,2020/12/06,185,secret,scrt
67,,2020/12/07,186,secret,scrt
68,,2020/12/08,193,secret,scrt
69,,2020/12/09,264,secret,scrt
70,,2020/12/10,229,secret,scrt
71,,2020/12/11,212,secret,scrt
72,,2020/12/12,219,secret,scrt
73,,2020/12/13,207,secret,scrt
74,,2020/12/14,240,secret,scrt
75,,2020/12/15,314,secret,scrt
76,,2020/12/16,328,secret,scrt
77,,2020/12/17,287,secret,scrt
78,,2020/12/18,201,secret,scrt
79,,2020/12/19,209,secret,scrt
80,,2020/12/20,null,secret,scrt
81,,2020/12/21,224,secret,scrt
82,,2020/12/22,216,secret,scrt
83,,2020/12/23,212,secret,scrt
84,,2020/12/24,239,secret,scrt
85,,2020/12/25,200,secret,scrt
86,,2020/12/26,null,secret,scrt
87,,2020/12/27,204,secret,scrt
88,,2020/12/28,null,secret,scrt
89,,2020/12/29,null,secret,scrt
90,,2020/12/30,null,secret,scrt
91,,2020/12/31,null,secret,scrt
92,,2021/01/01,null,secret,scrt
93,,2021/01/02,null,secret,scrt
94,,2021/01/03,null,secret,scrt
95,,2021/01/04,239,secret,scrt
96,,2021/01/05,223,secret,scrt
97,,2021/01/06,234,secret,scrt
98,,2021/01/07,264,secret,scrt
99,,2021/01/08,null,secret,scrt
100,,2021/01/09,null,secret,scrt
101,,2021/01/10,null,secret,scrt
102,,2021/01/11,null,secret,scrt
103,,2021/01/12,null,secret,scrt
104,,2021/01/13,235,secret,scrt
105,,2021/01/14,265,secret,scrt
106,,2021/01/15,261,secret,scrt
107,,2021/01/16,242,secret,scrt
108,,2021/01/17,362,secret,scrt
109,,2021/01/18,358,secret,scrt
110,,2021/01/19,285,secret,scrt
111,,2021/01/20,397,secret,scrt
112,,2021/01/21,248,secret,scrt
113,,2021/01/22,242,secret,scrt
114,,2021/01/23,294,secret,scrt
115,,2021/01/24,275,secret,scrt
116,,2021/01/25,null,secret,scrt
117,,2021/01/26,259,secret,scrt
118,,2021/01/27,244,secret,scrt
119,,2021/01/28,440,secret,scrt
120,,2021/01/29,345,secret,scrt
121,,2021/01/30,221,secret,scrt
122,,2021/01/31,null,secret,scrt
123,,2021/02/01,200,secret,scrt
124,,2021/02/02,205,secret,scrt
125,,2021/02/03,null,secret,scrt
126,,2021/02/04,null,secret,scrt
127,,2021/02/05,null,secret,scrt
128,,2021/02/06,null,secret,scrt
129,,2021/02/07,null,secret,scrt
130,,2021/02/08,null,secret,scrt
131,,2021/02/09,215,secret,scrt
132,,2021/02/10,499,secret,scrt
133,,2021/02/11,365,secret,scrt
134,,2021/02/12,279,secret,scrt
135,,2021/02/13,213,secret,scrt
136,,2021/02/14,239,secret,scrt
137,,2021/02/15,2353,secret,scrt
138,,2021/02/16,507,secret,scrt
139,,2021/02/17,333,secret,scrt
140,,2021/02/18,465,secret,scrt
141,,2021/02/19,253,secret,scrt
142,,2021/02/20,317,secret,scrt
143,,2021/02/21,242,secret,scrt
144,,2021/02/22,3775,secret,scrt
145,,2021/02/23,385,secret,scrt
146,,2021/02/24,264,secret,scrt
147,,2021/02/25,289,secret,scrt
148,,2021/02/26,223,secret,scrt
149,,2021/02/27,221,secret,scrt
150,,2021/02/28,199,secret,scrt
151,,2021/03/01,219,secret,scrt
152,,2021/03/02,742,secret,scrt
153,,2021/03/03,445,secret,scrt
154,,2021/03/04,307,secret,scrt
155,,2021/03/05,257,secret,scrt
156,,2021/03/06,182,secret,scrt
157,,2021/03/07,202,secret,scrt
158,,2021/03/08,230,secret,scrt
159,,2021/03/09,226,secret,scrt
160,,2021/03/10,209,secret,scrt
161,,2021/03/11,204,secret,scrt
162,,2021/03/12,null,secret,scrt
163,,2021/03/13,null,secret,scrt
164,,2021/03/14,null,secret,scrt
165,,2021/03/15,311,secret,scrt
166,,2021/03/16,null,secret,scrt
167,,2021/03/17,300,secret,scrt
168,,2021/03/18,277,secret,scrt
169,,2021/03/19,301,secret,scrt
170,,2021/03/20,329,secret,scrt
171,,2021/03/21,253,secret,scrt
172,,2021/03/22,null,secret,scrt
173,,2021/03/23,369,secret,scrt
174,,2021/03/24,275,secret,scrt
175,,2021/03/25,null,secret,scrt
176,,2021/03/26,null,secret,scrt
177,,2021/03/27,null,secret,scrt
178,,2021/03/28,null,secret,scrt
179,,2021/03/29,null,secret,scrt
180,,2021/03/30,null,secret,scrt
181,,2021/03/31,null,secret,scrt
182,,2021/04/01,null,secret,scrt
183,,2021/04/02,null,secret,scrt
184,,2021/04/03,null,secret,scrt
185,,2021/04/04,null,secret,scrt
186,,2021/04/05,null,secret,scrt
187,,2021/04/06,null,secret,scrt
188,,2021/04/07,85,secret,scrt
189,,2021/04/08,null,secret,scrt
190,,2021/04/09,null,secret,scrt
191,,2021/04/10,241,secret,scrt
192,,2021/04/11,270,secret,scrt
193,,2021/04/12,210,secret,scrt
194,,2021/04/13,279,secret,scrt
195,,2021/04/14,301,secret,scrt
196,,2021/04/15,395,secret,scrt
197,,2021/04/16,256,secret,scrt
198,,2021/04/17,347,secret,scrt
199,,2021/04/18,null,secret,scrt
200,,2021/04/19,null,secret,scrt
201,,2021/04/20,null,secret,scrt
202,,2021/04/21,null,secret,scrt
203,,2021/04/22,null,secret,scrt
204,,2021/04/23,null,secret,scrt
205,,2021/04/24,null,secret,scrt
206,,2021/04/25,null,secret,scrt
207,,2021/04/26,null,secret,scrt
208,,2021/04/27,200,secret,scrt
209,,2021/04/28,211,secret,scrt
210,,2021/04/29,null,secret,scrt
211,,2021/04/30,null,secret,scrt
212,,2021/05/01,264,secret,scrt
213,,2021/05/02,193,secret,scrt
214,,2021/05/03,223,secret,scrt
215,,2021/05/04,222,secret,scrt
216,,2021/05/05,285,secret,scrt
217,,2021/05/06,284,secret,scrt
218,,2021/05/07,242,secret,scrt
219,,2021/05/08,226,secret,scrt
220,,2021/05/09,178,secret,scrt
221,,2021/05/10,200,secret,scrt
222,,2021/05/11,null,secret,scrt
223,,2021/05/12,null,secret,scrt
224,,2021/05/13,null,secret,scrt
225,,2021/05/14,null,secret,scrt
226,,2021/05/15,null,secret,scrt
227,,2021/05/16,null,secret,scrt
228,,2021/05/17,null,secret,scrt
229,,2021/05/18,291,secret,scrt
230,,2021/05/19,215,secret,scrt
231,,2021/05/20,215,secret,scrt
232,,2021/05/21,null,secret,scrt
233,,2021/05/22,null,secret,scrt
234,,2021/05/23,null,secret,scrt
235,,2021/05/24,198,secret,scrt
236,,2021/05/25,232,secret,scrt
237,,2021/05/26,null,secret,scrt
238,,2021/05/27,293,secret,scrt
239,,2021/05/28,265,secret,scrt
240,,2021/05/29,null,secret,scrt
241,,2021/05/30,null,secret,scrt
242,,2021/05/31,null,secret,scrt
243,,2021/06/01,null,secret,scrt
244,,2021/06/02,null,secret,scrt
245,,2021/06/03,null,secret,scrt
246,,2021/06/04,null,secret,scrt
247,,2021/06/05,null,secret,scrt
248,,2021/06/06,null,secret,scrt
249,,2021/06/07,null,secret,scrt
250,,2021/06/08,null,secret,scrt
251,,2021/06/09,null,secret,scrt
252,,2021/06/10,null,secret,scrt
253,,2021/06/11,null,secret,scrt
254,,2021/06/12,null,secret,scrt
255,,2021/06/13,null,secret,scrt
256,,2021/06/14,null,secret,scrt
257,,2021/06/15,234,secret,scrt
258,,2021/06/16,257,secret,scrt
259,,2021/06/17,null,secret,scrt
260,,2021/06/18,262,secret,scrt
261,,2021/06/19,177,secret,scrt
262,,2021/06/20,173,secret,scrt
263,,2021/06/21,null,secret,scrt
264,,2021/06/22,264,secret,scrt
265,,2021/06/23,248,secret,scrt
266,,2021/06/24,244,secret,scrt
267,,2021/06/25,455,secret,scrt
268,,2021/06/26,null,secret,scrt
269,,2021/06/27,null,secret,scrt
270,,2021/06/28,null,secret,scrt
271,,2021/06/29,null,secret,scrt
272,,2021/06/30,249,secret,scrt
273,,2021/07/01,194,secret,scrt
274,,2021/07/02,null,secret,scrt
275,,2021/07/03,null,secret,scrt
276,,2021/07/04,null,secret,scrt
277,,2021/07/05,null,secret,scrt
278,,2021/07/06,null,secret,scrt
279,,2021/07/07,null,secret,scrt
280,,2021/07/08,null,secret,scrt
281,,2021/07/09,202,secret,scrt
282,,2021/07/10,262,secret,scrt
283,,2021/07/11,null,secret,scrt
284,,2021/07/12,null,secret,scrt
285,,2021/07/13,null,secret,scrt
286,,2021/07/14,223,secret,scrt
287,,2021/07/15,286,secret,scrt
288,,2021/07/16,null,secret,scrt
289,,2021/07/17,null,secret,scrt
290,,2021/07/18,null,secret,scrt
291,,2021/07/19,412,secret,scrt
292,,2021/07/20,408,secret,scrt
293,,2021/07/21,266,secret,scrt
294,,2021/07/22,null,secret,scrt
295,,2021/07/23,null,secret,scrt
296,,2021/07/24,282,secret,scrt
297,,2021/07/25,null,secret,scrt
298,,2021/07/26,null,secret,scrt
299,,2021/07/27,null,secret,scrt
300,,2021/07/28,null,secret,scrt
301,,2021/07/29,null,secret,scrt
302,,2021/07/30,null,secret,scrt
303,,2021/07/31,null,secret,scrt
304,,2021/08/01,null,secret,scrt
305,,2021/08/02,null,secret,scrt
306,,2021/08/03,null,secret,scrt
307,,2021/08/04,null,secret,scrt
308,,2021/08/05,338,secret,scrt
309,,2021/08/06,251,secret,scrt
310,,2021/08/07,null,secret,scrt
311,,2021/08/08,null,secret,scrt
312,,2021/08/09,null,secret,scrt
313,,2021/08/10,null,secret,scrt
314,,2021/08/11,null,secret,scrt
315,,2021/08/12,null,secret,scrt
316,,2021/08/13,null,secret,scrt
317,,2021/08/14,312,secret,scrt
318,,2021/08/15,null,secret,scrt
319,,2021/08/16,null,secret,scrt
320,,2021/08/17,null,secret,scrt
321,,2021/08/18,null,secret,scrt
322,,2021/08/19,null,secret,scrt
323,,2021/08/20,null,secret,scrt
324,,2021/08/21,null,secret,scrt
325,,2021/08/22,null,secret,scrt
326,,2021/08/23,null,secret,scrt
327,,2021/08/24,null,secret,scrt
328,,2021/08/25,null,secret,scrt
329,,2021/08/26,null,secret,scrt
330,,2021/08/27,null,secret,scrt
331,,2021/08/28,350,secret,scrt
332,,2021/08/29,null,secret,scrt
333,,2021/08/30,null,secret,scrt
334,,2021/08/31,null,secret,scrt
335,,2021/09/01,null,secret,scrt
336,,2021/09/02,null,secret,scrt
337,,2021/09/03,null,secret,scrt
338,,2021/09/04,222,secret,scrt
339,,2021/09/05,229,secret,scrt
340,,2021/09/06,null,secret,scrt
341,,2021/09/07,null,secret,scrt
342,,2021/09/08,null,secret,scrt
343,,2021/09/09,null,secret,scrt
344,,2021/09/10,null,secret,scrt
345,,2021/09/11,303,secret,scrt
346,,2021/09/12,211,secret,scrt
347,,2021/09/13,237,secret,scrt
348,,2021/09/14,275,secret,scrt
349,,2021/09/15,197,secret,scrt
350,,2021/09/16,244,secret,scrt
351,,2021/09/17,null,secret,scrt
352,,2021/09/18,null,secret,scrt
353,,2021/09/19,389,secret,scrt
354,,2021/09/20,229,secret,scrt
355,,2021/09/21,null,secret,scrt
356,,2021/09/22,null,secret,scrt
357,,2021/09/23,null,secret,scrt
358,,2021/09/24,null,secret,scrt
359,,2021/09/25,null,secret,scrt
360,,2021/09/26,null,secret,scrt
361,,2021/09/27,null,secret,scrt
362,,2021/09/28,null,secret,scrt
363,,2021/09/29,null,secret,scrt
364,,2021/09/30,null,secret,scrt
365,,2021/10/01,null,secret,scrt
366,,2021/10/02,null,secret,scrt
367,,2021/10/03,228,secret,scrt
368,,2021/10/04,277,secret,scrt
369,,2021/10/05,228,secret,scrt
370,,2021/10/06,313,secret,scrt
371,,2021/10/07,308,secret,scrt
372,,2021/10/08,379,secret,scrt
373,,2021/10/09,258,secret,scrt
374,,2021/10/10,236,secret,scrt
375,,2021/10/11,265,secret,scrt
376,,2021/10/12,459,secret,scrt
377,,2021/10/13,325,secret,scrt
378,,2021/10/14,311,secret,scrt
379,,2021/10/15,303,secret,scrt
380,,2021/10/16,220,secret,scrt
381,,2021/10/17,250,secret,scrt
382,,2021/10/18,null,secret,scrt
383,,2021/10/19,255,secret,scrt
384,,2021/10/20,356,secret,scrt
385,,2021/10/21,377,secret,scrt
386,,2021/10/22,362,secret,scrt
387,,2021/10/23,320,secret,scrt
388,,2021/10/24,223,secret,scrt
389,,2021/10/25,571,secret,scrt
390,,2021/10/26,1336,secret,scrt
391,,2021/10/27,484,secret,scrt
392,,2021/10/28,447,secret,scrt
393,,2021/10/29,323,secret,scrt
394,,2021/10/30,861,secret,scrt
395,,2021/10/31,445,secret,scrt
396,,2021/11/01,691,secret,scrt
397,,2021/11/02,662,secret,scrt
398,,2021/11/03,319,secret,scrt
399,,2021/11/04,283,secret,scrt
400,,2021/11/05,274,secret,scrt
401,,2021/11/06,317,secret,scrt
402,,2021/11/07,257,secret,scrt
403,,2021/11/08,254,secret,scrt
404,,2021/11/09,356,secret,scrt
405,,2021/11/10,890,secret,scrt
406,,2021/11/11,558,secret,scrt
407,,2021/11/12,365,secret,scrt
408,,2021/11/13,250,secret,scrt
409,,2021/11/14,603,secret,scrt
410,,2021/11/15,399,secret,scrt
411,,2021/11/16,276,secret,scrt
