,google_trends,date,tweets,full_name,coin
0,,2018/12/17,1,sentinel protocol,upp
1,,2018/12/18,null,sentinel protocol,upp
2,,2018/12/19,null,sentinel protocol,upp
3,,2018/12/20,null,sentinel protocol,upp
4,,2018/12/21,null,sentinel protocol,upp
5,,2018/12/22,null,sentinel protocol,upp
6,,2018/12/23,null,sentinel protocol,upp
7,,2018/12/24,null,sentinel protocol,upp
8,,2018/12/25,null,sentinel protocol,upp
9,,2018/12/26,null,sentinel protocol,upp
10,,2018/12/27,null,sentinel protocol,upp
11,,2018/12/28,null,sentinel protocol,upp
12,,2018/12/29,null,sentinel protocol,upp
13,,2018/12/30,null,sentinel protocol,upp
14,,2018/12/31,null,sentinel protocol,upp
15,,2019/01/01,null,sentinel protocol,upp
16,,2019/01/02,null,sentinel protocol,upp
17,,2019/01/03,null,sentinel protocol,upp
18,,2019/01/04,1,sentinel protocol,upp
19,,2019/01/05,null,sentinel protocol,upp
20,,2019/01/06,null,sentinel protocol,upp
21,,2019/01/07,null,sentinel protocol,upp
22,,2019/01/08,null,sentinel protocol,upp
23,,2019/01/09,null,sentinel protocol,upp
24,,2019/01/10,null,sentinel protocol,upp
25,,2019/01/11,null,sentinel protocol,upp
26,,2019/01/12,null,sentinel protocol,upp
27,,2019/01/13,null,sentinel protocol,upp
28,,2019/01/14,null,sentinel protocol,upp
29,,2019/01/15,null,sentinel protocol,upp
30,,2019/01/16,null,sentinel protocol,upp
31,,2019/01/17,null,sentinel protocol,upp
32,,2019/01/18,null,sentinel protocol,upp
33,,2019/01/19,1,sentinel protocol,upp
34,,2019/01/20,null,sentinel protocol,upp
35,,2019/01/21,null,sentinel protocol,upp
36,,2019/01/22,null,sentinel protocol,upp
37,,2019/01/23,null,sentinel protocol,upp
38,,2019/01/24,null,sentinel protocol,upp
39,,2019/01/25,null,sentinel protocol,upp
40,,2019/01/26,null,sentinel protocol,upp
41,,2019/01/27,null,sentinel protocol,upp
42,,2019/01/28,null,sentinel protocol,upp
43,,2019/01/29,null,sentinel protocol,upp
44,,2019/01/30,null,sentinel protocol,upp
45,,2019/01/31,null,sentinel protocol,upp
46,,2019/02/01,null,sentinel protocol,upp
47,,2019/02/02,null,sentinel protocol,upp
48,,2019/02/03,null,sentinel protocol,upp
49,,2019/02/04,null,sentinel protocol,upp
50,,2019/02/05,null,sentinel protocol,upp
51,,2019/02/06,null,sentinel protocol,upp
52,,2019/02/07,null,sentinel protocol,upp
53,,2019/02/08,null,sentinel protocol,upp
54,,2019/02/09,null,sentinel protocol,upp
55,,2019/02/10,null,sentinel protocol,upp
56,,2019/02/11,null,sentinel protocol,upp
57,,2019/02/12,null,sentinel protocol,upp
58,,2019/02/13,null,sentinel protocol,upp
59,,2019/02/14,null,sentinel protocol,upp
60,,2019/02/15,null,sentinel protocol,upp
61,,2019/02/16,null,sentinel protocol,upp
62,,2019/02/17,null,sentinel protocol,upp
63,,2019/02/18,null,sentinel protocol,upp
64,,2019/02/19,null,sentinel protocol,upp
65,,2019/02/20,null,sentinel protocol,upp
66,,2019/02/21,null,sentinel protocol,upp
67,,2019/02/22,null,sentinel protocol,upp
68,,2019/02/23,null,sentinel protocol,upp
69,,2019/02/24,null,sentinel protocol,upp
70,,2019/02/25,null,sentinel protocol,upp
71,,2019/02/26,null,sentinel protocol,upp
72,,2019/02/27,null,sentinel protocol,upp
73,,2019/02/28,null,sentinel protocol,upp
74,,2019/03/01,null,sentinel protocol,upp
75,,2019/03/02,null,sentinel protocol,upp
76,,2019/03/03,null,sentinel protocol,upp
77,,2019/03/04,null,sentinel protocol,upp
78,,2019/03/05,null,sentinel protocol,upp
79,,2019/03/06,null,sentinel protocol,upp
80,,2019/03/07,null,sentinel protocol,upp
81,,2019/03/08,null,sentinel protocol,upp
82,,2019/03/09,null,sentinel protocol,upp
83,,2019/03/10,null,sentinel protocol,upp
84,,2019/03/11,null,sentinel protocol,upp
85,,2019/03/12,null,sentinel protocol,upp
86,,2019/03/13,7,sentinel protocol,upp
87,,2019/03/14,null,sentinel protocol,upp
88,,2019/03/15,null,sentinel protocol,upp
89,,2019/03/16,null,sentinel protocol,upp
90,,2019/03/17,null,sentinel protocol,upp
91,,2019/03/18,null,sentinel protocol,upp
92,,2019/03/19,null,sentinel protocol,upp
93,,2019/03/20,1,sentinel protocol,upp
94,,2019/03/21,1,sentinel protocol,upp
95,,2019/03/22,null,sentinel protocol,upp
96,,2019/03/23,null,sentinel protocol,upp
97,,2019/03/24,null,sentinel protocol,upp
98,,2019/03/25,null,sentinel protocol,upp
99,,2019/03/26,null,sentinel protocol,upp
100,,2019/03/27,null,sentinel protocol,upp
101,,2019/03/28,null,sentinel protocol,upp
102,,2019/03/29,null,sentinel protocol,upp
103,,2019/03/30,null,sentinel protocol,upp
104,,2019/03/31,null,sentinel protocol,upp
105,,2019/04/01,null,sentinel protocol,upp
106,,2019/04/02,null,sentinel protocol,upp
107,,2019/04/03,null,sentinel protocol,upp
108,,2019/04/04,null,sentinel protocol,upp
109,,2019/04/05,null,sentinel protocol,upp
110,,2019/04/06,null,sentinel protocol,upp
111,,2019/04/07,null,sentinel protocol,upp
112,,2019/04/08,null,sentinel protocol,upp
113,,2019/04/09,null,sentinel protocol,upp
114,,2019/04/10,null,sentinel protocol,upp
115,,2019/04/11,null,sentinel protocol,upp
116,,2019/04/12,null,sentinel protocol,upp
117,,2019/04/13,null,sentinel protocol,upp
118,,2019/04/14,null,sentinel protocol,upp
119,,2019/04/15,null,sentinel protocol,upp
120,,2019/04/16,null,sentinel protocol,upp
121,,2019/04/17,null,sentinel protocol,upp
122,,2019/04/18,null,sentinel protocol,upp
123,,2019/04/19,null,sentinel protocol,upp
124,,2019/04/20,null,sentinel protocol,upp
125,,2019/04/21,null,sentinel protocol,upp
126,,2019/04/22,null,sentinel protocol,upp
127,,2019/04/23,null,sentinel protocol,upp
128,,2019/04/24,null,sentinel protocol,upp
129,,2019/04/25,null,sentinel protocol,upp
130,,2019/04/26,null,sentinel protocol,upp
131,,2019/04/27,null,sentinel protocol,upp
132,,2019/04/28,null,sentinel protocol,upp
133,,2019/04/29,null,sentinel protocol,upp
134,,2019/04/30,null,sentinel protocol,upp
135,,2019/05/01,null,sentinel protocol,upp
136,,2019/05/02,null,sentinel protocol,upp
137,,2019/05/03,null,sentinel protocol,upp
138,,2019/05/04,null,sentinel protocol,upp
139,,2019/05/05,null,sentinel protocol,upp
140,,2019/05/06,null,sentinel protocol,upp
141,,2019/05/07,null,sentinel protocol,upp
142,,2019/05/08,null,sentinel protocol,upp
143,,2019/05/09,null,sentinel protocol,upp
144,,2019/05/10,null,sentinel protocol,upp
145,,2019/05/11,null,sentinel protocol,upp
146,,2019/05/12,null,sentinel protocol,upp
147,,2019/05/13,null,sentinel protocol,upp
148,,2019/05/14,null,sentinel protocol,upp
149,,2019/05/15,null,sentinel protocol,upp
150,,2019/05/16,null,sentinel protocol,upp
151,,2019/05/17,null,sentinel protocol,upp
152,,2019/05/18,null,sentinel protocol,upp
153,,2019/05/19,null,sentinel protocol,upp
154,,2019/05/20,null,sentinel protocol,upp
155,,2019/05/21,null,sentinel protocol,upp
156,,2019/05/22,null,sentinel protocol,upp
157,,2019/05/23,null,sentinel protocol,upp
158,,2019/05/24,null,sentinel protocol,upp
159,,2019/05/25,null,sentinel protocol,upp
160,,2019/05/26,null,sentinel protocol,upp
161,,2019/05/27,null,sentinel protocol,upp
162,,2019/05/28,null,sentinel protocol,upp
163,,2019/05/29,null,sentinel protocol,upp
164,,2019/05/30,null,sentinel protocol,upp
165,,2019/05/31,null,sentinel protocol,upp
166,,2019/06/01,null,sentinel protocol,upp
167,,2019/06/02,null,sentinel protocol,upp
168,,2019/06/03,5,sentinel protocol,upp
169,,2019/06/04,2,sentinel protocol,upp
170,,2019/06/05,6,sentinel protocol,upp
171,,2019/06/06,null,sentinel protocol,upp
172,,2019/06/07,null,sentinel protocol,upp
173,,2019/06/08,null,sentinel protocol,upp
174,,2019/06/09,null,sentinel protocol,upp
175,,2019/06/10,3,sentinel protocol,upp
176,,2019/06/11,1,sentinel protocol,upp
177,,2019/06/12,null,sentinel protocol,upp
178,,2019/06/13,4,sentinel protocol,upp
179,,2019/06/14,null,sentinel protocol,upp
180,,2019/06/15,null,sentinel protocol,upp
181,,2019/06/16,null,sentinel protocol,upp
182,,2019/06/17,null,sentinel protocol,upp
183,,2019/06/18,null,sentinel protocol,upp
184,,2019/06/19,null,sentinel protocol,upp
185,,2019/06/20,null,sentinel protocol,upp
186,,2019/06/21,null,sentinel protocol,upp
187,,2019/06/22,null,sentinel protocol,upp
188,,2019/06/23,null,sentinel protocol,upp
189,,2019/06/24,null,sentinel protocol,upp
190,,2019/06/25,null,sentinel protocol,upp
191,,2019/06/26,null,sentinel protocol,upp
192,,2019/06/27,null,sentinel protocol,upp
193,,2019/06/28,null,sentinel protocol,upp
194,,2019/06/29,null,sentinel protocol,upp
195,,2019/06/30,null,sentinel protocol,upp
196,,2019/07/01,null,sentinel protocol,upp
197,,2019/07/02,null,sentinel protocol,upp
198,,2019/07/03,null,sentinel protocol,upp
199,,2019/07/04,null,sentinel protocol,upp
200,,2019/07/05,null,sentinel protocol,upp
201,,2019/07/06,null,sentinel protocol,upp
202,,2019/07/07,null,sentinel protocol,upp
203,,2019/07/08,null,sentinel protocol,upp
204,,2019/07/09,null,sentinel protocol,upp
205,,2019/07/10,null,sentinel protocol,upp
206,,2019/07/11,null,sentinel protocol,upp
207,,2019/07/12,null,sentinel protocol,upp
208,,2019/07/13,null,sentinel protocol,upp
209,,2019/07/14,null,sentinel protocol,upp
210,,2019/07/15,null,sentinel protocol,upp
211,,2019/07/16,null,sentinel protocol,upp
212,,2019/07/17,null,sentinel protocol,upp
213,,2019/07/18,null,sentinel protocol,upp
214,,2019/07/19,null,sentinel protocol,upp
215,,2019/07/20,null,sentinel protocol,upp
216,,2019/07/21,null,sentinel protocol,upp
217,,2019/07/22,null,sentinel protocol,upp
218,,2019/07/23,null,sentinel protocol,upp
219,,2019/07/24,null,sentinel protocol,upp
220,,2019/07/25,null,sentinel protocol,upp
221,,2019/07/26,7,sentinel protocol,upp
