,google_trends,date,tweets,full_name,coin
0,,2019/10/15,3,sixnetwork,six
1,,2019/10/16,4,sixnetwork,six
2,,2019/10/17,8,sixnetwork,six
3,,2019/10/18,null,sixnetwork,six
4,,2019/10/19,null,sixnetwork,six
5,,2019/10/20,null,sixnetwork,six
6,,2019/10/21,1,sixnetwork,six
7,,2019/10/22,null,sixnetwork,six
8,,2019/10/23,null,sixnetwork,six
9,,2019/10/24,4,sixnetwork,six
10,,2019/10/25,7,sixnetwork,six
11,,2019/10/26,null,sixnetwork,six
12,,2019/10/27,null,sixnetwork,six
13,,2019/10/28,null,sixnetwork,six
14,,2019/10/29,10,sixnetwork,six
15,,2019/10/30,4,sixnetwork,six
16,,2019/10/31,1,sixnetwork,six
17,,2019/11/01,null,sixnetwork,six
18,,2019/11/02,null,sixnetwork,six
19,,2019/11/03,null,sixnetwork,six
20,,2019/11/04,5,sixnetwork,six
21,,2019/11/05,null,sixnetwork,six
22,,2019/11/06,1,sixnetwork,six
23,,2019/11/07,5,sixnetwork,six
24,,2019/11/08,6,sixnetwork,six
25,,2019/11/09,null,sixnetwork,six
26,,2019/11/10,null,sixnetwork,six
27,,2019/11/11,null,sixnetwork,six
28,,2019/11/12,null,sixnetwork,six
29,,2019/11/13,null,sixnetwork,six
30,,2019/11/14,null,sixnetwork,six
31,,2019/11/15,4,sixnetwork,six
