,date,tweets,google_trends,full_name,coin
0,2021/01/19,21,,socialgood,sg
1,2021/01/20,38,,socialgood,sg
2,2021/01/21,27,,socialgood,sg
3,2021/01/22,24,,socialgood,sg
4,2021/01/23,33,,socialgood,sg
5,2021/01/24,23,,socialgood,sg
6,2021/01/25,21,,socialgood,sg
7,2021/01/26,23,,socialgood,sg
8,2021/01/27,37,,socialgood,sg
9,2021/01/28,26,,socialgood,sg
10,2021/01/29,44,,socialgood,sg
11,2021/01/30,29,,socialgood,sg
12,2021/01/31,26,,socialgood,sg
13,2021/02/01,35,,socialgood,sg
14,2021/02/02,33,,socialgood,sg
15,2021/02/03,48,,socialgood,sg
16,2021/02/04,35,,socialgood,sg
17,2021/02/05,66,,socialgood,sg
18,2021/02/06,27,,socialgood,sg
19,2021/02/07,19,,socialgood,sg
20,2021/02/08,44,,socialgood,sg
21,2021/02/09,29,,socialgood,sg
22,2021/02/10,46,,socialgood,sg
23,2021/02/11,24,,socialgood,sg
24,2021/02/12,26,,socialgood,sg
25,2021/02/13,14,,socialgood,sg
26,2021/02/14,16,,socialgood,sg
27,2021/02/15,21,,socialgood,sg
28,2021/02/16,null,,socialgood,sg
29,2021/02/17,42,,socialgood,sg
30,2021/02/18,28,,socialgood,sg
31,2021/02/19,null,,socialgood,sg
32,2021/02/20,null,,socialgood,sg
33,2021/02/21,null,,socialgood,sg
34,2021/02/22,null,,socialgood,sg
35,2021/02/23,null,,socialgood,sg
36,2021/02/24,null,,socialgood,sg
37,2021/02/25,27,,socialgood,sg
38,2021/02/26,20,,socialgood,sg
39,2021/02/27,26,,socialgood,sg
40,2021/02/28,40,,socialgood,sg
41,2021/03/01,43,,socialgood,sg
42,2021/03/02,36,,socialgood,sg
43,2021/03/03,22,,socialgood,sg
44,2021/03/04,26,,socialgood,sg
45,2021/03/05,45,,socialgood,sg
46,2021/03/06,13,,socialgood,sg
47,2021/03/07,23,,socialgood,sg
48,2021/03/08,47,,socialgood,sg
49,2021/03/09,23,,socialgood,sg
50,2021/03/10,26,,socialgood,sg
51,2021/03/11,null,,socialgood,sg
52,2021/03/12,null,,socialgood,sg
53,2021/03/13,null,,socialgood,sg
54,2021/03/14,null,,socialgood,sg
55,2021/03/15,null,,socialgood,sg
56,2021/03/16,null,,socialgood,sg
57,2021/03/17,null,,socialgood,sg
58,2021/03/18,null,,socialgood,sg
59,2021/03/19,27,,socialgood,sg
60,2021/03/20,27,,socialgood,sg
61,2021/03/21,null,,socialgood,sg
62,2021/03/22,null,,socialgood,sg
63,2021/03/23,null,,socialgood,sg
64,2021/03/24,null,,socialgood,sg
65,2021/03/25,null,,socialgood,sg
66,2021/03/26,null,,socialgood,sg
67,2021/03/27,null,,socialgood,sg
68,2021/03/28,null,,socialgood,sg
69,2021/03/29,null,,socialgood,sg
70,2021/03/30,null,,socialgood,sg
71,2021/03/31,null,,socialgood,sg
72,2021/04/01,null,,socialgood,sg
73,2021/04/02,null,,socialgood,sg
74,2021/04/03,null,,socialgood,sg
75,2021/04/04,null,,socialgood,sg
76,2021/04/05,null,,socialgood,sg
77,2021/04/06,null,,socialgood,sg
78,2021/04/07,null,,socialgood,sg
79,2021/04/08,null,,socialgood,sg
80,2021/04/09,null,,socialgood,sg
81,2021/04/10,null,,socialgood,sg
82,2021/04/11,null,,socialgood,sg
83,2021/04/12,null,,socialgood,sg
84,2021/04/13,null,,socialgood,sg
85,2021/04/14,null,,socialgood,sg
86,2021/04/15,null,,socialgood,sg
87,2021/04/16,null,,socialgood,sg
88,2021/04/17,null,,socialgood,sg
89,2021/04/18,null,,socialgood,sg
90,2021/04/19,null,,socialgood,sg
91,2021/04/20,null,,socialgood,sg
92,2021/04/21,null,,socialgood,sg
93,2021/04/22,null,,socialgood,sg
94,2021/04/23,null,,socialgood,sg
95,2021/04/24,null,,socialgood,sg
96,2021/04/25,null,,socialgood,sg
97,2021/04/26,null,,socialgood,sg
98,2021/04/27,null,,socialgood,sg
99,2021/04/28,null,,socialgood,sg
100,2021/04/29,null,,socialgood,sg
101,2021/04/30,null,,socialgood,sg
102,2021/05/01,null,,socialgood,sg
103,2021/05/02,null,,socialgood,sg
104,2021/05/03,null,,socialgood,sg
105,2021/05/04,null,,socialgood,sg
106,2021/05/05,null,,socialgood,sg
107,2021/05/06,null,,socialgood,sg
108,2021/05/07,null,,socialgood,sg
109,2021/05/08,null,,socialgood,sg
110,2021/05/09,null,,socialgood,sg
111,2021/05/10,null,,socialgood,sg
112,2021/05/11,null,,socialgood,sg
113,2021/05/12,null,,socialgood,sg
114,2021/05/13,null,,socialgood,sg
115,2021/05/14,null,,socialgood,sg
116,2021/05/15,null,,socialgood,sg
117,2021/05/16,null,,socialgood,sg
118,2021/05/17,null,,socialgood,sg
119,2021/05/18,null,,socialgood,sg
120,2021/05/19,null,,socialgood,sg
121,2021/05/20,null,,socialgood,sg
122,2021/05/21,null,,socialgood,sg
123,2021/05/22,null,,socialgood,sg
124,2021/05/23,null,,socialgood,sg
125,2021/05/24,null,,socialgood,sg
126,2021/05/25,null,,socialgood,sg
127,2021/05/26,null,,socialgood,sg
128,2021/05/27,null,,socialgood,sg
129,2021/05/28,null,,socialgood,sg
130,2021/05/29,null,,socialgood,sg
131,2021/05/30,null,,socialgood,sg
132,2021/05/31,null,,socialgood,sg
133,2021/06/01,null,,socialgood,sg
134,2021/06/02,null,,socialgood,sg
135,2021/06/03,null,,socialgood,sg
136,2021/06/04,null,,socialgood,sg
137,2021/06/05,null,,socialgood,sg
138,2021/06/06,null,,socialgood,sg
139,2021/06/07,null,,socialgood,sg
140,2021/06/08,null,,socialgood,sg
141,2021/06/09,null,,socialgood,sg
142,2021/06/10,null,,socialgood,sg
143,2021/06/11,null,,socialgood,sg
144,2021/06/12,null,,socialgood,sg
145,2021/06/13,null,,socialgood,sg
146,2021/06/14,null,,socialgood,sg
147,2021/06/15,null,,socialgood,sg
148,2021/06/16,null,,socialgood,sg
149,2021/06/17,null,,socialgood,sg
150,2021/06/18,null,,socialgood,sg
151,2021/06/19,null,,socialgood,sg
152,2021/06/20,null,,socialgood,sg
153,2021/06/21,null,,socialgood,sg
154,2021/06/22,null,,socialgood,sg
155,2021/06/23,null,,socialgood,sg
156,2021/06/24,null,,socialgood,sg
157,2021/06/25,null,,socialgood,sg
158,2021/06/26,null,,socialgood,sg
159,2021/06/27,null,,socialgood,sg
160,2021/06/28,null,,socialgood,sg
161,2021/06/29,null,,socialgood,sg
162,2021/06/30,null,,socialgood,sg
163,2021/07/01,null,,socialgood,sg
164,2021/07/02,null,,socialgood,sg
165,2021/07/03,null,,socialgood,sg
166,2021/07/04,null,,socialgood,sg
167,2021/07/05,null,,socialgood,sg
168,2021/07/06,null,,socialgood,sg
169,2021/07/07,null,,socialgood,sg
170,2021/07/08,null,,socialgood,sg
171,2021/07/09,null,,socialgood,sg
172,2021/07/10,null,,socialgood,sg
173,2021/07/11,null,,socialgood,sg
174,2021/07/12,null,,socialgood,sg
175,2021/07/13,null,,socialgood,sg
176,2021/07/14,null,,socialgood,sg
177,2021/07/15,null,,socialgood,sg
178,2021/07/16,null,,socialgood,sg
179,2021/07/17,null,,socialgood,sg
180,2021/07/18,null,,socialgood,sg
181,2021/07/19,null,,socialgood,sg
182,2021/07/20,null,,socialgood,sg
183,2021/07/21,null,,socialgood,sg
184,2021/07/22,null,,socialgood,sg
185,2021/07/23,null,,socialgood,sg
186,2021/07/24,null,,socialgood,sg
187,2021/07/25,null,,socialgood,sg
188,2021/07/26,null,,socialgood,sg
189,2021/07/27,null,,socialgood,sg
190,2021/07/28,null,,socialgood,sg
191,2021/07/29,null,,socialgood,sg
192,2021/07/30,null,,socialgood,sg
193,2021/07/31,null,,socialgood,sg
194,2021/08/01,null,,socialgood,sg
195,2021/08/02,null,,socialgood,sg
196,2021/08/03,null,,socialgood,sg
197,2021/08/04,null,,socialgood,sg
198,2021/08/05,null,,socialgood,sg
199,2021/08/06,null,,socialgood,sg
200,2021/08/07,null,,socialgood,sg
201,2021/08/08,null,,socialgood,sg
202,2021/08/09,null,,socialgood,sg
203,2021/08/10,null,,socialgood,sg
204,2021/08/11,null,,socialgood,sg
205,2021/08/12,null,,socialgood,sg
206,2021/08/13,null,,socialgood,sg
207,2021/08/14,null,,socialgood,sg
208,2021/08/15,null,,socialgood,sg
209,2021/08/16,null,,socialgood,sg
210,2021/08/17,null,,socialgood,sg
211,2021/08/18,null,,socialgood,sg
212,2021/08/19,null,,socialgood,sg
213,2021/08/20,null,,socialgood,sg
214,2021/08/21,null,,socialgood,sg
215,2021/08/22,null,,socialgood,sg
216,2021/08/23,null,,socialgood,sg
217,2021/08/24,null,,socialgood,sg
218,2021/08/25,null,,socialgood,sg
219,2021/08/26,null,,socialgood,sg
220,2021/08/27,null,,socialgood,sg
221,2021/08/28,null,,socialgood,sg
222,2021/08/29,null,,socialgood,sg
223,2021/08/30,null,,socialgood,sg
224,2021/08/31,null,,socialgood,sg
225,2021/09/01,null,,socialgood,sg
226,2021/09/02,null,,socialgood,sg
227,2021/09/03,null,,socialgood,sg
228,2021/09/04,null,,socialgood,sg
229,2021/09/05,null,,socialgood,sg
230,2021/09/06,null,,socialgood,sg
231,2021/09/07,null,,socialgood,sg
232,2021/09/08,null,,socialgood,sg
233,2021/09/09,null,,socialgood,sg
234,2021/09/10,null,,socialgood,sg
235,2021/09/11,null,,socialgood,sg
236,2021/09/12,null,,socialgood,sg
237,2021/09/13,null,,socialgood,sg
238,2021/09/14,null,,socialgood,sg
239,2021/09/15,24,,socialgood,sg
240,2021/09/16,21,,socialgood,sg
241,2021/09/17,33,,socialgood,sg
242,2021/09/18,null,,socialgood,sg
243,2021/09/19,null,,socialgood,sg
244,2021/09/20,null,,socialgood,sg
245,2021/09/21,null,,socialgood,sg
246,2021/09/22,44,,socialgood,sg
247,2021/09/23,25,,socialgood,sg
