,google_trends,date,tweets,full_name,coin
0,,2018/01/13,247,sphere,sphr
1,,2018/01/14,184,sphere,sphr
2,,2018/01/15,263,sphere,sphr
3,,2018/01/16,240,sphere,sphr
4,,2018/01/17,250,sphere,sphr
5,,2018/01/18,null,sphere,sphr
6,,2018/01/19,null,sphere,sphr
7,,2018/01/20,null,sphere,sphr
8,,2018/01/21,null,sphere,sphr
9,,2018/01/22,null,sphere,sphr
10,,2018/01/23,null,sphere,sphr
11,,2018/01/24,null,sphere,sphr
12,,2018/01/25,null,sphere,sphr
13,,2018/01/26,null,sphere,sphr
14,,2018/01/27,null,sphere,sphr
15,,2018/01/28,null,sphere,sphr
16,,2018/01/29,null,sphere,sphr
17,,2018/01/30,null,sphere,sphr
18,,2018/01/31,null,sphere,sphr
19,,2018/02/01,null,sphere,sphr
20,,2018/02/02,null,sphere,sphr
21,,2018/02/03,null,sphere,sphr
22,,2018/02/04,null,sphere,sphr
23,,2018/02/05,null,sphere,sphr
24,,2018/02/06,null,sphere,sphr
25,,2018/02/07,null,sphere,sphr
26,,2018/02/08,null,sphere,sphr
27,,2018/02/09,null,sphere,sphr
28,,2018/02/10,null,sphere,sphr
29,,2018/02/11,null,sphere,sphr
30,,2018/02/12,null,sphere,sphr
31,,2018/02/13,null,sphere,sphr
32,,2018/02/14,null,sphere,sphr
33,,2018/02/15,null,sphere,sphr
34,,2018/02/16,null,sphere,sphr
35,,2018/02/17,null,sphere,sphr
36,,2018/02/18,null,sphere,sphr
37,,2018/02/19,null,sphere,sphr
38,,2018/02/20,null,sphere,sphr
39,,2018/02/21,null,sphere,sphr
40,,2018/02/22,null,sphere,sphr
41,,2018/02/23,null,sphere,sphr
42,,2018/02/24,null,sphere,sphr
43,,2018/02/25,null,sphere,sphr
44,,2018/02/26,null,sphere,sphr
45,,2018/02/27,null,sphere,sphr
46,,2018/02/28,null,sphere,sphr
47,,2018/03/01,null,sphere,sphr
48,,2018/03/02,null,sphere,sphr
49,,2018/03/03,null,sphere,sphr
50,,2018/03/04,null,sphere,sphr
51,,2018/03/05,null,sphere,sphr
52,,2018/03/06,null,sphere,sphr
53,,2018/03/07,null,sphere,sphr
54,,2018/03/08,null,sphere,sphr
55,,2018/03/09,null,sphere,sphr
56,,2018/03/10,null,sphere,sphr
57,,2018/03/11,null,sphere,sphr
58,,2018/03/12,null,sphere,sphr
59,,2018/03/13,null,sphere,sphr
60,,2018/03/14,null,sphere,sphr
61,,2018/03/15,null,sphere,sphr
62,,2018/03/16,null,sphere,sphr
63,,2018/03/17,null,sphere,sphr
64,,2018/03/18,null,sphere,sphr
65,,2018/03/19,null,sphere,sphr
66,,2018/03/20,null,sphere,sphr
67,,2018/03/21,null,sphere,sphr
68,,2018/03/22,null,sphere,sphr
69,,2018/03/23,null,sphere,sphr
70,,2018/03/24,null,sphere,sphr
71,,2018/03/25,null,sphere,sphr
72,,2018/03/26,null,sphere,sphr
73,,2018/03/27,null,sphere,sphr
74,,2018/03/28,null,sphere,sphr
75,,2018/03/29,null,sphere,sphr
76,,2018/03/30,null,sphere,sphr
77,,2018/03/31,null,sphere,sphr
78,,2018/04/01,null,sphere,sphr
79,,2018/04/02,null,sphere,sphr
80,,2018/04/03,null,sphere,sphr
81,,2018/04/04,null,sphere,sphr
82,,2018/04/05,null,sphere,sphr
83,,2018/04/06,null,sphere,sphr
84,,2018/04/07,188,sphere,sphr
85,,2018/04/08,132,sphere,sphr
86,,2018/04/09,128,sphere,sphr
87,,2018/04/10,119,sphere,sphr
88,,2018/04/11,283,sphere,sphr
89,,2018/04/12,139,sphere,sphr
90,,2018/04/13,103,sphere,sphr
91,,2018/04/14,89,sphere,sphr
92,,2018/04/15,74,sphere,sphr
93,,2018/04/16,85,sphere,sphr
94,,2018/04/17,154,sphere,sphr
95,,2018/04/18,328,sphere,sphr
96,,2018/04/19,159,sphere,sphr
97,,2018/04/20,99,sphere,sphr
98,,2018/04/21,118,sphere,sphr
99,,2018/04/22,79,sphere,sphr
100,,2018/04/23,49,sphere,sphr
101,,2018/04/24,95,sphere,sphr
102,,2018/04/25,82,sphere,sphr
103,,2018/04/26,61,sphere,sphr
104,,2018/04/27,89,sphere,sphr
105,,2018/04/28,60,sphere,sphr
106,,2018/04/29,67,sphere,sphr
107,,2018/04/30,60,sphere,sphr
108,,2018/05/01,98,sphere,sphr
109,,2018/05/02,42,sphere,sphr
110,,2018/05/03,48,sphere,sphr
111,,2018/05/04,79,sphere,sphr
112,,2018/05/05,43,sphere,sphr
113,,2018/05/06,38,sphere,sphr
114,,2018/05/07,77,sphere,sphr
115,,2018/05/08,81,sphere,sphr
116,,2018/05/09,73,sphere,sphr
117,,2018/05/10,null,sphere,sphr
118,,2018/05/11,null,sphere,sphr
119,,2018/05/12,48,sphere,sphr
120,,2018/05/13,48,sphere,sphr
121,,2018/05/14,null,sphere,sphr
122,,2018/05/15,46,sphere,sphr
123,,2018/05/16,52,sphere,sphr
124,,2018/05/17,63,sphere,sphr
125,,2018/05/18,77,sphere,sphr
126,,2018/05/19,79,sphere,sphr
127,,2018/05/20,null,sphere,sphr
128,,2018/05/21,null,sphere,sphr
129,,2018/05/22,null,sphere,sphr
130,,2018/05/23,63,sphere,sphr
131,,2018/05/24,114,sphere,sphr
132,,2018/05/25,53,sphere,sphr
133,,2018/05/26,74,sphere,sphr
134,,2018/05/27,null,sphere,sphr
135,,2018/05/28,null,sphere,sphr
136,,2018/05/29,null,sphere,sphr
137,,2018/05/30,43,sphere,sphr
138,,2018/05/31,62,sphere,sphr
139,,2018/06/01,61,sphere,sphr
140,,2018/06/02,51,sphere,sphr
141,,2018/06/03,42,sphere,sphr
142,,2018/06/04,67,sphere,sphr
143,,2018/06/05,null,sphere,sphr
144,,2018/06/06,null,sphere,sphr
145,,2018/06/07,75,sphere,sphr
146,,2018/06/08,74,sphere,sphr
147,,2018/06/09,60,sphere,sphr
148,,2018/06/10,74,sphere,sphr
149,,2018/06/11,null,sphere,sphr
150,,2018/06/12,null,sphere,sphr
151,,2018/06/13,null,sphere,sphr
152,,2018/06/14,51,sphere,sphr
153,,2018/06/15,140,sphere,sphr
154,,2018/06/16,null,sphere,sphr
155,,2018/06/17,null,sphere,sphr
156,,2018/06/18,null,sphere,sphr
157,,2018/06/19,null,sphere,sphr
158,,2018/06/20,null,sphere,sphr
159,,2018/06/21,null,sphere,sphr
160,,2018/06/22,null,sphere,sphr
161,,2018/06/23,56,sphere,sphr
162,,2018/06/24,74,sphere,sphr
163,,2018/06/25,54,sphere,sphr
164,,2018/06/26,67,sphere,sphr
165,,2018/06/27,89,sphere,sphr
166,,2018/06/28,61,sphere,sphr
167,,2018/06/29,59,sphere,sphr
168,,2018/06/30,59,sphere,sphr
169,,2018/07/01,72,sphere,sphr
170,,2018/07/02,80,sphere,sphr
171,,2018/07/03,85,sphere,sphr
172,,2018/07/04,83,sphere,sphr
173,,2018/07/05,66,sphere,sphr
174,,2018/07/06,72,sphere,sphr
175,,2018/07/07,59,sphere,sphr
176,,2018/07/08,53,sphere,sphr
177,,2018/07/09,50,sphere,sphr
178,,2018/07/10,57,sphere,sphr
179,,2018/07/11,84,sphere,sphr
180,,2018/07/12,50,sphere,sphr
181,,2018/07/13,78,sphere,sphr
182,,2018/07/14,56,sphere,sphr
183,,2018/07/15,72,sphere,sphr
184,,2018/07/16,168,sphere,sphr
185,,2018/07/17,68,sphere,sphr
186,,2018/07/18,89,sphere,sphr
187,,2018/07/19,61,sphere,sphr
188,,2018/07/20,58,sphere,sphr
189,,2018/07/21,77,sphere,sphr
190,,2018/07/22,76,sphere,sphr
191,,2018/07/23,59,sphere,sphr
192,,2018/07/24,47,sphere,sphr
193,,2018/07/25,97,sphere,sphr
194,,2018/07/26,58,sphere,sphr
195,,2018/07/27,79,sphere,sphr
196,,2018/07/28,62,sphere,sphr
197,,2018/07/29,81,sphere,sphr
198,,2018/07/30,119,sphere,sphr
199,,2018/07/31,75,sphere,sphr
200,,2018/08/01,208,sphere,sphr
201,,2018/08/02,98,sphere,sphr
202,,2018/08/03,72,sphere,sphr
203,,2018/08/04,67,sphere,sphr
204,,2018/08/05,2066,sphere,sphr
205,,2018/08/06,78,sphere,sphr
206,,2018/08/07,53,sphere,sphr
207,,2018/08/08,null,sphere,sphr
208,,2018/08/09,55,sphere,sphr
209,,2018/08/10,72,sphere,sphr
210,,2018/08/11,58,sphere,sphr
211,,2018/08/12,59,sphere,sphr
212,,2018/08/13,44,sphere,sphr
213,,2018/08/14,62,sphere,sphr
214,,2018/08/15,39,sphere,sphr
215,,2018/08/16,81,sphere,sphr
216,,2018/08/17,105,sphere,sphr
217,,2018/08/18,null,sphere,sphr
218,,2018/08/19,null,sphere,sphr
219,,2018/08/20,null,sphere,sphr
220,,2018/08/21,50,sphere,sphr
221,,2018/08/22,58,sphere,sphr
222,,2018/08/23,43,sphere,sphr
223,,2018/08/24,56,sphere,sphr
224,,2018/08/25,55,sphere,sphr
225,,2018/08/26,87,sphere,sphr
226,,2018/08/27,78,sphere,sphr
227,,2018/08/28,54,sphere,sphr
228,,2018/08/29,63,sphere,sphr
229,,2018/08/30,100,sphere,sphr
230,,2018/08/31,48,sphere,sphr
231,,2018/09/01,40,sphere,sphr
232,,2018/09/02,43,sphere,sphr
233,,2018/09/03,86,sphere,sphr
234,,2018/09/04,48,sphere,sphr
235,,2018/09/05,null,sphere,sphr
236,,2018/09/06,57,sphere,sphr
237,,2018/09/07,74,sphere,sphr
238,,2018/09/08,55,sphere,sphr
239,,2018/09/09,68,sphere,sphr
240,,2018/09/10,null,sphere,sphr
241,,2018/09/11,62,sphere,sphr
242,,2018/09/12,null,sphere,sphr
243,,2018/09/13,null,sphere,sphr
244,,2018/09/14,47,sphere,sphr
245,,2018/09/15,52,sphere,sphr
246,,2018/09/16,54,sphere,sphr
247,,2018/09/17,46,sphere,sphr
248,,2018/09/18,79,sphere,sphr
249,,2018/09/19,84,sphere,sphr
250,,2018/09/20,84,sphere,sphr
251,,2018/09/21,55,sphere,sphr
252,,2018/09/22,49,sphere,sphr
253,,2018/09/23,44,sphere,sphr
254,,2018/09/24,102,sphere,sphr
255,,2018/09/25,65,sphere,sphr
256,,2018/09/26,54,sphere,sphr
257,,2018/09/27,74,sphere,sphr
258,,2018/09/28,702,sphere,sphr
259,,2018/09/29,318,sphere,sphr
260,,2018/09/30,93,sphere,sphr
261,,2018/10/01,121,sphere,sphr
262,,2018/10/02,120,sphere,sphr
263,,2018/10/03,78,sphere,sphr
264,,2018/10/04,87,sphere,sphr
265,,2018/10/05,127,sphere,sphr
266,,2018/10/06,64,sphere,sphr
267,,2018/10/07,93,sphere,sphr
268,,2018/10/08,42,sphere,sphr
269,,2018/10/09,46,sphere,sphr
270,,2018/10/10,72,sphere,sphr
271,,2018/10/11,53,sphere,sphr
272,,2018/10/12,82,sphere,sphr
273,,2018/10/13,65,sphere,sphr
274,,2018/10/14,65,sphere,sphr
275,,2018/10/15,65,sphere,sphr
276,,2018/10/16,82,sphere,sphr
277,,2018/10/17,70,sphere,sphr
278,,2018/10/18,56,sphere,sphr
279,,2018/10/19,62,sphere,sphr
280,,2018/10/20,65,sphere,sphr
281,,2018/10/21,41,sphere,sphr
282,,2018/10/22,64,sphere,sphr
283,,2018/10/23,36,sphere,sphr
284,,2018/10/24,97,sphere,sphr
285,,2018/10/25,67,sphere,sphr
286,,2018/10/26,66,sphere,sphr
287,,2018/10/27,127,sphere,sphr
288,,2018/10/28,62,sphere,sphr
289,,2018/10/29,53,sphere,sphr
290,,2018/10/30,47,sphere,sphr
291,,2018/10/31,50,sphere,sphr
292,,2018/11/01,59,sphere,sphr
293,,2018/11/02,44,sphere,sphr
294,,2018/11/03,55,sphere,sphr
295,,2018/11/04,83,sphere,sphr
296,,2018/11/05,158,sphere,sphr
297,,2018/11/06,58,sphere,sphr
298,,2018/11/07,55,sphere,sphr
299,,2018/11/08,99,sphere,sphr
300,,2018/11/09,154,sphere,sphr
301,,2018/11/10,60,sphere,sphr
302,,2018/11/11,45,sphere,sphr
303,,2018/11/12,40,sphere,sphr
304,,2018/11/13,59,sphere,sphr
305,,2018/11/14,74,sphere,sphr
306,,2018/11/15,79,sphere,sphr
307,,2018/11/16,52,sphere,sphr
308,,2018/11/17,46,sphere,sphr
309,,2018/11/18,65,sphere,sphr
310,,2018/11/19,47,sphere,sphr
311,,2018/11/20,61,sphere,sphr
312,,2018/11/21,85,sphere,sphr
313,,2018/11/22,57,sphere,sphr
314,,2018/11/23,55,sphere,sphr
315,,2018/11/24,52,sphere,sphr
316,,2018/11/25,47,sphere,sphr
317,,2018/11/26,47,sphere,sphr
318,,2018/11/27,55,sphere,sphr
319,,2018/11/28,49,sphere,sphr
320,,2018/11/29,51,sphere,sphr
321,,2018/11/30,110,sphere,sphr
322,,2018/12/01,51,sphere,sphr
323,,2018/12/02,49,sphere,sphr
324,,2018/12/03,41,sphere,sphr
325,,2018/12/04,81,sphere,sphr
326,,2018/12/05,67,sphere,sphr
327,,2018/12/06,null,sphere,sphr
328,,2018/12/07,null,sphere,sphr
329,,2018/12/08,null,sphere,sphr
330,,2018/12/09,null,sphere,sphr
331,,2018/12/10,50,sphere,sphr
332,,2018/12/11,44,sphere,sphr
333,,2018/12/12,90,sphere,sphr
334,,2018/12/13,null,sphere,sphr
335,,2018/12/14,null,sphere,sphr
336,,2018/12/15,null,sphere,sphr
337,,2018/12/16,null,sphere,sphr
338,,2018/12/17,null,sphere,sphr
339,,2018/12/18,null,sphere,sphr
340,,2018/12/19,null,sphere,sphr
341,,2018/12/20,null,sphere,sphr
342,,2018/12/21,null,sphere,sphr
343,,2018/12/22,null,sphere,sphr
344,,2018/12/23,null,sphere,sphr
345,,2018/12/24,null,sphere,sphr
346,,2018/12/25,null,sphere,sphr
347,,2018/12/26,null,sphere,sphr
348,,2018/12/27,null,sphere,sphr
349,,2018/12/28,null,sphere,sphr
350,,2018/12/29,null,sphere,sphr
351,,2018/12/30,null,sphere,sphr
352,,2018/12/31,null,sphere,sphr
353,,2019/01/01,null,sphere,sphr
354,,2019/01/02,null,sphere,sphr
355,,2019/01/03,null,sphere,sphr
356,,2019/01/04,null,sphere,sphr
357,,2019/01/05,null,sphere,sphr
358,,2019/01/06,null,sphere,sphr
359,,2019/01/07,null,sphere,sphr
360,,2019/01/08,null,sphere,sphr
361,,2019/01/09,null,sphere,sphr
362,,2019/01/10,null,sphere,sphr
363,,2019/01/11,174,sphere,sphr
364,,2019/01/12,128,sphere,sphr
365,,2019/01/13,null,sphere,sphr
366,,2019/01/14,null,sphere,sphr
367,,2019/01/15,null,sphere,sphr
368,,2019/01/16,null,sphere,sphr
369,,2019/01/17,null,sphere,sphr
370,,2019/01/18,null,sphere,sphr
371,,2019/01/19,null,sphere,sphr
372,,2019/01/20,null,sphere,sphr
373,,2019/01/21,209,sphere,sphr
374,,2019/01/22,177,sphere,sphr
375,,2019/01/23,null,sphere,sphr
376,,2019/01/24,null,sphere,sphr
377,,2019/01/25,null,sphere,sphr
378,,2019/01/26,null,sphere,sphr
379,,2019/01/27,null,sphere,sphr
380,,2019/01/28,null,sphere,sphr
381,,2019/01/29,null,sphere,sphr
382,,2019/01/30,null,sphere,sphr
383,,2019/01/31,null,sphere,sphr
384,,2019/02/01,null,sphere,sphr
385,,2019/02/02,null,sphere,sphr
386,,2019/02/03,null,sphere,sphr
387,,2019/02/04,null,sphere,sphr
388,,2019/02/05,null,sphere,sphr
389,,2019/02/06,null,sphere,sphr
390,,2019/02/07,null,sphere,sphr
391,,2019/02/08,null,sphere,sphr
392,,2019/02/09,null,sphere,sphr
393,,2019/02/10,null,sphere,sphr
394,,2019/02/11,null,sphere,sphr
395,,2019/02/12,null,sphere,sphr
396,,2019/02/13,null,sphere,sphr
397,,2019/02/14,null,sphere,sphr
398,,2019/02/15,null,sphere,sphr
399,,2019/02/16,null,sphere,sphr
400,,2019/02/17,null,sphere,sphr
401,,2019/02/18,null,sphere,sphr
402,,2019/02/19,null,sphere,sphr
403,,2019/02/20,null,sphere,sphr
404,,2019/02/21,null,sphere,sphr
405,,2019/02/22,null,sphere,sphr
406,,2019/02/23,65,sphere,sphr
407,,2019/02/24,null,sphere,sphr
408,,2019/02/25,null,sphere,sphr
409,,2019/02/26,null,sphere,sphr
410,,2019/02/27,null,sphere,sphr
411,,2019/02/28,null,sphere,sphr
412,,2019/03/01,null,sphere,sphr
413,,2019/03/02,null,sphere,sphr
414,,2019/03/03,null,sphere,sphr
415,,2019/03/04,null,sphere,sphr
416,,2019/03/05,null,sphere,sphr
417,,2019/03/06,78,sphere,sphr
418,,2019/03/07,55,sphere,sphr
419,,2019/03/08,39,sphere,sphr
420,,2019/03/09,55,sphere,sphr
421,,2019/03/10,141,sphere,sphr
422,,2019/03/11,44,sphere,sphr
423,,2019/03/12,33,sphere,sphr
424,,2019/03/13,null,sphere,sphr
425,,2019/03/14,167,sphere,sphr
426,,2019/03/15,59,sphere,sphr
427,,2019/03/16,50,sphere,sphr
428,,2019/03/17,45,sphere,sphr
429,,2019/03/18,60,sphere,sphr
430,,2019/03/19,52,sphere,sphr
431,,2019/03/20,334,sphere,sphr
432,,2019/03/21,113,sphere,sphr
433,,2019/03/22,48,sphere,sphr
434,,2019/03/23,229,sphere,sphr
435,,2019/03/24,51,sphere,sphr
436,,2019/03/25,1281,sphere,sphr
437,,2019/03/26,190,sphere,sphr
438,,2019/03/27,76,sphere,sphr
439,,2019/03/28,88,sphere,sphr
440,,2019/03/29,null,sphere,sphr
441,,2019/03/30,null,sphere,sphr
442,,2019/03/31,null,sphere,sphr
443,,2019/04/01,null,sphere,sphr
444,,2019/04/02,null,sphere,sphr
445,,2019/04/03,null,sphere,sphr
446,,2019/04/04,null,sphere,sphr
447,,2019/04/05,50,sphere,sphr
448,,2019/04/06,52,sphere,sphr
449,,2019/04/07,null,sphere,sphr
450,,2019/04/08,null,sphere,sphr
451,,2019/04/09,null,sphere,sphr
452,,2019/04/10,null,sphere,sphr
453,,2019/04/11,43,sphere,sphr
454,,2019/04/12,54,sphere,sphr
455,,2019/04/13,69,sphere,sphr
456,,2019/04/14,103,sphere,sphr
457,,2019/04/15,215,sphere,sphr
458,,2019/04/16,353,sphere,sphr
459,,2019/04/17,112,sphere,sphr
460,,2019/04/18,87,sphere,sphr
461,,2019/04/19,83,sphere,sphr
462,,2019/04/20,44,sphere,sphr
463,,2019/04/21,null,sphere,sphr
464,,2019/04/22,null,sphere,sphr
465,,2019/04/23,null,sphere,sphr
466,,2019/04/24,null,sphere,sphr
467,,2019/04/25,null,sphere,sphr
468,,2019/04/26,109,sphere,sphr
469,,2019/04/27,2602,sphere,sphr
470,,2019/04/28,104,sphere,sphr
471,,2019/04/29,null,sphere,sphr
472,,2019/04/30,null,sphere,sphr
473,,2019/05/01,null,sphere,sphr
474,,2019/05/02,null,sphere,sphr
475,,2019/05/03,null,sphere,sphr
476,,2019/05/04,null,sphere,sphr
477,,2019/05/05,null,sphere,sphr
478,,2019/05/06,80,sphere,sphr
479,,2019/05/07,483,sphere,sphr
480,,2019/05/08,null,sphere,sphr
481,,2019/05/09,null,sphere,sphr
482,,2019/05/10,null,sphere,sphr
483,,2019/05/11,null,sphere,sphr
484,,2019/05/12,null,sphere,sphr
485,,2019/05/13,null,sphere,sphr
486,,2019/05/14,null,sphere,sphr
487,,2019/05/15,null,sphere,sphr
488,,2019/05/16,null,sphere,sphr
489,,2019/05/17,null,sphere,sphr
490,,2019/05/18,null,sphere,sphr
491,,2019/05/19,null,sphere,sphr
492,,2019/05/20,null,sphere,sphr
493,,2019/05/21,null,sphere,sphr
494,,2019/05/22,null,sphere,sphr
495,,2019/05/23,null,sphere,sphr
496,,2019/05/24,null,sphere,sphr
497,,2019/05/25,null,sphere,sphr
498,,2019/05/26,null,sphere,sphr
499,,2019/05/27,null,sphere,sphr
500,,2019/05/28,null,sphere,sphr
501,,2019/05/29,null,sphere,sphr
502,,2019/05/30,null,sphere,sphr
503,,2019/05/31,null,sphere,sphr
504,,2019/06/01,null,sphere,sphr
505,,2019/06/02,383,sphere,sphr
506,,2019/06/03,122,sphere,sphr
507,,2019/06/04,94,sphere,sphr
508,,2019/06/05,82,sphere,sphr
509,,2019/06/06,null,sphere,sphr
510,,2019/06/07,null,sphere,sphr
511,,2019/06/08,null,sphere,sphr
512,,2019/06/09,null,sphere,sphr
513,,2019/06/10,null,sphere,sphr
514,,2019/06/11,null,sphere,sphr
515,,2019/06/12,null,sphere,sphr
516,,2019/06/13,null,sphere,sphr
517,,2019/06/14,null,sphere,sphr
518,,2019/06/15,null,sphere,sphr
519,,2019/06/16,null,sphere,sphr
520,,2019/06/17,null,sphere,sphr
521,,2019/06/18,null,sphere,sphr
522,,2019/06/19,null,sphere,sphr
523,,2019/06/20,null,sphere,sphr
524,,2019/06/21,null,sphere,sphr
525,,2019/06/22,null,sphere,sphr
526,,2019/06/23,null,sphere,sphr
527,,2019/06/24,null,sphere,sphr
528,,2019/06/25,null,sphere,sphr
529,,2019/06/26,null,sphere,sphr
530,,2019/06/27,null,sphere,sphr
531,,2019/06/28,null,sphere,sphr
532,,2019/06/29,null,sphere,sphr
533,,2019/06/30,null,sphere,sphr
534,,2019/07/01,null,sphere,sphr
535,,2019/07/02,null,sphere,sphr
536,,2019/07/03,null,sphere,sphr
537,,2019/07/04,null,sphere,sphr
538,,2019/07/05,null,sphere,sphr
539,,2019/07/06,null,sphere,sphr
540,,2019/07/07,null,sphere,sphr
541,,2019/07/08,null,sphere,sphr
542,,2019/07/09,null,sphere,sphr
543,,2019/07/10,null,sphere,sphr
544,,2019/07/11,null,sphere,sphr
545,,2019/07/12,null,sphere,sphr
546,,2019/07/13,null,sphere,sphr
547,,2019/07/14,null,sphere,sphr
548,,2019/07/15,null,sphere,sphr
549,,2019/07/16,null,sphere,sphr
550,,2019/07/17,null,sphere,sphr
551,,2019/07/18,null,sphere,sphr
552,,2019/07/19,null,sphere,sphr
553,,2019/07/20,null,sphere,sphr
554,,2019/07/21,null,sphere,sphr
555,,2019/07/22,null,sphere,sphr
556,,2019/07/23,null,sphere,sphr
557,,2019/07/24,null,sphere,sphr
558,,2019/07/25,null,sphere,sphr
559,,2019/07/26,null,sphere,sphr
560,,2019/07/27,null,sphere,sphr
561,,2019/07/28,null,sphere,sphr
562,,2019/07/29,null,sphere,sphr
563,,2019/07/30,null,sphere,sphr
564,,2019/07/31,null,sphere,sphr
565,,2019/08/01,null,sphere,sphr
566,,2019/08/02,null,sphere,sphr
567,,2019/08/03,null,sphere,sphr
568,,2019/08/04,null,sphere,sphr
569,,2019/08/05,null,sphere,sphr
570,,2019/08/06,null,sphere,sphr
571,,2019/08/07,null,sphere,sphr
572,,2019/08/08,null,sphere,sphr
573,,2019/08/09,null,sphere,sphr
574,,2019/08/10,null,sphere,sphr
575,,2019/08/11,null,sphere,sphr
576,,2019/08/12,null,sphere,sphr
577,,2019/08/13,null,sphere,sphr
578,,2019/08/14,null,sphere,sphr
579,,2019/08/15,null,sphere,sphr
580,,2019/08/16,null,sphere,sphr
581,,2019/08/17,39,sphere,sphr
582,,2019/08/18,39,sphere,sphr
583,,2019/08/19,null,sphere,sphr
584,,2019/08/20,null,sphere,sphr
585,,2019/08/21,null,sphere,sphr
586,,2019/08/22,null,sphere,sphr
587,,2019/08/23,null,sphere,sphr
588,,2019/08/24,null,sphere,sphr
589,,2019/08/25,null,sphere,sphr
590,,2019/08/26,null,sphere,sphr
591,,2019/08/27,null,sphere,sphr
592,,2019/08/28,null,sphere,sphr
593,,2019/08/29,null,sphere,sphr
594,,2019/08/30,null,sphere,sphr
595,,2019/08/31,null,sphere,sphr
596,,2019/09/01,null,sphere,sphr
597,,2019/09/02,null,sphere,sphr
598,,2019/09/03,null,sphere,sphr
599,,2019/09/04,null,sphere,sphr
600,,2019/09/05,null,sphere,sphr
601,,2019/09/06,null,sphere,sphr
602,,2019/09/07,null,sphere,sphr
603,,2019/09/08,null,sphere,sphr
604,,2019/09/09,null,sphere,sphr
605,,2019/09/10,null,sphere,sphr
606,,2019/09/11,null,sphere,sphr
607,,2019/09/12,null,sphere,sphr
608,,2019/09/13,null,sphere,sphr
609,,2019/09/14,null,sphere,sphr
610,,2019/09/15,null,sphere,sphr
611,,2019/09/16,null,sphere,sphr
612,,2019/09/17,null,sphere,sphr
613,,2019/09/18,null,sphere,sphr
614,,2019/09/19,null,sphere,sphr
615,,2019/09/20,null,sphere,sphr
616,,2019/09/21,null,sphere,sphr
617,,2019/09/22,null,sphere,sphr
618,,2019/09/23,null,sphere,sphr
619,,2019/09/24,null,sphere,sphr
620,,2019/09/25,null,sphere,sphr
621,,2019/09/26,null,sphere,sphr
622,,2019/09/27,null,sphere,sphr
623,,2019/09/28,null,sphere,sphr
624,,2019/09/29,null,sphere,sphr
625,,2019/09/30,null,sphere,sphr
626,,2019/10/01,null,sphere,sphr
627,,2019/10/02,null,sphere,sphr
628,,2019/10/03,161,sphere,sphr
629,,2019/10/04,55,sphere,sphr
630,,2019/10/05,54,sphere,sphr
631,,2019/10/06,39,sphere,sphr
632,,2019/10/07,null,sphere,sphr
633,,2019/10/08,71,sphere,sphr
634,,2019/10/09,382,sphere,sphr
635,,2019/10/10,81,sphere,sphr
