,google_trends,date,tweets,full_name,coin
0,,2018/01/08,225,steem,steem
1,,2018/01/09,366,steem,steem
2,,2018/01/10,543,steem,steem
3,,2018/01/11,377,steem,steem
4,,2018/01/12,386,steem,steem
5,,2018/01/13,446,steem,steem
6,,2018/01/14,427,steem,steem
7,,2018/01/15,381,steem,steem
8,,2018/01/16,340,steem,steem
9,,2018/01/17,343,steem,steem
10,,2018/01/18,313,steem,steem
11,,2018/01/19,158,steem,steem
12,,2018/01/20,282,steem,steem
13,,2018/01/21,302,steem,steem
14,,2018/01/22,313,steem,steem
15,,2018/01/23,401,steem,steem
16,,2018/01/24,850,steem,steem
17,,2018/01/25,2912,steem,steem
18,,2018/01/26,1645,steem,steem
19,,2018/01/27,1052,steem,steem
20,,2018/01/28,963,steem,steem
21,,2018/01/29,1383,steem,steem
22,,2018/01/30,1737,steem,steem
23,,2018/01/31,1617,steem,steem
24,,2018/02/01,1970,steem,steem
25,,2018/02/02,1378,steem,steem
26,,2018/02/03,733,steem,steem
27,,2018/02/04,835,steem,steem
28,,2018/02/05,746,steem,steem
29,,2018/02/06,753,steem,steem
30,,2018/02/07,614,steem,steem
31,,2018/02/08,356,steem,steem
32,,2018/02/09,239,steem,steem
33,,2018/02/10,200,steem,steem
34,,2018/02/11,225,steem,steem
35,,2018/02/12,197,steem,steem
36,,2018/02/13,251,steem,steem
37,,2018/02/14,296,steem,steem
38,,2018/02/15,425,steem,steem
39,,2018/02/16,318,steem,steem
40,,2018/02/17,253,steem,steem
41,,2018/02/18,204,steem,steem
42,,2018/02/19,433,steem,steem
43,,2018/02/20,350,steem,steem
44,,2018/02/21,249,steem,steem
45,,2018/02/22,236,steem,steem
46,,2018/02/23,218,steem,steem
47,,2018/02/24,243,steem,steem
48,,2018/02/25,235,steem,steem
49,,2018/02/26,271,steem,steem
50,,2018/02/27,309,steem,steem
51,,2018/02/28,333,steem,steem
52,,2018/03/01,364,steem,steem
53,,2018/03/02,301,steem,steem
54,,2018/03/03,null,steem,steem
55,,2018/03/04,null,steem,steem
56,,2018/03/05,null,steem,steem
57,,2018/03/06,null,steem,steem
58,,2018/03/07,null,steem,steem
59,,2018/03/08,null,steem,steem
60,,2018/03/09,null,steem,steem
61,,2018/03/10,null,steem,steem
62,,2018/03/11,null,steem,steem
63,,2018/03/12,null,steem,steem
64,,2018/03/13,null,steem,steem
65,,2018/03/14,null,steem,steem
66,,2018/03/15,null,steem,steem
67,,2018/03/16,null,steem,steem
68,,2018/03/17,null,steem,steem
69,,2018/03/18,null,steem,steem
70,,2018/03/19,null,steem,steem
71,,2018/03/20,null,steem,steem
72,,2018/03/21,null,steem,steem
73,,2018/03/22,null,steem,steem
74,,2018/03/23,null,steem,steem
75,,2018/03/24,null,steem,steem
76,,2018/03/25,null,steem,steem
77,,2018/03/26,null,steem,steem
78,,2018/03/27,null,steem,steem
79,,2018/03/28,null,steem,steem
80,,2018/03/29,null,steem,steem
81,,2018/03/30,null,steem,steem
82,,2018/03/31,null,steem,steem
83,,2018/04/01,null,steem,steem
84,,2018/04/02,null,steem,steem
85,,2018/04/03,null,steem,steem
86,,2018/04/04,null,steem,steem
87,,2018/04/05,null,steem,steem
88,,2018/04/06,null,steem,steem
89,,2018/04/07,229,steem,steem
90,,2018/04/08,210,steem,steem
91,,2018/04/09,193,steem,steem
92,,2018/04/10,285,steem,steem
93,,2018/04/11,236,steem,steem
94,,2018/04/12,339,steem,steem
95,,2018/04/13,399,steem,steem
96,,2018/04/14,273,steem,steem
97,,2018/04/15,243,steem,steem
98,,2018/04/16,469,steem,steem
99,,2018/04/17,260,steem,steem
100,,2018/04/18,201,steem,steem
101,,2018/04/19,204,steem,steem
102,,2018/04/20,209,steem,steem
103,,2018/04/21,311,steem,steem
104,,2018/04/22,237,steem,steem
105,,2018/04/23,442,steem,steem
106,,2018/04/24,377,steem,steem
107,,2018/04/25,718,steem,steem
108,,2018/04/26,373,steem,steem
109,,2018/04/27,403,steem,steem
110,,2018/04/28,358,steem,steem
111,,2018/04/29,544,steem,steem
112,,2018/04/30,272,steem,steem
113,,2018/05/01,248,steem,steem
114,,2018/05/02,256,steem,steem
115,,2018/05/03,322,steem,steem
116,,2018/05/04,219,steem,steem
117,,2018/05/05,266,steem,steem
118,,2018/05/06,170,steem,steem
119,,2018/05/07,301,steem,steem
120,,2018/05/08,410,steem,steem
121,,2018/05/09,270,steem,steem
122,,2018/05/10,208,steem,steem
123,,2018/05/11,221,steem,steem
124,,2018/05/12,210,steem,steem
125,,2018/05/13,177,steem,steem
126,,2018/05/14,276,steem,steem
127,,2018/05/15,293,steem,steem
128,,2018/05/16,289,steem,steem
129,,2018/05/17,442,steem,steem
130,,2018/05/18,299,steem,steem
131,,2018/05/19,229,steem,steem
132,,2018/05/20,207,steem,steem
133,,2018/05/21,253,steem,steem
134,,2018/05/22,323,steem,steem
135,,2018/05/23,270,steem,steem
136,,2018/05/24,431,steem,steem
137,,2018/05/25,263,steem,steem
138,,2018/05/26,189,steem,steem
139,,2018/05/27,332,steem,steem
140,,2018/05/28,148,steem,steem
141,,2018/05/29,201,steem,steem
142,,2018/05/30,161,steem,steem
143,,2018/05/31,302,steem,steem
144,,2018/06/01,192,steem,steem
145,,2018/06/02,174,steem,steem
146,,2018/06/03,173,steem,steem
147,,2018/06/04,184,steem,steem
148,,2018/06/05,215,steem,steem
149,,2018/06/06,253,steem,steem
150,,2018/06/07,214,steem,steem
151,,2018/06/08,162,steem,steem
152,,2018/06/09,174,steem,steem
153,,2018/06/10,209,steem,steem
154,,2018/06/11,289,steem,steem
155,,2018/06/12,278,steem,steem
156,,2018/06/13,197,steem,steem
157,,2018/06/14,155,steem,steem
158,,2018/06/15,155,steem,steem
159,,2018/06/16,174,steem,steem
160,,2018/06/17,112,steem,steem
161,,2018/06/18,150,steem,steem
162,,2018/06/19,204,steem,steem
163,,2018/06/20,167,steem,steem
164,,2018/06/21,176,steem,steem
165,,2018/06/22,222,steem,steem
166,,2018/06/23,161,steem,steem
167,,2018/06/24,135,steem,steem
168,,2018/06/25,158,steem,steem
169,,2018/06/26,174,steem,steem
170,,2018/06/27,203,steem,steem
171,,2018/06/28,175,steem,steem
172,,2018/06/29,174,steem,steem
173,,2018/06/30,221,steem,steem
174,,2018/07/01,273,steem,steem
175,,2018/07/02,179,steem,steem
176,,2018/07/03,190,steem,steem
177,,2018/07/04,225,steem,steem
178,,2018/07/05,191,steem,steem
179,,2018/07/06,181,steem,steem
180,,2018/07/07,165,steem,steem
181,,2018/07/08,216,steem,steem
182,,2018/07/09,200,steem,steem
183,,2018/07/10,223,steem,steem
184,,2018/07/11,214,steem,steem
185,,2018/07/12,236,steem,steem
186,,2018/07/13,317,steem,steem
187,,2018/07/14,172,steem,steem
188,,2018/07/15,170,steem,steem
189,,2018/07/16,194,steem,steem
190,,2018/07/17,310,steem,steem
191,,2018/07/18,267,steem,steem
192,,2018/07/19,254,steem,steem
193,,2018/07/20,244,steem,steem
194,,2018/07/21,253,steem,steem
195,,2018/07/22,201,steem,steem
196,,2018/07/23,196,steem,steem
197,,2018/07/24,178,steem,steem
198,,2018/07/25,138,steem,steem
199,,2018/07/26,228,steem,steem
200,,2018/07/27,263,steem,steem
201,,2018/07/28,231,steem,steem
202,,2018/07/29,137,steem,steem
203,,2018/07/30,150,steem,steem
204,,2018/07/31,176,steem,steem
205,,2018/08/01,180,steem,steem
206,,2018/08/02,168,steem,steem
207,,2018/08/03,209,steem,steem
208,,2018/08/04,222,steem,steem
209,,2018/08/05,190,steem,steem
210,,2018/08/06,227,steem,steem
211,,2018/08/07,239,steem,steem
212,,2018/08/08,171,steem,steem
213,,2018/08/09,195,steem,steem
214,,2018/08/10,206,steem,steem
215,,2018/08/11,190,steem,steem
216,,2018/08/12,201,steem,steem
217,,2018/08/13,195,steem,steem
218,,2018/08/14,245,steem,steem
219,,2018/08/15,258,steem,steem
220,,2018/08/16,201,steem,steem
221,,2018/08/17,177,steem,steem
222,,2018/08/18,208,steem,steem
223,,2018/08/19,212,steem,steem
224,,2018/08/20,290,steem,steem
225,,2018/08/21,258,steem,steem
226,,2018/08/22,207,steem,steem
227,,2018/08/23,231,steem,steem
228,,2018/08/24,281,steem,steem
229,,2018/08/25,263,steem,steem
230,,2018/08/26,284,steem,steem
231,,2018/08/27,263,steem,steem
232,,2018/08/28,242,steem,steem
233,,2018/08/29,316,steem,steem
234,,2018/08/30,235,steem,steem
235,,2018/08/31,202,steem,steem
236,,2018/09/01,169,steem,steem
237,,2018/09/02,176,steem,steem
238,,2018/09/03,469,steem,steem
239,,2018/09/04,470,steem,steem
240,,2018/09/05,292,steem,steem
241,,2018/09/06,275,steem,steem
242,,2018/09/07,230,steem,steem
243,,2018/09/08,241,steem,steem
244,,2018/09/09,244,steem,steem
245,,2018/09/10,331,steem,steem
246,,2018/09/11,258,steem,steem
247,,2018/09/12,251,steem,steem
248,,2018/09/13,287,steem,steem
249,,2018/09/14,242,steem,steem
250,,2018/09/15,256,steem,steem
251,,2018/09/16,215,steem,steem
252,,2018/09/17,301,steem,steem
253,,2018/09/18,438,steem,steem
254,,2018/09/19,299,steem,steem
255,,2018/09/20,264,steem,steem
256,,2018/09/21,202,steem,steem
257,,2018/09/22,215,steem,steem
258,,2018/09/23,234,steem,steem
259,,2018/09/24,353,steem,steem
260,,2018/09/25,315,steem,steem
261,,2018/09/26,183,steem,steem
262,,2018/09/27,199,steem,steem
263,,2018/09/28,159,steem,steem
264,,2018/09/29,126,steem,steem
265,,2018/09/30,251,steem,steem
266,,2018/10/01,222,steem,steem
267,,2018/10/02,211,steem,steem
268,,2018/10/03,218,steem,steem
269,,2018/10/04,189,steem,steem
270,,2018/10/05,203,steem,steem
271,,2018/10/06,220,steem,steem
272,,2018/10/07,223,steem,steem
273,,2018/10/08,307,steem,steem
274,,2018/10/09,179,steem,steem
275,,2018/10/10,233,steem,steem
276,,2018/10/11,343,steem,steem
277,,2018/10/12,263,steem,steem
278,,2018/10/13,276,steem,steem
279,,2018/10/14,201,steem,steem
280,,2018/10/15,209,steem,steem
281,,2018/10/16,338,steem,steem
282,,2018/10/17,326,steem,steem
283,,2018/10/18,579,steem,steem
284,,2018/10/19,284,steem,steem
285,,2018/10/20,312,steem,steem
286,,2018/10/21,213,steem,steem
287,,2018/10/22,267,steem,steem
288,,2018/10/23,306,steem,steem
289,,2018/10/24,343,steem,steem
290,,2018/10/25,270,steem,steem
291,,2018/10/26,322,steem,steem
292,,2018/10/27,152,steem,steem
293,,2018/10/28,135,steem,steem
294,,2018/10/29,203,steem,steem
295,,2018/10/30,173,steem,steem
296,,2018/10/31,323,steem,steem
297,,2018/11/01,333,steem,steem
298,,2018/11/02,184,steem,steem
299,,2018/11/03,285,steem,steem
300,,2018/11/04,218,steem,steem
301,,2018/11/05,209,steem,steem
302,,2018/11/06,187,steem,steem
303,,2018/11/07,151,steem,steem
304,,2018/11/08,227,steem,steem
305,,2018/11/09,345,steem,steem
306,,2018/11/10,170,steem,steem
307,,2018/11/11,131,steem,steem
308,,2018/11/12,155,steem,steem
309,,2018/11/13,169,steem,steem
310,,2018/11/14,145,steem,steem
311,,2018/11/15,174,steem,steem
312,,2018/11/16,165,steem,steem
313,,2018/11/17,181,steem,steem
314,,2018/11/18,133,steem,steem
315,,2018/11/19,217,steem,steem
316,,2018/11/20,245,steem,steem
317,,2018/11/21,164,steem,steem
318,,2018/11/22,188,steem,steem
319,,2018/11/23,139,steem,steem
320,,2018/11/24,136,steem,steem
321,,2018/11/25,142,steem,steem
322,,2018/11/26,124,steem,steem
323,,2018/11/27,133,steem,steem
324,,2018/11/28,206,steem,steem
325,,2018/11/29,210,steem,steem
326,,2018/11/30,253,steem,steem
327,,2018/12/01,313,steem,steem
328,,2018/12/02,235,steem,steem
329,,2018/12/03,195,steem,steem
330,,2018/12/04,168,steem,steem
331,,2018/12/05,163,steem,steem
332,,2018/12/06,null,steem,steem
333,,2018/12/07,167,steem,steem
334,,2018/12/08,159,steem,steem
335,,2018/12/09,150,steem,steem
336,,2018/12/10,135,steem,steem
337,,2018/12/11,155,steem,steem
338,,2018/12/12,137,steem,steem
339,,2018/12/13,152,steem,steem
340,,2018/12/14,170,steem,steem
341,,2018/12/15,156,steem,steem
342,,2018/12/16,156,steem,steem
343,,2018/12/17,169,steem,steem
344,,2018/12/18,196,steem,steem
345,,2018/12/19,195,steem,steem
346,,2018/12/20,175,steem,steem
347,,2018/12/21,169,steem,steem
348,,2018/12/22,260,steem,steem
349,,2018/12/23,153,steem,steem
350,,2018/12/24,196,steem,steem
351,,2018/12/25,148,steem,steem
352,,2018/12/26,132,steem,steem
353,,2018/12/27,184,steem,steem
354,,2018/12/28,137,steem,steem
355,,2018/12/29,123,steem,steem
356,,2018/12/30,137,steem,steem
357,,2018/12/31,137,steem,steem
358,,2019/01/01,150,steem,steem
359,,2019/01/02,226,steem,steem
360,,2019/01/03,229,steem,steem
361,,2019/01/04,238,steem,steem
362,,2019/01/05,248,steem,steem
363,,2019/01/06,211,steem,steem
364,,2019/01/07,242,steem,steem
365,,2019/01/08,293,steem,steem
366,,2019/01/09,360,steem,steem
367,,2019/01/10,303,steem,steem
368,,2019/01/11,296,steem,steem
369,,2019/01/12,396,steem,steem
370,,2019/01/13,444,steem,steem
371,,2019/01/14,433,steem,steem
372,,2019/01/15,382,steem,steem
373,,2019/01/16,364,steem,steem
374,,2019/01/17,362,steem,steem
375,,2019/01/18,330,steem,steem
376,,2019/01/19,381,steem,steem
377,,2019/01/20,327,steem,steem
378,,2019/01/21,481,steem,steem
379,,2019/01/22,422,steem,steem
380,,2019/01/23,663,steem,steem
381,,2019/01/24,730,steem,steem
382,,2019/01/25,625,steem,steem
383,,2019/01/26,610,steem,steem
384,,2019/01/27,638,steem,steem
385,,2019/01/28,647,steem,steem
386,,2019/01/29,752,steem,steem
387,,2019/01/30,640,steem,steem
388,,2019/01/31,842,steem,steem
389,,2019/02/01,680,steem,steem
390,,2019/02/02,976,steem,steem
391,,2019/02/03,980,steem,steem
392,,2019/02/04,935,steem,steem
393,,2019/02/05,1073,steem,steem
394,,2019/02/06,1190,steem,steem
395,,2019/02/07,1168,steem,steem
396,,2019/02/08,1442,steem,steem
397,,2019/02/09,1320,steem,steem
398,,2019/02/10,1362,steem,steem
399,,2019/02/11,1184,steem,steem
400,,2019/02/12,1448,steem,steem
401,,2019/02/13,1612,steem,steem
402,,2019/02/14,1195,steem,steem
403,,2019/02/15,1713,steem,steem
404,,2019/02/16,2126,steem,steem
405,,2019/02/17,1934,steem,steem
406,,2019/02/18,2163,steem,steem
407,,2019/02/19,2104,steem,steem
408,,2019/02/20,2313,steem,steem
409,,2019/02/21,2255,steem,steem
410,,2019/02/22,2347,steem,steem
411,,2019/02/23,1944,steem,steem
412,,2019/02/24,2217,steem,steem
413,,2019/02/25,2134,steem,steem
414,,2019/02/26,1979,steem,steem
415,,2019/02/27,1901,steem,steem
416,,2019/02/28,2069,steem,steem
417,,2019/03/01,2229,steem,steem
418,,2019/03/02,2326,steem,steem
419,,2019/03/03,1871,steem,steem
420,,2019/03/04,1795,steem,steem
421,,2019/03/05,1765,steem,steem
422,,2019/03/06,1729,steem,steem
423,,2019/03/07,1668,steem,steem
424,,2019/03/08,1794,steem,steem
425,,2019/03/09,1499,steem,steem
426,,2019/03/10,1854,steem,steem
427,,2019/03/11,1859,steem,steem
428,,2019/03/12,1874,steem,steem
429,,2019/03/13,1928,steem,steem
430,,2019/03/14,1946,steem,steem
431,,2019/03/15,1593,steem,steem
432,,2019/03/16,1400,steem,steem
433,,2019/03/17,1461,steem,steem
434,,2019/03/18,1795,steem,steem
435,,2019/03/19,1657,steem,steem
436,,2019/03/20,1770,steem,steem
437,,2019/03/21,1879,steem,steem
438,,2019/03/22,2114,steem,steem
439,,2019/03/23,1848,steem,steem
440,,2019/03/24,1691,steem,steem
441,,2019/03/25,1647,steem,steem
442,,2019/03/26,1433,steem,steem
443,,2019/03/27,1564,steem,steem
444,,2019/03/28,1333,steem,steem
445,,2019/03/29,1179,steem,steem
446,,2019/03/30,1396,steem,steem
447,,2019/03/31,1083,steem,steem
448,,2019/04/01,1017,steem,steem
449,,2019/04/02,1089,steem,steem
450,,2019/04/03,1244,steem,steem
451,,2019/04/04,1259,steem,steem
452,,2019/04/05,1293,steem,steem
453,,2019/04/06,1313,steem,steem
454,,2019/04/07,1442,steem,steem
455,,2019/04/08,1358,steem,steem
456,,2019/04/09,1698,steem,steem
457,,2019/04/10,1595,steem,steem
458,,2019/04/11,1305,steem,steem
459,,2019/04/12,1200,steem,steem
460,,2019/04/13,844,steem,steem
461,,2019/04/14,1024,steem,steem
462,,2019/04/15,1172,steem,steem
463,,2019/04/16,938,steem,steem
464,,2019/04/17,1165,steem,steem
465,,2019/04/18,994,steem,steem
466,,2019/04/19,854,steem,steem
467,,2019/04/20,957,steem,steem
468,,2019/04/21,885,steem,steem
469,,2019/04/22,1079,steem,steem
470,,2019/04/23,1176,steem,steem
471,,2019/04/24,1215,steem,steem
472,,2019/04/25,973,steem,steem
473,,2019/04/26,998,steem,steem
474,,2019/04/27,1241,steem,steem
475,,2019/04/28,1029,steem,steem
476,,2019/04/29,1334,steem,steem
477,,2019/04/30,1061,steem,steem
478,,2019/05/01,1479,steem,steem
479,,2019/05/02,1325,steem,steem
480,,2019/05/03,1151,steem,steem
481,,2019/05/04,1098,steem,steem
482,,2019/05/05,966,steem,steem
483,,2019/05/06,1071,steem,steem
484,,2019/05/07,1216,steem,steem
485,,2019/05/08,1336,steem,steem
486,,2019/05/09,963,steem,steem
487,,2019/05/10,1171,steem,steem
488,,2019/05/11,1167,steem,steem
489,,2019/05/12,956,steem,steem
490,,2019/05/13,1265,steem,steem
491,,2019/05/14,1813,steem,steem
492,,2019/05/15,1570,steem,steem
493,,2019/05/16,1272,steem,steem
494,,2019/05/17,1123,steem,steem
495,,2019/05/18,836,steem,steem
496,,2019/05/19,1065,steem,steem
497,,2019/05/20,1104,steem,steem
498,,2019/05/21,1093,steem,steem
499,,2019/05/22,1085,steem,steem
500,,2019/05/23,987,steem,steem
501,,2019/05/24,1044,steem,steem
502,,2019/05/25,1145,steem,steem
503,,2019/05/26,1092,steem,steem
504,,2019/05/27,1136,steem,steem
505,,2019/05/28,1119,steem,steem
506,,2019/05/29,1001,steem,steem
507,,2019/05/30,1145,steem,steem
508,,2019/05/31,1121,steem,steem
509,,2019/06/01,923,steem,steem
510,,2019/06/02,1108,steem,steem
511,,2019/06/03,1176,steem,steem
512,,2019/06/04,1014,steem,steem
513,,2019/06/05,1031,steem,steem
514,,2019/06/06,976,steem,steem
515,,2019/06/07,973,steem,steem
516,,2019/06/08,1087,steem,steem
517,,2019/06/09,1041,steem,steem
518,,2019/06/10,1017,steem,steem
519,,2019/06/11,1119,steem,steem
520,,2019/06/12,1218,steem,steem
521,,2019/06/13,899,steem,steem
522,,2019/06/14,1020,steem,steem
523,,2019/06/15,1016,steem,steem
524,,2019/06/16,956,steem,steem
525,,2019/06/17,907,steem,steem
526,,2019/06/18,1142,steem,steem
527,,2019/06/19,1094,steem,steem
528,,2019/06/20,1117,steem,steem
529,,2019/06/21,990,steem,steem
530,,2019/06/22,1284,steem,steem
531,,2019/06/23,899,steem,steem
532,,2019/06/24,1236,steem,steem
533,,2019/06/25,1191,steem,steem
534,,2019/06/26,1177,steem,steem
535,,2019/06/27,1051,steem,steem
536,,2019/06/28,1012,steem,steem
537,,2019/06/29,992,steem,steem
538,,2019/06/30,917,steem,steem
539,,2019/07/01,942,steem,steem
540,,2019/07/02,912,steem,steem
541,,2019/07/03,1030,steem,steem
542,,2019/07/04,825,steem,steem
543,,2019/07/05,914,steem,steem
544,,2019/07/06,876,steem,steem
545,,2019/07/07,892,steem,steem
546,,2019/07/08,964,steem,steem
547,,2019/07/09,901,steem,steem
548,,2019/07/10,884,steem,steem
549,,2019/07/11,831,steem,steem
550,,2019/07/12,829,steem,steem
551,,2019/07/13,888,steem,steem
552,,2019/07/14,905,steem,steem
553,,2019/07/15,776,steem,steem
554,,2019/07/16,960,steem,steem
555,,2019/07/17,835,steem,steem
556,,2019/07/18,760,steem,steem
557,,2019/07/19,737,steem,steem
558,,2019/07/20,587,steem,steem
559,,2019/07/21,490,steem,steem
560,,2019/07/22,610,steem,steem
561,,2019/07/23,637,steem,steem
562,,2019/07/24,541,steem,steem
563,,2019/07/25,511,steem,steem
564,,2019/07/26,531,steem,steem
565,,2019/07/27,418,steem,steem
566,,2019/07/28,483,steem,steem
567,,2019/07/29,439,steem,steem
568,,2019/07/30,531,steem,steem
569,,2019/07/31,424,steem,steem
570,,2019/08/01,337,steem,steem
571,,2019/08/02,391,steem,steem
572,,2019/08/03,342,steem,steem
573,,2019/08/04,243,steem,steem
574,,2019/08/05,375,steem,steem
575,,2019/08/06,295,steem,steem
576,,2019/08/07,313,steem,steem
577,,2019/08/08,280,steem,steem
578,,2019/08/09,481,steem,steem
579,,2019/08/10,289,steem,steem
580,,2019/08/11,422,steem,steem
581,,2019/08/12,394,steem,steem
582,,2019/08/13,355,steem,steem
583,,2019/08/14,333,steem,steem
584,,2019/08/15,324,steem,steem
585,,2019/08/16,293,steem,steem
586,,2019/08/17,283,steem,steem
587,,2019/08/18,283,steem,steem
588,,2019/08/19,350,steem,steem
589,,2019/08/20,335,steem,steem
590,,2019/08/21,344,steem,steem
591,,2019/08/22,613,steem,steem
592,,2019/08/23,464,steem,steem
593,,2019/08/24,566,steem,steem
594,,2019/08/25,515,steem,steem
595,,2019/08/26,440,steem,steem
596,,2019/08/27,473,steem,steem
597,,2019/08/28,330,steem,steem
598,,2019/08/29,296,steem,steem
599,,2019/08/30,258,steem,steem
600,,2019/08/31,253,steem,steem
601,,2019/09/01,222,steem,steem
602,,2019/09/02,200,steem,steem
603,,2019/09/03,264,steem,steem
604,,2019/09/04,229,steem,steem
605,,2019/09/05,220,steem,steem
606,,2019/09/06,343,steem,steem
607,,2019/09/07,216,steem,steem
608,,2019/09/08,243,steem,steem
609,,2019/09/09,271,steem,steem
610,,2019/09/10,353,steem,steem
611,,2019/09/11,372,steem,steem
612,,2019/09/12,477,steem,steem
613,,2019/09/13,371,steem,steem
614,,2019/09/14,343,steem,steem
615,,2019/09/15,306,steem,steem
616,,2019/09/16,301,steem,steem
617,,2019/09/17,385,steem,steem
618,,2019/09/18,274,steem,steem
619,,2019/09/19,493,steem,steem
620,,2019/09/20,313,steem,steem
621,,2019/09/21,396,steem,steem
622,,2019/09/22,568,steem,steem
623,,2019/09/23,484,steem,steem
624,,2019/09/24,343,steem,steem
625,,2019/09/25,442,steem,steem
626,,2019/09/26,368,steem,steem
627,,2019/09/27,358,steem,steem
628,,2019/09/28,304,steem,steem
629,,2019/09/29,562,steem,steem
630,,2019/09/30,395,steem,steem
631,,2019/10/01,364,steem,steem
632,,2019/10/02,445,steem,steem
633,,2019/10/03,527,steem,steem
634,,2019/10/04,493,steem,steem
635,,2019/10/05,256,steem,steem
636,,2019/10/06,544,steem,steem
637,,2019/10/07,349,steem,steem
638,,2019/10/08,415,steem,steem
639,,2019/10/09,422,steem,steem
640,,2019/10/10,285,steem,steem
641,,2019/10/11,322,steem,steem
642,,2019/10/12,282,steem,steem
643,,2019/10/13,296,steem,steem
644,,2019/10/14,420,steem,steem
645,,2019/10/15,424,steem,steem
646,,2019/10/16,582,steem,steem
647,,2019/10/17,383,steem,steem
648,,2019/10/18,408,steem,steem
649,,2019/10/19,341,steem,steem
650,,2019/10/20,535,steem,steem
651,,2019/10/21,371,steem,steem
652,,2019/10/22,302,steem,steem
653,,2019/10/23,353,steem,steem
654,,2019/10/24,396,steem,steem
655,,2019/10/25,503,steem,steem
656,,2019/10/26,358,steem,steem
657,,2019/10/27,307,steem,steem
658,,2019/10/28,382,steem,steem
659,,2019/10/29,442,steem,steem
660,,2019/10/30,387,steem,steem
661,,2019/10/31,508,steem,steem
662,,2019/11/01,438,steem,steem
663,,2019/11/02,375,steem,steem
664,,2019/11/03,418,steem,steem
665,,2019/11/04,438,steem,steem
666,,2019/11/05,403,steem,steem
667,,2019/11/06,447,steem,steem
668,,2019/11/07,497,steem,steem
669,,2019/11/08,706,steem,steem
670,,2019/11/09,511,steem,steem
671,,2019/11/10,649,steem,steem
672,,2019/11/11,337,steem,steem
673,,2019/11/12,548,steem,steem
674,,2019/11/13,460,steem,steem
675,,2019/11/14,561,steem,steem
676,,2019/11/15,483,steem,steem
677,,2019/11/16,384,steem,steem
678,,2019/11/17,479,steem,steem
679,,2019/11/18,521,steem,steem
680,,2019/11/19,510,steem,steem
681,,2019/11/20,509,steem,steem
682,,2019/11/21,455,steem,steem
683,,2019/11/22,420,steem,steem
684,,2019/11/23,411,steem,steem
685,,2019/11/24,460,steem,steem
686,,2019/11/25,451,steem,steem
687,,2019/11/26,601,steem,steem
688,,2019/11/27,515,steem,steem
689,,2019/11/28,763,steem,steem
690,,2019/11/29,623,steem,steem
691,,2019/11/30,749,steem,steem
692,,2019/12/01,563,steem,steem
693,,2019/12/02,657,steem,steem
694,,2019/12/03,951,steem,steem
695,,2019/12/04,761,steem,steem
696,,2019/12/05,656,steem,steem
697,,2019/12/06,517,steem,steem
698,,2019/12/07,525,steem,steem
699,,2019/12/08,501,steem,steem
700,,2019/12/09,728,steem,steem
701,,2019/12/10,771,steem,steem
702,,2019/12/11,653,steem,steem
703,,2019/12/12,616,steem,steem
704,,2019/12/13,562,steem,steem
705,,2019/12/14,516,steem,steem
706,,2019/12/15,654,steem,steem
707,,2019/12/16,509,steem,steem
708,,2019/12/17,580,steem,steem
709,,2019/12/18,540,steem,steem
710,,2019/12/19,880,steem,steem
711,,2019/12/20,579,steem,steem
712,,2019/12/21,525,steem,steem
713,,2019/12/22,440,steem,steem
714,,2019/12/23,384,steem,steem
715,,2019/12/24,473,steem,steem
716,,2019/12/25,466,steem,steem
717,,2019/12/26,414,steem,steem
718,,2019/12/27,449,steem,steem
719,,2019/12/28,569,steem,steem
720,,2019/12/29,459,steem,steem
721,,2019/12/30,511,steem,steem
722,,2019/12/31,605,steem,steem
723,,2020/01/01,582,steem,steem
724,,2020/01/02,430,steem,steem
725,,2020/01/03,528,steem,steem
726,,2020/01/04,481,steem,steem
727,,2020/01/05,487,steem,steem
728,,2020/01/06,655,steem,steem
729,,2020/01/07,661,steem,steem
730,,2020/01/08,510,steem,steem
731,,2020/01/09,553,steem,steem
732,,2020/01/10,648,steem,steem
733,,2020/01/11,710,steem,steem
734,,2020/01/12,529,steem,steem
735,,2020/01/13,765,steem,steem
736,,2020/01/14,723,steem,steem
737,,2020/01/15,796,steem,steem
738,,2020/01/16,804,steem,steem
739,,2020/01/17,871,steem,steem
740,,2020/01/18,1326,steem,steem
741,,2020/01/19,660,steem,steem
742,,2020/01/20,852,steem,steem
743,,2020/01/21,950,steem,steem
744,,2020/01/22,704,steem,steem
745,,2020/01/23,790,steem,steem
746,,2020/01/24,792,steem,steem
747,,2020/01/25,1005,steem,steem
748,,2020/01/26,637,steem,steem
749,,2020/01/27,736,steem,steem
750,,2020/01/28,832,steem,steem
751,,2020/01/29,656,steem,steem
752,,2020/01/30,548,steem,steem
753,,2020/01/31,598,steem,steem
754,,2020/02/01,698,steem,steem
755,,2020/02/02,563,steem,steem
756,,2020/02/03,623,steem,steem
757,,2020/02/04,679,steem,steem
758,,2020/02/05,555,steem,steem
759,,2020/02/06,630,steem,steem
760,,2020/02/07,567,steem,steem
761,,2020/02/08,633,steem,steem
762,,2020/02/09,580,steem,steem
763,,2020/02/10,616,steem,steem
764,,2020/02/11,663,steem,steem
765,,2020/02/12,660,steem,steem
766,,2020/02/13,905,steem,steem
767,,2020/02/14,1529,steem,steem
768,,2020/02/15,1328,steem,steem
769,,2020/02/16,1140,steem,steem
770,,2020/02/17,1365,steem,steem
771,,2020/02/18,1126,steem,steem
772,,2020/02/19,1473,steem,steem
773,,2020/02/20,1545,steem,steem
774,,2020/02/21,844,steem,steem
775,,2020/02/22,872,steem,steem
776,,2020/02/23,998,steem,steem
777,,2020/02/24,980,steem,steem
778,,2020/02/25,1192,steem,steem
779,,2020/02/26,954,steem,steem
780,,2020/02/27,903,steem,steem
781,,2020/02/28,712,steem,steem
782,,2020/02/29,715,steem,steem
783,,2020/03/01,597,steem,steem
784,,2020/03/02,1997,steem,steem
785,,2020/03/03,5286,steem,steem
786,,2020/03/04,3300,steem,steem
787,,2020/03/05,2738,steem,steem
788,,2020/03/06,2333,steem,steem
789,,2020/03/07,2874,steem,steem
790,,2020/03/08,1874,steem,steem
791,,2020/03/09,1498,steem,steem
792,,2020/03/10,1537,steem,steem
793,,2020/03/11,1132,steem,steem
794,,2020/03/12,913,steem,steem
795,,2020/03/13,838,steem,steem
796,,2020/03/14,1186,steem,steem
797,,2020/03/15,998,steem,steem
798,,2020/03/16,1036,steem,steem
799,,2020/03/17,971,steem,steem
800,,2020/03/18,1379,steem,steem
801,,2020/03/19,1805,steem,steem
802,,2020/03/20,1198,steem,steem
803,,2020/03/21,702,steem,steem
804,,2020/03/22,567,steem,steem
805,,2020/03/23,612,steem,steem
806,,2020/03/24,506,steem,steem
807,,2020/03/25,392,steem,steem
808,,2020/03/26,465,steem,steem
809,,2020/03/27,402,steem,steem
810,,2020/03/28,432,steem,steem
811,,2020/03/29,340,steem,steem
812,,2020/03/30,280,steem,steem
813,,2020/03/31,345,steem,steem
814,,2020/04/01,298,steem,steem
815,,2020/04/02,347,steem,steem
816,,2020/04/03,353,steem,steem
817,,2020/04/04,592,steem,steem
818,,2020/04/05,452,steem,steem
819,,2020/04/06,397,steem,steem
820,,2020/04/07,336,steem,steem
821,,2020/04/08,422,steem,steem
822,,2020/04/09,367,steem,steem
823,,2020/04/10,352,steem,steem
824,,2020/04/11,268,steem,steem
825,,2020/04/12,291,steem,steem
826,,2020/04/13,246,steem,steem
827,,2020/04/14,256,steem,steem
828,,2020/04/15,218,steem,steem
829,,2020/04/16,264,steem,steem
830,,2020/04/17,234,steem,steem
831,,2020/04/18,224,steem,steem
832,,2020/04/19,194,steem,steem
833,,2020/04/20,226,steem,steem
834,,2020/04/21,227,steem,steem
835,,2020/04/22,219,steem,steem
836,,2020/04/23,228,steem,steem
837,,2020/04/24,273,steem,steem
838,,2020/04/25,281,steem,steem
839,,2020/04/26,304,steem,steem
840,,2020/04/27,381,steem,steem
841,,2020/04/28,224,steem,steem
842,,2020/04/29,202,steem,steem
843,,2020/04/30,177,steem,steem
844,,2020/05/01,176,steem,steem
845,,2020/05/02,135,steem,steem
846,,2020/05/03,165,steem,steem
847,,2020/05/04,150,steem,steem
848,,2020/05/05,115,steem,steem
849,,2020/05/06,181,steem,steem
850,,2020/05/07,143,steem,steem
851,,2020/05/08,148,steem,steem
852,,2020/05/09,161,steem,steem
853,,2020/05/10,179,steem,steem
854,,2020/05/11,146,steem,steem
855,,2020/05/12,159,steem,steem
856,,2020/05/13,167,steem,steem
857,,2020/05/14,131,steem,steem
858,,2020/05/15,168,steem,steem
859,,2020/05/16,136,steem,steem
860,,2020/05/17,146,steem,steem
861,,2020/05/18,286,steem,steem
862,,2020/05/19,1204,steem,steem
863,,2020/05/20,1520,steem,steem
864,,2020/05/21,506,steem,steem
865,,2020/05/22,433,steem,steem
866,,2020/05/23,472,steem,steem
867,,2020/05/24,296,steem,steem
868,,2020/05/25,288,steem,steem
869,,2020/05/26,208,steem,steem
870,,2020/05/27,157,steem,steem
871,,2020/05/28,170,steem,steem
872,,2020/05/29,165,steem,steem
873,,2020/05/30,130,steem,steem
874,,2020/05/31,117,steem,steem
875,,2020/06/01,124,steem,steem
876,,2020/06/02,148,steem,steem
877,,2020/06/03,203,steem,steem
878,,2020/06/04,378,steem,steem
879,,2020/06/05,153,steem,steem
880,,2020/06/06,140,steem,steem
881,,2020/06/07,154,steem,steem
882,,2020/06/08,157,steem,steem
883,,2020/06/09,141,steem,steem
884,,2020/06/10,133,steem,steem
885,,2020/06/11,131,steem,steem
886,,2020/06/12,126,steem,steem
887,,2020/06/13,125,steem,steem
888,,2020/06/14,130,steem,steem
889,,2020/06/15,212,steem,steem
890,,2020/06/16,148,steem,steem
891,,2020/06/17,155,steem,steem
892,,2020/06/18,198,steem,steem
893,,2020/06/19,150,steem,steem
894,,2020/06/20,152,steem,steem
895,,2020/06/21,152,steem,steem
896,,2020/06/22,155,steem,steem
897,,2020/06/23,350,steem,steem
898,,2020/06/24,215,steem,steem
899,,2020/06/25,117,steem,steem
900,,2020/06/26,146,steem,steem
901,,2020/06/27,150,steem,steem
902,,2020/06/28,128,steem,steem
903,,2020/06/29,135,steem,steem
904,,2020/06/30,120,steem,steem
905,,2020/07/01,141,steem,steem
906,,2020/07/02,116,steem,steem
907,,2020/07/03,149,steem,steem
908,,2020/07/04,215,steem,steem
909,,2020/07/05,158,steem,steem
910,,2020/07/06,99,steem,steem
911,,2020/07/07,138,steem,steem
912,,2020/07/08,133,steem,steem
913,,2020/07/09,129,steem,steem
914,,2020/07/10,127,steem,steem
915,,2020/07/11,111,steem,steem
916,,2020/07/12,110,steem,steem
917,,2020/07/13,130,steem,steem
918,,2020/07/14,107,steem,steem
919,,2020/07/15,121,steem,steem
920,,2020/07/16,85,steem,steem
921,,2020/07/17,115,steem,steem
922,,2020/07/18,null,steem,steem
923,,2020/07/19,113,steem,steem
924,,2020/07/20,117,steem,steem
925,,2020/07/21,141,steem,steem
926,,2020/07/22,173,steem,steem
927,,2020/07/23,130,steem,steem
928,,2020/07/24,111,steem,steem
929,,2020/07/25,120,steem,steem
930,,2020/07/26,109,steem,steem
931,,2020/07/27,145,steem,steem
932,,2020/07/28,87,steem,steem
933,,2020/07/29,106,steem,steem
934,,2020/07/30,133,steem,steem
935,,2020/07/31,133,steem,steem
936,,2020/08/01,168,steem,steem
937,,2020/08/02,166,steem,steem
938,,2020/08/03,172,steem,steem
939,,2020/08/04,158,steem,steem
940,,2020/08/05,124,steem,steem
941,,2020/08/06,102,steem,steem
942,,2020/08/07,119,steem,steem
943,,2020/08/08,120,steem,steem
944,,2020/08/09,118,steem,steem
945,,2020/08/10,102,steem,steem
946,,2020/08/11,272,steem,steem
947,,2020/08/12,374,steem,steem
948,,2020/08/13,283,steem,steem
949,,2020/08/14,213,steem,steem
950,,2020/08/15,116,steem,steem
951,,2020/08/16,123,steem,steem
952,,2020/08/17,594,steem,steem
953,,2020/08/18,265,steem,steem
954,,2020/08/19,148,steem,steem
955,,2020/08/20,153,steem,steem
956,,2020/08/21,122,steem,steem
957,,2020/08/22,129,steem,steem
958,,2020/08/23,150,steem,steem
959,,2020/08/24,125,steem,steem
960,,2020/08/25,131,steem,steem
961,,2020/08/26,105,steem,steem
962,,2020/08/27,98,steem,steem
963,,2020/08/28,115,steem,steem
964,,2020/08/29,110,steem,steem
965,,2020/08/30,88,steem,steem
966,,2020/08/31,114,steem,steem
967,,2020/09/01,115,steem,steem
968,,2020/09/02,167,steem,steem
969,,2020/09/03,122,steem,steem
970,,2020/09/04,121,steem,steem
971,,2020/09/05,118,steem,steem
972,,2020/09/06,125,steem,steem
973,,2020/09/07,153,steem,steem
974,,2020/09/08,237,steem,steem
975,,2020/09/09,201,steem,steem
976,,2020/09/10,155,steem,steem
977,,2020/09/11,164,steem,steem
978,,2020/09/12,219,steem,steem
979,,2020/09/13,184,steem,steem
980,,2020/09/14,186,steem,steem
981,,2020/09/15,224,steem,steem
982,,2020/09/16,175,steem,steem
983,,2020/09/17,185,steem,steem
984,,2020/09/18,216,steem,steem
985,,2020/09/19,163,steem,steem
986,,2020/09/20,133,steem,steem
987,,2020/09/21,148,steem,steem
988,,2020/09/22,244,steem,steem
989,,2020/09/23,150,steem,steem
990,,2020/09/24,135,steem,steem
991,,2020/09/25,144,steem,steem
992,,2020/09/26,153,steem,steem
993,,2020/09/27,132,steem,steem
994,,2020/09/28,160,steem,steem
995,,2020/09/29,123,steem,steem
996,,2020/09/30,180,steem,steem
997,,2020/10/01,168,steem,steem
998,,2020/10/02,165,steem,steem
999,,2020/10/03,327,steem,steem
1000,,2020/10/04,99,steem,steem
1001,,2020/10/05,110,steem,steem
1002,,2020/10/06,134,steem,steem
1003,,2020/10/07,127,steem,steem
1004,,2020/10/08,129,steem,steem
1005,,2020/10/09,123,steem,steem
1006,,2020/10/10,106,steem,steem
1007,,2020/10/11,119,steem,steem
1008,,2020/10/12,129,steem,steem
1009,,2020/10/13,160,steem,steem
1010,,2020/10/14,123,steem,steem
1011,,2020/10/15,161,steem,steem
1012,,2020/10/16,191,steem,steem
1013,,2020/10/17,199,steem,steem
1014,,2020/10/18,104,steem,steem
1015,,2020/10/19,125,steem,steem
1016,,2020/10/20,102,steem,steem
1017,,2020/10/21,100,steem,steem
1018,,2020/10/22,106,steem,steem
1019,,2020/10/23,111,steem,steem
1020,,2020/10/24,138,steem,steem
1021,,2020/10/25,150,steem,steem
1022,,2020/10/26,127,steem,steem
1023,,2020/10/27,165,steem,steem
1024,,2020/10/28,154,steem,steem
1025,,2020/10/29,69,steem,steem
1026,,2020/10/30,111,steem,steem
1027,,2020/10/31,62,steem,steem
1028,,2020/11/01,57,steem,steem
1029,,2020/11/02,62,steem,steem
1030,,2020/11/03,66,steem,steem
1031,,2020/11/04,66,steem,steem
1032,,2020/11/05,72,steem,steem
1033,,2020/11/06,58,steem,steem
1034,,2020/11/07,63,steem,steem
1035,,2020/11/08,94,steem,steem
1036,,2020/11/09,90,steem,steem
1037,,2020/11/10,52,steem,steem
1038,,2020/11/11,51,steem,steem
1039,,2020/11/12,134,steem,steem
1040,,2020/11/13,138,steem,steem
1041,,2020/11/14,97,steem,steem
1042,,2020/11/15,47,steem,steem
1043,,2020/11/16,35,steem,steem
1044,,2020/11/17,77,steem,steem
1045,,2020/11/18,61,steem,steem
1046,,2020/11/19,127,steem,steem
1047,,2020/11/20,82,steem,steem
1048,,2020/11/21,50,steem,steem
1049,,2020/11/22,50,steem,steem
1050,,2020/11/23,82,steem,steem
1051,,2020/11/24,57,steem,steem
1052,,2020/11/25,63,steem,steem
1053,,2020/11/26,64,steem,steem
1054,,2020/11/27,81,steem,steem
1055,,2020/11/28,64,steem,steem
1056,,2020/11/29,68,steem,steem
1057,,2020/11/30,44,steem,steem
1058,,2020/12/01,110,steem,steem
1059,,2020/12/02,242,steem,steem
1060,,2020/12/03,376,steem,steem
1061,,2020/12/04,161,steem,steem
1062,,2020/12/05,122,steem,steem
1063,,2020/12/06,98,steem,steem
1064,,2020/12/07,95,steem,steem
1065,,2020/12/08,82,steem,steem
1066,,2020/12/09,93,steem,steem
1067,,2020/12/10,57,steem,steem
1068,,2020/12/11,91,steem,steem
1069,,2020/12/12,71,steem,steem
1070,,2020/12/13,81,steem,steem
1071,,2020/12/14,78,steem,steem
1072,,2020/12/15,92,steem,steem
1073,,2020/12/16,69,steem,steem
1074,,2020/12/17,73,steem,steem
1075,,2020/12/18,92,steem,steem
1076,,2020/12/19,59,steem,steem
1077,,2020/12/20,55,steem,steem
1078,,2020/12/21,54,steem,steem
1079,,2020/12/22,56,steem,steem
1080,,2020/12/23,74,steem,steem
1081,,2020/12/24,60,steem,steem
1082,,2020/12/25,57,steem,steem
1083,,2020/12/26,72,steem,steem
1084,,2020/12/27,111,steem,steem
1085,,2020/12/28,71,steem,steem
1086,,2020/12/29,74,steem,steem
1087,,2020/12/30,68,steem,steem
1088,,2020/12/31,60,steem,steem
1089,,2021/01/01,41,steem,steem
1090,,2021/01/02,56,steem,steem
1091,,2021/01/03,69,steem,steem
1092,,2021/01/04,81,steem,steem
1093,,2021/01/05,161,steem,steem
1094,,2021/01/06,72,steem,steem
1095,,2021/01/07,89,steem,steem
1096,,2021/01/08,62,steem,steem
1097,,2021/01/09,88,steem,steem
1098,,2021/01/10,107,steem,steem
1099,,2021/01/11,79,steem,steem
1100,,2021/01/12,54,steem,steem
1101,,2021/01/13,63,steem,steem
1102,,2021/01/14,61,steem,steem
1103,,2021/01/15,85,steem,steem
1104,,2021/01/16,46,steem,steem
1105,,2021/01/17,83,steem,steem
1106,,2021/01/18,51,steem,steem
1107,,2021/01/19,76,steem,steem
1108,,2021/01/20,68,steem,steem
1109,,2021/01/21,58,steem,steem
1110,,2021/01/22,57,steem,steem
1111,,2021/01/23,56,steem,steem
1112,,2021/01/24,52,steem,steem
1113,,2021/01/25,58,steem,steem
1114,,2021/01/26,68,steem,steem
1115,,2021/01/27,54,steem,steem
1116,,2021/01/28,56,steem,steem
1117,,2021/01/29,54,steem,steem
1118,,2021/01/30,64,steem,steem
1119,,2021/01/31,43,steem,steem
1120,,2021/02/01,39,steem,steem
1121,,2021/02/02,56,steem,steem
1122,,2021/02/03,49,steem,steem
1123,,2021/02/04,65,steem,steem
1124,,2021/02/05,74,steem,steem
1125,,2021/02/06,65,steem,steem
1126,,2021/02/07,73,steem,steem
1127,,2021/02/08,54,steem,steem
1128,,2021/02/09,85,steem,steem
1129,,2021/02/10,90,steem,steem
1130,,2021/02/11,113,steem,steem
1131,,2021/02/12,94,steem,steem
1132,,2021/02/13,92,steem,steem
1133,,2021/02/14,71,steem,steem
1134,,2021/02/15,120,steem,steem
1135,,2021/02/16,92,steem,steem
1136,,2021/02/17,59,steem,steem
1137,,2021/02/18,82,steem,steem
1138,,2021/02/19,99,steem,steem
1139,,2021/02/20,76,steem,steem
1140,,2021/02/21,74,steem,steem
1141,,2021/02/22,70,steem,steem
1142,,2021/02/23,54,steem,steem
1143,,2021/02/24,50,steem,steem
1144,,2021/02/25,70,steem,steem
1145,,2021/02/26,68,steem,steem
1146,,2021/02/27,67,steem,steem
1147,,2021/02/28,57,steem,steem
1148,,2021/03/01,57,steem,steem
1149,,2021/03/02,60,steem,steem
1150,,2021/03/03,61,steem,steem
1151,,2021/03/04,59,steem,steem
1152,,2021/03/05,44,steem,steem
1153,,2021/03/06,43,steem,steem
1154,,2021/03/07,83,steem,steem
1155,,2021/03/08,73,steem,steem
1156,,2021/03/09,51,steem,steem
1157,,2021/03/10,54,steem,steem
1158,,2021/03/11,null,steem,steem
1159,,2021/03/12,null,steem,steem
1160,,2021/03/13,74,steem,steem
1161,,2021/03/14,62,steem,steem
1162,,2021/03/15,48,steem,steem
1163,,2021/03/16,139,steem,steem
1164,,2021/03/17,66,steem,steem
1165,,2021/03/18,null,steem,steem
1166,,2021/03/19,90,steem,steem
1167,,2021/03/20,85,steem,steem
1168,,2021/03/21,54,steem,steem
1169,,2021/03/22,152,steem,steem
1170,,2021/03/23,117,steem,steem
1171,,2021/03/24,90,steem,steem
1172,,2021/03/25,238,steem,steem
1173,,2021/03/26,136,steem,steem
1174,,2021/03/27,71,steem,steem
1175,,2021/03/28,101,steem,steem
1176,,2021/03/29,68,steem,steem
1177,,2021/03/30,216,steem,steem
1178,,2021/03/31,84,steem,steem
1179,,2021/04/01,34,steem,steem
1180,,2021/04/02,26,steem,steem
1181,,2021/04/03,null,steem,steem
1182,,2021/04/04,120,steem,steem
1183,,2021/04/05,null,steem,steem
1184,,2021/04/06,null,steem,steem
1185,,2021/04/07,24,steem,steem
1186,,2021/04/08,92,steem,steem
1187,,2021/04/09,93,steem,steem
1188,,2021/04/10,179,steem,steem
1189,,2021/04/11,121,steem,steem
1190,,2021/04/12,82,steem,steem
1191,,2021/04/13,135,steem,steem
1192,,2021/04/14,136,steem,steem
1193,,2021/04/15,113,steem,steem
1194,,2021/04/16,134,steem,steem
1195,,2021/04/17,130,steem,steem
1196,,2021/04/18,82,steem,steem
1197,,2021/04/19,102,steem,steem
1198,,2021/04/20,109,steem,steem
1199,,2021/04/21,96,steem,steem
1200,,2021/04/22,129,steem,steem
1201,,2021/04/23,152,steem,steem
1202,,2021/04/24,88,steem,steem
1203,,2021/04/25,151,steem,steem
1204,,2021/04/26,125,steem,steem
1205,,2021/04/27,107,steem,steem
1206,,2021/04/28,128,steem,steem
1207,,2021/04/29,185,steem,steem
1208,,2021/04/30,117,steem,steem
1209,,2021/05/01,117,steem,steem
1210,,2021/05/02,132,steem,steem
1211,,2021/05/03,141,steem,steem
1212,,2021/05/04,116,steem,steem
1213,,2021/05/05,147,steem,steem
1214,,2021/05/06,247,steem,steem
1215,,2021/05/07,133,steem,steem
1216,,2021/05/08,107,steem,steem
1217,,2021/05/09,133,steem,steem
1218,,2021/05/10,286,steem,steem
1219,,2021/05/11,147,steem,steem
1220,,2021/05/12,154,steem,steem
1221,,2021/05/13,118,steem,steem
1222,,2021/05/14,95,steem,steem
1223,,2021/05/15,116,steem,steem
1224,,2021/05/16,87,steem,steem
1225,,2021/05/17,129,steem,steem
1226,,2021/05/18,166,steem,steem
1227,,2021/05/19,161,steem,steem
1228,,2021/05/20,166,steem,steem
1229,,2021/05/21,139,steem,steem
1230,,2021/05/22,181,steem,steem
1231,,2021/05/23,135,steem,steem
1232,,2021/05/24,131,steem,steem
1233,,2021/05/25,132,steem,steem
1234,,2021/05/26,95,steem,steem
1235,,2021/05/27,107,steem,steem
1236,,2021/05/28,289,steem,steem
1237,,2021/05/29,null,steem,steem
1238,,2021/05/30,null,steem,steem
1239,,2021/05/31,114,steem,steem
1240,,2021/06/01,133,steem,steem
1241,,2021/06/02,122,steem,steem
1242,,2021/06/03,null,steem,steem
1243,,2021/06/04,null,steem,steem
1244,,2021/06/05,193,steem,steem
1245,,2021/06/06,null,steem,steem
1246,,2021/06/07,323,steem,steem
1247,,2021/06/08,240,steem,steem
1248,,2021/06/09,193,steem,steem
1249,,2021/06/10,null,steem,steem
1250,,2021/06/11,161,steem,steem
1251,,2021/06/12,null,steem,steem
1252,,2021/06/13,152,steem,steem
1253,,2021/06/14,124,steem,steem
1254,,2021/06/15,155,steem,steem
1255,,2021/06/16,181,steem,steem
1256,,2021/06/17,null,steem,steem
1257,,2021/06/18,null,steem,steem
1258,,2021/06/19,126,steem,steem
1259,,2021/06/20,129,steem,steem
1260,,2021/06/21,131,steem,steem
1261,,2021/06/22,123,steem,steem
1262,,2021/06/23,95,steem,steem
1263,,2021/06/24,96,steem,steem
1264,,2021/06/25,89,steem,steem
1265,,2021/06/26,79,steem,steem
1266,,2021/06/27,117,steem,steem
1267,,2021/06/28,110,steem,steem
1268,,2021/06/29,106,steem,steem
1269,,2021/06/30,184,steem,steem
1270,,2021/07/01,139,steem,steem
1271,,2021/07/02,80,steem,steem
1272,,2021/07/03,103,steem,steem
1273,,2021/07/04,83,steem,steem
1274,,2021/07/05,73,steem,steem
1275,,2021/07/06,119,steem,steem
1276,,2021/07/07,109,steem,steem
1277,,2021/07/08,75,steem,steem
1278,,2021/07/09,99,steem,steem
1279,,2021/07/10,122,steem,steem
1280,,2021/07/11,81,steem,steem
1281,,2021/07/12,105,steem,steem
1282,,2021/07/13,94,steem,steem
1283,,2021/07/14,88,steem,steem
1284,,2021/07/15,134,steem,steem
1285,,2021/07/16,131,steem,steem
1286,,2021/07/17,72,steem,steem
1287,,2021/07/18,null,steem,steem
1288,,2021/07/19,97,steem,steem
1289,,2021/07/20,64,steem,steem
1290,,2021/07/21,71,steem,steem
1291,,2021/07/22,95,steem,steem
1292,,2021/07/23,96,steem,steem
1293,,2021/07/24,null,steem,steem
1294,,2021/07/25,null,steem,steem
1295,,2021/07/26,null,steem,steem
1296,,2021/07/27,85,steem,steem
1297,,2021/07/28,80,steem,steem
1298,,2021/07/29,121,steem,steem
1299,,2021/07/30,96,steem,steem
1300,,2021/07/31,101,steem,steem
1301,,2021/08/01,null,steem,steem
1302,,2021/08/02,null,steem,steem
1303,,2021/08/03,null,steem,steem
1304,,2021/08/04,null,steem,steem
1305,,2021/08/05,null,steem,steem
1306,,2021/08/06,null,steem,steem
1307,,2021/08/07,null,steem,steem
1308,,2021/08/08,null,steem,steem
1309,,2021/08/09,null,steem,steem
1310,,2021/08/10,null,steem,steem
1311,,2021/08/11,null,steem,steem
1312,,2021/08/12,null,steem,steem
1313,,2021/08/13,null,steem,steem
1314,,2021/08/14,null,steem,steem
1315,,2021/08/15,103,steem,steem
1316,,2021/08/16,117,steem,steem
1317,,2021/08/17,null,steem,steem
1318,,2021/08/18,null,steem,steem
1319,,2021/08/19,null,steem,steem
1320,,2021/08/20,null,steem,steem
1321,,2021/08/21,null,steem,steem
1322,,2021/08/22,null,steem,steem
1323,,2021/08/23,null,steem,steem
1324,,2021/08/24,null,steem,steem
1325,,2021/08/25,175,steem,steem
1326,,2021/08/26,141,steem,steem
1327,,2021/08/27,null,steem,steem
1328,,2021/08/28,null,steem,steem
1329,,2021/08/29,null,steem,steem
1330,,2021/08/30,null,steem,steem
1331,,2021/08/31,null,steem,steem
1332,,2021/09/01,null,steem,steem
1333,,2021/09/02,null,steem,steem
1334,,2021/09/03,null,steem,steem
1335,,2021/09/04,null,steem,steem
1336,,2021/09/05,150,steem,steem
1337,,2021/09/06,140,steem,steem
1338,,2021/09/07,null,steem,steem
1339,,2021/09/08,null,steem,steem
1340,,2021/09/09,null,steem,steem
1341,,2021/09/10,null,steem,steem
1342,,2021/09/11,null,steem,steem
1343,,2021/09/12,null,steem,steem
1344,,2021/09/13,null,steem,steem
1345,,2021/09/14,null,steem,steem
1346,,2021/09/15,null,steem,steem
1347,,2021/09/16,null,steem,steem
1348,,2021/09/17,null,steem,steem
1349,,2021/09/18,null,steem,steem
1350,,2021/09/19,null,steem,steem
1351,,2021/09/20,null,steem,steem
1352,,2021/09/21,null,steem,steem
1353,,2021/09/22,null,steem,steem
1354,,2021/09/23,null,steem,steem
1355,,2021/09/24,null,steem,steem
1356,,2021/09/25,null,steem,steem
1357,,2021/09/26,null,steem,steem
1358,,2021/09/27,null,steem,steem
1359,,2021/09/28,null,steem,steem
1360,,2021/09/29,null,steem,steem
1361,,2021/09/30,null,steem,steem
1362,,2021/10/01,null,steem,steem
1363,,2021/10/02,null,steem,steem
1364,,2021/10/03,null,steem,steem
1365,,2021/10/04,null,steem,steem
1366,,2021/10/05,null,steem,steem
1367,,2021/10/06,null,steem,steem
1368,,2021/10/07,122,steem,steem
1369,,2021/10/08,187,steem,steem
1370,,2021/10/09,null,steem,steem
1371,,2021/10/10,null,steem,steem
1372,,2021/10/11,null,steem,steem
1373,,2021/10/12,null,steem,steem
1374,,2021/10/13,null,steem,steem
1375,,2021/10/14,null,steem,steem
1376,,2021/10/15,null,steem,steem
1377,,2021/10/16,null,steem,steem
1378,,2021/10/17,null,steem,steem
1379,,2021/10/18,null,steem,steem
1380,,2021/10/19,null,steem,steem
1381,,2021/10/20,140,steem,steem
1382,,2021/10/21,173,steem,steem
1383,,2021/10/22,null,steem,steem
1384,,2021/10/23,null,steem,steem
1385,,2021/10/24,98,steem,steem
1386,,2021/10/25,82,steem,steem
1387,,2021/10/26,111,steem,steem
1388,,2021/10/27,null,steem,steem
1389,,2021/10/28,151,steem,steem
1390,,2021/10/29,105,steem,steem
1391,,2021/10/30,145,steem,steem
1392,,2021/10/31,102,steem,steem
1393,,2021/11/01,138,steem,steem
1394,,2021/11/02,152,steem,steem
1395,,2021/11/03,161,steem,steem
1396,,2021/11/04,117,steem,steem
1397,,2021/11/05,120,steem,steem
1398,,2021/11/06,130,steem,steem
1399,,2021/11/07,158,steem,steem
1400,,2021/11/08,144,steem,steem
1401,,2021/11/09,130,steem,steem
1402,,2021/11/10,149,steem,steem
1403,,2021/11/11,140,steem,steem
1404,,2021/11/12,127,steem,steem
1405,,2021/11/13,164,steem,steem
1406,,2021/11/14,124,steem,steem
1407,,2021/11/15,137,steem,steem
1408,,2021/11/16,106,steem,steem
