,google_trends,date,tweets,full_name,coin
0,,2018/01/08,67,stellar lumens,xlm
1,,2018/01/09,201,stellar lumens,xlm
2,,2018/01/10,201,stellar lumens,xlm
3,,2018/01/11,246,stellar lumens,xlm
4,,2018/01/12,463,stellar lumens,xlm
5,,2018/01/13,208,stellar lumens,xlm
6,,2018/01/14,193,stellar lumens,xlm
7,,2018/01/15,275,stellar lumens,xlm
8,,2018/01/16,438,stellar lumens,xlm
9,,2018/01/17,338,stellar lumens,xlm
10,,2018/01/18,422,stellar lumens,xlm
11,,2018/01/19,104,stellar lumens,xlm
12,,2018/01/20,172,stellar lumens,xlm
13,,2018/01/21,119,stellar lumens,xlm
14,,2018/01/22,147,stellar lumens,xlm
15,,2018/01/23,195,stellar lumens,xlm
16,,2018/01/24,338,stellar lumens,xlm
17,,2018/01/25,371,stellar lumens,xlm
18,,2018/01/26,277,stellar lumens,xlm
19,,2018/01/27,180,stellar lumens,xlm
20,,2018/01/28,136,stellar lumens,xlm
21,,2018/01/29,185,stellar lumens,xlm
22,,2018/01/30,200,stellar lumens,xlm
23,,2018/01/31,280,stellar lumens,xlm
24,,2018/02/01,144,stellar lumens,xlm
25,,2018/02/02,105,stellar lumens,xlm
26,,2018/02/03,120,stellar lumens,xlm
27,,2018/02/04,103,stellar lumens,xlm
28,,2018/02/05,101,stellar lumens,xlm
29,,2018/02/06,102,stellar lumens,xlm
30,,2018/02/07,122,stellar lumens,xlm
31,,2018/02/08,132,stellar lumens,xlm
32,,2018/02/09,193,stellar lumens,xlm
33,,2018/02/10,194,stellar lumens,xlm
34,,2018/02/11,204,stellar lumens,xlm
35,,2018/02/12,116,stellar lumens,xlm
36,,2018/02/13,141,stellar lumens,xlm
37,,2018/02/14,129,stellar lumens,xlm
38,,2018/02/15,135,stellar lumens,xlm
39,,2018/02/16,305,stellar lumens,xlm
40,,2018/02/17,684,stellar lumens,xlm
41,,2018/02/18,139,stellar lumens,xlm
42,,2018/02/19,103,stellar lumens,xlm
43,,2018/02/20,110,stellar lumens,xlm
44,,2018/02/21,142,stellar lumens,xlm
45,,2018/02/22,87,stellar lumens,xlm
46,,2018/02/23,77,stellar lumens,xlm
47,,2018/02/24,110,stellar lumens,xlm
48,,2018/02/25,326,stellar lumens,xlm
49,,2018/02/26,182,stellar lumens,xlm
50,,2018/02/27,127,stellar lumens,xlm
51,,2018/02/28,144,stellar lumens,xlm
52,,2018/03/01,184,stellar lumens,xlm
53,,2018/03/02,140,stellar lumens,xlm
54,,2018/03/03,null,stellar lumens,xlm
55,,2018/03/04,null,stellar lumens,xlm
56,,2018/03/05,null,stellar lumens,xlm
57,,2018/03/06,null,stellar lumens,xlm
58,,2018/03/07,null,stellar lumens,xlm
59,,2018/03/08,null,stellar lumens,xlm
60,,2018/03/09,null,stellar lumens,xlm
61,,2018/03/10,null,stellar lumens,xlm
62,,2018/03/11,null,stellar lumens,xlm
63,,2018/03/12,null,stellar lumens,xlm
64,,2018/03/13,null,stellar lumens,xlm
65,,2018/03/14,null,stellar lumens,xlm
66,,2018/03/15,null,stellar lumens,xlm
67,,2018/03/16,null,stellar lumens,xlm
68,,2018/03/17,null,stellar lumens,xlm
69,,2018/03/18,null,stellar lumens,xlm
70,,2018/03/19,null,stellar lumens,xlm
71,,2018/03/20,null,stellar lumens,xlm
72,,2018/03/21,null,stellar lumens,xlm
73,,2018/03/22,null,stellar lumens,xlm
74,,2018/03/23,null,stellar lumens,xlm
75,,2018/03/24,null,stellar lumens,xlm
76,,2018/03/25,null,stellar lumens,xlm
77,,2018/03/26,null,stellar lumens,xlm
78,,2018/03/27,null,stellar lumens,xlm
79,,2018/03/28,null,stellar lumens,xlm
80,,2018/03/29,null,stellar lumens,xlm
81,,2018/03/30,null,stellar lumens,xlm
82,,2018/03/31,null,stellar lumens,xlm
83,,2018/04/01,null,stellar lumens,xlm
84,,2018/04/02,null,stellar lumens,xlm
85,,2018/04/03,null,stellar lumens,xlm
86,,2018/04/04,null,stellar lumens,xlm
87,,2018/04/05,null,stellar lumens,xlm
88,,2018/04/06,null,stellar lumens,xlm
89,,2018/04/07,177,stellar lumens,xlm
90,,2018/04/08,258,stellar lumens,xlm
91,,2018/04/09,283,stellar lumens,xlm
92,,2018/04/10,152,stellar lumens,xlm
93,,2018/04/11,119,stellar lumens,xlm
94,,2018/04/12,170,stellar lumens,xlm
95,,2018/04/13,141,stellar lumens,xlm
96,,2018/04/14,51,stellar lumens,xlm
97,,2018/04/15,140,stellar lumens,xlm
98,,2018/04/16,82,stellar lumens,xlm
99,,2018/04/17,59,stellar lumens,xlm
100,,2018/04/18,110,stellar lumens,xlm
101,,2018/04/19,88,stellar lumens,xlm
102,,2018/04/20,37,stellar lumens,xlm
103,,2018/04/21,26,stellar lumens,xlm
104,,2018/04/22,97,stellar lumens,xlm
105,,2018/04/23,130,stellar lumens,xlm
106,,2018/04/24,186,stellar lumens,xlm
107,,2018/04/25,442,stellar lumens,xlm
108,,2018/04/26,186,stellar lumens,xlm
109,,2018/04/27,52,stellar lumens,xlm
110,,2018/04/28,39,stellar lumens,xlm
111,,2018/04/29,37,stellar lumens,xlm
112,,2018/04/30,27,stellar lumens,xlm
113,,2018/05/01,51,stellar lumens,xlm
114,,2018/05/02,18,stellar lumens,xlm
115,,2018/05/03,50,stellar lumens,xlm
116,,2018/05/04,27,stellar lumens,xlm
117,,2018/05/05,26,stellar lumens,xlm
118,,2018/05/06,20,stellar lumens,xlm
119,,2018/05/07,7,stellar lumens,xlm
120,,2018/05/08,13,stellar lumens,xlm
121,,2018/05/09,10,stellar lumens,xlm
122,,2018/05/10,19,stellar lumens,xlm
123,,2018/05/11,27,stellar lumens,xlm
124,,2018/05/12,42,stellar lumens,xlm
125,,2018/05/13,26,stellar lumens,xlm
126,,2018/05/14,26,stellar lumens,xlm
127,,2018/05/15,41,stellar lumens,xlm
128,,2018/05/16,25,stellar lumens,xlm
129,,2018/05/17,19,stellar lumens,xlm
130,,2018/05/18,21,stellar lumens,xlm
131,,2018/05/19,15,stellar lumens,xlm
132,,2018/05/20,6,stellar lumens,xlm
133,,2018/05/21,16,stellar lumens,xlm
134,,2018/05/22,19,stellar lumens,xlm
135,,2018/05/23,5,stellar lumens,xlm
136,,2018/05/24,8,stellar lumens,xlm
137,,2018/05/25,6,stellar lumens,xlm
138,,2018/05/26,14,stellar lumens,xlm
139,,2018/05/27,7,stellar lumens,xlm
140,,2018/05/28,8,stellar lumens,xlm
141,,2018/05/29,26,stellar lumens,xlm
142,,2018/05/30,20,stellar lumens,xlm
143,,2018/05/31,16,stellar lumens,xlm
144,,2018/06/01,16,stellar lumens,xlm
145,,2018/06/02,30,stellar lumens,xlm
146,,2018/06/03,26,stellar lumens,xlm
147,,2018/06/04,6,stellar lumens,xlm
148,,2018/06/05,19,stellar lumens,xlm
149,,2018/06/06,9,stellar lumens,xlm
150,,2018/06/07,10,stellar lumens,xlm
151,,2018/06/08,11,stellar lumens,xlm
152,,2018/06/09,6,stellar lumens,xlm
153,,2018/06/10,13,stellar lumens,xlm
154,,2018/06/11,46,stellar lumens,xlm
155,,2018/06/12,10,stellar lumens,xlm
156,,2018/06/13,14,stellar lumens,xlm
157,,2018/06/14,23,stellar lumens,xlm
158,,2018/06/15,27,stellar lumens,xlm
159,,2018/06/16,12,stellar lumens,xlm
160,,2018/06/17,23,stellar lumens,xlm
161,,2018/06/18,9,stellar lumens,xlm
162,,2018/06/19,23,stellar lumens,xlm
163,,2018/06/20,24,stellar lumens,xlm
164,,2018/06/21,21,stellar lumens,xlm
165,,2018/06/22,26,stellar lumens,xlm
166,,2018/06/23,26,stellar lumens,xlm
167,,2018/06/24,12,stellar lumens,xlm
168,,2018/06/25,11,stellar lumens,xlm
169,,2018/06/26,18,stellar lumens,xlm
170,,2018/06/27,19,stellar lumens,xlm
171,,2018/06/28,15,stellar lumens,xlm
172,,2018/06/29,15,stellar lumens,xlm
173,,2018/06/30,13,stellar lumens,xlm
174,,2018/07/01,9,stellar lumens,xlm
175,,2018/07/02,17,stellar lumens,xlm
176,,2018/07/03,15,stellar lumens,xlm
177,,2018/07/04,9,stellar lumens,xlm
178,,2018/07/05,19,stellar lumens,xlm
179,,2018/07/06,27,stellar lumens,xlm
180,,2018/07/07,20,stellar lumens,xlm
181,,2018/07/08,11,stellar lumens,xlm
182,,2018/07/09,24,stellar lumens,xlm
183,,2018/07/10,21,stellar lumens,xlm
184,,2018/07/11,19,stellar lumens,xlm
185,,2018/07/12,22,stellar lumens,xlm
186,,2018/07/13,65,stellar lumens,xlm
187,,2018/07/14,64,stellar lumens,xlm
188,,2018/07/15,30,stellar lumens,xlm
189,,2018/07/16,39,stellar lumens,xlm
190,,2018/07/17,61,stellar lumens,xlm
191,,2018/07/18,265,stellar lumens,xlm
192,,2018/07/19,118,stellar lumens,xlm
193,,2018/07/20,74,stellar lumens,xlm
194,,2018/07/21,39,stellar lumens,xlm
195,,2018/07/22,41,stellar lumens,xlm
196,,2018/07/23,67,stellar lumens,xlm
197,,2018/07/24,100,stellar lumens,xlm
198,,2018/07/25,307,stellar lumens,xlm
199,,2018/07/26,324,stellar lumens,xlm
200,,2018/07/27,339,stellar lumens,xlm
201,,2018/07/28,98,stellar lumens,xlm
202,,2018/07/29,54,stellar lumens,xlm
203,,2018/07/30,72,stellar lumens,xlm
204,,2018/07/31,68,stellar lumens,xlm
205,,2018/08/01,77,stellar lumens,xlm
206,,2018/08/02,33,stellar lumens,xlm
207,,2018/08/03,49,stellar lumens,xlm
208,,2018/08/04,68,stellar lumens,xlm
209,,2018/08/05,73,stellar lumens,xlm
210,,2018/08/06,94,stellar lumens,xlm
211,,2018/08/07,57,stellar lumens,xlm
212,,2018/08/08,46,stellar lumens,xlm
213,,2018/08/09,40,stellar lumens,xlm
214,,2018/08/10,103,stellar lumens,xlm
215,,2018/08/11,49,stellar lumens,xlm
216,,2018/08/12,78,stellar lumens,xlm
217,,2018/08/13,81,stellar lumens,xlm
218,,2018/08/14,36,stellar lumens,xlm
219,,2018/08/15,33,stellar lumens,xlm
220,,2018/08/16,26,stellar lumens,xlm
221,,2018/08/17,37,stellar lumens,xlm
222,,2018/08/18,50,stellar lumens,xlm
223,,2018/08/19,22,stellar lumens,xlm
224,,2018/08/20,14,stellar lumens,xlm
225,,2018/08/21,30,stellar lumens,xlm
226,,2018/08/22,30,stellar lumens,xlm
227,,2018/08/23,25,stellar lumens,xlm
228,,2018/08/24,25,stellar lumens,xlm
229,,2018/08/25,20,stellar lumens,xlm
230,,2018/08/26,26,stellar lumens,xlm
231,,2018/08/27,36,stellar lumens,xlm
232,,2018/08/28,31,stellar lumens,xlm
233,,2018/08/29,24,stellar lumens,xlm
234,,2018/08/30,28,stellar lumens,xlm
235,,2018/08/31,31,stellar lumens,xlm
236,,2018/09/01,33,stellar lumens,xlm
237,,2018/09/02,32,stellar lumens,xlm
238,,2018/09/03,29,stellar lumens,xlm
239,,2018/09/04,41,stellar lumens,xlm
240,,2018/09/05,70,stellar lumens,xlm
241,,2018/09/06,37,stellar lumens,xlm
242,,2018/09/07,44,stellar lumens,xlm
243,,2018/09/08,20,stellar lumens,xlm
244,,2018/09/09,31,stellar lumens,xlm
245,,2018/09/10,61,stellar lumens,xlm
246,,2018/09/11,88,stellar lumens,xlm
247,,2018/09/12,61,stellar lumens,xlm
248,,2018/09/13,29,stellar lumens,xlm
249,,2018/09/14,28,stellar lumens,xlm
250,,2018/09/15,14,stellar lumens,xlm
251,,2018/09/16,28,stellar lumens,xlm
252,,2018/09/17,33,stellar lumens,xlm
253,,2018/09/18,39,stellar lumens,xlm
254,,2018/09/19,18,stellar lumens,xlm
255,,2018/09/20,27,stellar lumens,xlm
256,,2018/09/21,84,stellar lumens,xlm
257,,2018/09/22,61,stellar lumens,xlm
258,,2018/09/23,280,stellar lumens,xlm
259,,2018/09/24,173,stellar lumens,xlm
260,,2018/09/25,81,stellar lumens,xlm
261,,2018/09/26,128,stellar lumens,xlm
262,,2018/09/27,137,stellar lumens,xlm
263,,2018/09/28,88,stellar lumens,xlm
264,,2018/09/29,107,stellar lumens,xlm
265,,2018/09/30,169,stellar lumens,xlm
266,,2018/10/01,200,stellar lumens,xlm
267,,2018/10/02,123,stellar lumens,xlm
268,,2018/10/03,67,stellar lumens,xlm
269,,2018/10/04,38,stellar lumens,xlm
270,,2018/10/05,25,stellar lumens,xlm
271,,2018/10/06,32,stellar lumens,xlm
272,,2018/10/07,14,stellar lumens,xlm
273,,2018/10/08,56,stellar lumens,xlm
274,,2018/10/09,49,stellar lumens,xlm
275,,2018/10/10,51,stellar lumens,xlm
276,,2018/10/11,110,stellar lumens,xlm
277,,2018/10/12,126,stellar lumens,xlm
278,,2018/10/13,45,stellar lumens,xlm
279,,2018/10/14,30,stellar lumens,xlm
280,,2018/10/15,31,stellar lumens,xlm
281,,2018/10/16,54,stellar lumens,xlm
282,,2018/10/17,117,stellar lumens,xlm
283,,2018/10/18,57,stellar lumens,xlm
284,,2018/10/19,55,stellar lumens,xlm
285,,2018/10/20,38,stellar lumens,xlm
286,,2018/10/21,127,stellar lumens,xlm
287,,2018/10/22,74,stellar lumens,xlm
288,,2018/10/23,36,stellar lumens,xlm
289,,2018/10/24,28,stellar lumens,xlm
290,,2018/10/25,20,stellar lumens,xlm
291,,2018/10/26,55,stellar lumens,xlm
292,,2018/10/27,14,stellar lumens,xlm
293,,2018/10/28,43,stellar lumens,xlm
294,,2018/10/29,55,stellar lumens,xlm
295,,2018/10/30,43,stellar lumens,xlm
296,,2018/10/31,49,stellar lumens,xlm
297,,2018/11/01,7,stellar lumens,xlm
298,,2018/11/02,32,stellar lumens,xlm
299,,2018/11/03,18,stellar lumens,xlm
300,,2018/11/04,10,stellar lumens,xlm
301,,2018/11/05,27,stellar lumens,xlm
302,,2018/11/06,97,stellar lumens,xlm
303,,2018/11/07,78,stellar lumens,xlm
304,,2018/11/08,121,stellar lumens,xlm
305,,2018/11/09,68,stellar lumens,xlm
306,,2018/11/10,33,stellar lumens,xlm
307,,2018/11/11,85,stellar lumens,xlm
308,,2018/11/12,92,stellar lumens,xlm
309,,2018/11/13,41,stellar lumens,xlm
310,,2018/11/14,38,stellar lumens,xlm
311,,2018/11/15,26,stellar lumens,xlm
312,,2018/11/16,50,stellar lumens,xlm
313,,2018/11/17,33,stellar lumens,xlm
314,,2018/11/18,66,stellar lumens,xlm
315,,2018/11/19,26,stellar lumens,xlm
316,,2018/11/20,86,stellar lumens,xlm
317,,2018/11/21,46,stellar lumens,xlm
318,,2018/11/22,21,stellar lumens,xlm
319,,2018/11/23,30,stellar lumens,xlm
320,,2018/11/24,32,stellar lumens,xlm
321,,2018/11/25,13,stellar lumens,xlm
322,,2018/11/26,16,stellar lumens,xlm
323,,2018/11/27,10,stellar lumens,xlm
324,,2018/11/28,19,stellar lumens,xlm
325,,2018/11/29,21,stellar lumens,xlm
326,,2018/11/30,42,stellar lumens,xlm
327,,2018/12/01,26,stellar lumens,xlm
328,,2018/12/02,36,stellar lumens,xlm
329,,2018/12/03,10,stellar lumens,xlm
330,,2018/12/04,17,stellar lumens,xlm
331,,2018/12/05,27,stellar lumens,xlm
332,,2018/12/06,null,stellar lumens,xlm
333,,2018/12/07,22,stellar lumens,xlm
334,,2018/12/08,6,stellar lumens,xlm
335,,2018/12/09,8,stellar lumens,xlm
336,,2018/12/10,14,stellar lumens,xlm
337,,2018/12/11,16,stellar lumens,xlm
338,,2018/12/12,29,stellar lumens,xlm
339,,2018/12/13,11,stellar lumens,xlm
340,,2018/12/14,12,stellar lumens,xlm
341,,2018/12/15,15,stellar lumens,xlm
342,,2018/12/16,11,stellar lumens,xlm
343,,2018/12/17,21,stellar lumens,xlm
344,,2018/12/18,41,stellar lumens,xlm
345,,2018/12/19,33,stellar lumens,xlm
346,,2018/12/20,46,stellar lumens,xlm
347,,2018/12/21,15,stellar lumens,xlm
348,,2018/12/22,8,stellar lumens,xlm
349,,2018/12/23,14,stellar lumens,xlm
350,,2018/12/24,5,stellar lumens,xlm
351,,2018/12/25,24,stellar lumens,xlm
352,,2018/12/26,54,stellar lumens,xlm
353,,2018/12/27,11,stellar lumens,xlm
354,,2018/12/28,43,stellar lumens,xlm
355,,2018/12/29,5,stellar lumens,xlm
356,,2018/12/30,11,stellar lumens,xlm
357,,2018/12/31,5,stellar lumens,xlm
358,,2019/01/01,16,stellar lumens,xlm
359,,2019/01/02,22,stellar lumens,xlm
360,,2019/01/03,26,stellar lumens,xlm
361,,2019/01/04,15,stellar lumens,xlm
362,,2019/01/05,11,stellar lumens,xlm
363,,2019/01/06,9,stellar lumens,xlm
364,,2019/01/07,24,stellar lumens,xlm
365,,2019/01/08,31,stellar lumens,xlm
366,,2019/01/09,10,stellar lumens,xlm
367,,2019/01/10,8,stellar lumens,xlm
368,,2019/01/11,25,stellar lumens,xlm
369,,2019/01/12,23,stellar lumens,xlm
370,,2019/01/13,27,stellar lumens,xlm
371,,2019/01/14,9,stellar lumens,xlm
372,,2019/01/15,18,stellar lumens,xlm
373,,2019/01/16,28,stellar lumens,xlm
374,,2019/01/17,75,stellar lumens,xlm
375,,2019/01/18,56,stellar lumens,xlm
376,,2019/01/19,19,stellar lumens,xlm
377,,2019/01/20,7,stellar lumens,xlm
378,,2019/01/21,11,stellar lumens,xlm
379,,2019/01/22,13,stellar lumens,xlm
380,,2019/01/23,12,stellar lumens,xlm
381,,2019/01/24,23,stellar lumens,xlm
382,,2019/01/25,2,stellar lumens,xlm
383,,2019/01/26,7,stellar lumens,xlm
384,,2019/01/27,20,stellar lumens,xlm
385,,2019/01/28,21,stellar lumens,xlm
386,,2019/01/29,18,stellar lumens,xlm
387,,2019/01/30,11,stellar lumens,xlm
388,,2019/01/31,24,stellar lumens,xlm
389,,2019/02/01,20,stellar lumens,xlm
390,,2019/02/02,12,stellar lumens,xlm
391,,2019/02/03,19,stellar lumens,xlm
392,,2019/02/04,26,stellar lumens,xlm
393,,2019/02/05,31,stellar lumens,xlm
394,,2019/02/06,10,stellar lumens,xlm
395,,2019/02/07,25,stellar lumens,xlm
396,,2019/02/08,22,stellar lumens,xlm
397,,2019/02/09,22,stellar lumens,xlm
398,,2019/02/10,14,stellar lumens,xlm
399,,2019/02/11,15,stellar lumens,xlm
400,,2019/02/12,18,stellar lumens,xlm
401,,2019/02/13,13,stellar lumens,xlm
402,,2019/02/14,6,stellar lumens,xlm
403,,2019/02/15,9,stellar lumens,xlm
404,,2019/02/16,3,stellar lumens,xlm
405,,2019/02/17,8,stellar lumens,xlm
406,,2019/02/18,7,stellar lumens,xlm
407,,2019/02/19,18,stellar lumens,xlm
408,,2019/02/20,11,stellar lumens,xlm
409,,2019/02/21,12,stellar lumens,xlm
410,,2019/02/22,10,stellar lumens,xlm
411,,2019/02/23,20,stellar lumens,xlm
412,,2019/02/24,9,stellar lumens,xlm
413,,2019/02/25,5,stellar lumens,xlm
414,,2019/02/26,14,stellar lumens,xlm
415,,2019/02/27,6,stellar lumens,xlm
416,,2019/02/28,8,stellar lumens,xlm
417,,2019/03/01,23,stellar lumens,xlm
418,,2019/03/02,20,stellar lumens,xlm
419,,2019/03/03,16,stellar lumens,xlm
420,,2019/03/04,26,stellar lumens,xlm
421,,2019/03/05,9,stellar lumens,xlm
422,,2019/03/06,5,stellar lumens,xlm
423,,2019/03/07,1,stellar lumens,xlm
424,,2019/03/08,15,stellar lumens,xlm
425,,2019/03/09,6,stellar lumens,xlm
426,,2019/03/10,73,stellar lumens,xlm
427,,2019/03/11,104,stellar lumens,xlm
428,,2019/03/12,127,stellar lumens,xlm
429,,2019/03/13,124,stellar lumens,xlm
430,,2019/03/14,91,stellar lumens,xlm
431,,2019/03/15,84,stellar lumens,xlm
432,,2019/03/16,52,stellar lumens,xlm
433,,2019/03/17,18,stellar lumens,xlm
434,,2019/03/18,142,stellar lumens,xlm
435,,2019/03/19,144,stellar lumens,xlm
436,,2019/03/20,95,stellar lumens,xlm
437,,2019/03/21,26,stellar lumens,xlm
438,,2019/03/22,28,stellar lumens,xlm
439,,2019/03/23,21,stellar lumens,xlm
440,,2019/03/24,25,stellar lumens,xlm
441,,2019/03/25,27,stellar lumens,xlm
442,,2019/03/26,56,stellar lumens,xlm
443,,2019/03/27,46,stellar lumens,xlm
444,,2019/03/28,37,stellar lumens,xlm
445,,2019/03/29,41,stellar lumens,xlm
446,,2019/03/30,11,stellar lumens,xlm
447,,2019/03/31,58,stellar lumens,xlm
448,,2019/04/01,60,stellar lumens,xlm
449,,2019/04/02,83,stellar lumens,xlm
450,,2019/04/03,49,stellar lumens,xlm
451,,2019/04/04,50,stellar lumens,xlm
452,,2019/04/05,63,stellar lumens,xlm
453,,2019/04/06,18,stellar lumens,xlm
454,,2019/04/07,11,stellar lumens,xlm
455,,2019/04/08,22,stellar lumens,xlm
456,,2019/04/09,17,stellar lumens,xlm
457,,2019/04/10,28,stellar lumens,xlm
458,,2019/04/11,21,stellar lumens,xlm
459,,2019/04/12,18,stellar lumens,xlm
460,,2019/04/13,9,stellar lumens,xlm
461,,2019/04/14,20,stellar lumens,xlm
462,,2019/04/15,15,stellar lumens,xlm
463,,2019/04/16,13,stellar lumens,xlm
464,,2019/04/17,11,stellar lumens,xlm
465,,2019/04/18,12,stellar lumens,xlm
466,,2019/04/19,14,stellar lumens,xlm
467,,2019/04/20,9,stellar lumens,xlm
468,,2019/04/21,15,stellar lumens,xlm
469,,2019/04/22,15,stellar lumens,xlm
470,,2019/04/23,7,stellar lumens,xlm
471,,2019/04/24,3,stellar lumens,xlm
472,,2019/04/25,23,stellar lumens,xlm
473,,2019/04/26,13,stellar lumens,xlm
474,,2019/04/27,14,stellar lumens,xlm
475,,2019/04/28,25,stellar lumens,xlm
476,,2019/04/29,15,stellar lumens,xlm
477,,2019/04/30,19,stellar lumens,xlm
478,,2019/05/01,41,stellar lumens,xlm
479,,2019/05/02,44,stellar lumens,xlm
480,,2019/05/03,68,stellar lumens,xlm
481,,2019/05/04,34,stellar lumens,xlm
482,,2019/05/05,26,stellar lumens,xlm
483,,2019/05/06,13,stellar lumens,xlm
484,,2019/05/07,25,stellar lumens,xlm
485,,2019/05/08,22,stellar lumens,xlm
486,,2019/05/09,18,stellar lumens,xlm
487,,2019/05/10,15,stellar lumens,xlm
488,,2019/05/11,44,stellar lumens,xlm
489,,2019/05/12,24,stellar lumens,xlm
490,,2019/05/13,15,stellar lumens,xlm
491,,2019/05/14,15,stellar lumens,xlm
492,,2019/05/15,57,stellar lumens,xlm
493,,2019/05/16,82,stellar lumens,xlm
494,,2019/05/17,31,stellar lumens,xlm
495,,2019/05/18,69,stellar lumens,xlm
496,,2019/05/19,32,stellar lumens,xlm
497,,2019/05/20,37,stellar lumens,xlm
498,,2019/05/21,24,stellar lumens,xlm
499,,2019/05/22,20,stellar lumens,xlm
500,,2019/05/23,25,stellar lumens,xlm
501,,2019/05/24,45,stellar lumens,xlm
502,,2019/05/25,22,stellar lumens,xlm
503,,2019/05/26,19,stellar lumens,xlm
504,,2019/05/27,21,stellar lumens,xlm
505,,2019/05/28,38,stellar lumens,xlm
506,,2019/05/29,19,stellar lumens,xlm
507,,2019/05/30,19,stellar lumens,xlm
508,,2019/05/31,7,stellar lumens,xlm
509,,2019/06/01,6,stellar lumens,xlm
510,,2019/06/02,69,stellar lumens,xlm
511,,2019/06/03,21,stellar lumens,xlm
512,,2019/06/04,28,stellar lumens,xlm
513,,2019/06/05,21,stellar lumens,xlm
514,,2019/06/06,19,stellar lumens,xlm
515,,2019/06/07,13,stellar lumens,xlm
516,,2019/06/08,9,stellar lumens,xlm
517,,2019/06/09,19,stellar lumens,xlm
518,,2019/06/10,11,stellar lumens,xlm
519,,2019/06/11,24,stellar lumens,xlm
520,,2019/06/12,15,stellar lumens,xlm
521,,2019/06/13,9,stellar lumens,xlm
522,,2019/06/14,5,stellar lumens,xlm
523,,2019/06/15,4,stellar lumens,xlm
524,,2019/06/16,15,stellar lumens,xlm
525,,2019/06/17,5,stellar lumens,xlm
526,,2019/06/18,11,stellar lumens,xlm
527,,2019/06/19,14,stellar lumens,xlm
528,,2019/06/20,13,stellar lumens,xlm
529,,2019/06/21,19,stellar lumens,xlm
530,,2019/06/22,20,stellar lumens,xlm
531,,2019/06/23,14,stellar lumens,xlm
532,,2019/06/24,7,stellar lumens,xlm
533,,2019/06/25,7,stellar lumens,xlm
534,,2019/06/26,13,stellar lumens,xlm
535,,2019/06/27,21,stellar lumens,xlm
536,,2019/06/28,17,stellar lumens,xlm
537,,2019/06/29,14,stellar lumens,xlm
538,,2019/06/30,14,stellar lumens,xlm
539,,2019/07/01,4,stellar lumens,xlm
540,,2019/07/02,4,stellar lumens,xlm
541,,2019/07/03,5,stellar lumens,xlm
542,,2019/07/04,12,stellar lumens,xlm
543,,2019/07/05,67,stellar lumens,xlm
544,,2019/07/06,14,stellar lumens,xlm
545,,2019/07/07,6,stellar lumens,xlm
546,,2019/07/08,1,stellar lumens,xlm
547,,2019/07/09,7,stellar lumens,xlm
548,,2019/07/10,4,stellar lumens,xlm
549,,2019/07/11,4,stellar lumens,xlm
550,,2019/07/12,10,stellar lumens,xlm
551,,2019/07/13,8,stellar lumens,xlm
552,,2019/07/14,5,stellar lumens,xlm
553,,2019/07/15,2,stellar lumens,xlm
554,,2019/07/16,1,stellar lumens,xlm
555,,2019/07/17,3,stellar lumens,xlm
556,,2019/07/18,9,stellar lumens,xlm
557,,2019/07/19,8,stellar lumens,xlm
558,,2019/07/20,6,stellar lumens,xlm
559,,2019/07/21,5,stellar lumens,xlm
560,,2019/07/22,11,stellar lumens,xlm
561,,2019/07/23,4,stellar lumens,xlm
562,,2019/07/24,3,stellar lumens,xlm
563,,2019/07/25,5,stellar lumens,xlm
564,,2019/07/26,5,stellar lumens,xlm
565,,2019/07/27,2,stellar lumens,xlm
566,,2019/07/28,4,stellar lumens,xlm
567,,2019/07/29,1,stellar lumens,xlm
568,,2019/07/30,2,stellar lumens,xlm
569,,2019/07/31,7,stellar lumens,xlm
570,,2019/08/01,2,stellar lumens,xlm
571,,2019/08/02,7,stellar lumens,xlm
572,,2019/08/03,3,stellar lumens,xlm
573,,2019/08/04,4,stellar lumens,xlm
574,,2019/08/05,4,stellar lumens,xlm
575,,2019/08/06,4,stellar lumens,xlm
576,,2019/08/07,4,stellar lumens,xlm
577,,2019/08/08,3,stellar lumens,xlm
578,,2019/08/09,1,stellar lumens,xlm
579,,2019/08/10,2,stellar lumens,xlm
580,,2019/08/11,4,stellar lumens,xlm
581,,2019/08/12,6,stellar lumens,xlm
582,,2019/08/13,2,stellar lumens,xlm
583,,2019/08/14,1,stellar lumens,xlm
584,,2019/08/15,7,stellar lumens,xlm
585,,2019/08/16,3,stellar lumens,xlm
586,,2019/08/17,8,stellar lumens,xlm
587,,2019/08/18,7,stellar lumens,xlm
588,,2019/08/19,3,stellar lumens,xlm
589,,2019/08/20,4,stellar lumens,xlm
590,,2019/08/21,2,stellar lumens,xlm
591,,2019/08/22,8,stellar lumens,xlm
592,,2019/08/23,5,stellar lumens,xlm
593,,2019/08/24,3,stellar lumens,xlm
594,,2019/08/25,9,stellar lumens,xlm
595,,2019/08/26,3,stellar lumens,xlm
596,,2019/08/27,5,stellar lumens,xlm
597,,2019/08/28,4,stellar lumens,xlm
598,,2019/08/29,2,stellar lumens,xlm
599,,2019/08/30,6,stellar lumens,xlm
600,,2019/08/31,1,stellar lumens,xlm
601,,2019/09/01,3,stellar lumens,xlm
602,,2019/09/02,4,stellar lumens,xlm
603,,2019/09/03,2,stellar lumens,xlm
604,,2019/09/04,10,stellar lumens,xlm
605,,2019/09/05,3,stellar lumens,xlm
606,,2019/09/06,4,stellar lumens,xlm
607,,2019/09/07,5,stellar lumens,xlm
608,,2019/09/08,3,stellar lumens,xlm
609,,2019/09/09,6,stellar lumens,xlm
610,,2019/09/10,37,stellar lumens,xlm
611,,2019/09/11,12,stellar lumens,xlm
612,,2019/09/12,9,stellar lumens,xlm
613,,2019/09/13,6,stellar lumens,xlm
614,,2019/09/14,1,stellar lumens,xlm
615,,2019/09/15,5,stellar lumens,xlm
616,,2019/09/16,6,stellar lumens,xlm
617,,2019/09/17,11,stellar lumens,xlm
618,,2019/09/18,48,stellar lumens,xlm
619,,2019/09/19,31,stellar lumens,xlm
620,,2019/09/20,19,stellar lumens,xlm
621,,2019/09/21,8,stellar lumens,xlm
622,,2019/09/22,14,stellar lumens,xlm
623,,2019/09/23,17,stellar lumens,xlm
624,,2019/09/24,5,stellar lumens,xlm
625,,2019/09/25,3,stellar lumens,xlm
626,,2019/09/26,23,stellar lumens,xlm
627,,2019/09/27,7,stellar lumens,xlm
628,,2019/09/28,null,stellar lumens,xlm
629,,2019/09/29,9,stellar lumens,xlm
630,,2019/09/30,11,stellar lumens,xlm
631,,2019/10/01,8,stellar lumens,xlm
632,,2019/10/02,7,stellar lumens,xlm
633,,2019/10/03,5,stellar lumens,xlm
634,,2019/10/04,5,stellar lumens,xlm
635,,2019/10/05,5,stellar lumens,xlm
636,,2019/10/06,4,stellar lumens,xlm
637,,2019/10/07,13,stellar lumens,xlm
638,,2019/10/08,5,stellar lumens,xlm
639,,2019/10/09,8,stellar lumens,xlm
640,,2019/10/10,6,stellar lumens,xlm
641,,2019/10/11,2,stellar lumens,xlm
642,,2019/10/12,1,stellar lumens,xlm
643,,2019/10/13,6,stellar lumens,xlm
644,,2019/10/14,8,stellar lumens,xlm
645,,2019/10/15,5,stellar lumens,xlm
646,,2019/10/16,3,stellar lumens,xlm
647,,2019/10/17,2,stellar lumens,xlm
648,,2019/10/18,1,stellar lumens,xlm
649,,2019/10/19,1,stellar lumens,xlm
650,,2019/10/20,5,stellar lumens,xlm
651,,2019/10/21,1,stellar lumens,xlm
652,,2019/10/22,6,stellar lumens,xlm
653,,2019/10/23,11,stellar lumens,xlm
654,,2019/10/24,4,stellar lumens,xlm
655,,2019/10/25,10,stellar lumens,xlm
656,,2019/10/26,5,stellar lumens,xlm
657,,2019/10/27,6,stellar lumens,xlm
658,,2019/10/28,14,stellar lumens,xlm
659,,2019/10/29,22,stellar lumens,xlm
660,,2019/10/30,13,stellar lumens,xlm
661,,2019/10/31,5,stellar lumens,xlm
662,,2019/11/01,283,stellar lumens,xlm
663,,2019/11/02,27,stellar lumens,xlm
664,,2019/11/03,13,stellar lumens,xlm
665,,2019/11/04,42,stellar lumens,xlm
666,,2019/11/05,151,stellar lumens,xlm
667,,2019/11/06,31,stellar lumens,xlm
668,,2019/11/07,25,stellar lumens,xlm
669,,2019/11/08,22,stellar lumens,xlm
670,,2019/11/09,20,stellar lumens,xlm
671,,2019/11/10,22,stellar lumens,xlm
672,,2019/11/11,32,stellar lumens,xlm
673,,2019/11/12,76,stellar lumens,xlm
674,,2019/11/13,29,stellar lumens,xlm
675,,2019/11/14,8,stellar lumens,xlm
676,,2019/11/15,14,stellar lumens,xlm
677,,2019/11/16,9,stellar lumens,xlm
678,,2019/11/17,9,stellar lumens,xlm
679,,2019/11/18,11,stellar lumens,xlm
680,,2019/11/19,17,stellar lumens,xlm
681,,2019/11/20,5,stellar lumens,xlm
682,,2019/11/21,5,stellar lumens,xlm
683,,2019/11/22,5,stellar lumens,xlm
684,,2019/11/23,5,stellar lumens,xlm
685,,2019/11/24,9,stellar lumens,xlm
686,,2019/11/25,8,stellar lumens,xlm
687,,2019/11/26,3,stellar lumens,xlm
688,,2019/11/27,6,stellar lumens,xlm
689,,2019/11/28,3,stellar lumens,xlm
690,,2019/11/29,4,stellar lumens,xlm
691,,2019/11/30,1,stellar lumens,xlm
692,,2019/12/01,4,stellar lumens,xlm
693,,2019/12/02,9,stellar lumens,xlm
694,,2019/12/03,4,stellar lumens,xlm
695,,2019/12/04,7,stellar lumens,xlm
696,,2019/12/05,6,stellar lumens,xlm
697,,2019/12/06,7,stellar lumens,xlm
698,,2019/12/07,5,stellar lumens,xlm
699,,2019/12/08,7,stellar lumens,xlm
700,,2019/12/09,16,stellar lumens,xlm
701,,2019/12/10,9,stellar lumens,xlm
702,,2019/12/11,7,stellar lumens,xlm
703,,2019/12/12,6,stellar lumens,xlm
704,,2019/12/13,7,stellar lumens,xlm
705,,2019/12/14,11,stellar lumens,xlm
706,,2019/12/15,7,stellar lumens,xlm
707,,2019/12/16,13,stellar lumens,xlm
708,,2019/12/17,9,stellar lumens,xlm
709,,2019/12/18,14,stellar lumens,xlm
710,,2019/12/19,5,stellar lumens,xlm
711,,2019/12/20,9,stellar lumens,xlm
712,,2019/12/21,6,stellar lumens,xlm
713,,2019/12/22,7,stellar lumens,xlm
714,,2019/12/23,7,stellar lumens,xlm
715,,2019/12/24,9,stellar lumens,xlm
716,,2019/12/25,7,stellar lumens,xlm
717,,2019/12/26,13,stellar lumens,xlm
718,,2019/12/27,8,stellar lumens,xlm
719,,2019/12/28,11,stellar lumens,xlm
720,,2019/12/29,18,stellar lumens,xlm
721,,2019/12/30,5,stellar lumens,xlm
722,,2019/12/31,null,stellar lumens,xlm
723,,2020/01/01,1,stellar lumens,xlm
724,,2020/01/02,1,stellar lumens,xlm
725,,2020/01/03,92,stellar lumens,xlm
726,,2020/01/04,2,stellar lumens,xlm
727,,2020/01/05,4,stellar lumens,xlm
728,,2020/01/06,17,stellar lumens,xlm
729,,2020/01/07,12,stellar lumens,xlm
730,,2020/01/08,6,stellar lumens,xlm
731,,2020/01/09,3,stellar lumens,xlm
732,,2020/01/10,9,stellar lumens,xlm
733,,2020/01/11,13,stellar lumens,xlm
734,,2020/01/12,9,stellar lumens,xlm
735,,2020/01/13,6,stellar lumens,xlm
736,,2020/01/14,4,stellar lumens,xlm
737,,2020/01/15,5,stellar lumens,xlm
738,,2020/01/16,69,stellar lumens,xlm
739,,2020/01/17,34,stellar lumens,xlm
740,,2020/01/18,14,stellar lumens,xlm
741,,2020/01/19,11,stellar lumens,xlm
742,,2020/01/20,21,stellar lumens,xlm
743,,2020/01/21,4,stellar lumens,xlm
744,,2020/01/22,20,stellar lumens,xlm
745,,2020/01/23,3,stellar lumens,xlm
746,,2020/01/24,13,stellar lumens,xlm
747,,2020/01/25,7,stellar lumens,xlm
748,,2020/01/26,3,stellar lumens,xlm
749,,2020/01/27,5,stellar lumens,xlm
750,,2020/01/28,7,stellar lumens,xlm
751,,2020/01/29,20,stellar lumens,xlm
752,,2020/01/30,60,stellar lumens,xlm
753,,2020/01/31,10,stellar lumens,xlm
754,,2020/02/01,7,stellar lumens,xlm
755,,2020/02/02,13,stellar lumens,xlm
756,,2020/02/03,12,stellar lumens,xlm
757,,2020/02/04,10,stellar lumens,xlm
758,,2020/02/05,17,stellar lumens,xlm
759,,2020/02/06,11,stellar lumens,xlm
760,,2020/02/07,9,stellar lumens,xlm
761,,2020/02/08,5,stellar lumens,xlm
762,,2020/02/09,16,stellar lumens,xlm
763,,2020/02/10,7,stellar lumens,xlm
764,,2020/02/11,13,stellar lumens,xlm
765,,2020/02/12,16,stellar lumens,xlm
766,,2020/02/13,20,stellar lumens,xlm
767,,2020/02/14,11,stellar lumens,xlm
768,,2020/02/15,3,stellar lumens,xlm
769,,2020/02/16,8,stellar lumens,xlm
770,,2020/02/17,6,stellar lumens,xlm
771,,2020/02/18,10,stellar lumens,xlm
772,,2020/02/19,4,stellar lumens,xlm
773,,2020/02/20,4,stellar lumens,xlm
774,,2020/02/21,53,stellar lumens,xlm
775,,2020/02/22,3,stellar lumens,xlm
776,,2020/02/23,5,stellar lumens,xlm
777,,2020/02/24,3,stellar lumens,xlm
778,,2020/02/25,3,stellar lumens,xlm
779,,2020/02/26,51,stellar lumens,xlm
780,,2020/02/27,9,stellar lumens,xlm
781,,2020/02/28,3,stellar lumens,xlm
782,,2020/02/29,3,stellar lumens,xlm
783,,2020/03/01,52,stellar lumens,xlm
784,,2020/03/02,6,stellar lumens,xlm
785,,2020/03/03,null,stellar lumens,xlm
786,,2020/03/04,3,stellar lumens,xlm
787,,2020/03/05,1,stellar lumens,xlm
788,,2020/03/06,2,stellar lumens,xlm
789,,2020/03/07,null,stellar lumens,xlm
790,,2020/03/08,4,stellar lumens,xlm
791,,2020/03/09,2,stellar lumens,xlm
792,,2020/03/10,4,stellar lumens,xlm
793,,2020/03/11,8,stellar lumens,xlm
794,,2020/03/12,1,stellar lumens,xlm
795,,2020/03/13,10,stellar lumens,xlm
796,,2020/03/14,1,stellar lumens,xlm
797,,2020/03/15,4,stellar lumens,xlm
798,,2020/03/16,3,stellar lumens,xlm
799,,2020/03/17,3,stellar lumens,xlm
800,,2020/03/18,2,stellar lumens,xlm
801,,2020/03/19,3,stellar lumens,xlm
802,,2020/03/20,5,stellar lumens,xlm
803,,2020/03/21,2,stellar lumens,xlm
804,,2020/03/22,2,stellar lumens,xlm
805,,2020/03/23,4,stellar lumens,xlm
806,,2020/03/24,null,stellar lumens,xlm
807,,2020/03/25,4,stellar lumens,xlm
808,,2020/03/26,4,stellar lumens,xlm
809,,2020/03/27,38,stellar lumens,xlm
810,,2020/03/28,19,stellar lumens,xlm
811,,2020/03/29,10,stellar lumens,xlm
812,,2020/03/30,3,stellar lumens,xlm
813,,2020/03/31,4,stellar lumens,xlm
814,,2020/04/01,8,stellar lumens,xlm
815,,2020/04/02,6,stellar lumens,xlm
816,,2020/04/03,39,stellar lumens,xlm
817,,2020/04/04,32,stellar lumens,xlm
818,,2020/04/05,53,stellar lumens,xlm
819,,2020/04/06,55,stellar lumens,xlm
820,,2020/04/07,14,stellar lumens,xlm
821,,2020/04/08,112,stellar lumens,xlm
822,,2020/04/09,52,stellar lumens,xlm
823,,2020/04/10,15,stellar lumens,xlm
824,,2020/04/11,13,stellar lumens,xlm
825,,2020/04/12,24,stellar lumens,xlm
826,,2020/04/13,7,stellar lumens,xlm
827,,2020/04/14,29,stellar lumens,xlm
828,,2020/04/15,61,stellar lumens,xlm
829,,2020/04/16,14,stellar lumens,xlm
830,,2020/04/17,43,stellar lumens,xlm
831,,2020/04/18,92,stellar lumens,xlm
832,,2020/04/19,31,stellar lumens,xlm
833,,2020/04/20,33,stellar lumens,xlm
834,,2020/04/21,63,stellar lumens,xlm
835,,2020/04/22,86,stellar lumens,xlm
836,,2020/04/23,136,stellar lumens,xlm
837,,2020/04/24,22,stellar lumens,xlm
838,,2020/04/25,86,stellar lumens,xlm
839,,2020/04/26,45,stellar lumens,xlm
840,,2020/04/27,20,stellar lumens,xlm
841,,2020/04/28,134,stellar lumens,xlm
842,,2020/04/29,19,stellar lumens,xlm
843,,2020/04/30,28,stellar lumens,xlm
844,,2020/05/01,95,stellar lumens,xlm
845,,2020/05/02,24,stellar lumens,xlm
846,,2020/05/03,140,stellar lumens,xlm
847,,2020/05/04,66,stellar lumens,xlm
848,,2020/05/05,103,stellar lumens,xlm
849,,2020/05/06,60,stellar lumens,xlm
850,,2020/05/07,8,stellar lumens,xlm
851,,2020/05/08,19,stellar lumens,xlm
852,,2020/05/09,17,stellar lumens,xlm
853,,2020/05/10,19,stellar lumens,xlm
854,,2020/05/11,25,stellar lumens,xlm
855,,2020/05/12,96,stellar lumens,xlm
856,,2020/05/13,144,stellar lumens,xlm
857,,2020/05/14,30,stellar lumens,xlm
858,,2020/05/15,11,stellar lumens,xlm
859,,2020/05/16,61,stellar lumens,xlm
860,,2020/05/17,114,stellar lumens,xlm
861,,2020/05/18,63,stellar lumens,xlm
862,,2020/05/19,7,stellar lumens,xlm
863,,2020/05/20,73,stellar lumens,xlm
864,,2020/05/21,16,stellar lumens,xlm
865,,2020/05/22,53,stellar lumens,xlm
866,,2020/05/23,6,stellar lumens,xlm
867,,2020/05/24,6,stellar lumens,xlm
868,,2020/05/25,61,stellar lumens,xlm
869,,2020/05/26,1,stellar lumens,xlm
870,,2020/05/27,100,stellar lumens,xlm
871,,2020/05/28,122,stellar lumens,xlm
872,,2020/05/29,13,stellar lumens,xlm
873,,2020/05/30,6,stellar lumens,xlm
874,,2020/05/31,103,stellar lumens,xlm
875,,2020/06/01,72,stellar lumens,xlm
876,,2020/06/02,122,stellar lumens,xlm
877,,2020/06/03,23,stellar lumens,xlm
878,,2020/06/04,87,stellar lumens,xlm
879,,2020/06/05,43,stellar lumens,xlm
880,,2020/06/06,3,stellar lumens,xlm
881,,2020/06/07,28,stellar lumens,xlm
882,,2020/06/08,64,stellar lumens,xlm
883,,2020/06/09,73,stellar lumens,xlm
884,,2020/06/10,39,stellar lumens,xlm
885,,2020/06/11,8,stellar lumens,xlm
886,,2020/06/12,57,stellar lumens,xlm
887,,2020/06/13,30,stellar lumens,xlm
888,,2020/06/14,37,stellar lumens,xlm
889,,2020/06/15,116,stellar lumens,xlm
890,,2020/06/16,62,stellar lumens,xlm
891,,2020/06/17,72,stellar lumens,xlm
892,,2020/06/18,60,stellar lumens,xlm
893,,2020/06/19,72,stellar lumens,xlm
894,,2020/06/20,3,stellar lumens,xlm
895,,2020/06/21,4,stellar lumens,xlm
896,,2020/06/22,7,stellar lumens,xlm
897,,2020/06/23,36,stellar lumens,xlm
898,,2020/06/24,11,stellar lumens,xlm
899,,2020/06/25,54,stellar lumens,xlm
900,,2020/06/26,31,stellar lumens,xlm
901,,2020/06/27,2,stellar lumens,xlm
902,,2020/06/28,69,stellar lumens,xlm
903,,2020/06/29,27,stellar lumens,xlm
904,,2020/06/30,77,stellar lumens,xlm
905,,2020/07/01,8,stellar lumens,xlm
906,,2020/07/02,48,stellar lumens,xlm
907,,2020/07/03,108,stellar lumens,xlm
908,,2020/07/04,5,stellar lumens,xlm
909,,2020/07/05,4,stellar lumens,xlm
910,,2020/07/06,64,stellar lumens,xlm
911,,2020/07/07,37,stellar lumens,xlm
912,,2020/07/08,155,stellar lumens,xlm
913,,2020/07/09,237,stellar lumens,xlm
914,,2020/07/10,154,stellar lumens,xlm
915,,2020/07/11,176,stellar lumens,xlm
916,,2020/07/12,93,stellar lumens,xlm
917,,2020/07/13,72,stellar lumens,xlm
918,,2020/07/14,127,stellar lumens,xlm
919,,2020/07/15,107,stellar lumens,xlm
920,,2020/07/16,92,stellar lumens,xlm
921,,2020/07/17,160,stellar lumens,xlm
922,,2020/07/18,null,stellar lumens,xlm
923,,2020/07/19,19,stellar lumens,xlm
924,,2020/07/20,61,stellar lumens,xlm
925,,2020/07/21,33,stellar lumens,xlm
926,,2020/07/22,73,stellar lumens,xlm
927,,2020/07/23,10,stellar lumens,xlm
928,,2020/07/24,15,stellar lumens,xlm
929,,2020/07/25,7,stellar lumens,xlm
930,,2020/07/26,39,stellar lumens,xlm
931,,2020/07/27,12,stellar lumens,xlm
932,,2020/07/28,77,stellar lumens,xlm
933,,2020/07/29,67,stellar lumens,xlm
934,,2020/07/30,16,stellar lumens,xlm
935,,2020/07/31,10,stellar lumens,xlm
936,,2020/08/01,59,stellar lumens,xlm
937,,2020/08/02,16,stellar lumens,xlm
938,,2020/08/03,30,stellar lumens,xlm
939,,2020/08/04,78,stellar lumens,xlm
940,,2020/08/05,29,stellar lumens,xlm
941,,2020/08/06,9,stellar lumens,xlm
942,,2020/08/07,11,stellar lumens,xlm
943,,2020/08/08,14,stellar lumens,xlm
944,,2020/08/09,130,stellar lumens,xlm
945,,2020/08/10,49,stellar lumens,xlm
946,,2020/08/11,56,stellar lumens,xlm
947,,2020/08/12,22,stellar lumens,xlm
948,,2020/08/13,45,stellar lumens,xlm
949,,2020/08/14,19,stellar lumens,xlm
950,,2020/08/15,18,stellar lumens,xlm
951,,2020/08/16,74,stellar lumens,xlm
952,,2020/08/17,252,stellar lumens,xlm
953,,2020/08/18,28,stellar lumens,xlm
954,,2020/08/19,46,stellar lumens,xlm
955,,2020/08/20,115,stellar lumens,xlm
956,,2020/08/21,47,stellar lumens,xlm
957,,2020/08/22,7,stellar lumens,xlm
958,,2020/08/23,15,stellar lumens,xlm
959,,2020/08/24,88,stellar lumens,xlm
960,,2020/08/25,78,stellar lumens,xlm
961,,2020/08/26,5,stellar lumens,xlm
962,,2020/08/27,159,stellar lumens,xlm
963,,2020/08/28,46,stellar lumens,xlm
964,,2020/08/29,42,stellar lumens,xlm
965,,2020/08/30,50,stellar lumens,xlm
966,,2020/08/31,9,stellar lumens,xlm
967,,2020/09/01,6,stellar lumens,xlm
968,,2020/09/02,47,stellar lumens,xlm
969,,2020/09/03,3,stellar lumens,xlm
970,,2020/09/04,127,stellar lumens,xlm
971,,2020/09/05,5,stellar lumens,xlm
972,,2020/09/06,12,stellar lumens,xlm
973,,2020/09/07,40,stellar lumens,xlm
974,,2020/09/08,93,stellar lumens,xlm
975,,2020/09/09,8,stellar lumens,xlm
976,,2020/09/10,6,stellar lumens,xlm
977,,2020/09/11,48,stellar lumens,xlm
978,,2020/09/12,118,stellar lumens,xlm
979,,2020/09/13,11,stellar lumens,xlm
980,,2020/09/14,82,stellar lumens,xlm
981,,2020/09/15,10,stellar lumens,xlm
982,,2020/09/16,3,stellar lumens,xlm
983,,2020/09/17,1,stellar lumens,xlm
984,,2020/09/18,53,stellar lumens,xlm
985,,2020/09/19,38,stellar lumens,xlm
986,,2020/09/20,8,stellar lumens,xlm
987,,2020/09/21,239,stellar lumens,xlm
988,,2020/09/22,53,stellar lumens,xlm
989,,2020/09/23,120,stellar lumens,xlm
990,,2020/09/24,11,stellar lumens,xlm
991,,2020/09/25,74,stellar lumens,xlm
992,,2020/09/26,165,stellar lumens,xlm
993,,2020/09/27,3,stellar lumens,xlm
994,,2020/09/28,101,stellar lumens,xlm
995,,2020/09/29,6,stellar lumens,xlm
996,,2020/09/30,111,stellar lumens,xlm
997,,2020/10/01,127,stellar lumens,xlm
998,,2020/10/02,138,stellar lumens,xlm
999,,2020/10/03,9,stellar lumens,xlm
1000,,2020/10/04,8,stellar lumens,xlm
1001,,2020/10/05,51,stellar lumens,xlm
1002,,2020/10/06,4,stellar lumens,xlm
1003,,2020/10/07,7,stellar lumens,xlm
1004,,2020/10/08,3,stellar lumens,xlm
1005,,2020/10/09,85,stellar lumens,xlm
1006,,2020/10/10,9,stellar lumens,xlm
1007,,2020/10/11,91,stellar lumens,xlm
1008,,2020/10/12,83,stellar lumens,xlm
1009,,2020/10/13,5,stellar lumens,xlm
1010,,2020/10/14,134,stellar lumens,xlm
1011,,2020/10/15,66,stellar lumens,xlm
1012,,2020/10/16,75,stellar lumens,xlm
1013,,2020/10/17,172,stellar lumens,xlm
1014,,2020/10/18,16,stellar lumens,xlm
1015,,2020/10/19,207,stellar lumens,xlm
1016,,2020/10/20,60,stellar lumens,xlm
1017,,2020/10/21,17,stellar lumens,xlm
1018,,2020/10/22,13,stellar lumens,xlm
1019,,2020/10/23,51,stellar lumens,xlm
1020,,2020/10/24,126,stellar lumens,xlm
1021,,2020/10/25,50,stellar lumens,xlm
1022,,2020/10/26,6,stellar lumens,xlm
1023,,2020/10/27,17,stellar lumens,xlm
1024,,2020/10/28,10,stellar lumens,xlm
1025,,2020/10/29,200,stellar lumens,xlm
1026,,2020/10/30,10,stellar lumens,xlm
1027,,2020/10/31,93,stellar lumens,xlm
1028,,2020/11/01,94,stellar lumens,xlm
1029,,2020/11/02,57,stellar lumens,xlm
1030,,2020/11/03,7,stellar lumens,xlm
1031,,2020/11/04,96,stellar lumens,xlm
1032,,2020/11/05,11,stellar lumens,xlm
1033,,2020/11/06,199,stellar lumens,xlm
1034,,2020/11/07,10,stellar lumens,xlm
1035,,2020/11/08,184,stellar lumens,xlm
1036,,2020/11/09,53,stellar lumens,xlm
1037,,2020/11/10,64,stellar lumens,xlm
1038,,2020/11/11,95,stellar lumens,xlm
1039,,2020/11/12,24,stellar lumens,xlm
1040,,2020/11/13,36,stellar lumens,xlm
1041,,2020/11/14,13,stellar lumens,xlm
1042,,2020/11/15,4,stellar lumens,xlm
1043,,2020/11/16,19,stellar lumens,xlm
1044,,2020/11/17,203,stellar lumens,xlm
1045,,2020/11/18,10,stellar lumens,xlm
1046,,2020/11/19,17,stellar lumens,xlm
1047,,2020/11/20,8,stellar lumens,xlm
1048,,2020/11/21,247,stellar lumens,xlm
1049,,2020/11/22,201,stellar lumens,xlm
1050,,2020/11/23,16,stellar lumens,xlm
1051,,2020/11/24,342,stellar lumens,xlm
1052,,2020/11/25,319,stellar lumens,xlm
1053,,2020/11/26,248,stellar lumens,xlm
1054,,2020/11/27,269,stellar lumens,xlm
1055,,2020/11/28,240,stellar lumens,xlm
1056,,2020/11/29,156,stellar lumens,xlm
1057,,2020/11/30,8,stellar lumens,xlm
1058,,2020/12/01,26,stellar lumens,xlm
1059,,2020/12/02,73,stellar lumens,xlm
1060,,2020/12/03,194,stellar lumens,xlm
1061,,2020/12/04,18,stellar lumens,xlm
1062,,2020/12/05,76,stellar lumens,xlm
1063,,2020/12/06,120,stellar lumens,xlm
1064,,2020/12/07,66,stellar lumens,xlm
1065,,2020/12/08,263,stellar lumens,xlm
1066,,2020/12/09,149,stellar lumens,xlm
1067,,2020/12/10,281,stellar lumens,xlm
1068,,2020/12/11,278,stellar lumens,xlm
1069,,2020/12/12,47,stellar lumens,xlm
1070,,2020/12/13,68,stellar lumens,xlm
1071,,2020/12/14,82,stellar lumens,xlm
1072,,2020/12/15,105,stellar lumens,xlm
1073,,2020/12/16,213,stellar lumens,xlm
1074,,2020/12/17,275,stellar lumens,xlm
1075,,2020/12/18,26,stellar lumens,xlm
1076,,2020/12/19,17,stellar lumens,xlm
1077,,2020/12/20,66,stellar lumens,xlm
1078,,2020/12/21,272,stellar lumens,xlm
1079,,2020/12/22,153,stellar lumens,xlm
1080,,2020/12/23,294,stellar lumens,xlm
1081,,2020/12/24,15,stellar lumens,xlm
1082,,2020/12/25,122,stellar lumens,xlm
1083,,2020/12/26,261,stellar lumens,xlm
1084,,2020/12/27,39,stellar lumens,xlm
1085,,2020/12/28,55,stellar lumens,xlm
1086,,2020/12/29,173,stellar lumens,xlm
1087,,2020/12/30,143,stellar lumens,xlm
1088,,2020/12/31,51,stellar lumens,xlm
1089,,2021/01/01,97,stellar lumens,xlm
1090,,2021/01/02,132,stellar lumens,xlm
1091,,2021/01/03,33,stellar lumens,xlm
1092,,2021/01/04,105,stellar lumens,xlm
1093,,2021/01/05,447,stellar lumens,xlm
1094,,2021/01/06,632,stellar lumens,xlm
1095,,2021/01/07,482,stellar lumens,xlm
1096,,2021/01/08,120,stellar lumens,xlm
1097,,2021/01/09,196,stellar lumens,xlm
1098,,2021/01/10,49,stellar lumens,xlm
1099,,2021/01/11,66,stellar lumens,xlm
1100,,2021/01/12,274,stellar lumens,xlm
1101,,2021/01/13,237,stellar lumens,xlm
1102,,2021/01/14,80,stellar lumens,xlm
1103,,2021/01/15,95,stellar lumens,xlm
1104,,2021/01/16,38,stellar lumens,xlm
1105,,2021/01/17,36,stellar lumens,xlm
1106,,2021/01/18,56,stellar lumens,xlm
1107,,2021/01/19,68,stellar lumens,xlm
1108,,2021/01/20,361,stellar lumens,xlm
1109,,2021/01/21,57,stellar lumens,xlm
1110,,2021/01/22,46,stellar lumens,xlm
1111,,2021/01/23,43,stellar lumens,xlm
1112,,2021/01/24,24,stellar lumens,xlm
1113,,2021/01/25,399,stellar lumens,xlm
1114,,2021/01/26,129,stellar lumens,xlm
1115,,2021/01/27,239,stellar lumens,xlm
1116,,2021/01/28,185,stellar lumens,xlm
1117,,2021/01/29,529,stellar lumens,xlm
1118,,2021/01/30,496,stellar lumens,xlm
1119,,2021/01/31,328,stellar lumens,xlm
1120,,2021/02/01,131,stellar lumens,xlm
1121,,2021/02/02,443,stellar lumens,xlm
1122,,2021/02/03,145,stellar lumens,xlm
1123,,2021/02/04,111,stellar lumens,xlm
1124,,2021/02/05,339,stellar lumens,xlm
1125,,2021/02/06,113,stellar lumens,xlm
1126,,2021/02/07,257,stellar lumens,xlm
1127,,2021/02/08,69,stellar lumens,xlm
1128,,2021/02/09,72,stellar lumens,xlm
1129,,2021/02/10,107,stellar lumens,xlm
1130,,2021/02/11,291,stellar lumens,xlm
1131,,2021/02/12,441,stellar lumens,xlm
1132,,2021/02/13,492,stellar lumens,xlm
1133,,2021/02/14,127,stellar lumens,xlm
1134,,2021/02/15,160,stellar lumens,xlm
1135,,2021/02/16,154,stellar lumens,xlm
1136,,2021/02/17,215,stellar lumens,xlm
1137,,2021/02/18,77,stellar lumens,xlm
1138,,2021/02/19,188,stellar lumens,xlm
1139,,2021/02/20,69,stellar lumens,xlm
1140,,2021/02/21,135,stellar lumens,xlm
1141,,2021/02/22,167,stellar lumens,xlm
1142,,2021/02/23,42,stellar lumens,xlm
1143,,2021/02/24,212,stellar lumens,xlm
1144,,2021/02/25,40,stellar lumens,xlm
1145,,2021/02/26,31,stellar lumens,xlm
1146,,2021/02/27,469,stellar lumens,xlm
1147,,2021/02/28,59,stellar lumens,xlm
1148,,2021/03/01,74,stellar lumens,xlm
1149,,2021/03/02,129,stellar lumens,xlm
1150,,2021/03/03,32,stellar lumens,xlm
1151,,2021/03/04,40,stellar lumens,xlm
1152,,2021/03/05,37,stellar lumens,xlm
1153,,2021/03/06,38,stellar lumens,xlm
1154,,2021/03/07,65,stellar lumens,xlm
1155,,2021/03/08,138,stellar lumens,xlm
1156,,2021/03/09,104,stellar lumens,xlm
1157,,2021/03/10,38,stellar lumens,xlm
1158,,2021/03/11,56,stellar lumens,xlm
1159,,2021/03/12,49,stellar lumens,xlm
1160,,2021/03/13,52,stellar lumens,xlm
1161,,2021/03/14,50,stellar lumens,xlm
1162,,2021/03/15,63,stellar lumens,xlm
1163,,2021/03/16,59,stellar lumens,xlm
1164,,2021/03/17,66,stellar lumens,xlm
1165,,2021/03/18,45,stellar lumens,xlm
1166,,2021/03/19,72,stellar lumens,xlm
1167,,2021/03/20,77,stellar lumens,xlm
1168,,2021/03/21,35,stellar lumens,xlm
1169,,2021/03/22,41,stellar lumens,xlm
1170,,2021/03/23,22,stellar lumens,xlm
1171,,2021/03/24,31,stellar lumens,xlm
1172,,2021/03/25,29,stellar lumens,xlm
1173,,2021/03/26,31,stellar lumens,xlm
1174,,2021/03/27,49,stellar lumens,xlm
1175,,2021/03/28,38,stellar lumens,xlm
1176,,2021/03/29,20,stellar lumens,xlm
1177,,2021/03/30,61,stellar lumens,xlm
1178,,2021/03/31,39,stellar lumens,xlm
1179,,2021/04/01,35,stellar lumens,xlm
1180,,2021/04/02,12,stellar lumens,xlm
1181,,2021/04/03,26,stellar lumens,xlm
1182,,2021/04/04,22,stellar lumens,xlm
1183,,2021/04/05,19,stellar lumens,xlm
1184,,2021/04/06,20,stellar lumens,xlm
1185,,2021/04/07,28,stellar lumens,xlm
1186,,2021/04/08,26,stellar lumens,xlm
1187,,2021/04/09,21,stellar lumens,xlm
1188,,2021/04/10,68,stellar lumens,xlm
1189,,2021/04/11,126,stellar lumens,xlm
1190,,2021/04/12,46,stellar lumens,xlm
1191,,2021/04/13,72,stellar lumens,xlm
1192,,2021/04/14,40,stellar lumens,xlm
1193,,2021/04/15,44,stellar lumens,xlm
1194,,2021/04/16,48,stellar lumens,xlm
1195,,2021/04/17,365,stellar lumens,xlm
1196,,2021/04/18,140,stellar lumens,xlm
1197,,2021/04/19,31,stellar lumens,xlm
1198,,2021/04/20,33,stellar lumens,xlm
1199,,2021/04/21,33,stellar lumens,xlm
1200,,2021/04/22,29,stellar lumens,xlm
1201,,2021/04/23,36,stellar lumens,xlm
1202,,2021/04/24,59,stellar lumens,xlm
1203,,2021/04/25,25,stellar lumens,xlm
1204,,2021/04/26,29,stellar lumens,xlm
1205,,2021/04/27,17,stellar lumens,xlm
1206,,2021/04/28,35,stellar lumens,xlm
1207,,2021/04/29,43,stellar lumens,xlm
1208,,2021/04/30,69,stellar lumens,xlm
1209,,2021/05/01,89,stellar lumens,xlm
1210,,2021/05/02,41,stellar lumens,xlm
1211,,2021/05/03,41,stellar lumens,xlm
1212,,2021/05/04,35,stellar lumens,xlm
1213,,2021/05/05,113,stellar lumens,xlm
1214,,2021/05/06,89,stellar lumens,xlm
1215,,2021/05/07,75,stellar lumens,xlm
1216,,2021/05/08,30,stellar lumens,xlm
1217,,2021/05/09,59,stellar lumens,xlm
1218,,2021/05/10,252,stellar lumens,xlm
1219,,2021/05/11,72,stellar lumens,xlm
1220,,2021/05/12,101,stellar lumens,xlm
1221,,2021/05/13,154,stellar lumens,xlm
1222,,2021/05/14,107,stellar lumens,xlm
1223,,2021/05/15,70,stellar lumens,xlm
1224,,2021/05/16,131,stellar lumens,xlm
1225,,2021/05/17,39,stellar lumens,xlm
1226,,2021/05/18,32,stellar lumens,xlm
1227,,2021/05/19,52,stellar lumens,xlm
1228,,2021/05/20,31,stellar lumens,xlm
1229,,2021/05/21,21,stellar lumens,xlm
1230,,2021/05/22,25,stellar lumens,xlm
1231,,2021/05/23,41,stellar lumens,xlm
1232,,2021/05/24,84,stellar lumens,xlm
1233,,2021/05/25,58,stellar lumens,xlm
1234,,2021/05/26,26,stellar lumens,xlm
1235,,2021/05/27,23,stellar lumens,xlm
1236,,2021/05/28,17,stellar lumens,xlm
1237,,2021/05/29,19,stellar lumens,xlm
1238,,2021/05/30,23,stellar lumens,xlm
1239,,2021/05/31,16,stellar lumens,xlm
1240,,2021/06/01,78,stellar lumens,xlm
1241,,2021/06/02,30,stellar lumens,xlm
1242,,2021/06/03,35,stellar lumens,xlm
1243,,2021/06/04,24,stellar lumens,xlm
1244,,2021/06/05,16,stellar lumens,xlm
1245,,2021/06/06,24,stellar lumens,xlm
1246,,2021/06/07,24,stellar lumens,xlm
1247,,2021/06/08,25,stellar lumens,xlm
1248,,2021/06/09,15,stellar lumens,xlm
1249,,2021/06/10,12,stellar lumens,xlm
1250,,2021/06/11,14,stellar lumens,xlm
1251,,2021/06/12,14,stellar lumens,xlm
1252,,2021/06/13,17,stellar lumens,xlm
1253,,2021/06/14,13,stellar lumens,xlm
1254,,2021/06/15,34,stellar lumens,xlm
1255,,2021/06/16,22,stellar lumens,xlm
1256,,2021/06/17,9,stellar lumens,xlm
1257,,2021/06/18,17,stellar lumens,xlm
1258,,2021/06/19,11,stellar lumens,xlm
1259,,2021/06/20,8,stellar lumens,xlm
1260,,2021/06/21,10,stellar lumens,xlm
1261,,2021/06/22,7,stellar lumens,xlm
1262,,2021/06/23,33,stellar lumens,xlm
1263,,2021/06/24,20,stellar lumens,xlm
1264,,2021/06/25,8,stellar lumens,xlm
1265,,2021/06/26,4,stellar lumens,xlm
1266,,2021/06/27,12,stellar lumens,xlm
1267,,2021/06/28,11,stellar lumens,xlm
1268,,2021/06/29,19,stellar lumens,xlm
1269,,2021/06/30,36,stellar lumens,xlm
1270,,2021/07/01,12,stellar lumens,xlm
1271,,2021/07/02,13,stellar lumens,xlm
1272,,2021/07/03,12,stellar lumens,xlm
1273,,2021/07/04,13,stellar lumens,xlm
1274,,2021/07/05,11,stellar lumens,xlm
1275,,2021/07/06,4,stellar lumens,xlm
1276,,2021/07/07,7,stellar lumens,xlm
1277,,2021/07/08,3,stellar lumens,xlm
1278,,2021/07/09,9,stellar lumens,xlm
1279,,2021/07/10,12,stellar lumens,xlm
1280,,2021/07/11,8,stellar lumens,xlm
1281,,2021/07/12,13,stellar lumens,xlm
1282,,2021/07/13,7,stellar lumens,xlm
1283,,2021/07/14,39,stellar lumens,xlm
1284,,2021/07/15,17,stellar lumens,xlm
1285,,2021/07/16,18,stellar lumens,xlm
1286,,2021/07/17,11,stellar lumens,xlm
1287,,2021/07/18,77,stellar lumens,xlm
1288,,2021/07/19,14,stellar lumens,xlm
1289,,2021/07/20,15,stellar lumens,xlm
1290,,2021/07/21,73,stellar lumens,xlm
1291,,2021/07/22,65,stellar lumens,xlm
1292,,2021/07/23,43,stellar lumens,xlm
1293,,2021/07/24,39,stellar lumens,xlm
1294,,2021/07/25,27,stellar lumens,xlm
1295,,2021/07/26,11,stellar lumens,xlm
1296,,2021/07/27,12,stellar lumens,xlm
1297,,2021/07/28,8,stellar lumens,xlm
1298,,2021/07/29,8,stellar lumens,xlm
1299,,2021/07/30,13,stellar lumens,xlm
1300,,2021/07/31,15,stellar lumens,xlm
1301,,2021/08/01,29,stellar lumens,xlm
1302,,2021/08/02,47,stellar lumens,xlm
1303,,2021/08/03,7,stellar lumens,xlm
1304,,2021/08/04,15,stellar lumens,xlm
1305,,2021/08/05,5,stellar lumens,xlm
1306,,2021/08/06,17,stellar lumens,xlm
1307,,2021/08/07,22,stellar lumens,xlm
1308,,2021/08/08,34,stellar lumens,xlm
1309,,2021/08/09,20,stellar lumens,xlm
1310,,2021/08/10,10,stellar lumens,xlm
1311,,2021/08/11,46,stellar lumens,xlm
1312,,2021/08/12,18,stellar lumens,xlm
1313,,2021/08/13,31,stellar lumens,xlm
1314,,2021/08/14,38,stellar lumens,xlm
1315,,2021/08/15,67,stellar lumens,xlm
1316,,2021/08/16,26,stellar lumens,xlm
1317,,2021/08/17,20,stellar lumens,xlm
1318,,2021/08/18,13,stellar lumens,xlm
1319,,2021/08/19,20,stellar lumens,xlm
1320,,2021/08/20,3,stellar lumens,xlm
1321,,2021/08/21,7,stellar lumens,xlm
1322,,2021/08/22,14,stellar lumens,xlm
1323,,2021/08/23,13,stellar lumens,xlm
1324,,2021/08/24,36,stellar lumens,xlm
1325,,2021/08/25,40,stellar lumens,xlm
1326,,2021/08/26,56,stellar lumens,xlm
1327,,2021/08/27,6,stellar lumens,xlm
1328,,2021/08/28,14,stellar lumens,xlm
1329,,2021/08/29,4,stellar lumens,xlm
1330,,2021/08/30,5,stellar lumens,xlm
1331,,2021/08/31,20,stellar lumens,xlm
1332,,2021/09/01,19,stellar lumens,xlm
1333,,2021/09/02,31,stellar lumens,xlm
1334,,2021/09/03,20,stellar lumens,xlm
1335,,2021/09/04,33,stellar lumens,xlm
1336,,2021/09/05,104,stellar lumens,xlm
1337,,2021/09/06,57,stellar lumens,xlm
1338,,2021/09/07,16,stellar lumens,xlm
1339,,2021/09/08,8,stellar lumens,xlm
1340,,2021/09/09,12,stellar lumens,xlm
1341,,2021/09/10,31,stellar lumens,xlm
1342,,2021/09/11,34,stellar lumens,xlm
1343,,2021/09/12,13,stellar lumens,xlm
1344,,2021/09/13,8,stellar lumens,xlm
1345,,2021/09/14,13,stellar lumens,xlm
1346,,2021/09/15,14,stellar lumens,xlm
1347,,2021/09/16,5,stellar lumens,xlm
1348,,2021/09/17,20,stellar lumens,xlm
1349,,2021/09/18,1,stellar lumens,xlm
1350,,2021/09/19,24,stellar lumens,xlm
1351,,2021/09/20,10,stellar lumens,xlm
1352,,2021/09/21,30,stellar lumens,xlm
1353,,2021/09/22,10,stellar lumens,xlm
1354,,2021/09/23,8,stellar lumens,xlm
1355,,2021/09/24,19,stellar lumens,xlm
1356,,2021/09/25,61,stellar lumens,xlm
1357,,2021/09/26,165,stellar lumens,xlm
1358,,2021/09/27,110,stellar lumens,xlm
1359,,2021/09/28,116,stellar lumens,xlm
1360,,2021/09/29,117,stellar lumens,xlm
1361,,2021/09/30,112,stellar lumens,xlm
1362,,2021/10/01,43,stellar lumens,xlm
1363,,2021/10/02,26,stellar lumens,xlm
1364,,2021/10/03,15,stellar lumens,xlm
1365,,2021/10/04,15,stellar lumens,xlm
1366,,2021/10/05,17,stellar lumens,xlm
1367,,2021/10/06,36,stellar lumens,xlm
1368,,2021/10/07,69,stellar lumens,xlm
1369,,2021/10/08,49,stellar lumens,xlm
1370,,2021/10/09,32,stellar lumens,xlm
1371,,2021/10/10,17,stellar lumens,xlm
1372,,2021/10/11,35,stellar lumens,xlm
1373,,2021/10/12,22,stellar lumens,xlm
1374,,2021/10/13,30,stellar lumens,xlm
1375,,2021/10/14,34,stellar lumens,xlm
1376,,2021/10/15,36,stellar lumens,xlm
1377,,2021/10/16,75,stellar lumens,xlm
1378,,2021/10/17,18,stellar lumens,xlm
1379,,2021/10/18,139,stellar lumens,xlm
1380,,2021/10/19,46,stellar lumens,xlm
1381,,2021/10/20,26,stellar lumens,xlm
1382,,2021/10/21,11,stellar lumens,xlm
1383,,2021/10/22,27,stellar lumens,xlm
1384,,2021/10/23,7,stellar lumens,xlm
1385,,2021/10/24,89,stellar lumens,xlm
1386,,2021/10/25,57,stellar lumens,xlm
1387,,2021/10/26,15,stellar lumens,xlm
1388,,2021/10/27,13,stellar lumens,xlm
1389,,2021/10/28,9,stellar lumens,xlm
1390,,2021/10/29,17,stellar lumens,xlm
1391,,2021/10/30,13,stellar lumens,xlm
1392,,2021/10/31,29,stellar lumens,xlm
1393,,2021/11/01,47,stellar lumens,xlm
1394,,2021/11/02,60,stellar lumens,xlm
1395,,2021/11/03,88,stellar lumens,xlm
1396,,2021/11/04,19,stellar lumens,xlm
1397,,2021/11/05,30,stellar lumens,xlm
1398,,2021/11/06,26,stellar lumens,xlm
1399,,2021/11/07,19,stellar lumens,xlm
1400,,2021/11/08,18,stellar lumens,xlm
1401,,2021/11/09,39,stellar lumens,xlm
1402,,2021/11/10,50,stellar lumens,xlm
1403,,2021/11/11,24,stellar lumens,xlm
1404,,2021/11/12,26,stellar lumens,xlm
1405,,2021/11/13,15,stellar lumens,xlm
1406,,2021/11/14,23,stellar lumens,xlm
1407,,2021/11/15,48,stellar lumens,xlm
1408,,2021/11/16,34,stellar lumens,xlm
