,google_trends_x,date,tweets_x,google_trends_y,tweets_y,full_name,coin
0,,2019/02/17,151,,151,storj,stj
1,,2019/02/18,33,,33,storj,stj
2,,2019/02/19,null,,null,storj,stj
3,,2019/02/20,null,,null,storj,stj
4,,2019/02/21,null,,null,storj,stj
5,,2019/02/22,null,,null,storj,stj
6,,2019/02/23,null,,null,storj,stj
7,,2019/02/24,null,,null,storj,stj
8,,2019/02/25,null,,null,storj,stj
9,,2019/02/26,null,,null,storj,stj
10,,2019/02/27,null,,null,storj,stj
11,,2019/02/28,null,,null,storj,stj
12,,2019/03/01,null,,null,storj,stj
13,,2019/03/02,null,,null,storj,stj
14,,2019/03/03,null,,null,storj,stj
15,,2019/03/04,null,,null,storj,stj
16,,2019/03/05,null,,null,storj,stj
17,,2019/03/06,null,,null,storj,stj
18,,2019/03/07,null,,null,storj,stj
19,,2019/03/08,null,,null,storj,stj
20,,2019/03/09,null,,null,storj,stj
21,,2019/03/10,null,,null,storj,stj
22,,2019/03/11,null,,null,storj,stj
23,,2019/03/12,null,,null,storj,stj
24,,2019/03/13,null,,null,storj,stj
25,,2019/03/14,null,,null,storj,stj
26,,2019/03/15,null,,null,storj,stj
27,,2019/03/16,null,,null,storj,stj
28,,2019/03/17,null,,null,storj,stj
29,,2019/03/18,null,,null,storj,stj
30,,2019/03/19,null,,null,storj,stj
31,,2019/03/20,null,,null,storj,stj
32,,2019/03/21,null,,null,storj,stj
33,,2019/03/22,null,,null,storj,stj
34,,2019/03/23,null,,null,storj,stj
35,,2019/03/24,null,,null,storj,stj
36,,2019/03/25,null,,null,storj,stj
37,,2019/03/26,null,,null,storj,stj
38,,2019/03/27,null,,null,storj,stj
39,,2019/03/28,null,,null,storj,stj
40,,2019/03/29,null,,null,storj,stj
41,,2019/03/30,null,,null,storj,stj
42,,2019/03/31,null,,null,storj,stj
43,,2019/04/01,null,,null,storj,stj
44,,2019/04/02,null,,null,storj,stj
45,,2019/04/03,null,,null,storj,stj
46,,2019/04/04,null,,null,storj,stj
47,,2019/04/05,null,,null,storj,stj
48,,2019/04/06,null,,null,storj,stj
49,,2019/04/07,null,,null,storj,stj
50,,2019/04/08,null,,null,storj,stj
51,,2019/04/09,null,,null,storj,stj
52,,2019/04/10,null,,null,storj,stj
53,,2019/04/11,null,,null,storj,stj
54,,2019/04/12,null,,null,storj,stj
55,,2019/04/13,null,,null,storj,stj
56,,2019/04/14,null,,null,storj,stj
57,,2019/04/15,null,,null,storj,stj
58,,2019/04/16,null,,null,storj,stj
59,,2019/04/17,null,,null,storj,stj
60,,2019/04/18,null,,null,storj,stj
61,,2019/04/19,null,,null,storj,stj
62,,2019/04/20,null,,null,storj,stj
63,,2019/04/21,null,,null,storj,stj
64,,2019/04/22,null,,null,storj,stj
65,,2019/04/23,null,,null,storj,stj
66,,2019/04/24,null,,null,storj,stj
67,,2019/04/25,null,,null,storj,stj
68,,2019/04/26,null,,null,storj,stj
69,,2019/04/27,null,,null,storj,stj
70,,2019/04/28,null,,null,storj,stj
71,,2019/04/29,null,,null,storj,stj
72,,2019/04/30,null,,null,storj,stj
73,,2019/05/01,null,,null,storj,stj
74,,2019/05/02,null,,null,storj,stj
75,,2019/05/03,null,,null,storj,stj
76,,2019/05/04,null,,null,storj,stj
77,,2019/05/05,null,,null,storj,stj
78,,2019/05/06,null,,null,storj,stj
79,,2019/05/07,null,,null,storj,stj
80,,2019/05/08,null,,null,storj,stj
81,,2019/05/09,null,,null,storj,stj
82,,2019/05/10,null,,null,storj,stj
83,,2019/05/11,null,,null,storj,stj
84,,2019/05/12,null,,null,storj,stj
85,,2019/05/13,null,,null,storj,stj
86,,2019/05/14,null,,null,storj,stj
87,,2019/05/15,null,,null,storj,stj
88,,2019/05/16,null,,null,storj,stj
89,,2019/05/17,null,,null,storj,stj
90,,2019/05/18,null,,null,storj,stj
91,,2019/05/19,null,,null,storj,stj
92,,2019/05/20,null,,null,storj,stj
93,,2019/05/21,null,,null,storj,stj
94,,2019/05/22,null,,null,storj,stj
95,,2019/05/23,null,,null,storj,stj
96,,2019/05/24,null,,null,storj,stj
97,,2019/05/25,null,,null,storj,stj
98,,2019/05/26,null,,null,storj,stj
99,,2019/05/27,null,,null,storj,stj
100,,2019/05/28,null,,null,storj,stj
101,,2019/05/29,null,,null,storj,stj
102,,2019/05/30,null,,null,storj,stj
103,,2019/05/31,null,,null,storj,stj
104,,2019/06/01,null,,null,storj,stj
105,,2019/06/02,null,,null,storj,stj
106,,2019/06/03,null,,null,storj,stj
107,,2019/06/04,null,,null,storj,stj
108,,2019/06/05,null,,null,storj,stj
109,,2019/06/06,null,,null,storj,stj
110,,2019/06/07,null,,null,storj,stj
111,,2019/06/08,null,,null,storj,stj
112,,2019/06/09,null,,null,storj,stj
113,,2019/06/10,null,,null,storj,stj
114,,2019/06/11,null,,null,storj,stj
115,,2019/06/12,null,,null,storj,stj
116,,2019/06/13,null,,null,storj,stj
117,,2019/06/14,null,,null,storj,stj
118,,2019/06/15,null,,null,storj,stj
119,,2019/06/16,null,,null,storj,stj
120,,2019/06/17,null,,null,storj,stj
121,,2019/06/18,null,,null,storj,stj
122,,2019/06/19,null,,null,storj,stj
123,,2019/06/20,null,,null,storj,stj
124,,2019/06/21,null,,null,storj,stj
125,,2019/06/22,null,,null,storj,stj
126,,2019/06/23,null,,null,storj,stj
127,,2019/06/24,null,,null,storj,stj
128,,2019/06/25,null,,null,storj,stj
129,,2019/06/26,null,,null,storj,stj
130,,2019/06/27,null,,null,storj,stj
131,,2019/06/28,null,,null,storj,stj
132,,2019/06/29,null,,null,storj,stj
133,,2019/06/30,null,,null,storj,stj
134,,2019/07/01,null,,null,storj,stj
135,,2019/07/02,null,,null,storj,stj
136,,2019/07/03,null,,null,storj,stj
137,,2019/07/04,null,,null,storj,stj
138,,2019/07/05,null,,null,storj,stj
139,,2019/07/06,null,,null,storj,stj
140,,2019/07/07,null,,null,storj,stj
141,,2019/07/08,null,,null,storj,stj
142,,2019/07/09,null,,null,storj,stj
143,,2019/07/10,null,,null,storj,stj
144,,2019/07/11,null,,null,storj,stj
145,,2019/07/12,null,,null,storj,stj
146,,2019/07/13,null,,null,storj,stj
147,,2019/07/14,null,,null,storj,stj
148,,2019/07/15,null,,null,storj,stj
149,,2019/07/16,null,,null,storj,stj
150,,2019/07/17,null,,null,storj,stj
151,,2019/07/18,null,,null,storj,stj
152,,2019/07/19,null,,null,storj,stj
153,,2019/07/20,null,,null,storj,stj
154,,2019/07/21,null,,null,storj,stj
155,,2019/07/22,null,,null,storj,stj
156,,2019/07/23,null,,null,storj,stj
157,,2019/07/24,null,,null,storj,stj
158,,2019/07/25,null,,null,storj,stj
159,,2019/07/26,null,,null,storj,stj
160,,2019/07/27,null,,null,storj,stj
161,,2019/07/28,null,,null,storj,stj
162,,2019/07/29,null,,null,storj,stj
163,,2019/07/30,null,,null,storj,stj
164,,2019/07/31,null,,null,storj,stj
165,,2019/08/01,null,,null,storj,stj
166,,2019/08/02,null,,null,storj,stj
167,,2019/08/03,null,,null,storj,stj
168,,2019/08/04,null,,null,storj,stj
169,,2019/08/05,null,,null,storj,stj
170,,2019/08/06,null,,null,storj,stj
171,,2019/08/07,null,,null,storj,stj
172,,2019/08/08,null,,null,storj,stj
173,,2019/08/09,null,,null,storj,stj
174,,2019/08/10,null,,null,storj,stj
175,,2019/08/11,null,,null,storj,stj
176,,2019/08/12,null,,null,storj,stj
177,,2019/08/13,null,,null,storj,stj
178,,2019/08/14,null,,null,storj,stj
179,,2019/08/15,null,,null,storj,stj
180,,2019/08/16,null,,null,storj,stj
181,,2019/08/17,null,,null,storj,stj
182,,2019/08/18,null,,null,storj,stj
183,,2019/08/19,null,,null,storj,stj
184,,2019/08/20,null,,null,storj,stj
185,,2019/08/21,null,,null,storj,stj
186,,2019/08/22,null,,null,storj,stj
187,,2019/08/23,null,,null,storj,stj
188,,2019/08/24,null,,null,storj,stj
189,,2019/08/25,null,,null,storj,stj
190,,2019/08/26,null,,null,storj,stj
191,,2019/08/27,null,,null,storj,stj
192,,2019/08/28,null,,null,storj,stj
193,,2019/08/29,null,,null,storj,stj
194,,2019/08/30,null,,null,storj,stj
195,,2019/08/31,null,,null,storj,stj
196,,2019/09/01,null,,null,storj,stj
197,,2019/09/02,null,,null,storj,stj
198,,2019/09/03,null,,null,storj,stj
199,,2019/09/04,null,,null,storj,stj
200,,2019/09/05,null,,null,storj,stj
201,,2019/09/06,null,,null,storj,stj
202,,2019/09/07,null,,null,storj,stj
203,,2019/09/08,null,,null,storj,stj
204,,2019/09/09,null,,null,storj,stj
205,,2019/09/10,null,,null,storj,stj
206,,2019/09/11,null,,null,storj,stj
207,,2019/09/12,null,,null,storj,stj
208,,2019/09/13,null,,null,storj,stj
209,,2019/09/14,null,,null,storj,stj
210,,2019/09/15,null,,null,storj,stj
211,,2019/09/16,null,,null,storj,stj
212,,2019/09/17,null,,null,storj,stj
213,,2019/09/18,null,,null,storj,stj
214,,2019/09/19,null,,null,storj,stj
215,,2019/09/20,null,,null,storj,stj
216,,2019/09/21,null,,null,storj,stj
217,,2019/09/22,null,,null,storj,stj
218,,2019/09/23,null,,null,storj,stj
219,,2019/09/24,null,,null,storj,stj
220,,2019/09/25,null,,null,storj,stj
221,,2019/09/26,null,,null,storj,stj
222,,2019/09/27,null,,null,storj,stj
223,,2019/09/28,null,,null,storj,stj
224,,2019/09/29,null,,null,storj,stj
225,,2019/09/30,null,,null,storj,stj
226,,2019/10/01,null,,null,storj,stj
227,,2019/10/02,null,,null,storj,stj
228,,2019/10/03,null,,null,storj,stj
229,,2019/10/04,null,,null,storj,stj
230,,2019/10/05,null,,null,storj,stj
231,,2019/10/06,null,,null,storj,stj
232,,2019/10/07,null,,null,storj,stj
233,,2019/10/08,null,,null,storj,stj
234,,2019/10/09,null,,null,storj,stj
235,,2019/10/10,null,,null,storj,stj
236,,2019/10/11,null,,null,storj,stj
237,,2019/10/12,1,,1,storj,stj
238,,2019/10/13,2,,2,storj,stj
