,google_trends,date,tweets,full_name,coin
0,,2020/06/18,8,stormx,stmx
1,,2020/06/19,null,stormx,stmx
2,,2020/06/20,null,stormx,stmx
3,,2020/06/21,null,stormx,stmx
4,,2020/06/22,5,stormx,stmx
5,,2020/06/23,2,stormx,stmx
6,,2020/06/24,null,stormx,stmx
7,,2020/06/25,null,stormx,stmx
8,,2020/06/26,5,stormx,stmx
9,,2020/06/27,3,stormx,stmx
10,,2020/06/28,1,stormx,stmx
11,,2020/06/29,null,stormx,stmx
12,,2020/06/30,null,stormx,stmx
13,,2020/07/01,2,stormx,stmx
14,,2020/07/02,null,stormx,stmx
15,,2020/07/03,13,stormx,stmx
16,,2020/07/04,5,stormx,stmx
17,,2020/07/05,8,stormx,stmx
18,,2020/07/06,16,stormx,stmx
19,,2020/07/07,5,stormx,stmx
20,,2020/07/08,1,stormx,stmx
21,,2020/07/09,13,stormx,stmx
22,,2020/07/10,8,stormx,stmx
23,,2020/07/11,5,stormx,stmx
24,,2020/07/12,null,stormx,stmx
25,,2020/07/13,1,stormx,stmx
26,,2020/07/14,3,stormx,stmx
27,,2020/07/15,null,stormx,stmx
28,,2020/07/16,2,stormx,stmx
29,,2020/07/17,1,stormx,stmx
30,,2020/07/18,null,stormx,stmx
31,,2020/07/19,null,stormx,stmx
32,,2020/07/20,2,stormx,stmx
33,,2020/07/21,11,stormx,stmx
34,,2020/07/22,8,stormx,stmx
35,,2020/07/23,1,stormx,stmx
36,,2020/07/24,11,stormx,stmx
37,,2020/07/25,5,stormx,stmx
38,,2020/07/26,2,stormx,stmx
39,,2020/07/27,70,stormx,stmx
40,,2020/07/28,51,stormx,stmx
41,,2020/07/29,16,stormx,stmx
42,,2020/07/30,47,stormx,stmx
43,,2020/07/31,44,stormx,stmx
44,,2020/08/01,6,stormx,stmx
45,,2020/08/02,2,stormx,stmx
46,,2020/08/03,3,stormx,stmx
47,,2020/08/04,null,stormx,stmx
48,,2020/08/05,29,stormx,stmx
49,,2020/08/06,21,stormx,stmx
50,,2020/08/07,7,stormx,stmx
51,,2020/08/08,6,stormx,stmx
52,,2020/08/09,3,stormx,stmx
53,,2020/08/10,1,stormx,stmx
54,,2020/08/11,11,stormx,stmx
55,,2020/08/12,1,stormx,stmx
56,,2020/08/13,6,stormx,stmx
57,,2020/08/14,9,stormx,stmx
58,,2020/08/15,20,stormx,stmx
59,,2020/08/16,1,stormx,stmx
60,,2020/08/17,2,stormx,stmx
61,,2020/08/18,4,stormx,stmx
62,,2020/08/19,10,stormx,stmx
63,,2020/08/20,7,stormx,stmx
64,,2020/08/21,1,stormx,stmx
65,,2020/08/22,5,stormx,stmx
66,,2020/08/23,3,stormx,stmx
67,,2020/08/24,null,stormx,stmx
68,,2020/08/25,null,stormx,stmx
69,,2020/08/26,3,stormx,stmx
70,,2020/08/27,7,stormx,stmx
71,,2020/08/28,2,stormx,stmx
72,,2020/08/29,null,stormx,stmx
73,,2020/08/30,null,stormx,stmx
74,,2020/08/31,null,stormx,stmx
75,,2020/09/01,1,stormx,stmx
76,,2020/09/02,null,stormx,stmx
77,,2020/09/03,1,stormx,stmx
78,,2020/09/04,1,stormx,stmx
79,,2020/09/05,2,stormx,stmx
80,,2020/09/06,null,stormx,stmx
81,,2020/09/07,null,stormx,stmx
82,,2020/09/08,1,stormx,stmx
83,,2020/09/09,null,stormx,stmx
84,,2020/09/10,1,stormx,stmx
85,,2020/09/11,null,stormx,stmx
86,,2020/09/12,null,stormx,stmx
87,,2020/09/13,null,stormx,stmx
88,,2020/09/14,4,stormx,stmx
89,,2020/09/15,null,stormx,stmx
90,,2020/09/16,5,stormx,stmx
91,,2020/09/17,null,stormx,stmx
92,,2020/09/18,null,stormx,stmx
93,,2020/09/19,1,stormx,stmx
94,,2020/09/20,null,stormx,stmx
95,,2020/09/21,1,stormx,stmx
96,,2020/09/22,1,stormx,stmx
97,,2020/09/23,null,stormx,stmx
98,,2020/09/24,null,stormx,stmx
99,,2020/09/25,null,stormx,stmx
100,,2020/09/26,null,stormx,stmx
101,,2020/09/27,null,stormx,stmx
102,,2020/09/28,null,stormx,stmx
103,,2020/09/29,null,stormx,stmx
104,,2020/09/30,null,stormx,stmx
105,,2020/10/01,null,stormx,stmx
106,,2020/10/02,1,stormx,stmx
107,,2020/10/03,null,stormx,stmx
108,,2020/10/04,1,stormx,stmx
109,,2020/10/05,null,stormx,stmx
110,,2020/10/06,3,stormx,stmx
111,,2020/10/07,null,stormx,stmx
112,,2020/10/08,1,stormx,stmx
113,,2020/10/09,1,stormx,stmx
114,,2020/10/10,null,stormx,stmx
115,,2020/10/11,2,stormx,stmx
116,,2020/10/12,null,stormx,stmx
117,,2020/10/13,null,stormx,stmx
118,,2020/10/14,null,stormx,stmx
119,,2020/10/15,null,stormx,stmx
120,,2020/10/16,null,stormx,stmx
121,,2020/10/17,null,stormx,stmx
122,,2020/10/18,null,stormx,stmx
123,,2020/10/19,null,stormx,stmx
124,,2020/10/20,null,stormx,stmx
125,,2020/10/21,null,stormx,stmx
126,,2020/10/22,6,stormx,stmx
127,,2020/10/23,15,stormx,stmx
128,,2020/10/24,3,stormx,stmx
129,,2020/10/25,1,stormx,stmx
130,,2020/10/26,null,stormx,stmx
131,,2020/10/27,null,stormx,stmx
132,,2020/10/28,null,stormx,stmx
133,,2020/10/29,1,stormx,stmx
134,,2020/10/30,null,stormx,stmx
135,,2020/10/31,1,stormx,stmx
136,,2020/11/01,null,stormx,stmx
137,,2020/11/02,3,stormx,stmx
138,,2020/11/03,null,stormx,stmx
139,,2020/11/04,null,stormx,stmx
140,,2020/11/05,null,stormx,stmx
141,,2020/11/06,1,stormx,stmx
142,,2020/11/07,null,stormx,stmx
143,,2020/11/08,null,stormx,stmx
144,,2020/11/09,null,stormx,stmx
145,,2020/11/10,null,stormx,stmx
146,,2020/11/11,null,stormx,stmx
147,,2020/11/12,null,stormx,stmx
148,,2020/11/13,null,stormx,stmx
149,,2020/11/14,null,stormx,stmx
150,,2020/11/15,null,stormx,stmx
151,,2020/11/16,null,stormx,stmx
152,,2020/11/17,3,stormx,stmx
153,,2020/11/18,null,stormx,stmx
154,,2020/11/19,null,stormx,stmx
155,,2020/11/20,null,stormx,stmx
156,,2020/11/21,1,stormx,stmx
157,,2020/11/22,null,stormx,stmx
158,,2020/11/23,1,stormx,stmx
159,,2020/11/24,null,stormx,stmx
160,,2020/11/25,1,stormx,stmx
161,,2020/11/26,null,stormx,stmx
162,,2020/11/27,2,stormx,stmx
163,,2020/11/28,null,stormx,stmx
164,,2020/11/29,null,stormx,stmx
165,,2020/11/30,null,stormx,stmx
166,,2020/12/01,null,stormx,stmx
167,,2020/12/02,null,stormx,stmx
168,,2020/12/03,null,stormx,stmx
169,,2020/12/04,null,stormx,stmx
170,,2020/12/05,1,stormx,stmx
171,,2020/12/06,null,stormx,stmx
172,,2020/12/07,1,stormx,stmx
173,,2020/12/08,null,stormx,stmx
174,,2020/12/09,null,stormx,stmx
175,,2020/12/10,null,stormx,stmx
176,,2020/12/11,null,stormx,stmx
177,,2020/12/12,null,stormx,stmx
178,,2020/12/13,null,stormx,stmx
179,,2020/12/14,null,stormx,stmx
180,,2020/12/15,null,stormx,stmx
181,,2020/12/16,null,stormx,stmx
182,,2020/12/17,1,stormx,stmx
183,,2020/12/18,null,stormx,stmx
184,,2020/12/19,3,stormx,stmx
185,,2020/12/20,1,stormx,stmx
186,,2020/12/21,null,stormx,stmx
187,,2020/12/22,null,stormx,stmx
188,,2020/12/23,null,stormx,stmx
189,,2020/12/24,1,stormx,stmx
190,,2020/12/25,1,stormx,stmx
191,,2020/12/26,null,stormx,stmx
192,,2020/12/27,null,stormx,stmx
193,,2020/12/28,null,stormx,stmx
194,,2020/12/29,null,stormx,stmx
195,,2020/12/30,1,stormx,stmx
196,,2020/12/31,null,stormx,stmx
197,,2021/01/01,null,stormx,stmx
198,,2021/01/02,null,stormx,stmx
199,,2021/01/03,7,stormx,stmx
200,,2021/01/04,2,stormx,stmx
201,,2021/01/05,null,stormx,stmx
202,,2021/01/06,10,stormx,stmx
203,,2021/01/07,7,stormx,stmx
204,,2021/01/08,1,stormx,stmx
205,,2021/01/09,1,stormx,stmx
206,,2021/01/10,1,stormx,stmx
207,,2021/01/11,null,stormx,stmx
208,,2021/01/12,1,stormx,stmx
209,,2021/01/13,1,stormx,stmx
210,,2021/01/14,2,stormx,stmx
211,,2021/01/15,1,stormx,stmx
212,,2021/01/16,null,stormx,stmx
213,,2021/01/17,null,stormx,stmx
214,,2021/01/18,null,stormx,stmx
215,,2021/01/19,null,stormx,stmx
216,,2021/01/20,1,stormx,stmx
217,,2021/01/21,null,stormx,stmx
218,,2021/01/22,null,stormx,stmx
219,,2021/01/23,null,stormx,stmx
220,,2021/01/24,null,stormx,stmx
221,,2021/01/25,2,stormx,stmx
222,,2021/01/26,null,stormx,stmx
223,,2021/01/27,null,stormx,stmx
224,,2021/01/28,5,stormx,stmx
225,,2021/01/29,10,stormx,stmx
226,,2021/01/30,5,stormx,stmx
227,,2021/01/31,6,stormx,stmx
228,,2021/02/01,null,stormx,stmx
229,,2021/02/02,129,stormx,stmx
230,,2021/02/03,531,stormx,stmx
231,,2021/02/04,221,stormx,stmx
232,,2021/02/05,169,stormx,stmx
233,,2021/02/06,98,stormx,stmx
234,,2021/02/07,93,stormx,stmx
235,,2021/02/08,74,stormx,stmx
236,,2021/02/09,59,stormx,stmx
237,,2021/02/10,111,stormx,stmx
238,,2021/02/11,63,stormx,stmx
239,,2021/02/12,117,stormx,stmx
240,,2021/02/13,74,stormx,stmx
241,,2021/02/14,109,stormx,stmx
242,,2021/02/15,22,stormx,stmx
243,,2021/02/16,34,stormx,stmx
244,,2021/02/17,56,stormx,stmx
245,,2021/02/18,47,stormx,stmx
246,,2021/02/19,34,stormx,stmx
247,,2021/02/20,70,stormx,stmx
248,,2021/02/21,25,stormx,stmx
249,,2021/02/22,12,stormx,stmx
250,,2021/02/23,47,stormx,stmx
251,,2021/02/24,23,stormx,stmx
252,,2021/02/25,20,stormx,stmx
253,,2021/02/26,8,stormx,stmx
254,,2021/02/27,28,stormx,stmx
255,,2021/02/28,5,stormx,stmx
256,,2021/03/01,11,stormx,stmx
257,,2021/03/02,12,stormx,stmx
258,,2021/03/03,6,stormx,stmx
259,,2021/03/04,3,stormx,stmx
260,,2021/03/05,12,stormx,stmx
261,,2021/03/06,3,stormx,stmx
262,,2021/03/07,6,stormx,stmx
263,,2021/03/08,1,stormx,stmx
264,,2021/03/09,15,stormx,stmx
265,,2021/03/10,11,stormx,stmx
266,,2021/03/11,8,stormx,stmx
267,,2021/03/12,9,stormx,stmx
268,,2021/03/13,35,stormx,stmx
269,,2021/03/14,65,stormx,stmx
270,,2021/03/15,22,stormx,stmx
271,,2021/03/16,2,stormx,stmx
272,,2021/03/17,94,stormx,stmx
273,,2021/03/18,72,stormx,stmx
274,,2021/03/19,198,stormx,stmx
275,,2021/03/20,255,stormx,stmx
276,,2021/03/21,64,stormx,stmx
277,,2021/03/22,63,stormx,stmx
278,,2021/03/23,35,stormx,stmx
279,,2021/03/24,39,stormx,stmx
280,,2021/03/25,32,stormx,stmx
281,,2021/03/26,54,stormx,stmx
282,,2021/03/27,36,stormx,stmx
283,,2021/03/28,20,stormx,stmx
284,,2021/03/29,23,stormx,stmx
285,,2021/03/30,21,stormx,stmx
286,,2021/03/31,51,stormx,stmx
287,,2021/04/01,7,stormx,stmx
288,,2021/04/02,20,stormx,stmx
289,,2021/04/03,29,stormx,stmx
290,,2021/04/04,20,stormx,stmx
291,,2021/04/05,26,stormx,stmx
292,,2021/04/06,9,stormx,stmx
293,,2021/04/07,16,stormx,stmx
294,,2021/04/08,20,stormx,stmx
295,,2021/04/09,12,stormx,stmx
296,,2021/04/10,15,stormx,stmx
297,,2021/04/11,15,stormx,stmx
298,,2021/04/12,9,stormx,stmx
299,,2021/04/13,33,stormx,stmx
300,,2021/04/14,27,stormx,stmx
301,,2021/04/15,25,stormx,stmx
302,,2021/04/16,62,stormx,stmx
303,,2021/04/17,56,stormx,stmx
304,,2021/04/18,22,stormx,stmx
305,,2021/04/19,36,stormx,stmx
306,,2021/04/20,27,stormx,stmx
307,,2021/04/21,17,stormx,stmx
308,,2021/04/22,21,stormx,stmx
309,,2021/04/23,23,stormx,stmx
310,,2021/04/24,24,stormx,stmx
311,,2021/04/25,7,stormx,stmx
312,,2021/04/26,8,stormx,stmx
313,,2021/04/27,39,stormx,stmx
314,,2021/04/28,32,stormx,stmx
315,,2021/04/29,30,stormx,stmx
316,,2021/04/30,23,stormx,stmx
317,,2021/05/01,24,stormx,stmx
318,,2021/05/02,12,stormx,stmx
319,,2021/05/03,11,stormx,stmx
320,,2021/05/04,6,stormx,stmx
321,,2021/05/05,12,stormx,stmx
322,,2021/05/06,20,stormx,stmx
323,,2021/05/07,17,stormx,stmx
324,,2021/05/08,16,stormx,stmx
325,,2021/05/09,22,stormx,stmx
326,,2021/05/10,30,stormx,stmx
327,,2021/05/11,20,stormx,stmx
328,,2021/05/12,46,stormx,stmx
329,,2021/05/13,6,stormx,stmx
330,,2021/05/14,18,stormx,stmx
331,,2021/05/15,34,stormx,stmx
332,,2021/05/16,27,stormx,stmx
333,,2021/05/17,38,stormx,stmx
334,,2021/05/18,20,stormx,stmx
335,,2021/05/19,2,stormx,stmx
336,,2021/05/20,5,stormx,stmx
337,,2021/05/21,10,stormx,stmx
338,,2021/05/22,7,stormx,stmx
339,,2021/05/23,9,stormx,stmx
340,,2021/05/24,10,stormx,stmx
341,,2021/05/25,9,stormx,stmx
342,,2021/05/26,13,stormx,stmx
343,,2021/05/27,4,stormx,stmx
344,,2021/05/28,3,stormx,stmx
345,,2021/05/29,6,stormx,stmx
346,,2021/05/30,42,stormx,stmx
347,,2021/05/31,14,stormx,stmx
348,,2021/06/01,11,stormx,stmx
349,,2021/06/02,16,stormx,stmx
350,,2021/06/03,14,stormx,stmx
351,,2021/06/04,17,stormx,stmx
352,,2021/06/05,2,stormx,stmx
353,,2021/06/06,6,stormx,stmx
354,,2021/06/07,3,stormx,stmx
355,,2021/06/08,2,stormx,stmx
356,,2021/06/09,3,stormx,stmx
357,,2021/06/10,3,stormx,stmx
358,,2021/06/11,2,stormx,stmx
359,,2021/06/12,2,stormx,stmx
360,,2021/06/13,3,stormx,stmx
361,,2021/06/14,10,stormx,stmx
362,,2021/06/15,8,stormx,stmx
363,,2021/06/16,5,stormx,stmx
364,,2021/06/17,8,stormx,stmx
365,,2021/06/18,5,stormx,stmx
366,,2021/06/19,3,stormx,stmx
367,,2021/06/20,2,stormx,stmx
368,,2021/06/21,4,stormx,stmx
369,,2021/06/22,3,stormx,stmx
370,,2021/06/23,5,stormx,stmx
371,,2021/06/24,7,stormx,stmx
372,,2021/06/25,5,stormx,stmx
373,,2021/06/26,5,stormx,stmx
374,,2021/06/27,2,stormx,stmx
375,,2021/06/28,6,stormx,stmx
376,,2021/06/29,9,stormx,stmx
377,,2021/06/30,13,stormx,stmx
378,,2021/07/01,51,stormx,stmx
379,,2021/07/02,45,stormx,stmx
380,,2021/07/03,26,stormx,stmx
381,,2021/07/04,25,stormx,stmx
382,,2021/07/05,4,stormx,stmx
383,,2021/07/06,3,stormx,stmx
384,,2021/07/07,13,stormx,stmx
385,,2021/07/08,4,stormx,stmx
386,,2021/07/09,8,stormx,stmx
387,,2021/07/10,7,stormx,stmx
388,,2021/07/11,4,stormx,stmx
389,,2021/07/12,79,stormx,stmx
390,,2021/07/13,7,stormx,stmx
391,,2021/07/14,11,stormx,stmx
392,,2021/07/15,5,stormx,stmx
393,,2021/07/16,4,stormx,stmx
394,,2021/07/17,5,stormx,stmx
395,,2021/07/18,1,stormx,stmx
396,,2021/07/19,7,stormx,stmx
397,,2021/07/20,5,stormx,stmx
398,,2021/07/21,3,stormx,stmx
399,,2021/07/22,5,stormx,stmx
400,,2021/07/23,3,stormx,stmx
401,,2021/07/24,1,stormx,stmx
402,,2021/07/25,1,stormx,stmx
403,,2021/07/26,9,stormx,stmx
404,,2021/07/27,4,stormx,stmx
405,,2021/07/28,7,stormx,stmx
406,,2021/07/29,8,stormx,stmx
407,,2021/07/30,12,stormx,stmx
408,,2021/07/31,6,stormx,stmx
409,,2021/08/01,12,stormx,stmx
410,,2021/08/02,12,stormx,stmx
411,,2021/08/03,3,stormx,stmx
412,,2021/08/04,1,stormx,stmx
413,,2021/08/05,5,stormx,stmx
414,,2021/08/06,8,stormx,stmx
415,,2021/08/07,7,stormx,stmx
416,,2021/08/08,7,stormx,stmx
417,,2021/08/09,10,stormx,stmx
418,,2021/08/10,2,stormx,stmx
419,,2021/08/11,15,stormx,stmx
420,,2021/08/12,5,stormx,stmx
421,,2021/08/13,4,stormx,stmx
422,,2021/08/14,2,stormx,stmx
423,,2021/08/15,15,stormx,stmx
424,,2021/08/16,6,stormx,stmx
425,,2021/08/17,12,stormx,stmx
426,,2021/08/18,5,stormx,stmx
427,,2021/08/19,13,stormx,stmx
428,,2021/08/20,4,stormx,stmx
429,,2021/08/21,10,stormx,stmx
430,,2021/08/22,4,stormx,stmx
431,,2021/08/23,20,stormx,stmx
432,,2021/08/24,2,stormx,stmx
433,,2021/08/25,6,stormx,stmx
434,,2021/08/26,2,stormx,stmx
435,,2021/08/27,7,stormx,stmx
436,,2021/08/28,8,stormx,stmx
437,,2021/08/29,9,stormx,stmx
438,,2021/08/30,10,stormx,stmx
439,,2021/08/31,2,stormx,stmx
440,,2021/09/01,10,stormx,stmx
441,,2021/09/02,5,stormx,stmx
442,,2021/09/03,7,stormx,stmx
443,,2021/09/04,39,stormx,stmx
444,,2021/09/05,17,stormx,stmx
445,,2021/09/06,7,stormx,stmx
446,,2021/09/07,10,stormx,stmx
447,,2021/09/08,16,stormx,stmx
448,,2021/09/09,5,stormx,stmx
449,,2021/09/10,1,stormx,stmx
450,,2021/09/11,3,stormx,stmx
451,,2021/09/12,4,stormx,stmx
452,,2021/09/13,4,stormx,stmx
453,,2021/09/14,1,stormx,stmx
454,,2021/09/15,5,stormx,stmx
455,,2021/09/16,1,stormx,stmx
456,,2021/09/17,2,stormx,stmx
457,,2021/09/18,null,stormx,stmx
458,,2021/09/19,null,stormx,stmx
459,,2021/09/20,1,stormx,stmx
460,,2021/09/21,2,stormx,stmx
461,,2021/09/22,1,stormx,stmx
462,,2021/09/23,7,stormx,stmx
463,,2021/09/24,2,stormx,stmx
464,,2021/09/25,3,stormx,stmx
465,,2021/09/26,2,stormx,stmx
466,,2021/09/27,null,stormx,stmx
467,,2021/09/28,1,stormx,stmx
468,,2021/09/29,1,stormx,stmx
469,,2021/09/30,6,stormx,stmx
470,,2021/10/01,5,stormx,stmx
471,,2021/10/02,47,stormx,stmx
472,,2021/10/03,8,stormx,stmx
473,,2021/10/04,5,stormx,stmx
474,,2021/10/05,2,stormx,stmx
475,,2021/10/06,3,stormx,stmx
476,,2021/10/07,8,stormx,stmx
477,,2021/10/08,17,stormx,stmx
478,,2021/10/09,6,stormx,stmx
479,,2021/10/10,3,stormx,stmx
480,,2021/10/11,8,stormx,stmx
481,,2021/10/12,7,stormx,stmx
482,,2021/10/13,11,stormx,stmx
483,,2021/10/14,18,stormx,stmx
484,,2021/10/15,9,stormx,stmx
485,,2021/10/16,3,stormx,stmx
486,,2021/10/17,1,stormx,stmx
487,,2021/10/18,1,stormx,stmx
488,,2021/10/19,3,stormx,stmx
489,,2021/10/20,4,stormx,stmx
490,,2021/10/21,12,stormx,stmx
491,,2021/10/22,6,stormx,stmx
492,,2021/10/23,4,stormx,stmx
493,,2021/10/24,5,stormx,stmx
494,,2021/10/25,2,stormx,stmx
495,,2021/10/26,6,stormx,stmx
496,,2021/10/27,2,stormx,stmx
497,,2021/10/28,1,stormx,stmx
498,,2021/10/29,9,stormx,stmx
499,,2021/10/30,10,stormx,stmx
500,,2021/10/31,12,stormx,stmx
501,,2021/11/01,10,stormx,stmx
502,,2021/11/02,6,stormx,stmx
503,,2021/11/03,12,stormx,stmx
504,,2021/11/04,24,stormx,stmx
505,,2021/11/05,16,stormx,stmx
506,,2021/11/06,12,stormx,stmx
507,,2021/11/07,7,stormx,stmx
508,,2021/11/08,2,stormx,stmx
509,,2021/11/09,19,stormx,stmx
510,,2021/11/10,10,stormx,stmx
511,,2021/11/11,4,stormx,stmx
512,,2021/11/12,7,stormx,stmx
513,,2021/11/13,4,stormx,stmx
514,,2021/11/14,2,stormx,stmx
515,,2021/11/15,8,stormx,stmx
516,,2021/11/16,6,stormx,stmx
