,google_trends,date,tweets,full_name,coin
0,,2019/01/07,12,streamr,dat
1,,2019/01/08,8,streamr,dat
2,,2019/01/09,null,streamr,dat
3,,2019/01/10,null,streamr,dat
4,,2019/01/11,null,streamr,dat
5,,2019/01/12,null,streamr,dat
6,,2019/01/13,null,streamr,dat
7,,2019/01/14,null,streamr,dat
8,,2019/01/15,null,streamr,dat
9,,2019/01/16,null,streamr,dat
10,,2019/01/17,null,streamr,dat
11,,2019/01/18,null,streamr,dat
12,,2019/01/19,null,streamr,dat
13,,2019/01/20,null,streamr,dat
14,,2019/01/21,null,streamr,dat
15,,2019/01/22,null,streamr,dat
16,,2019/01/23,null,streamr,dat
17,,2019/01/24,null,streamr,dat
18,,2019/01/25,null,streamr,dat
19,,2019/01/26,null,streamr,dat
20,,2019/01/27,null,streamr,dat
21,,2019/01/28,null,streamr,dat
22,,2019/01/29,null,streamr,dat
23,,2019/01/30,null,streamr,dat
24,,2019/01/31,null,streamr,dat
25,,2019/02/01,null,streamr,dat
26,,2019/02/02,null,streamr,dat
27,,2019/02/03,null,streamr,dat
28,,2019/02/04,null,streamr,dat
29,,2019/02/05,null,streamr,dat
30,,2019/02/06,null,streamr,dat
31,,2019/02/07,null,streamr,dat
32,,2019/02/08,null,streamr,dat
33,,2019/02/09,null,streamr,dat
34,,2019/02/10,null,streamr,dat
35,,2019/02/11,null,streamr,dat
36,,2019/02/12,null,streamr,dat
37,,2019/02/13,null,streamr,dat
38,,2019/02/14,null,streamr,dat
39,,2019/02/15,null,streamr,dat
40,,2019/02/16,null,streamr,dat
41,,2019/02/17,null,streamr,dat
42,,2019/02/18,null,streamr,dat
43,,2019/02/19,null,streamr,dat
44,,2019/02/20,null,streamr,dat
45,,2019/02/21,null,streamr,dat
46,,2019/02/22,null,streamr,dat
47,,2019/02/23,null,streamr,dat
48,,2019/02/24,null,streamr,dat
49,,2019/02/25,null,streamr,dat
50,,2019/02/26,3,streamr,dat
51,,2019/02/27,null,streamr,dat
52,,2019/02/28,null,streamr,dat
53,,2019/03/01,null,streamr,dat
54,,2019/03/02,2,streamr,dat
55,,2019/03/03,1,streamr,dat
56,,2019/03/04,null,streamr,dat
57,,2019/03/05,null,streamr,dat
58,,2019/03/06,null,streamr,dat
59,,2019/03/07,null,streamr,dat
60,,2019/03/08,null,streamr,dat
61,,2019/03/09,null,streamr,dat
62,,2019/03/10,null,streamr,dat
63,,2019/03/11,null,streamr,dat
64,,2019/03/12,null,streamr,dat
65,,2019/03/13,null,streamr,dat
66,,2019/03/14,null,streamr,dat
67,,2019/03/15,null,streamr,dat
68,,2019/03/16,null,streamr,dat
69,,2019/03/17,null,streamr,dat
70,,2019/03/18,null,streamr,dat
71,,2019/03/19,null,streamr,dat
72,,2019/03/20,null,streamr,dat
73,,2019/03/21,null,streamr,dat
74,,2019/03/22,null,streamr,dat
75,,2019/03/23,null,streamr,dat
76,,2019/03/24,null,streamr,dat
77,,2019/03/25,null,streamr,dat
78,,2019/03/26,8,streamr,dat
79,,2019/03/27,2,streamr,dat
80,,2019/03/28,null,streamr,dat
81,,2019/03/29,null,streamr,dat
82,,2019/03/30,null,streamr,dat
83,,2019/03/31,null,streamr,dat
84,,2019/04/01,null,streamr,dat
85,,2019/04/02,null,streamr,dat
86,,2019/04/03,null,streamr,dat
87,,2019/04/04,null,streamr,dat
88,,2019/04/05,null,streamr,dat
89,,2019/04/06,null,streamr,dat
90,,2019/04/07,null,streamr,dat
91,,2019/04/08,null,streamr,dat
92,,2019/04/09,null,streamr,dat
93,,2019/04/10,null,streamr,dat
94,,2019/04/11,null,streamr,dat
95,,2019/04/12,null,streamr,dat
96,,2019/04/13,null,streamr,dat
97,,2019/04/14,null,streamr,dat
98,,2019/04/15,null,streamr,dat
99,,2019/04/16,null,streamr,dat
100,,2019/04/17,null,streamr,dat
101,,2019/04/18,null,streamr,dat
102,,2019/04/19,null,streamr,dat
103,,2019/04/20,null,streamr,dat
104,,2019/04/21,null,streamr,dat
105,,2019/04/22,null,streamr,dat
106,,2019/04/23,null,streamr,dat
107,,2019/04/24,null,streamr,dat
108,,2019/04/25,null,streamr,dat
109,,2019/04/26,null,streamr,dat
110,,2019/04/27,null,streamr,dat
111,,2019/04/28,null,streamr,dat
112,,2019/04/29,null,streamr,dat
113,,2019/04/30,null,streamr,dat
114,,2019/05/01,null,streamr,dat
115,,2019/05/02,null,streamr,dat
116,,2019/05/03,null,streamr,dat
117,,2019/05/04,null,streamr,dat
118,,2019/05/05,null,streamr,dat
119,,2019/05/06,null,streamr,dat
120,,2019/05/07,null,streamr,dat
121,,2019/05/08,null,streamr,dat
122,,2019/05/09,null,streamr,dat
123,,2019/05/10,null,streamr,dat
124,,2019/05/11,null,streamr,dat
125,,2019/05/12,null,streamr,dat
126,,2019/05/13,null,streamr,dat
127,,2019/05/14,null,streamr,dat
128,,2019/05/15,null,streamr,dat
129,,2019/05/16,null,streamr,dat
130,,2019/05/17,null,streamr,dat
131,,2019/05/18,null,streamr,dat
132,,2019/05/19,null,streamr,dat
133,,2019/05/20,null,streamr,dat
134,,2019/05/21,null,streamr,dat
135,,2019/05/22,18,streamr,dat
136,,2019/05/23,4,streamr,dat
137,,2019/05/24,null,streamr,dat
138,,2019/05/25,null,streamr,dat
139,,2019/05/26,null,streamr,dat
140,,2019/05/27,null,streamr,dat
141,,2019/05/28,1,streamr,dat
142,,2019/05/29,null,streamr,dat
143,,2019/05/30,null,streamr,dat
144,,2019/05/31,null,streamr,dat
145,,2019/06/01,null,streamr,dat
146,,2019/06/02,null,streamr,dat
147,,2019/06/03,null,streamr,dat
148,,2019/06/04,null,streamr,dat
149,,2019/06/05,null,streamr,dat
150,,2019/06/06,null,streamr,dat
151,,2019/06/07,null,streamr,dat
152,,2019/06/08,null,streamr,dat
153,,2019/06/09,null,streamr,dat
154,,2019/06/10,null,streamr,dat
155,,2019/06/11,null,streamr,dat
156,,2019/06/12,null,streamr,dat
157,,2019/06/13,null,streamr,dat
158,,2019/06/14,null,streamr,dat
159,,2019/06/15,null,streamr,dat
160,,2019/06/16,3,streamr,dat
161,,2019/06/17,null,streamr,dat
162,,2019/06/18,null,streamr,dat
163,,2019/06/19,null,streamr,dat
164,,2019/06/20,null,streamr,dat
165,,2019/06/21,null,streamr,dat
166,,2019/06/22,null,streamr,dat
167,,2019/06/23,null,streamr,dat
168,,2019/06/24,null,streamr,dat
169,,2019/06/25,null,streamr,dat
170,,2019/06/26,null,streamr,dat
171,,2019/06/27,null,streamr,dat
172,,2019/06/28,null,streamr,dat
173,,2019/06/29,null,streamr,dat
174,,2019/06/30,null,streamr,dat
175,,2019/07/01,null,streamr,dat
176,,2019/07/02,null,streamr,dat
177,,2019/07/03,null,streamr,dat
178,,2019/07/04,null,streamr,dat
179,,2019/07/05,null,streamr,dat
180,,2019/07/06,null,streamr,dat
181,,2019/07/07,null,streamr,dat
182,,2019/07/08,null,streamr,dat
183,,2019/07/09,null,streamr,dat
184,,2019/07/10,null,streamr,dat
185,,2019/07/11,null,streamr,dat
186,,2019/07/12,null,streamr,dat
187,,2019/07/13,null,streamr,dat
188,,2019/07/14,null,streamr,dat
189,,2019/07/15,null,streamr,dat
190,,2019/07/16,null,streamr,dat
191,,2019/07/17,null,streamr,dat
192,,2019/07/18,null,streamr,dat
193,,2019/07/19,null,streamr,dat
194,,2019/07/20,null,streamr,dat
195,,2019/07/21,null,streamr,dat
196,,2019/07/22,null,streamr,dat
197,,2019/07/23,null,streamr,dat
198,,2019/07/24,null,streamr,dat
199,,2019/07/25,null,streamr,dat
200,,2019/07/26,null,streamr,dat
201,,2019/07/27,null,streamr,dat
202,,2019/07/28,null,streamr,dat
203,,2019/07/29,null,streamr,dat
204,,2019/07/30,null,streamr,dat
205,,2019/07/31,null,streamr,dat
206,,2019/08/01,null,streamr,dat
207,,2019/08/02,null,streamr,dat
208,,2019/08/03,null,streamr,dat
209,,2019/08/04,null,streamr,dat
210,,2019/08/05,null,streamr,dat
211,,2019/08/06,null,streamr,dat
212,,2019/08/07,null,streamr,dat
213,,2019/08/08,null,streamr,dat
214,,2019/08/09,null,streamr,dat
215,,2019/08/10,null,streamr,dat
216,,2019/08/11,null,streamr,dat
217,,2019/08/12,null,streamr,dat
218,,2019/08/13,null,streamr,dat
219,,2019/08/14,null,streamr,dat
220,,2019/08/15,null,streamr,dat
221,,2019/08/16,null,streamr,dat
222,,2019/08/17,null,streamr,dat
223,,2019/08/18,null,streamr,dat
224,,2019/08/19,null,streamr,dat
225,,2019/08/20,null,streamr,dat
226,,2019/08/21,null,streamr,dat
227,,2019/08/22,null,streamr,dat
228,,2019/08/23,null,streamr,dat
229,,2019/08/24,null,streamr,dat
230,,2019/08/25,null,streamr,dat
231,,2019/08/26,null,streamr,dat
232,,2019/08/27,null,streamr,dat
233,,2019/08/28,null,streamr,dat
234,,2019/08/29,null,streamr,dat
235,,2019/08/30,null,streamr,dat
236,,2019/08/31,null,streamr,dat
237,,2019/09/01,null,streamr,dat
238,,2019/09/02,null,streamr,dat
239,,2019/09/03,null,streamr,dat
240,,2019/09/04,null,streamr,dat
241,,2019/09/05,null,streamr,dat
242,,2019/09/06,null,streamr,dat
243,,2019/09/07,null,streamr,dat
244,,2019/09/08,null,streamr,dat
245,,2019/09/09,null,streamr,dat
246,,2019/09/10,null,streamr,dat
247,,2019/09/11,null,streamr,dat
248,,2019/09/12,null,streamr,dat
249,,2019/09/13,null,streamr,dat
250,,2019/09/14,null,streamr,dat
251,,2019/09/15,null,streamr,dat
252,,2019/09/16,null,streamr,dat
253,,2019/09/17,null,streamr,dat
254,,2019/09/18,null,streamr,dat
255,,2019/09/19,null,streamr,dat
256,,2019/09/20,null,streamr,dat
257,,2019/09/21,null,streamr,dat
258,,2019/09/22,null,streamr,dat
259,,2019/09/23,null,streamr,dat
260,,2019/09/24,null,streamr,dat
261,,2019/09/25,null,streamr,dat
262,,2019/09/26,null,streamr,dat
263,,2019/09/27,null,streamr,dat
264,,2019/09/28,null,streamr,dat
265,,2019/09/29,null,streamr,dat
266,,2019/09/30,null,streamr,dat
267,,2019/10/01,null,streamr,dat
268,,2019/10/02,null,streamr,dat
269,,2019/10/03,3,streamr,dat
270,,2019/10/04,1,streamr,dat
271,,2019/10/05,null,streamr,dat
272,,2019/10/06,null,streamr,dat
273,,2019/10/07,null,streamr,dat
274,,2019/10/08,null,streamr,dat
275,,2019/10/09,null,streamr,dat
276,,2019/10/10,null,streamr,dat
277,,2019/10/11,null,streamr,dat
278,,2019/10/12,null,streamr,dat
279,,2019/10/13,1,streamr,dat
280,,2019/10/14,null,streamr,dat
281,,2019/10/15,null,streamr,dat
282,,2019/10/16,1,streamr,dat
283,,2019/10/17,2,streamr,dat
284,,2019/10/18,1,streamr,dat
285,,2019/10/19,null,streamr,dat
286,,2019/10/20,null,streamr,dat
287,,2019/10/21,1,streamr,dat
288,,2019/10/22,null,streamr,dat
289,,2019/10/23,3,streamr,dat
290,,2019/10/24,null,streamr,dat
291,,2019/10/25,null,streamr,dat
292,,2019/10/26,null,streamr,dat
293,,2019/10/27,null,streamr,dat
294,,2019/10/28,null,streamr,dat
295,,2019/10/29,null,streamr,dat
296,,2019/10/30,null,streamr,dat
297,,2019/10/31,null,streamr,dat
298,,2019/11/01,null,streamr,dat
299,,2019/11/02,null,streamr,dat
300,,2019/11/03,null,streamr,dat
301,,2019/11/04,null,streamr,dat
302,,2019/11/05,null,streamr,dat
303,,2019/11/06,null,streamr,dat
304,,2019/11/07,null,streamr,dat
305,,2019/11/08,null,streamr,dat
306,,2019/11/09,null,streamr,dat
307,,2019/11/10,null,streamr,dat
308,,2019/11/11,null,streamr,dat
309,,2019/11/12,null,streamr,dat
310,,2019/11/13,null,streamr,dat
311,,2019/11/14,null,streamr,dat
312,,2019/11/15,null,streamr,dat
313,,2019/11/16,null,streamr,dat
314,,2019/11/17,null,streamr,dat
315,,2019/11/18,null,streamr,dat
316,,2019/11/19,null,streamr,dat
317,,2019/11/20,null,streamr,dat
318,,2019/11/21,null,streamr,dat
319,,2019/11/22,null,streamr,dat
320,,2019/11/23,null,streamr,dat
321,,2019/11/24,null,streamr,dat
322,,2019/11/25,16,streamr,dat
323,,2019/11/26,1,streamr,dat
324,,2019/11/27,14,streamr,dat
325,,2019/11/28,null,streamr,dat
326,,2019/11/29,null,streamr,dat
327,,2019/11/30,null,streamr,dat
328,,2019/12/01,null,streamr,dat
329,,2019/12/02,null,streamr,dat
330,,2019/12/03,null,streamr,dat
331,,2019/12/04,null,streamr,dat
332,,2019/12/05,null,streamr,dat
333,,2019/12/06,null,streamr,dat
334,,2019/12/07,null,streamr,dat
335,,2019/12/08,null,streamr,dat
336,,2019/12/09,null,streamr,dat
337,,2019/12/10,null,streamr,dat
338,,2019/12/11,null,streamr,dat
339,,2019/12/12,null,streamr,dat
340,,2019/12/13,null,streamr,dat
341,,2019/12/14,null,streamr,dat
342,,2019/12/15,null,streamr,dat
343,,2019/12/16,null,streamr,dat
344,,2019/12/17,null,streamr,dat
345,,2019/12/18,null,streamr,dat
346,,2019/12/19,null,streamr,dat
347,,2019/12/20,null,streamr,dat
348,,2019/12/21,null,streamr,dat
349,,2019/12/22,null,streamr,dat
350,,2019/12/23,null,streamr,dat
351,,2019/12/24,null,streamr,dat
352,,2019/12/25,null,streamr,dat
353,,2019/12/26,null,streamr,dat
354,,2019/12/27,null,streamr,dat
355,,2019/12/28,null,streamr,dat
356,,2019/12/29,null,streamr,dat
357,,2019/12/30,null,streamr,dat
358,,2019/12/31,null,streamr,dat
359,,2020/01/01,null,streamr,dat
360,,2020/01/02,null,streamr,dat
361,,2020/01/03,null,streamr,dat
362,,2020/01/04,null,streamr,dat
363,,2020/01/05,1,streamr,dat
364,,2020/01/06,4,streamr,dat
365,,2020/01/07,null,streamr,dat
366,,2020/01/08,null,streamr,dat
367,,2020/01/09,null,streamr,dat
368,,2020/01/10,null,streamr,dat
369,,2020/01/11,null,streamr,dat
370,,2020/01/12,null,streamr,dat
371,,2020/01/13,null,streamr,dat
372,,2020/01/14,null,streamr,dat
373,,2020/01/15,null,streamr,dat
374,,2020/01/16,null,streamr,dat
375,,2020/01/17,null,streamr,dat
376,,2020/01/18,null,streamr,dat
377,,2020/01/19,null,streamr,dat
378,,2020/01/20,null,streamr,dat
379,,2020/01/21,null,streamr,dat
380,,2020/01/22,null,streamr,dat
381,,2020/01/23,null,streamr,dat
382,,2020/01/24,null,streamr,dat
383,,2020/01/25,null,streamr,dat
384,,2020/01/26,null,streamr,dat
385,,2020/01/27,null,streamr,dat
386,,2020/01/28,null,streamr,dat
387,,2020/01/29,null,streamr,dat
388,,2020/01/30,null,streamr,dat
389,,2020/01/31,null,streamr,dat
390,,2020/02/01,null,streamr,dat
391,,2020/02/02,null,streamr,dat
392,,2020/02/03,null,streamr,dat
393,,2020/02/04,null,streamr,dat
394,,2020/02/05,null,streamr,dat
395,,2020/02/06,null,streamr,dat
396,,2020/02/07,null,streamr,dat
397,,2020/02/08,null,streamr,dat
398,,2020/02/09,null,streamr,dat
399,,2020/02/10,null,streamr,dat
400,,2020/02/11,null,streamr,dat
401,,2020/02/12,null,streamr,dat
402,,2020/02/13,null,streamr,dat
403,,2020/02/14,null,streamr,dat
404,,2020/02/15,null,streamr,dat
405,,2020/02/16,null,streamr,dat
406,,2020/02/17,null,streamr,dat
407,,2020/02/18,null,streamr,dat
408,,2020/02/19,null,streamr,dat
409,,2020/02/20,null,streamr,dat
410,,2020/02/21,null,streamr,dat
411,,2020/02/22,null,streamr,dat
412,,2020/02/23,null,streamr,dat
413,,2020/02/24,null,streamr,dat
414,,2020/02/25,null,streamr,dat
415,,2020/02/26,null,streamr,dat
416,,2020/02/27,null,streamr,dat
417,,2020/02/28,null,streamr,dat
418,,2020/02/29,null,streamr,dat
419,,2020/03/01,null,streamr,dat
420,,2020/03/02,null,streamr,dat
421,,2020/03/03,null,streamr,dat
422,,2020/03/04,null,streamr,dat
423,,2020/03/05,null,streamr,dat
424,,2020/03/06,null,streamr,dat
425,,2020/03/07,null,streamr,dat
426,,2020/03/08,null,streamr,dat
427,,2020/03/09,null,streamr,dat
428,,2020/03/10,null,streamr,dat
429,,2020/03/11,null,streamr,dat
430,,2020/03/12,null,streamr,dat
431,,2020/03/13,null,streamr,dat
432,,2020/03/14,null,streamr,dat
433,,2020/03/15,null,streamr,dat
434,,2020/03/16,null,streamr,dat
435,,2020/03/17,null,streamr,dat
436,,2020/03/18,null,streamr,dat
437,,2020/03/19,null,streamr,dat
438,,2020/03/20,15,streamr,dat
439,,2020/03/21,5,streamr,dat
440,,2020/03/22,2,streamr,dat
441,,2020/03/23,null,streamr,dat
442,,2020/03/24,null,streamr,dat
443,,2020/03/25,null,streamr,dat
444,,2020/03/26,4,streamr,dat
445,,2020/03/27,2,streamr,dat
446,,2020/03/28,null,streamr,dat
447,,2020/03/29,null,streamr,dat
448,,2020/03/30,null,streamr,dat
449,,2020/03/31,3,streamr,dat
450,,2020/04/01,null,streamr,dat
451,,2020/04/02,null,streamr,dat
452,,2020/04/03,null,streamr,dat
453,,2020/04/04,null,streamr,dat
454,,2020/04/05,null,streamr,dat
455,,2020/04/06,null,streamr,dat
456,,2020/04/07,null,streamr,dat
457,,2020/04/08,null,streamr,dat
458,,2020/04/09,null,streamr,dat
459,,2020/04/10,null,streamr,dat
460,,2020/04/11,null,streamr,dat
461,,2020/04/12,null,streamr,dat
462,,2020/04/13,null,streamr,dat
463,,2020/04/14,null,streamr,dat
464,,2020/04/15,null,streamr,dat
465,,2020/04/16,null,streamr,dat
466,,2020/04/17,null,streamr,dat
467,,2020/04/18,null,streamr,dat
468,,2020/04/19,null,streamr,dat
469,,2020/04/20,null,streamr,dat
470,,2020/04/21,null,streamr,dat
471,,2020/04/22,null,streamr,dat
472,,2020/04/23,null,streamr,dat
473,,2020/04/24,null,streamr,dat
474,,2020/04/25,null,streamr,dat
475,,2020/04/26,null,streamr,dat
476,,2020/04/27,null,streamr,dat
477,,2020/04/28,null,streamr,dat
478,,2020/04/29,null,streamr,dat
479,,2020/04/30,7,streamr,dat
480,,2020/05/01,1,streamr,dat
481,,2020/05/02,null,streamr,dat
482,,2020/05/03,null,streamr,dat
483,,2020/05/04,null,streamr,dat
484,,2020/05/05,null,streamr,dat
485,,2020/05/06,3,streamr,dat
486,,2020/05/07,1,streamr,dat
