,date,tweets,google_trends,full_name,coin
0,2020/04/03,97,,swipe,sxp
1,2020/04/04,104,,swipe,sxp
2,2020/04/05,46,,swipe,sxp
3,2020/04/06,705,,swipe,sxp
4,2020/04/07,348,,swipe,sxp
5,2020/04/08,null,,swipe,sxp
6,2020/04/09,null,,swipe,sxp
7,2020/04/10,null,,swipe,sxp
8,2020/04/11,null,,swipe,sxp
9,2020/04/12,null,,swipe,sxp
10,2020/04/13,null,,swipe,sxp
11,2020/04/14,null,,swipe,sxp
12,2020/04/15,null,,swipe,sxp
13,2020/04/16,null,,swipe,sxp
14,2020/04/17,89,,swipe,sxp
15,2020/04/18,109,,swipe,sxp
16,2020/04/19,null,,swipe,sxp
17,2020/04/20,null,,swipe,sxp
18,2020/04/21,null,,swipe,sxp
19,2020/04/22,null,,swipe,sxp
20,2020/04/23,null,,swipe,sxp
21,2020/04/24,null,,swipe,sxp
22,2020/04/25,null,,swipe,sxp
23,2020/04/26,null,,swipe,sxp
24,2020/04/27,null,,swipe,sxp
25,2020/04/28,null,,swipe,sxp
26,2020/04/29,null,,swipe,sxp
27,2020/04/30,null,,swipe,sxp
28,2020/05/01,null,,swipe,sxp
29,2020/05/02,null,,swipe,sxp
30,2020/05/03,null,,swipe,sxp
31,2020/05/04,null,,swipe,sxp
32,2020/05/05,null,,swipe,sxp
33,2020/05/06,null,,swipe,sxp
34,2020/05/07,null,,swipe,sxp
35,2020/05/08,null,,swipe,sxp
36,2020/05/09,null,,swipe,sxp
37,2020/05/10,null,,swipe,sxp
38,2020/05/11,null,,swipe,sxp
39,2020/05/12,null,,swipe,sxp
40,2020/05/13,null,,swipe,sxp
41,2020/05/14,null,,swipe,sxp
42,2020/05/15,null,,swipe,sxp
43,2020/05/16,null,,swipe,sxp
44,2020/05/17,null,,swipe,sxp
45,2020/05/18,null,,swipe,sxp
46,2020/05/19,null,,swipe,sxp
47,2020/05/20,null,,swipe,sxp
48,2020/05/21,null,,swipe,sxp
49,2020/05/22,null,,swipe,sxp
50,2020/05/23,null,,swipe,sxp
51,2020/05/24,null,,swipe,sxp
52,2020/05/25,null,,swipe,sxp
53,2020/05/26,null,,swipe,sxp
54,2020/05/27,null,,swipe,sxp
55,2020/05/28,null,,swipe,sxp
56,2020/05/29,null,,swipe,sxp
57,2020/05/30,null,,swipe,sxp
58,2020/05/31,null,,swipe,sxp
59,2020/06/01,null,,swipe,sxp
60,2020/06/02,null,,swipe,sxp
61,2020/06/03,null,,swipe,sxp
62,2020/06/04,null,,swipe,sxp
63,2020/06/05,null,,swipe,sxp
64,2020/06/06,null,,swipe,sxp
65,2020/06/07,null,,swipe,sxp
66,2020/06/08,null,,swipe,sxp
67,2020/06/09,null,,swipe,sxp
68,2020/06/10,null,,swipe,sxp
69,2020/06/11,null,,swipe,sxp
70,2020/06/12,null,,swipe,sxp
71,2020/06/13,null,,swipe,sxp
72,2020/06/14,null,,swipe,sxp
73,2020/06/15,null,,swipe,sxp
74,2020/06/16,null,,swipe,sxp
75,2020/06/17,null,,swipe,sxp
76,2020/06/18,null,,swipe,sxp
77,2020/06/19,null,,swipe,sxp
78,2020/06/20,null,,swipe,sxp
79,2020/06/21,null,,swipe,sxp
80,2020/06/22,null,,swipe,sxp
81,2020/06/23,null,,swipe,sxp
82,2020/06/24,null,,swipe,sxp
83,2020/06/25,null,,swipe,sxp
84,2020/06/26,null,,swipe,sxp
85,2020/06/27,null,,swipe,sxp
86,2020/06/28,null,,swipe,sxp
87,2020/06/29,null,,swipe,sxp
88,2020/06/30,null,,swipe,sxp
89,2020/07/01,167,,swipe,sxp
90,2020/07/02,251,,swipe,sxp
91,2020/07/03,103,,swipe,sxp
92,2020/07/04,93,,swipe,sxp
93,2020/07/05,null,,swipe,sxp
94,2020/07/06,null,,swipe,sxp
95,2020/07/07,null,,swipe,sxp
96,2020/07/08,146,,swipe,sxp
97,2020/07/09,285,,swipe,sxp
98,2020/07/10,157,,swipe,sxp
99,2020/07/11,135,,swipe,sxp
100,2020/07/12,165,,swipe,sxp
101,2020/07/13,275,,swipe,sxp
102,2020/07/14,328,,swipe,sxp
103,2020/07/15,205,,swipe,sxp
104,2020/07/16,155,,swipe,sxp
105,2020/07/17,186,,swipe,sxp
106,2020/07/18,null,,swipe,sxp
107,2020/07/19,690,,swipe,sxp
108,2020/07/20,206,,swipe,sxp
109,2020/07/21,334,,swipe,sxp
110,2020/07/22,209,,swipe,sxp
111,2020/07/23,105,,swipe,sxp
112,2020/07/24,307,,swipe,sxp
113,2020/07/25,244,,swipe,sxp
114,2020/07/26,134,,swipe,sxp
115,2020/07/27,151,,swipe,sxp
116,2020/07/28,307,,swipe,sxp
117,2020/07/29,186,,swipe,sxp
118,2020/07/30,134,,swipe,sxp
119,2020/07/31,281,,swipe,sxp
120,2020/08/01,497,,swipe,sxp
121,2020/08/02,188,,swipe,sxp
122,2020/08/03,355,,swipe,sxp
123,2020/08/04,190,,swipe,sxp
124,2020/08/05,142,,swipe,sxp
125,2020/08/06,81,,swipe,sxp
126,2020/08/07,185,,swipe,sxp
127,2020/08/08,122,,swipe,sxp
128,2020/08/09,215,,swipe,sxp
129,2020/08/10,260,,swipe,sxp
130,2020/08/11,684,,swipe,sxp
131,2020/08/12,246,,swipe,sxp
132,2020/08/13,503,,swipe,sxp
133,2020/08/14,321,,swipe,sxp
134,2020/08/15,244,,swipe,sxp
135,2020/08/16,314,,swipe,sxp
136,2020/08/17,399,,swipe,sxp
137,2020/08/18,1272,,swipe,sxp
138,2020/08/19,782,,swipe,sxp
139,2020/08/20,913,,swipe,sxp
140,2020/08/21,1006,,swipe,sxp
141,2020/08/22,763,,swipe,sxp
142,2020/08/23,925,,swipe,sxp
143,2020/08/24,370,,swipe,sxp
144,2020/08/25,288,,swipe,sxp
145,2020/08/26,354,,swipe,sxp
146,2020/08/27,372,,swipe,sxp
147,2020/08/28,576,,swipe,sxp
148,2020/08/29,677,,swipe,sxp
149,2020/08/30,544,,swipe,sxp
150,2020/08/31,935,,swipe,sxp
151,2020/09/01,508,,swipe,sxp
152,2020/09/02,182,,swipe,sxp
153,2020/09/03,253,,swipe,sxp
154,2020/09/04,512,,swipe,sxp
155,2020/09/05,229,,swipe,sxp
156,2020/09/06,201,,swipe,sxp
157,2020/09/07,146,,swipe,sxp
158,2020/09/08,421,,swipe,sxp
159,2020/09/09,175,,swipe,sxp
160,2020/09/10,144,,swipe,sxp
161,2020/09/11,106,,swipe,sxp
162,2020/09/12,159,,swipe,sxp
163,2020/09/13,117,,swipe,sxp
164,2020/09/14,125,,swipe,sxp
165,2020/09/15,154,,swipe,sxp
166,2020/09/16,143,,swipe,sxp
167,2020/09/17,96,,swipe,sxp
168,2020/09/18,294,,swipe,sxp
169,2020/09/19,162,,swipe,sxp
170,2020/09/20,128,,swipe,sxp
171,2020/09/21,87,,swipe,sxp
172,2020/09/22,267,,swipe,sxp
173,2020/09/23,222,,swipe,sxp
174,2020/09/24,96,,swipe,sxp
175,2020/09/25,130,,swipe,sxp
176,2020/09/26,120,,swipe,sxp
177,2020/09/27,256,,swipe,sxp
178,2020/09/28,177,,swipe,sxp
179,2020/09/29,206,,swipe,sxp
180,2020/09/30,236,,swipe,sxp
181,2020/10/01,1102,,swipe,sxp
182,2020/10/02,2077,,swipe,sxp
183,2020/10/03,893,,swipe,sxp
184,2020/10/04,783,,swipe,sxp
185,2020/10/05,485,,swipe,sxp
186,2020/10/06,132,,swipe,sxp
187,2020/10/07,248,,swipe,sxp
188,2020/10/08,121,,swipe,sxp
189,2020/10/09,131,,swipe,sxp
190,2020/10/10,471,,swipe,sxp
191,2020/10/11,130,,swipe,sxp
192,2020/10/12,103,,swipe,sxp
193,2020/10/13,141,,swipe,sxp
194,2020/10/14,137,,swipe,sxp
195,2020/10/15,125,,swipe,sxp
196,2020/10/16,62,,swipe,sxp
197,2020/10/17,83,,swipe,sxp
198,2020/10/18,110,,swipe,sxp
199,2020/10/19,55,,swipe,sxp
200,2020/10/20,82,,swipe,sxp
201,2020/10/21,108,,swipe,sxp
202,2020/10/22,135,,swipe,sxp
203,2020/10/23,196,,swipe,sxp
204,2020/10/24,163,,swipe,sxp
205,2020/10/25,121,,swipe,sxp
206,2020/10/26,114,,swipe,sxp
207,2020/10/27,55,,swipe,sxp
208,2020/10/28,87,,swipe,sxp
209,2020/10/29,61,,swipe,sxp
210,2020/10/30,124,,swipe,sxp
211,2020/10/31,48,,swipe,sxp
212,2020/11/01,69,,swipe,sxp
213,2020/11/02,237,,swipe,sxp
214,2020/11/03,100,,swipe,sxp
215,2020/11/04,133,,swipe,sxp
216,2020/11/05,189,,swipe,sxp
217,2020/11/06,224,,swipe,sxp
218,2020/11/07,96,,swipe,sxp
219,2020/11/08,92,,swipe,sxp
220,2020/11/09,57,,swipe,sxp
221,2020/11/10,78,,swipe,sxp
222,2020/11/11,77,,swipe,sxp
223,2020/11/12,114,,swipe,sxp
224,2020/11/13,84,,swipe,sxp
225,2020/11/14,108,,swipe,sxp
226,2020/11/15,64,,swipe,sxp
227,2020/11/16,83,,swipe,sxp
228,2020/11/17,54,,swipe,sxp
229,2020/11/18,87,,swipe,sxp
230,2020/11/19,38,,swipe,sxp
231,2020/11/20,117,,swipe,sxp
232,2020/11/21,73,,swipe,sxp
233,2020/11/22,56,,swipe,sxp
234,2020/11/23,139,,swipe,sxp
235,2020/11/24,57,,swipe,sxp
236,2020/11/25,56,,swipe,sxp
237,2020/11/26,61,,swipe,sxp
238,2020/11/27,349,,swipe,sxp
239,2020/11/28,166,,swipe,sxp
240,2020/11/29,92,,swipe,sxp
241,2020/11/30,73,,swipe,sxp
242,2020/12/01,93,,swipe,sxp
243,2020/12/02,50,,swipe,sxp
244,2020/12/03,104,,swipe,sxp
245,2020/12/04,66,,swipe,sxp
246,2020/12/05,40,,swipe,sxp
247,2020/12/06,35,,swipe,sxp
248,2020/12/07,35,,swipe,sxp
249,2020/12/08,125,,swipe,sxp
250,2020/12/09,120,,swipe,sxp
251,2020/12/10,188,,swipe,sxp
252,2020/12/11,148,,swipe,sxp
253,2020/12/12,111,,swipe,sxp
254,2020/12/13,50,,swipe,sxp
255,2020/12/14,110,,swipe,sxp
256,2020/12/15,107,,swipe,sxp
257,2020/12/16,121,,swipe,sxp
258,2020/12/17,116,,swipe,sxp
259,2020/12/18,65,,swipe,sxp
260,2020/12/19,71,,swipe,sxp
261,2020/12/20,52,,swipe,sxp
262,2020/12/21,60,,swipe,sxp
263,2020/12/22,39,,swipe,sxp
264,2020/12/23,48,,swipe,sxp
265,2020/12/24,36,,swipe,sxp
266,2020/12/25,54,,swipe,sxp
267,2020/12/26,41,,swipe,sxp
268,2020/12/27,35,,swipe,sxp
269,2020/12/28,38,,swipe,sxp
270,2020/12/29,147,,swipe,sxp
271,2020/12/30,111,,swipe,sxp
272,2020/12/31,119,,swipe,sxp
273,2021/01/01,49,,swipe,sxp
274,2021/01/02,137,,swipe,sxp
275,2021/01/03,168,,swipe,sxp
276,2021/01/04,117,,swipe,sxp
277,2021/01/05,121,,swipe,sxp
278,2021/01/06,211,,swipe,sxp
279,2021/01/07,116,,swipe,sxp
280,2021/01/08,141,,swipe,sxp
281,2021/01/09,230,,swipe,sxp
282,2021/01/10,52,,swipe,sxp
283,2021/01/11,58,,swipe,sxp
284,2021/01/12,61,,swipe,sxp
285,2021/01/13,80,,swipe,sxp
286,2021/01/14,1848,,swipe,sxp
287,2021/01/15,318,,swipe,sxp
288,2021/01/16,94,,swipe,sxp
289,2021/01/17,67,,swipe,sxp
290,2021/01/18,199,,swipe,sxp
291,2021/01/19,175,,swipe,sxp
292,2021/01/20,99,,swipe,sxp
293,2021/01/21,88,,swipe,sxp
294,2021/01/22,94,,swipe,sxp
295,2021/01/23,116,,swipe,sxp
296,2021/01/24,136,,swipe,sxp
297,2021/01/25,209,,swipe,sxp
298,2021/01/26,180,,swipe,sxp
299,2021/01/27,340,,swipe,sxp
300,2021/01/28,120,,swipe,sxp
301,2021/01/29,126,,swipe,sxp
302,2021/01/30,200,,swipe,sxp
303,2021/01/31,264,,swipe,sxp
304,2021/02/01,165,,swipe,sxp
305,2021/02/02,340,,swipe,sxp
306,2021/02/03,219,,swipe,sxp
307,2021/02/04,195,,swipe,sxp
308,2021/02/05,191,,swipe,sxp
309,2021/02/06,176,,swipe,sxp
310,2021/02/07,321,,swipe,sxp
311,2021/02/08,139,,swipe,sxp
312,2021/02/09,234,,swipe,sxp
313,2021/02/10,276,,swipe,sxp
314,2021/02/11,1424,,swipe,sxp
315,2021/02/12,516,,swipe,sxp
316,2021/02/13,412,,swipe,sxp
317,2021/02/14,372,,swipe,sxp
318,2021/02/15,207,,swipe,sxp
319,2021/02/16,317,,swipe,sxp
320,2021/02/17,244,,swipe,sxp
321,2021/02/18,907,,swipe,sxp
322,2021/02/19,827,,swipe,sxp
323,2021/02/20,985,,swipe,sxp
324,2021/02/21,699,,swipe,sxp
325,2021/02/22,892,,swipe,sxp
326,2021/02/23,247,,swipe,sxp
327,2021/02/24,326,,swipe,sxp
328,2021/02/25,665,,swipe,sxp
329,2021/02/26,379,,swipe,sxp
330,2021/02/27,268,,swipe,sxp
331,2021/02/28,330,,swipe,sxp
332,2021/03/01,382,,swipe,sxp
333,2021/03/02,305,,swipe,sxp
334,2021/03/03,1441,,swipe,sxp
335,2021/03/04,386,,swipe,sxp
336,2021/03/05,241,,swipe,sxp
337,2021/03/06,154,,swipe,sxp
338,2021/03/07,247,,swipe,sxp
339,2021/03/08,658,,swipe,sxp
340,2021/03/09,587,,swipe,sxp
341,2021/03/10,1294,,swipe,sxp
342,2021/03/11,1118,,swipe,sxp
343,2021/03/12,652,,swipe,sxp
344,2021/03/13,373,,swipe,sxp
345,2021/03/14,1066,,swipe,sxp
346,2021/03/15,591,,swipe,sxp
347,2021/03/16,1448,,swipe,sxp
348,2021/03/17,574,,swipe,sxp
349,2021/03/18,502,,swipe,sxp
350,2021/03/19,947,,swipe,sxp
351,2021/03/20,505,,swipe,sxp
352,2021/03/21,701,,swipe,sxp
353,2021/03/22,632,,swipe,sxp
354,2021/03/23,702,,swipe,sxp
355,2021/03/24,696,,swipe,sxp
356,2021/03/25,432,,swipe,sxp
357,2021/03/26,295,,swipe,sxp
358,2021/03/27,207,,swipe,sxp
359,2021/03/28,232,,swipe,sxp
360,2021/03/29,305,,swipe,sxp
361,2021/03/30,202,,swipe,sxp
362,2021/03/31,214,,swipe,sxp
363,2021/04/01,192,,swipe,sxp
364,2021/04/02,82,,swipe,sxp
365,2021/04/03,223,,swipe,sxp
366,2021/04/04,516,,swipe,sxp
367,2021/04/05,238,,swipe,sxp
368,2021/04/06,202,,swipe,sxp
369,2021/04/07,168,,swipe,sxp
370,2021/04/08,458,,swipe,sxp
371,2021/04/09,311,,swipe,sxp
372,2021/04/10,686,,swipe,sxp
373,2021/04/11,231,,swipe,sxp
374,2021/04/12,159,,swipe,sxp
375,2021/04/13,471,,swipe,sxp
376,2021/04/14,474,,swipe,sxp
377,2021/04/15,663,,swipe,sxp
378,2021/04/16,533,,swipe,sxp
379,2021/04/17,416,,swipe,sxp
380,2021/04/18,458,,swipe,sxp
381,2021/04/19,250,,swipe,sxp
382,2021/04/20,277,,swipe,sxp
383,2021/04/21,709,,swipe,sxp
384,2021/04/22,592,,swipe,sxp
385,2021/04/23,229,,swipe,sxp
386,2021/04/24,595,,swipe,sxp
387,2021/04/25,310,,swipe,sxp
388,2021/04/26,249,,swipe,sxp
389,2021/04/27,495,,swipe,sxp
390,2021/04/28,377,,swipe,sxp
391,2021/04/29,1208,,swipe,sxp
392,2021/04/30,1044,,swipe,sxp
393,2021/05/01,2045,,swipe,sxp
394,2021/05/02,324,,swipe,sxp
395,2021/05/03,791,,swipe,sxp
396,2021/05/04,435,,swipe,sxp
397,2021/05/05,635,,swipe,sxp
398,2021/05/06,1160,,swipe,sxp
399,2021/05/07,594,,swipe,sxp
400,2021/05/08,331,,swipe,sxp
401,2021/05/09,394,,swipe,sxp
402,2021/05/10,468,,swipe,sxp
403,2021/05/11,190,,swipe,sxp
404,2021/05/12,204,,swipe,sxp
405,2021/05/13,217,,swipe,sxp
406,2021/05/14,629,,swipe,sxp
407,2021/05/15,455,,swipe,sxp
408,2021/05/16,194,,swipe,sxp
409,2021/05/17,83,,swipe,sxp
410,2021/05/18,116,,swipe,sxp
411,2021/05/19,422,,swipe,sxp
412,2021/05/20,217,,swipe,sxp
413,2021/05/21,200,,swipe,sxp
414,2021/05/22,117,,swipe,sxp
415,2021/05/23,239,,swipe,sxp
416,2021/05/24,219,,swipe,sxp
417,2021/05/25,253,,swipe,sxp
418,2021/05/26,223,,swipe,sxp
419,2021/05/27,272,,swipe,sxp
420,2021/05/28,151,,swipe,sxp
421,2021/05/29,50,,swipe,sxp
422,2021/05/30,231,,swipe,sxp
423,2021/05/31,262,,swipe,sxp
424,2021/06/01,100,,swipe,sxp
425,2021/06/02,106,,swipe,sxp
426,2021/06/03,169,,swipe,sxp
427,2021/06/04,121,,swipe,sxp
428,2021/06/05,139,,swipe,sxp
429,2021/06/06,265,,swipe,sxp
430,2021/06/07,77,,swipe,sxp
431,2021/06/08,172,,swipe,sxp
432,2021/06/09,356,,swipe,sxp
433,2021/06/10,92,,swipe,sxp
434,2021/06/11,89,,swipe,sxp
435,2021/06/12,26,,swipe,sxp
436,2021/06/13,93,,swipe,sxp
437,2021/06/14,53,,swipe,sxp
438,2021/06/15,317,,swipe,sxp
439,2021/06/16,609,,swipe,sxp
440,2021/06/17,267,,swipe,sxp
441,2021/06/18,165,,swipe,sxp
442,2021/06/19,238,,swipe,sxp
443,2021/06/20,239,,swipe,sxp
444,2021/06/21,156,,swipe,sxp
445,2021/06/22,43,,swipe,sxp
446,2021/06/23,120,,swipe,sxp
447,2021/06/24,127,,swipe,sxp
448,2021/06/25,144,,swipe,sxp
449,2021/06/26,179,,swipe,sxp
450,2021/06/27,165,,swipe,sxp
451,2021/06/28,260,,swipe,sxp
452,2021/06/29,317,,swipe,sxp
453,2021/06/30,357,,swipe,sxp
454,2021/07/01,121,,swipe,sxp
455,2021/07/02,71,,swipe,sxp
456,2021/07/03,122,,swipe,sxp
457,2021/07/04,167,,swipe,sxp
458,2021/07/05,131,,swipe,sxp
459,2021/07/06,144,,swipe,sxp
460,2021/07/07,334,,swipe,sxp
461,2021/07/08,160,,swipe,sxp
462,2021/07/09,138,,swipe,sxp
463,2021/07/10,46,,swipe,sxp
464,2021/07/11,110,,swipe,sxp
465,2021/07/12,80,,swipe,sxp
466,2021/07/13,118,,swipe,sxp
467,2021/07/14,163,,swipe,sxp
468,2021/07/15,83,,swipe,sxp
469,2021/07/16,73,,swipe,sxp
470,2021/07/17,69,,swipe,sxp
471,2021/07/18,101,,swipe,sxp
472,2021/07/19,102,,swipe,sxp
473,2021/07/20,61,,swipe,sxp
474,2021/07/21,77,,swipe,sxp
475,2021/07/22,173,,swipe,sxp
476,2021/07/23,82,,swipe,sxp
477,2021/07/24,105,,swipe,sxp
478,2021/07/25,36,,swipe,sxp
479,2021/07/26,346,,swipe,sxp
480,2021/07/27,364,,swipe,sxp
481,2021/07/28,140,,swipe,sxp
482,2021/07/29,384,,swipe,sxp
483,2021/07/30,150,,swipe,sxp
484,2021/07/31,145,,swipe,sxp
485,2021/08/01,316,,swipe,sxp
486,2021/08/02,1186,,swipe,sxp
487,2021/08/03,433,,swipe,sxp
488,2021/08/04,300,,swipe,sxp
489,2021/08/05,258,,swipe,sxp
490,2021/08/06,349,,swipe,sxp
491,2021/08/07,449,,swipe,sxp
492,2021/08/08,219,,swipe,sxp
493,2021/08/09,456,,swipe,sxp
494,2021/08/10,565,,swipe,sxp
495,2021/08/11,276,,swipe,sxp
496,2021/08/12,290,,swipe,sxp
497,2021/08/13,446,,swipe,sxp
498,2021/08/14,353,,swipe,sxp
499,2021/08/15,271,,swipe,sxp
500,2021/08/16,328,,swipe,sxp
501,2021/08/17,207,,swipe,sxp
502,2021/08/18,136,,swipe,sxp
503,2021/08/19,226,,swipe,sxp
504,2021/08/20,302,,swipe,sxp
505,2021/08/21,229,,swipe,sxp
506,2021/08/22,209,,swipe,sxp
507,2021/08/23,224,,swipe,sxp
508,2021/08/24,250,,swipe,sxp
509,2021/08/25,205,,swipe,sxp
510,2021/08/26,184,,swipe,sxp
511,2021/08/27,136,,swipe,sxp
512,2021/08/28,250,,swipe,sxp
513,2021/08/29,199,,swipe,sxp
514,2021/08/30,117,,swipe,sxp
515,2021/08/31,239,,swipe,sxp
516,2021/09/01,129,,swipe,sxp
517,2021/09/02,116,,swipe,sxp
518,2021/09/03,166,,swipe,sxp
519,2021/09/04,193,,swipe,sxp
520,2021/09/05,297,,swipe,sxp
521,2021/09/06,126,,swipe,sxp
522,2021/09/07,64,,swipe,sxp
523,2021/09/08,113,,swipe,sxp
524,2021/09/09,195,,swipe,sxp
525,2021/09/10,61,,swipe,sxp
526,2021/09/11,31,,swipe,sxp
527,2021/09/12,45,,swipe,sxp
528,2021/09/13,142,,swipe,sxp
529,2021/09/14,182,,swipe,sxp
530,2021/09/15,833,,swipe,sxp
531,2021/09/16,968,,swipe,sxp
532,2021/09/17,417,,swipe,sxp
533,2021/09/18,135,,swipe,sxp
534,2021/09/19,130,,swipe,sxp
535,2021/09/20,317,,swipe,sxp
536,2021/09/21,152,,swipe,sxp
537,2021/09/22,49,,swipe,sxp
538,2021/09/23,68,,swipe,sxp
539,2021/09/24,78,,swipe,sxp
540,2021/09/25,109,,swipe,sxp
541,2021/09/26,2245,,swipe,sxp
542,2021/09/27,1467,,swipe,sxp
543,2021/09/28,16309,,swipe,sxp
544,2021/09/29,1736,,swipe,sxp
545,2021/09/30,699,,swipe,sxp
546,2021/10/01,381,,swipe,sxp
547,2021/10/02,159,,swipe,sxp
548,2021/10/03,137,,swipe,sxp
549,2021/10/04,103,,swipe,sxp
550,2021/10/05,99,,swipe,sxp
551,2021/10/06,191,,swipe,sxp
552,2021/10/07,212,,swipe,sxp
553,2021/10/08,256,,swipe,sxp
554,2021/10/09,126,,swipe,sxp
555,2021/10/10,9365,,swipe,sxp
556,2021/10/11,2807,,swipe,sxp
557,2021/10/12,841,,swipe,sxp
558,2021/10/13,752,,swipe,sxp
559,2021/10/14,2325,,swipe,sxp
560,2021/10/15,697,,swipe,sxp
561,2021/10/16,524,,swipe,sxp
562,2021/10/17,4543,,swipe,sxp
563,2021/10/18,891,,swipe,sxp
564,2021/10/19,2165,,swipe,sxp
565,2021/10/20,913,,swipe,sxp
566,2021/10/21,1230,,swipe,sxp
567,2021/10/22,195,,swipe,sxp
568,2021/10/23,142,,swipe,sxp
569,2021/10/24,172,,swipe,sxp
570,2021/10/25,342,,swipe,sxp
571,2021/10/26,241,,swipe,sxp
572,2021/10/27,164,,swipe,sxp
573,2021/10/28,162,,swipe,sxp
574,2021/10/29,1183,,swipe,sxp
575,2021/10/30,628,,swipe,sxp
576,2021/10/31,290,,swipe,sxp
577,2021/11/01,86,,swipe,sxp
578,2021/11/02,139,,swipe,sxp
579,2021/11/03,145,,swipe,sxp
580,2021/11/04,274,,swipe,sxp
581,2021/11/05,208,,swipe,sxp
582,2021/11/06,99,,swipe,sxp
583,2021/11/07,85,,swipe,sxp
584,2021/11/08,87,,swipe,sxp
585,2021/11/09,124,,swipe,sxp
586,2021/11/10,126,,swipe,sxp
587,2021/11/11,82,,swipe,sxp
588,2021/11/12,102,,swipe,sxp
589,2021/11/13,128,,swipe,sxp
590,2021/11/14,59,,swipe,sxp
591,2021/11/15,151,,swipe,sxp
592,2021/11/16,958,,swipe,sxp
