,google_trends,date,tweets,full_name,coin
0,,2021/04/07,1,tokenclub token,tct
1,,2021/04/08,null,tokenclub token,tct
2,,2021/04/09,null,tokenclub token,tct
3,,2021/04/10,null,tokenclub token,tct
4,,2021/04/11,null,tokenclub token,tct
5,,2021/04/12,null,tokenclub token,tct
6,,2021/04/13,null,tokenclub token,tct
7,,2021/04/14,null,tokenclub token,tct
8,,2021/04/15,null,tokenclub token,tct
9,,2021/04/16,null,tokenclub token,tct
10,,2021/04/17,null,tokenclub token,tct
11,,2021/04/18,null,tokenclub token,tct
12,,2021/04/19,null,tokenclub token,tct
13,,2021/04/20,null,tokenclub token,tct
14,,2021/04/21,null,tokenclub token,tct
15,,2021/04/22,null,tokenclub token,tct
16,,2021/04/23,null,tokenclub token,tct
17,,2021/04/24,null,tokenclub token,tct
18,,2021/04/25,null,tokenclub token,tct
19,,2021/04/26,null,tokenclub token,tct
20,,2021/04/27,null,tokenclub token,tct
21,,2021/04/28,null,tokenclub token,tct
22,,2021/04/29,null,tokenclub token,tct
23,,2021/04/30,null,tokenclub token,tct
24,,2021/05/01,null,tokenclub token,tct
25,,2021/05/02,null,tokenclub token,tct
26,,2021/05/03,null,tokenclub token,tct
27,,2021/05/04,null,tokenclub token,tct
28,,2021/05/05,null,tokenclub token,tct
29,,2021/05/06,null,tokenclub token,tct
30,,2021/05/07,null,tokenclub token,tct
31,,2021/05/08,null,tokenclub token,tct
32,,2021/05/09,1,tokenclub token,tct
33,,2021/05/10,null,tokenclub token,tct
34,,2021/05/11,null,tokenclub token,tct
35,,2021/05/12,null,tokenclub token,tct
36,,2021/05/13,null,tokenclub token,tct
37,,2021/05/14,null,tokenclub token,tct
38,,2021/05/15,null,tokenclub token,tct
39,,2021/05/16,null,tokenclub token,tct
40,,2021/05/17,null,tokenclub token,tct
41,,2021/05/18,null,tokenclub token,tct
42,,2021/05/19,null,tokenclub token,tct
43,,2021/05/20,null,tokenclub token,tct
44,,2021/05/21,null,tokenclub token,tct
45,,2021/05/22,null,tokenclub token,tct
46,,2021/05/23,null,tokenclub token,tct
47,,2021/05/24,null,tokenclub token,tct
48,,2021/05/25,null,tokenclub token,tct
49,,2021/05/26,null,tokenclub token,tct
50,,2021/05/27,null,tokenclub token,tct
51,,2021/05/28,1,tokenclub token,tct
52,,2021/05/29,null,tokenclub token,tct
53,,2021/05/30,null,tokenclub token,tct
54,,2021/05/31,null,tokenclub token,tct
55,,2021/06/01,null,tokenclub token,tct
56,,2021/06/02,null,tokenclub token,tct
57,,2021/06/03,null,tokenclub token,tct
58,,2021/06/04,null,tokenclub token,tct
59,,2021/06/05,null,tokenclub token,tct
60,,2021/06/06,null,tokenclub token,tct
61,,2021/06/07,null,tokenclub token,tct
62,,2021/06/08,null,tokenclub token,tct
63,,2021/06/09,null,tokenclub token,tct
64,,2021/06/10,null,tokenclub token,tct
65,,2021/06/11,null,tokenclub token,tct
66,,2021/06/12,null,tokenclub token,tct
67,,2021/06/13,null,tokenclub token,tct
68,,2021/06/14,null,tokenclub token,tct
69,,2021/06/15,null,tokenclub token,tct
70,,2021/06/16,null,tokenclub token,tct
71,,2021/06/17,null,tokenclub token,tct
72,,2021/06/18,null,tokenclub token,tct
73,,2021/06/19,null,tokenclub token,tct
74,,2021/06/20,null,tokenclub token,tct
75,,2021/06/21,null,tokenclub token,tct
76,,2021/06/22,null,tokenclub token,tct
77,,2021/06/23,null,tokenclub token,tct
78,,2021/06/24,null,tokenclub token,tct
79,,2021/06/25,null,tokenclub token,tct
80,,2021/06/26,null,tokenclub token,tct
81,,2021/06/27,null,tokenclub token,tct
82,,2021/06/28,null,tokenclub token,tct
83,,2021/06/29,null,tokenclub token,tct
84,,2021/06/30,null,tokenclub token,tct
85,,2021/07/01,null,tokenclub token,tct
86,,2021/07/02,null,tokenclub token,tct
87,,2021/07/03,null,tokenclub token,tct
88,,2021/07/04,null,tokenclub token,tct
89,,2021/07/05,null,tokenclub token,tct
90,,2021/07/06,null,tokenclub token,tct
91,,2021/07/07,null,tokenclub token,tct
92,,2021/07/08,null,tokenclub token,tct
93,,2021/07/09,null,tokenclub token,tct
94,,2021/07/10,null,tokenclub token,tct
95,,2021/07/11,null,tokenclub token,tct
96,,2021/07/12,null,tokenclub token,tct
97,,2021/07/13,null,tokenclub token,tct
98,,2021/07/14,null,tokenclub token,tct
99,,2021/07/15,null,tokenclub token,tct
100,,2021/07/16,null,tokenclub token,tct
101,,2021/07/17,null,tokenclub token,tct
102,,2021/07/18,null,tokenclub token,tct
103,,2021/07/19,null,tokenclub token,tct
104,,2021/07/20,null,tokenclub token,tct
105,,2021/07/21,null,tokenclub token,tct
106,,2021/07/22,null,tokenclub token,tct
107,,2021/07/23,null,tokenclub token,tct
108,,2021/07/24,null,tokenclub token,tct
109,,2021/07/25,null,tokenclub token,tct
110,,2021/07/26,null,tokenclub token,tct
111,,2021/07/27,null,tokenclub token,tct
112,,2021/07/28,null,tokenclub token,tct
113,,2021/07/29,null,tokenclub token,tct
114,,2021/07/30,null,tokenclub token,tct
115,,2021/07/31,null,tokenclub token,tct
116,,2021/08/01,null,tokenclub token,tct
117,,2021/08/02,null,tokenclub token,tct
118,,2021/08/03,null,tokenclub token,tct
119,,2021/08/04,null,tokenclub token,tct
120,,2021/08/05,null,tokenclub token,tct
121,,2021/08/06,null,tokenclub token,tct
122,,2021/08/07,null,tokenclub token,tct
123,,2021/08/08,null,tokenclub token,tct
124,,2021/08/09,null,tokenclub token,tct
125,,2021/08/10,null,tokenclub token,tct
126,,2021/08/11,null,tokenclub token,tct
127,,2021/08/12,null,tokenclub token,tct
128,,2021/08/13,null,tokenclub token,tct
129,,2021/08/14,null,tokenclub token,tct
130,,2021/08/15,null,tokenclub token,tct
131,,2021/08/16,null,tokenclub token,tct
132,,2021/08/17,null,tokenclub token,tct
133,,2021/08/18,null,tokenclub token,tct
134,,2021/08/19,1,tokenclub token,tct
