,google_trends,date,tweets,full_name,coin
0,,2019/08/25,343,tomochain,tomo
1,,2019/08/26,88,tomochain,tomo
2,,2019/08/27,81,tomochain,tomo
3,,2019/08/28,107,tomochain,tomo
4,,2019/08/29,37,tomochain,tomo
5,,2019/08/30,52,tomochain,tomo
6,,2019/08/31,32,tomochain,tomo
7,,2019/09/01,28,tomochain,tomo
8,,2019/09/02,10,tomochain,tomo
9,,2019/09/03,13,tomochain,tomo
10,,2019/09/04,78,tomochain,tomo
11,,2019/09/05,74,tomochain,tomo
12,,2019/09/06,34,tomochain,tomo
13,,2019/09/07,11,tomochain,tomo
14,,2019/09/08,12,tomochain,tomo
15,,2019/09/09,17,tomochain,tomo
16,,2019/09/10,50,tomochain,tomo
17,,2019/09/11,39,tomochain,tomo
18,,2019/09/12,51,tomochain,tomo
19,,2019/09/13,12,tomochain,tomo
20,,2019/09/14,1,tomochain,tomo
21,,2019/09/15,16,tomochain,tomo
22,,2019/09/16,19,tomochain,tomo
23,,2019/09/17,9,tomochain,tomo
24,,2019/09/18,19,tomochain,tomo
25,,2019/09/19,12,tomochain,tomo
26,,2019/09/20,55,tomochain,tomo
27,,2019/09/21,23,tomochain,tomo
28,,2019/09/22,33,tomochain,tomo
29,,2019/09/23,35,tomochain,tomo
30,,2019/09/24,68,tomochain,tomo
31,,2019/09/25,12,tomochain,tomo
32,,2019/09/26,40,tomochain,tomo
33,,2019/09/27,55,tomochain,tomo
34,,2019/09/28,22,tomochain,tomo
35,,2019/09/29,7,tomochain,tomo
36,,2019/09/30,33,tomochain,tomo
37,,2019/10/01,59,tomochain,tomo
38,,2019/10/02,281,tomochain,tomo
39,,2019/10/03,37,tomochain,tomo
40,,2019/10/04,40,tomochain,tomo
41,,2019/10/05,null,tomochain,tomo
42,,2019/10/06,null,tomochain,tomo
43,,2019/10/07,null,tomochain,tomo
44,,2019/10/08,null,tomochain,tomo
45,,2019/10/09,null,tomochain,tomo
46,,2019/10/10,null,tomochain,tomo
47,,2019/10/11,null,tomochain,tomo
48,,2019/10/12,null,tomochain,tomo
49,,2019/10/13,null,tomochain,tomo
50,,2019/10/14,null,tomochain,tomo
51,,2019/10/15,null,tomochain,tomo
52,,2019/10/16,null,tomochain,tomo
53,,2019/10/17,null,tomochain,tomo
54,,2019/10/18,null,tomochain,tomo
55,,2019/10/19,null,tomochain,tomo
56,,2019/10/20,null,tomochain,tomo
57,,2019/10/21,39,tomochain,tomo
58,,2019/10/22,81,tomochain,tomo
59,,2019/10/23,5,tomochain,tomo
60,,2019/10/24,48,tomochain,tomo
61,,2019/10/25,38,tomochain,tomo
62,,2019/10/26,7,tomochain,tomo
63,,2019/10/27,8,tomochain,tomo
64,,2019/10/28,63,tomochain,tomo
65,,2019/10/29,52,tomochain,tomo
66,,2019/10/30,36,tomochain,tomo
67,,2019/10/31,21,tomochain,tomo
68,,2019/11/01,66,tomochain,tomo
69,,2019/11/02,31,tomochain,tomo
70,,2019/11/03,49,tomochain,tomo
71,,2019/11/04,35,tomochain,tomo
72,,2019/11/05,30,tomochain,tomo
73,,2019/11/06,59,tomochain,tomo
74,,2019/11/07,31,tomochain,tomo
75,,2019/11/08,44,tomochain,tomo
76,,2019/11/09,18,tomochain,tomo
77,,2019/11/10,16,tomochain,tomo
78,,2019/11/11,27,tomochain,tomo
79,,2019/11/12,67,tomochain,tomo
80,,2019/11/13,91,tomochain,tomo
81,,2019/11/14,71,tomochain,tomo
82,,2019/11/15,43,tomochain,tomo
83,,2019/11/16,15,tomochain,tomo
84,,2019/11/17,15,tomochain,tomo
85,,2019/11/18,50,tomochain,tomo
86,,2019/11/19,63,tomochain,tomo
87,,2019/11/20,68,tomochain,tomo
88,,2019/11/21,24,tomochain,tomo
89,,2019/11/22,153,tomochain,tomo
90,,2019/11/23,35,tomochain,tomo
91,,2019/11/24,19,tomochain,tomo
92,,2019/11/25,32,tomochain,tomo
93,,2019/11/26,45,tomochain,tomo
94,,2019/11/27,29,tomochain,tomo
95,,2019/11/28,168,tomochain,tomo
96,,2019/11/29,60,tomochain,tomo
97,,2019/11/30,30,tomochain,tomo
98,,2019/12/01,30,tomochain,tomo
99,,2019/12/02,66,tomochain,tomo
100,,2019/12/03,62,tomochain,tomo
101,,2019/12/04,35,tomochain,tomo
102,,2019/12/05,62,tomochain,tomo
103,,2019/12/06,47,tomochain,tomo
104,,2019/12/07,15,tomochain,tomo
105,,2019/12/08,34,tomochain,tomo
106,,2019/12/09,103,tomochain,tomo
107,,2019/12/10,83,tomochain,tomo
108,,2019/12/11,97,tomochain,tomo
109,,2019/12/12,93,tomochain,tomo
110,,2019/12/13,76,tomochain,tomo
111,,2019/12/14,195,tomochain,tomo
112,,2019/12/15,65,tomochain,tomo
113,,2019/12/16,116,tomochain,tomo
114,,2019/12/17,43,tomochain,tomo
115,,2019/12/18,73,tomochain,tomo
116,,2019/12/19,69,tomochain,tomo
117,,2019/12/20,71,tomochain,tomo
118,,2019/12/21,84,tomochain,tomo
119,,2019/12/22,41,tomochain,tomo
120,,2019/12/23,47,tomochain,tomo
121,,2019/12/24,40,tomochain,tomo
122,,2019/12/25,79,tomochain,tomo
123,,2019/12/26,94,tomochain,tomo
124,,2019/12/27,74,tomochain,tomo
125,,2019/12/28,28,tomochain,tomo
126,,2019/12/29,26,tomochain,tomo
127,,2019/12/30,40,tomochain,tomo
128,,2019/12/31,28,tomochain,tomo
129,,2020/01/01,46,tomochain,tomo
130,,2020/01/02,37,tomochain,tomo
131,,2020/01/03,34,tomochain,tomo
132,,2020/01/04,35,tomochain,tomo
133,,2020/01/05,27,tomochain,tomo
134,,2020/01/06,139,tomochain,tomo
135,,2020/01/07,85,tomochain,tomo
136,,2020/01/08,30,tomochain,tomo
137,,2020/01/09,91,tomochain,tomo
138,,2020/01/10,92,tomochain,tomo
139,,2020/01/11,59,tomochain,tomo
140,,2020/01/12,19,tomochain,tomo
141,,2020/01/13,69,tomochain,tomo
142,,2020/01/14,51,tomochain,tomo
143,,2020/01/15,20,tomochain,tomo
144,,2020/01/16,20,tomochain,tomo
145,,2020/01/17,20,tomochain,tomo
146,,2020/01/18,147,tomochain,tomo
147,,2020/01/19,111,tomochain,tomo
148,,2020/01/20,82,tomochain,tomo
149,,2020/01/21,129,tomochain,tomo
150,,2020/01/22,38,tomochain,tomo
151,,2020/01/23,39,tomochain,tomo
152,,2020/01/24,34,tomochain,tomo
153,,2020/01/25,43,tomochain,tomo
154,,2020/01/26,37,tomochain,tomo
155,,2020/01/27,44,tomochain,tomo
156,,2020/01/28,47,tomochain,tomo
157,,2020/01/29,66,tomochain,tomo
158,,2020/01/30,36,tomochain,tomo
159,,2020/01/31,40,tomochain,tomo
160,,2020/02/01,50,tomochain,tomo
161,,2020/02/02,42,tomochain,tomo
162,,2020/02/03,31,tomochain,tomo
163,,2020/02/04,46,tomochain,tomo
164,,2020/02/05,67,tomochain,tomo
165,,2020/02/06,97,tomochain,tomo
166,,2020/02/07,22,tomochain,tomo
167,,2020/02/08,29,tomochain,tomo
168,,2020/02/09,19,tomochain,tomo
169,,2020/02/10,74,tomochain,tomo
170,,2020/02/11,94,tomochain,tomo
171,,2020/02/12,120,tomochain,tomo
172,,2020/02/13,48,tomochain,tomo
173,,2020/02/14,117,tomochain,tomo
174,,2020/02/15,94,tomochain,tomo
175,,2020/02/16,134,tomochain,tomo
176,,2020/02/17,68,tomochain,tomo
177,,2020/02/18,119,tomochain,tomo
178,,2020/02/19,74,tomochain,tomo
179,,2020/02/20,42,tomochain,tomo
180,,2020/02/21,171,tomochain,tomo
181,,2020/02/22,46,tomochain,tomo
182,,2020/02/23,24,tomochain,tomo
183,,2020/02/24,92,tomochain,tomo
184,,2020/02/25,61,tomochain,tomo
185,,2020/02/26,59,tomochain,tomo
186,,2020/02/27,80,tomochain,tomo
187,,2020/02/28,69,tomochain,tomo
188,,2020/02/29,130,tomochain,tomo
189,,2020/03/01,170,tomochain,tomo
190,,2020/03/02,160,tomochain,tomo
191,,2020/03/03,73,tomochain,tomo
192,,2020/03/04,65,tomochain,tomo
193,,2020/03/05,165,tomochain,tomo
194,,2020/03/06,123,tomochain,tomo
195,,2020/03/07,16,tomochain,tomo
196,,2020/03/08,23,tomochain,tomo
197,,2020/03/09,111,tomochain,tomo
198,,2020/03/10,194,tomochain,tomo
199,,2020/03/11,323,tomochain,tomo
200,,2020/03/12,128,tomochain,tomo
201,,2020/03/13,72,tomochain,tomo
202,,2020/03/14,11,tomochain,tomo
203,,2020/03/15,88,tomochain,tomo
204,,2020/03/16,30,tomochain,tomo
205,,2020/03/17,42,tomochain,tomo
206,,2020/03/18,19,tomochain,tomo
207,,2020/03/19,25,tomochain,tomo
208,,2020/03/20,28,tomochain,tomo
209,,2020/03/21,6,tomochain,tomo
210,,2020/03/22,1,tomochain,tomo
211,,2020/03/23,89,tomochain,tomo
212,,2020/03/24,65,tomochain,tomo
213,,2020/03/25,100,tomochain,tomo
214,,2020/03/26,31,tomochain,tomo
215,,2020/03/27,18,tomochain,tomo
216,,2020/03/28,6,tomochain,tomo
217,,2020/03/29,40,tomochain,tomo
218,,2020/03/30,58,tomochain,tomo
219,,2020/03/31,40,tomochain,tomo
220,,2020/04/01,29,tomochain,tomo
221,,2020/04/02,22,tomochain,tomo
222,,2020/04/03,37,tomochain,tomo
223,,2020/04/04,48,tomochain,tomo
224,,2020/04/05,30,tomochain,tomo
225,,2020/04/06,90,tomochain,tomo
226,,2020/04/07,125,tomochain,tomo
227,,2020/04/08,138,tomochain,tomo
228,,2020/04/09,108,tomochain,tomo
229,,2020/04/10,72,tomochain,tomo
230,,2020/04/11,17,tomochain,tomo
231,,2020/04/12,51,tomochain,tomo
232,,2020/04/13,109,tomochain,tomo
233,,2020/04/14,76,tomochain,tomo
234,,2020/04/15,87,tomochain,tomo
235,,2020/04/16,216,tomochain,tomo
236,,2020/04/17,187,tomochain,tomo
237,,2020/04/18,48,tomochain,tomo
238,,2020/04/19,46,tomochain,tomo
239,,2020/04/20,31,tomochain,tomo
240,,2020/04/21,351,tomochain,tomo
241,,2020/04/22,142,tomochain,tomo
242,,2020/04/23,51,tomochain,tomo
243,,2020/04/24,257,tomochain,tomo
244,,2020/04/25,91,tomochain,tomo
245,,2020/04/26,46,tomochain,tomo
246,,2020/04/27,230,tomochain,tomo
247,,2020/04/28,131,tomochain,tomo
248,,2020/04/29,154,tomochain,tomo
249,,2020/04/30,222,tomochain,tomo
250,,2020/05/01,142,tomochain,tomo
251,,2020/05/02,37,tomochain,tomo
252,,2020/05/03,32,tomochain,tomo
253,,2020/05/04,89,tomochain,tomo
254,,2020/05/05,62,tomochain,tomo
255,,2020/05/06,137,tomochain,tomo
256,,2020/05/07,131,tomochain,tomo
257,,2020/05/08,163,tomochain,tomo
258,,2020/05/09,165,tomochain,tomo
259,,2020/05/10,115,tomochain,tomo
260,,2020/05/11,154,tomochain,tomo
261,,2020/05/12,122,tomochain,tomo
262,,2020/05/13,214,tomochain,tomo
263,,2020/05/14,136,tomochain,tomo
264,,2020/05/15,118,tomochain,tomo
265,,2020/05/16,131,tomochain,tomo
266,,2020/05/17,164,tomochain,tomo
267,,2020/05/18,440,tomochain,tomo
268,,2020/05/19,107,tomochain,tomo
269,,2020/05/20,200,tomochain,tomo
270,,2020/05/21,236,tomochain,tomo
271,,2020/05/22,216,tomochain,tomo
272,,2020/05/23,315,tomochain,tomo
273,,2020/05/24,134,tomochain,tomo
274,,2020/05/25,140,tomochain,tomo
275,,2020/05/26,191,tomochain,tomo
276,,2020/05/27,153,tomochain,tomo
277,,2020/05/28,158,tomochain,tomo
278,,2020/05/29,212,tomochain,tomo
279,,2020/05/30,145,tomochain,tomo
280,,2020/05/31,52,tomochain,tomo
281,,2020/06/01,85,tomochain,tomo
282,,2020/06/02,55,tomochain,tomo
283,,2020/06/03,81,tomochain,tomo
284,,2020/06/04,58,tomochain,tomo
285,,2020/06/05,176,tomochain,tomo
286,,2020/06/06,123,tomochain,tomo
287,,2020/06/07,139,tomochain,tomo
288,,2020/06/08,182,tomochain,tomo
289,,2020/06/09,428,tomochain,tomo
290,,2020/06/10,521,tomochain,tomo
291,,2020/06/11,214,tomochain,tomo
292,,2020/06/12,139,tomochain,tomo
293,,2020/06/13,138,tomochain,tomo
294,,2020/06/14,405,tomochain,tomo
295,,2020/06/15,87,tomochain,tomo
296,,2020/06/16,544,tomochain,tomo
297,,2020/06/17,337,tomochain,tomo
298,,2020/06/18,244,tomochain,tomo
299,,2020/06/19,215,tomochain,tomo
300,,2020/06/20,290,tomochain,tomo
301,,2020/06/21,114,tomochain,tomo
302,,2020/06/22,267,tomochain,tomo
303,,2020/06/23,132,tomochain,tomo
304,,2020/06/24,147,tomochain,tomo
305,,2020/06/25,159,tomochain,tomo
306,,2020/06/26,138,tomochain,tomo
307,,2020/06/27,66,tomochain,tomo
308,,2020/06/28,52,tomochain,tomo
309,,2020/06/29,150,tomochain,tomo
310,,2020/06/30,33,tomochain,tomo
311,,2020/07/01,88,tomochain,tomo
312,,2020/07/02,97,tomochain,tomo
313,,2020/07/03,77,tomochain,tomo
314,,2020/07/04,61,tomochain,tomo
315,,2020/07/05,50,tomochain,tomo
316,,2020/07/06,168,tomochain,tomo
317,,2020/07/07,208,tomochain,tomo
318,,2020/07/08,121,tomochain,tomo
319,,2020/07/09,81,tomochain,tomo
320,,2020/07/10,90,tomochain,tomo
321,,2020/07/11,163,tomochain,tomo
322,,2020/07/12,103,tomochain,tomo
323,,2020/07/13,128,tomochain,tomo
324,,2020/07/14,85,tomochain,tomo
325,,2020/07/15,252,tomochain,tomo
326,,2020/07/16,123,tomochain,tomo
327,,2020/07/17,106,tomochain,tomo
328,,2020/07/18,null,tomochain,tomo
329,,2020/07/19,114,tomochain,tomo
330,,2020/07/20,315,tomochain,tomo
331,,2020/07/21,176,tomochain,tomo
332,,2020/07/22,171,tomochain,tomo
333,,2020/07/23,102,tomochain,tomo
334,,2020/07/24,210,tomochain,tomo
335,,2020/07/25,312,tomochain,tomo
336,,2020/07/26,104,tomochain,tomo
337,,2020/07/27,117,tomochain,tomo
338,,2020/07/28,137,tomochain,tomo
339,,2020/07/29,535,tomochain,tomo
340,,2020/07/30,112,tomochain,tomo
341,,2020/07/31,56,tomochain,tomo
342,,2020/08/01,55,tomochain,tomo
343,,2020/08/02,118,tomochain,tomo
344,,2020/08/03,239,tomochain,tomo
345,,2020/08/04,279,tomochain,tomo
346,,2020/08/05,97,tomochain,tomo
347,,2020/08/06,72,tomochain,tomo
348,,2020/08/07,163,tomochain,tomo
349,,2020/08/08,42,tomochain,tomo
350,,2020/08/09,117,tomochain,tomo
351,,2020/08/10,133,tomochain,tomo
352,,2020/08/11,153,tomochain,tomo
353,,2020/08/12,154,tomochain,tomo
354,,2020/08/13,241,tomochain,tomo
355,,2020/08/14,85,tomochain,tomo
356,,2020/08/15,103,tomochain,tomo
357,,2020/08/16,128,tomochain,tomo
358,,2020/08/17,112,tomochain,tomo
359,,2020/08/18,375,tomochain,tomo
360,,2020/08/19,318,tomochain,tomo
361,,2020/08/20,238,tomochain,tomo
362,,2020/08/21,67,tomochain,tomo
363,,2020/08/22,324,tomochain,tomo
364,,2020/08/23,111,tomochain,tomo
365,,2020/08/24,151,tomochain,tomo
366,,2020/08/25,81,tomochain,tomo
367,,2020/08/26,50,tomochain,tomo
368,,2020/08/27,76,tomochain,tomo
369,,2020/08/28,117,tomochain,tomo
370,,2020/08/29,113,tomochain,tomo
371,,2020/08/30,141,tomochain,tomo
372,,2020/08/31,149,tomochain,tomo
373,,2020/09/01,166,tomochain,tomo
374,,2020/09/02,64,tomochain,tomo
375,,2020/09/03,134,tomochain,tomo
376,,2020/09/04,137,tomochain,tomo
377,,2020/09/05,164,tomochain,tomo
378,,2020/09/06,81,tomochain,tomo
379,,2020/09/07,96,tomochain,tomo
380,,2020/09/08,69,tomochain,tomo
381,,2020/09/09,93,tomochain,tomo
382,,2020/09/10,116,tomochain,tomo
383,,2020/09/11,60,tomochain,tomo
384,,2020/09/12,91,tomochain,tomo
385,,2020/09/13,42,tomochain,tomo
386,,2020/09/14,112,tomochain,tomo
387,,2020/09/15,107,tomochain,tomo
388,,2020/09/16,143,tomochain,tomo
389,,2020/09/17,161,tomochain,tomo
390,,2020/09/18,46,tomochain,tomo
391,,2020/09/19,77,tomochain,tomo
392,,2020/09/20,29,tomochain,tomo
393,,2020/09/21,72,tomochain,tomo
394,,2020/09/22,149,tomochain,tomo
395,,2020/09/23,164,tomochain,tomo
396,,2020/09/24,172,tomochain,tomo
397,,2020/09/25,418,tomochain,tomo
398,,2020/09/26,601,tomochain,tomo
399,,2020/09/27,135,tomochain,tomo
400,,2020/09/28,98,tomochain,tomo
401,,2020/09/29,103,tomochain,tomo
402,,2020/09/30,150,tomochain,tomo
403,,2020/10/01,73,tomochain,tomo
404,,2020/10/02,99,tomochain,tomo
405,,2020/10/03,80,tomochain,tomo
406,,2020/10/04,34,tomochain,tomo
407,,2020/10/05,27,tomochain,tomo
408,,2020/10/06,41,tomochain,tomo
409,,2020/10/07,77,tomochain,tomo
410,,2020/10/08,152,tomochain,tomo
411,,2020/10/09,38,tomochain,tomo
412,,2020/10/10,43,tomochain,tomo
413,,2020/10/11,34,tomochain,tomo
414,,2020/10/12,63,tomochain,tomo
415,,2020/10/13,86,tomochain,tomo
416,,2020/10/14,76,tomochain,tomo
417,,2020/10/15,159,tomochain,tomo
418,,2020/10/16,91,tomochain,tomo
419,,2020/10/17,63,tomochain,tomo
420,,2020/10/18,57,tomochain,tomo
421,,2020/10/19,52,tomochain,tomo
422,,2020/10/20,66,tomochain,tomo
423,,2020/10/21,37,tomochain,tomo
424,,2020/10/22,89,tomochain,tomo
425,,2020/10/23,60,tomochain,tomo
426,,2020/10/24,66,tomochain,tomo
427,,2020/10/25,24,tomochain,tomo
428,,2020/10/26,15,tomochain,tomo
429,,2020/10/27,49,tomochain,tomo
430,,2020/10/28,189,tomochain,tomo
431,,2020/10/29,174,tomochain,tomo
432,,2020/10/30,105,tomochain,tomo
433,,2020/10/31,161,tomochain,tomo
434,,2020/11/01,132,tomochain,tomo
435,,2020/11/02,286,tomochain,tomo
436,,2020/11/03,370,tomochain,tomo
437,,2020/11/04,181,tomochain,tomo
438,,2020/11/05,130,tomochain,tomo
439,,2020/11/06,103,tomochain,tomo
440,,2020/11/07,40,tomochain,tomo
441,,2020/11/08,40,tomochain,tomo
442,,2020/11/09,31,tomochain,tomo
443,,2020/11/10,44,tomochain,tomo
444,,2020/11/11,60,tomochain,tomo
445,,2020/11/12,60,tomochain,tomo
446,,2020/11/13,134,tomochain,tomo
447,,2020/11/14,48,tomochain,tomo
448,,2020/11/15,151,tomochain,tomo
449,,2020/11/16,87,tomochain,tomo
450,,2020/11/17,63,tomochain,tomo
451,,2020/11/18,214,tomochain,tomo
452,,2020/11/19,178,tomochain,tomo
453,,2020/11/20,131,tomochain,tomo
454,,2020/11/21,65,tomochain,tomo
455,,2020/11/22,76,tomochain,tomo
456,,2020/11/23,113,tomochain,tomo
457,,2020/11/24,28,tomochain,tomo
458,,2020/11/25,42,tomochain,tomo
459,,2020/11/26,31,tomochain,tomo
460,,2020/11/27,40,tomochain,tomo
461,,2020/11/28,17,tomochain,tomo
462,,2020/11/29,20,tomochain,tomo
463,,2020/11/30,122,tomochain,tomo
464,,2020/12/01,144,tomochain,tomo
465,,2020/12/02,348,tomochain,tomo
466,,2020/12/03,77,tomochain,tomo
467,,2020/12/04,54,tomochain,tomo
468,,2020/12/05,25,tomochain,tomo
469,,2020/12/06,9,tomochain,tomo
470,,2020/12/07,47,tomochain,tomo
471,,2020/12/08,18,tomochain,tomo
472,,2020/12/09,74,tomochain,tomo
473,,2020/12/10,28,tomochain,tomo
474,,2020/12/11,26,tomochain,tomo
475,,2020/12/12,15,tomochain,tomo
476,,2020/12/13,22,tomochain,tomo
477,,2020/12/14,110,tomochain,tomo
478,,2020/12/15,206,tomochain,tomo
479,,2020/12/16,120,tomochain,tomo
480,,2020/12/17,250,tomochain,tomo
481,,2020/12/18,77,tomochain,tomo
482,,2020/12/19,76,tomochain,tomo
483,,2020/12/20,31,tomochain,tomo
484,,2020/12/21,78,tomochain,tomo
485,,2020/12/22,43,tomochain,tomo
486,,2020/12/23,138,tomochain,tomo
487,,2020/12/24,172,tomochain,tomo
488,,2020/12/25,71,tomochain,tomo
489,,2020/12/26,42,tomochain,tomo
490,,2020/12/27,24,tomochain,tomo
491,,2020/12/28,42,tomochain,tomo
492,,2020/12/29,34,tomochain,tomo
493,,2020/12/30,22,tomochain,tomo
494,,2020/12/31,100,tomochain,tomo
495,,2021/01/01,57,tomochain,tomo
496,,2021/01/02,152,tomochain,tomo
497,,2021/01/03,115,tomochain,tomo
498,,2021/01/04,135,tomochain,tomo
499,,2021/01/05,152,tomochain,tomo
500,,2021/01/06,137,tomochain,tomo
501,,2021/01/07,107,tomochain,tomo
502,,2021/01/08,180,tomochain,tomo
503,,2021/01/09,139,tomochain,tomo
504,,2021/01/10,400,tomochain,tomo
505,,2021/01/11,126,tomochain,tomo
506,,2021/01/12,432,tomochain,tomo
507,,2021/01/13,233,tomochain,tomo
508,,2021/01/14,219,tomochain,tomo
509,,2021/01/15,90,tomochain,tomo
510,,2021/01/16,84,tomochain,tomo
511,,2021/01/17,69,tomochain,tomo
512,,2021/01/18,123,tomochain,tomo
513,,2021/01/19,193,tomochain,tomo
514,,2021/01/20,148,tomochain,tomo
515,,2021/01/21,208,tomochain,tomo
516,,2021/01/22,181,tomochain,tomo
517,,2021/01/23,70,tomochain,tomo
518,,2021/01/24,91,tomochain,tomo
519,,2021/01/25,123,tomochain,tomo
520,,2021/01/26,100,tomochain,tomo
521,,2021/01/27,152,tomochain,tomo
522,,2021/01/28,98,tomochain,tomo
523,,2021/01/29,124,tomochain,tomo
524,,2021/01/30,68,tomochain,tomo
525,,2021/01/31,88,tomochain,tomo
526,,2021/02/01,90,tomochain,tomo
527,,2021/02/02,80,tomochain,tomo
528,,2021/02/03,101,tomochain,tomo
529,,2021/02/04,273,tomochain,tomo
530,,2021/02/05,159,tomochain,tomo
531,,2021/02/06,211,tomochain,tomo
532,,2021/02/07,154,tomochain,tomo
533,,2021/02/08,113,tomochain,tomo
534,,2021/02/09,77,tomochain,tomo
535,,2021/02/10,210,tomochain,tomo
536,,2021/02/11,91,tomochain,tomo
537,,2021/02/12,117,tomochain,tomo
538,,2021/02/13,136,tomochain,tomo
539,,2021/02/14,150,tomochain,tomo
540,,2021/02/15,95,tomochain,tomo
541,,2021/02/16,119,tomochain,tomo
542,,2021/02/17,211,tomochain,tomo
543,,2021/02/18,132,tomochain,tomo
544,,2021/02/19,268,tomochain,tomo
545,,2021/02/20,199,tomochain,tomo
546,,2021/02/21,93,tomochain,tomo
547,,2021/02/22,354,tomochain,tomo
548,,2021/02/23,221,tomochain,tomo
549,,2021/02/24,237,tomochain,tomo
550,,2021/02/25,92,tomochain,tomo
551,,2021/02/26,122,tomochain,tomo
552,,2021/02/27,67,tomochain,tomo
553,,2021/02/28,73,tomochain,tomo
554,,2021/03/01,146,tomochain,tomo
555,,2021/03/02,126,tomochain,tomo
556,,2021/03/03,166,tomochain,tomo
557,,2021/03/04,93,tomochain,tomo
558,,2021/03/05,145,tomochain,tomo
559,,2021/03/06,65,tomochain,tomo
560,,2021/03/07,278,tomochain,tomo
561,,2021/03/08,71,tomochain,tomo
562,,2021/03/09,109,tomochain,tomo
563,,2021/03/10,70,tomochain,tomo
564,,2021/03/11,101,tomochain,tomo
565,,2021/03/12,45,tomochain,tomo
566,,2021/03/13,58,tomochain,tomo
567,,2021/03/14,68,tomochain,tomo
568,,2021/03/15,111,tomochain,tomo
569,,2021/03/16,140,tomochain,tomo
570,,2021/03/17,103,tomochain,tomo
571,,2021/03/18,164,tomochain,tomo
572,,2021/03/19,104,tomochain,tomo
573,,2021/03/20,151,tomochain,tomo
574,,2021/03/21,106,tomochain,tomo
575,,2021/03/22,148,tomochain,tomo
576,,2021/03/23,65,tomochain,tomo
577,,2021/03/24,1699,tomochain,tomo
578,,2021/03/25,451,tomochain,tomo
579,,2021/03/26,42,tomochain,tomo
580,,2021/03/27,66,tomochain,tomo
581,,2021/03/28,44,tomochain,tomo
582,,2021/03/29,61,tomochain,tomo
583,,2021/03/30,199,tomochain,tomo
584,,2021/03/31,166,tomochain,tomo
585,,2021/04/01,38,tomochain,tomo
586,,2021/04/02,53,tomochain,tomo
587,,2021/04/03,76,tomochain,tomo
588,,2021/04/04,198,tomochain,tomo
589,,2021/04/05,55,tomochain,tomo
590,,2021/04/06,17,tomochain,tomo
591,,2021/04/07,62,tomochain,tomo
592,,2021/04/08,54,tomochain,tomo
593,,2021/04/09,130,tomochain,tomo
594,,2021/04/10,95,tomochain,tomo
595,,2021/04/11,40,tomochain,tomo
596,,2021/04/12,41,tomochain,tomo
597,,2021/04/13,59,tomochain,tomo
598,,2021/04/14,78,tomochain,tomo
599,,2021/04/15,51,tomochain,tomo
600,,2021/04/16,95,tomochain,tomo
601,,2021/04/17,23,tomochain,tomo
602,,2021/04/18,40,tomochain,tomo
603,,2021/04/19,59,tomochain,tomo
604,,2021/04/20,128,tomochain,tomo
605,,2021/04/21,52,tomochain,tomo
606,,2021/04/22,33,tomochain,tomo
607,,2021/04/23,57,tomochain,tomo
608,,2021/04/24,9,tomochain,tomo
609,,2021/04/25,60,tomochain,tomo
610,,2021/04/26,83,tomochain,tomo
611,,2021/04/27,75,tomochain,tomo
612,,2021/04/28,59,tomochain,tomo
613,,2021/04/29,33,tomochain,tomo
614,,2021/04/30,104,tomochain,tomo
615,,2021/05/01,119,tomochain,tomo
616,,2021/05/02,73,tomochain,tomo
617,,2021/05/03,42,tomochain,tomo
618,,2021/05/04,72,tomochain,tomo
619,,2021/05/05,91,tomochain,tomo
620,,2021/05/06,97,tomochain,tomo
621,,2021/05/07,69,tomochain,tomo
622,,2021/05/08,19,tomochain,tomo
623,,2021/05/09,16,tomochain,tomo
624,,2021/05/10,125,tomochain,tomo
625,,2021/05/11,115,tomochain,tomo
626,,2021/05/12,147,tomochain,tomo
627,,2021/05/13,47,tomochain,tomo
628,,2021/05/14,105,tomochain,tomo
629,,2021/05/15,45,tomochain,tomo
630,,2021/05/16,45,tomochain,tomo
631,,2021/05/17,39,tomochain,tomo
632,,2021/05/18,63,tomochain,tomo
633,,2021/05/19,57,tomochain,tomo
634,,2021/05/20,29,tomochain,tomo
635,,2021/05/21,77,tomochain,tomo
636,,2021/05/22,34,tomochain,tomo
637,,2021/05/23,159,tomochain,tomo
638,,2021/05/24,1938,tomochain,tomo
639,,2021/05/25,314,tomochain,tomo
640,,2021/05/26,201,tomochain,tomo
641,,2021/05/27,128,tomochain,tomo
642,,2021/05/28,67,tomochain,tomo
643,,2021/05/29,41,tomochain,tomo
644,,2021/05/30,25,tomochain,tomo
645,,2021/05/31,69,tomochain,tomo
646,,2021/06/01,44,tomochain,tomo
647,,2021/06/02,85,tomochain,tomo
648,,2021/06/03,95,tomochain,tomo
649,,2021/06/04,17,tomochain,tomo
650,,2021/06/05,19,tomochain,tomo
651,,2021/06/06,87,tomochain,tomo
652,,2021/06/07,157,tomochain,tomo
653,,2021/06/08,25,tomochain,tomo
654,,2021/06/09,101,tomochain,tomo
655,,2021/06/10,37,tomochain,tomo
656,,2021/06/11,16,tomochain,tomo
657,,2021/06/12,6,tomochain,tomo
658,,2021/06/13,7,tomochain,tomo
659,,2021/06/14,22,tomochain,tomo
660,,2021/06/15,27,tomochain,tomo
661,,2021/06/16,173,tomochain,tomo
662,,2021/06/17,142,tomochain,tomo
663,,2021/06/18,153,tomochain,tomo
664,,2021/06/19,58,tomochain,tomo
665,,2021/06/20,61,tomochain,tomo
666,,2021/06/21,79,tomochain,tomo
667,,2021/06/22,59,tomochain,tomo
668,,2021/06/23,62,tomochain,tomo
669,,2021/06/24,56,tomochain,tomo
670,,2021/06/25,52,tomochain,tomo
671,,2021/06/26,27,tomochain,tomo
672,,2021/06/27,13,tomochain,tomo
673,,2021/06/28,9,tomochain,tomo
674,,2021/06/29,14,tomochain,tomo
675,,2021/06/30,70,tomochain,tomo
676,,2021/07/01,61,tomochain,tomo
677,,2021/07/02,91,tomochain,tomo
678,,2021/07/03,108,tomochain,tomo
679,,2021/07/04,22,tomochain,tomo
680,,2021/07/05,45,tomochain,tomo
681,,2021/07/06,106,tomochain,tomo
682,,2021/07/07,54,tomochain,tomo
683,,2021/07/08,87,tomochain,tomo
684,,2021/07/09,318,tomochain,tomo
685,,2021/07/10,75,tomochain,tomo
686,,2021/07/11,55,tomochain,tomo
687,,2021/07/12,29,tomochain,tomo
688,,2021/07/13,85,tomochain,tomo
689,,2021/07/14,84,tomochain,tomo
690,,2021/07/15,75,tomochain,tomo
691,,2021/07/16,92,tomochain,tomo
692,,2021/07/17,45,tomochain,tomo
693,,2021/07/18,36,tomochain,tomo
694,,2021/07/19,26,tomochain,tomo
695,,2021/07/20,77,tomochain,tomo
696,,2021/07/21,35,tomochain,tomo
697,,2021/07/22,44,tomochain,tomo
698,,2021/07/23,63,tomochain,tomo
699,,2021/07/24,57,tomochain,tomo
700,,2021/07/25,22,tomochain,tomo
701,,2021/07/26,108,tomochain,tomo
702,,2021/07/27,49,tomochain,tomo
703,,2021/07/28,333,tomochain,tomo
704,,2021/07/29,26,tomochain,tomo
705,,2021/07/30,44,tomochain,tomo
706,,2021/07/31,13512,tomochain,tomo
707,,2021/08/01,8624,tomochain,tomo
708,,2021/08/02,2341,tomochain,tomo
709,,2021/08/03,1707,tomochain,tomo
710,,2021/08/04,981,tomochain,tomo
711,,2021/08/05,529,tomochain,tomo
712,,2021/08/06,592,tomochain,tomo
713,,2021/08/07,682,tomochain,tomo
714,,2021/08/08,576,tomochain,tomo
715,,2021/08/09,523,tomochain,tomo
716,,2021/08/10,2798,tomochain,tomo
717,,2021/08/11,1155,tomochain,tomo
718,,2021/08/12,673,tomochain,tomo
719,,2021/08/13,378,tomochain,tomo
720,,2021/08/14,237,tomochain,tomo
721,,2021/08/15,310,tomochain,tomo
722,,2021/08/16,501,tomochain,tomo
723,,2021/08/17,309,tomochain,tomo
724,,2021/08/18,371,tomochain,tomo
725,,2021/08/19,272,tomochain,tomo
726,,2021/08/20,312,tomochain,tomo
727,,2021/08/21,240,tomochain,tomo
728,,2021/08/22,250,tomochain,tomo
729,,2021/08/23,152,tomochain,tomo
730,,2021/08/24,1872,tomochain,tomo
731,,2021/08/25,461,tomochain,tomo
732,,2021/08/26,283,tomochain,tomo
733,,2021/08/27,272,tomochain,tomo
734,,2021/08/28,258,tomochain,tomo
735,,2021/08/29,317,tomochain,tomo
736,,2021/08/30,225,tomochain,tomo
737,,2021/08/31,130,tomochain,tomo
738,,2021/09/01,70,tomochain,tomo
739,,2021/09/02,38,tomochain,tomo
740,,2021/09/03,61,tomochain,tomo
741,,2021/09/04,54,tomochain,tomo
742,,2021/09/05,229,tomochain,tomo
743,,2021/09/06,238,tomochain,tomo
744,,2021/09/07,1093,tomochain,tomo
745,,2021/09/08,303,tomochain,tomo
746,,2021/09/09,147,tomochain,tomo
747,,2021/09/10,104,tomochain,tomo
748,,2021/09/11,102,tomochain,tomo
749,,2021/09/12,172,tomochain,tomo
750,,2021/09/13,83,tomochain,tomo
751,,2021/09/14,47,tomochain,tomo
752,,2021/09/15,97,tomochain,tomo
753,,2021/09/16,74,tomochain,tomo
754,,2021/09/17,62,tomochain,tomo
755,,2021/09/18,30,tomochain,tomo
756,,2021/09/19,27,tomochain,tomo
757,,2021/09/20,28,tomochain,tomo
758,,2021/09/21,52,tomochain,tomo
759,,2021/09/22,128,tomochain,tomo
760,,2021/09/23,41,tomochain,tomo
761,,2021/09/24,37,tomochain,tomo
762,,2021/09/25,15,tomochain,tomo
763,,2021/09/26,12,tomochain,tomo
764,,2021/09/27,44,tomochain,tomo
765,,2021/09/28,13,tomochain,tomo
766,,2021/09/29,15,tomochain,tomo
767,,2021/09/30,66,tomochain,tomo
768,,2021/10/01,53,tomochain,tomo
769,,2021/10/02,66,tomochain,tomo
770,,2021/10/03,17,tomochain,tomo
771,,2021/10/04,97,tomochain,tomo
772,,2021/10/05,88,tomochain,tomo
773,,2021/10/06,261,tomochain,tomo
774,,2021/10/07,44,tomochain,tomo
775,,2021/10/08,51,tomochain,tomo
776,,2021/10/09,69,tomochain,tomo
777,,2021/10/10,94,tomochain,tomo
778,,2021/10/11,866,tomochain,tomo
779,,2021/10/12,278,tomochain,tomo
780,,2021/10/13,102,tomochain,tomo
781,,2021/10/14,60,tomochain,tomo
782,,2021/10/15,63,tomochain,tomo
783,,2021/10/16,153,tomochain,tomo
784,,2021/10/17,34,tomochain,tomo
785,,2021/10/18,40,tomochain,tomo
786,,2021/10/19,14,tomochain,tomo
787,,2021/10/20,21,tomochain,tomo
788,,2021/10/21,62,tomochain,tomo
789,,2021/10/22,177,tomochain,tomo
790,,2021/10/23,35,tomochain,tomo
791,,2021/10/24,836,tomochain,tomo
792,,2021/10/25,20,tomochain,tomo
793,,2021/10/26,32,tomochain,tomo
794,,2021/10/27,35,tomochain,tomo
795,,2021/10/28,36,tomochain,tomo
796,,2021/10/29,31,tomochain,tomo
797,,2021/10/30,17,tomochain,tomo
798,,2021/10/31,78,tomochain,tomo
799,,2021/11/01,79,tomochain,tomo
800,,2021/11/02,44,tomochain,tomo
801,,2021/11/03,39,tomochain,tomo
802,,2021/11/04,50,tomochain,tomo
803,,2021/11/05,20,tomochain,tomo
804,,2021/11/06,32,tomochain,tomo
805,,2021/11/07,23,tomochain,tomo
806,,2021/11/08,59,tomochain,tomo
807,,2021/11/09,25,tomochain,tomo
808,,2021/11/10,38,tomochain,tomo
809,,2021/11/11,46,tomochain,tomo
810,,2021/11/12,40,tomochain,tomo
811,,2021/11/13,61,tomochain,tomo
812,,2021/11/14,67,tomochain,tomo
813,,2021/11/15,90,tomochain,tomo
814,,2021/11/16,34,tomochain,tomo
