,google_trends,date,tweets,full_name,coin
0,,2020/04/18,4,true chain,true
1,,2020/04/19,null,true chain,true
2,,2020/04/20,5,true chain,true
3,,2020/04/21,1,true chain,true
4,,2020/04/22,4,true chain,true
5,,2020/04/23,2,true chain,true
6,,2020/04/24,8,true chain,true
7,,2020/04/25,2,true chain,true
8,,2020/04/26,null,true chain,true
9,,2020/04/27,3,true chain,true
10,,2020/04/28,14,true chain,true
11,,2020/04/29,8,true chain,true
12,,2020/04/30,5,true chain,true
13,,2020/05/01,null,true chain,true
14,,2020/05/02,1,true chain,true
15,,2020/05/03,null,true chain,true
16,,2020/05/04,1,true chain,true
17,,2020/05/05,null,true chain,true
18,,2020/05/06,3,true chain,true
19,,2020/05/07,null,true chain,true
20,,2020/05/08,1,true chain,true
21,,2020/05/09,16,true chain,true
22,,2020/05/10,4,true chain,true
23,,2020/05/11,1,true chain,true
24,,2020/05/12,null,true chain,true
25,,2020/05/13,1,true chain,true
26,,2020/05/14,null,true chain,true
27,,2020/05/15,null,true chain,true
28,,2020/05/16,null,true chain,true
29,,2020/05/17,2,true chain,true
30,,2020/05/18,3,true chain,true
31,,2020/05/19,1,true chain,true
32,,2020/05/20,2,true chain,true
33,,2020/05/21,null,true chain,true
34,,2020/05/22,null,true chain,true
35,,2020/05/23,null,true chain,true
36,,2020/05/24,null,true chain,true
37,,2020/05/25,null,true chain,true
38,,2020/05/26,null,true chain,true
39,,2020/05/27,null,true chain,true
40,,2020/05/28,1,true chain,true
41,,2020/05/29,1,true chain,true
42,,2020/05/30,null,true chain,true
43,,2020/05/31,null,true chain,true
44,,2020/06/01,null,true chain,true
45,,2020/06/02,null,true chain,true
46,,2020/06/03,null,true chain,true
47,,2020/06/04,1,true chain,true
48,,2020/06/05,3,true chain,true
49,,2020/06/06,5,true chain,true
50,,2020/06/07,null,true chain,true
51,,2020/06/08,2,true chain,true
52,,2020/06/09,null,true chain,true
53,,2020/06/10,null,true chain,true
54,,2020/06/11,null,true chain,true
55,,2020/06/12,null,true chain,true
56,,2020/06/13,1,true chain,true
57,,2020/06/14,null,true chain,true
58,,2020/06/15,1,true chain,true
59,,2020/06/16,null,true chain,true
60,,2020/06/17,null,true chain,true
61,,2020/06/18,null,true chain,true
62,,2020/06/19,null,true chain,true
63,,2020/06/20,null,true chain,true
64,,2020/06/21,null,true chain,true
65,,2020/06/22,1,true chain,true
66,,2020/06/23,null,true chain,true
67,,2020/06/24,null,true chain,true
68,,2020/06/25,null,true chain,true
69,,2020/06/26,null,true chain,true
70,,2020/06/27,null,true chain,true
71,,2020/06/28,null,true chain,true
72,,2020/06/29,null,true chain,true
73,,2020/06/30,3,true chain,true
74,,2020/07/01,null,true chain,true
75,,2020/07/02,null,true chain,true
76,,2020/07/03,null,true chain,true
77,,2020/07/04,null,true chain,true
78,,2020/07/05,null,true chain,true
79,,2020/07/06,2,true chain,true
80,,2020/07/07,null,true chain,true
81,,2020/07/08,null,true chain,true
82,,2020/07/09,null,true chain,true
83,,2020/07/10,null,true chain,true
84,,2020/07/11,null,true chain,true
85,,2020/07/12,null,true chain,true
86,,2020/07/13,4,true chain,true
87,,2020/07/14,1,true chain,true
88,,2020/07/15,null,true chain,true
89,,2020/07/16,null,true chain,true
90,,2020/07/17,null,true chain,true
91,,2020/07/18,null,true chain,true
92,,2020/07/19,null,true chain,true
93,,2020/07/20,null,true chain,true
94,,2020/07/21,null,true chain,true
95,,2020/07/22,null,true chain,true
96,,2020/07/23,null,true chain,true
97,,2020/07/24,null,true chain,true
98,,2020/07/25,null,true chain,true
99,,2020/07/26,1,true chain,true
100,,2020/07/27,1,true chain,true
101,,2020/07/28,1,true chain,true
102,,2020/07/29,1,true chain,true
103,,2020/07/30,1,true chain,true
104,,2020/07/31,null,true chain,true
105,,2020/08/01,null,true chain,true
106,,2020/08/02,1,true chain,true
107,,2020/08/03,2,true chain,true
108,,2020/08/04,4,true chain,true
109,,2020/08/05,1,true chain,true
110,,2020/08/06,1,true chain,true
111,,2020/08/07,null,true chain,true
112,,2020/08/08,null,true chain,true
113,,2020/08/09,1,true chain,true
114,,2020/08/10,2,true chain,true
115,,2020/08/11,1,true chain,true
116,,2020/08/12,null,true chain,true
117,,2020/08/13,null,true chain,true
118,,2020/08/14,null,true chain,true
119,,2020/08/15,null,true chain,true
120,,2020/08/16,null,true chain,true
121,,2020/08/17,null,true chain,true
122,,2020/08/18,null,true chain,true
123,,2020/08/19,null,true chain,true
124,,2020/08/20,null,true chain,true
125,,2020/08/21,null,true chain,true
126,,2020/08/22,null,true chain,true
127,,2020/08/23,null,true chain,true
128,,2020/08/24,null,true chain,true
129,,2020/08/25,null,true chain,true
130,,2020/08/26,null,true chain,true
131,,2020/08/27,1,true chain,true
132,,2020/08/28,null,true chain,true
133,,2020/08/29,null,true chain,true
134,,2020/08/30,null,true chain,true
135,,2020/08/31,null,true chain,true
136,,2020/09/01,1,true chain,true
137,,2020/09/02,null,true chain,true
138,,2020/09/03,2,true chain,true
139,,2020/09/04,null,true chain,true
140,,2020/09/05,null,true chain,true
141,,2020/09/06,null,true chain,true
142,,2020/09/07,null,true chain,true
143,,2020/09/08,null,true chain,true
144,,2020/09/09,null,true chain,true
145,,2020/09/10,1,true chain,true
146,,2020/09/11,null,true chain,true
147,,2020/09/12,null,true chain,true
148,,2020/09/13,null,true chain,true
149,,2020/09/14,null,true chain,true
150,,2020/09/15,null,true chain,true
151,,2020/09/16,1,true chain,true
152,,2020/09/17,null,true chain,true
153,,2020/09/18,3,true chain,true
154,,2020/09/19,1,true chain,true
155,,2020/09/20,null,true chain,true
156,,2020/09/21,null,true chain,true
157,,2020/09/22,null,true chain,true
158,,2020/09/23,null,true chain,true
159,,2020/09/24,2,true chain,true
160,,2020/09/25,1,true chain,true
161,,2020/09/26,null,true chain,true
162,,2020/09/27,null,true chain,true
163,,2020/09/28,null,true chain,true
164,,2020/09/29,null,true chain,true
165,,2020/09/30,null,true chain,true
166,,2020/10/01,null,true chain,true
167,,2020/10/02,2,true chain,true
168,,2020/10/03,null,true chain,true
169,,2020/10/04,null,true chain,true
170,,2020/10/05,null,true chain,true
171,,2020/10/06,null,true chain,true
172,,2020/10/07,null,true chain,true
173,,2020/10/08,null,true chain,true
174,,2020/10/09,null,true chain,true
175,,2020/10/10,null,true chain,true
176,,2020/10/11,null,true chain,true
177,,2020/10/12,null,true chain,true
178,,2020/10/13,null,true chain,true
179,,2020/10/14,null,true chain,true
180,,2020/10/15,null,true chain,true
181,,2020/10/16,null,true chain,true
182,,2020/10/17,null,true chain,true
183,,2020/10/18,null,true chain,true
184,,2020/10/19,null,true chain,true
185,,2020/10/20,null,true chain,true
186,,2020/10/21,null,true chain,true
187,,2020/10/22,null,true chain,true
188,,2020/10/23,null,true chain,true
189,,2020/10/24,null,true chain,true
190,,2020/10/25,null,true chain,true
191,,2020/10/26,null,true chain,true
192,,2020/10/27,null,true chain,true
193,,2020/10/28,null,true chain,true
194,,2020/10/29,null,true chain,true
195,,2020/10/30,1,true chain,true
196,,2020/10/31,null,true chain,true
197,,2020/11/01,null,true chain,true
198,,2020/11/02,1,true chain,true
199,,2020/11/03,null,true chain,true
200,,2020/11/04,null,true chain,true
201,,2020/11/05,null,true chain,true
202,,2020/11/06,null,true chain,true
203,,2020/11/07,null,true chain,true
204,,2020/11/08,null,true chain,true
205,,2020/11/09,2,true chain,true
206,,2020/11/10,null,true chain,true
207,,2020/11/11,null,true chain,true
208,,2020/11/12,null,true chain,true
209,,2020/11/13,null,true chain,true
210,,2020/11/14,null,true chain,true
211,,2020/11/15,null,true chain,true
212,,2020/11/16,null,true chain,true
213,,2020/11/17,null,true chain,true
214,,2020/11/18,null,true chain,true
215,,2020/11/19,2,true chain,true
216,,2020/11/20,null,true chain,true
217,,2020/11/21,null,true chain,true
218,,2020/11/22,null,true chain,true
219,,2020/11/23,1,true chain,true
220,,2020/11/24,null,true chain,true
221,,2020/11/25,null,true chain,true
222,,2020/11/26,null,true chain,true
223,,2020/11/27,null,true chain,true
224,,2020/11/28,null,true chain,true
225,,2020/11/29,null,true chain,true
226,,2020/11/30,null,true chain,true
227,,2020/12/01,1,true chain,true
228,,2020/12/02,1,true chain,true
229,,2020/12/03,null,true chain,true
230,,2020/12/04,1,true chain,true
231,,2020/12/05,null,true chain,true
232,,2020/12/06,null,true chain,true
233,,2020/12/07,2,true chain,true
234,,2020/12/08,null,true chain,true
235,,2020/12/09,null,true chain,true
236,,2020/12/10,null,true chain,true
237,,2020/12/11,null,true chain,true
238,,2020/12/12,null,true chain,true
239,,2020/12/13,null,true chain,true
240,,2020/12/14,null,true chain,true
241,,2020/12/15,null,true chain,true
242,,2020/12/16,null,true chain,true
243,,2020/12/17,null,true chain,true
244,,2020/12/18,null,true chain,true
245,,2020/12/19,null,true chain,true
246,,2020/12/20,null,true chain,true
247,,2020/12/21,null,true chain,true
248,,2020/12/22,1,true chain,true
249,,2020/12/23,null,true chain,true
250,,2020/12/24,null,true chain,true
251,,2020/12/25,2,true chain,true
252,,2020/12/26,1,true chain,true
253,,2020/12/27,null,true chain,true
254,,2020/12/28,null,true chain,true
255,,2020/12/29,null,true chain,true
256,,2020/12/30,null,true chain,true
257,,2020/12/31,1,true chain,true
258,,2021/01/01,null,true chain,true
259,,2021/01/02,null,true chain,true
260,,2021/01/03,null,true chain,true
261,,2021/01/04,null,true chain,true
262,,2021/01/05,1,true chain,true
263,,2021/01/06,null,true chain,true
264,,2021/01/07,null,true chain,true
265,,2021/01/08,null,true chain,true
266,,2021/01/09,null,true chain,true
267,,2021/01/10,null,true chain,true
268,,2021/01/11,null,true chain,true
269,,2021/01/12,null,true chain,true
270,,2021/01/13,null,true chain,true
271,,2021/01/14,1,true chain,true
272,,2021/01/15,null,true chain,true
273,,2021/01/16,null,true chain,true
274,,2021/01/17,null,true chain,true
275,,2021/01/18,5,true chain,true
276,,2021/01/19,null,true chain,true
277,,2021/01/20,2,true chain,true
278,,2021/01/21,null,true chain,true
279,,2021/01/22,null,true chain,true
280,,2021/01/23,null,true chain,true
281,,2021/01/24,null,true chain,true
282,,2021/01/25,null,true chain,true
283,,2021/01/26,null,true chain,true
284,,2021/01/27,null,true chain,true
285,,2021/01/28,null,true chain,true
286,,2021/01/29,null,true chain,true
287,,2021/01/30,null,true chain,true
288,,2021/01/31,null,true chain,true
289,,2021/02/01,null,true chain,true
290,,2021/02/02,null,true chain,true
291,,2021/02/03,null,true chain,true
292,,2021/02/04,null,true chain,true
293,,2021/02/05,null,true chain,true
294,,2021/02/06,null,true chain,true
295,,2021/02/07,null,true chain,true
296,,2021/02/08,null,true chain,true
297,,2021/02/09,null,true chain,true
298,,2021/02/10,null,true chain,true
299,,2021/02/11,null,true chain,true
300,,2021/02/12,null,true chain,true
301,,2021/02/13,null,true chain,true
302,,2021/02/14,null,true chain,true
303,,2021/02/15,null,true chain,true
304,,2021/02/16,null,true chain,true
305,,2021/02/17,null,true chain,true
306,,2021/02/18,null,true chain,true
307,,2021/02/19,null,true chain,true
308,,2021/02/20,null,true chain,true
309,,2021/02/21,null,true chain,true
310,,2021/02/22,null,true chain,true
311,,2021/02/23,null,true chain,true
312,,2021/02/24,null,true chain,true
313,,2021/02/25,null,true chain,true
314,,2021/02/26,null,true chain,true
315,,2021/02/27,null,true chain,true
316,,2021/02/28,null,true chain,true
317,,2021/03/01,null,true chain,true
318,,2021/03/02,null,true chain,true
319,,2021/03/03,null,true chain,true
320,,2021/03/04,null,true chain,true
321,,2021/03/05,null,true chain,true
322,,2021/03/06,null,true chain,true
323,,2021/03/07,null,true chain,true
324,,2021/03/08,null,true chain,true
325,,2021/03/09,null,true chain,true
326,,2021/03/10,null,true chain,true
327,,2021/03/11,null,true chain,true
328,,2021/03/12,null,true chain,true
329,,2021/03/13,null,true chain,true
330,,2021/03/14,null,true chain,true
331,,2021/03/15,null,true chain,true
332,,2021/03/16,null,true chain,true
333,,2021/03/17,null,true chain,true
334,,2021/03/18,null,true chain,true
335,,2021/03/19,null,true chain,true
336,,2021/03/20,null,true chain,true
337,,2021/03/21,null,true chain,true
338,,2021/03/22,2,true chain,true
339,,2021/03/23,null,true chain,true
340,,2021/03/24,null,true chain,true
341,,2021/03/25,null,true chain,true
342,,2021/03/26,null,true chain,true
343,,2021/03/27,null,true chain,true
344,,2021/03/28,null,true chain,true
345,,2021/03/29,null,true chain,true
346,,2021/03/30,null,true chain,true
347,,2021/03/31,null,true chain,true
348,,2021/04/01,null,true chain,true
349,,2021/04/02,null,true chain,true
350,,2021/04/03,null,true chain,true
351,,2021/04/04,null,true chain,true
352,,2021/04/05,null,true chain,true
353,,2021/04/06,null,true chain,true
354,,2021/04/07,null,true chain,true
355,,2021/04/08,null,true chain,true
356,,2021/04/09,null,true chain,true
357,,2021/04/10,null,true chain,true
358,,2021/04/11,null,true chain,true
359,,2021/04/12,null,true chain,true
360,,2021/04/13,null,true chain,true
361,,2021/04/14,null,true chain,true
362,,2021/04/15,null,true chain,true
363,,2021/04/16,null,true chain,true
364,,2021/04/17,null,true chain,true
365,,2021/04/18,null,true chain,true
366,,2021/04/19,null,true chain,true
367,,2021/04/20,null,true chain,true
368,,2021/04/21,null,true chain,true
369,,2021/04/22,null,true chain,true
370,,2021/04/23,null,true chain,true
371,,2021/04/24,null,true chain,true
372,,2021/04/25,null,true chain,true
373,,2021/04/26,null,true chain,true
374,,2021/04/27,null,true chain,true
375,,2021/04/28,null,true chain,true
376,,2021/04/29,null,true chain,true
377,,2021/04/30,null,true chain,true
378,,2021/05/01,null,true chain,true
379,,2021/05/02,null,true chain,true
380,,2021/05/03,null,true chain,true
381,,2021/05/04,null,true chain,true
382,,2021/05/05,null,true chain,true
383,,2021/05/06,null,true chain,true
384,,2021/05/07,null,true chain,true
385,,2021/05/08,null,true chain,true
386,,2021/05/09,null,true chain,true
387,,2021/05/10,null,true chain,true
388,,2021/05/11,null,true chain,true
389,,2021/05/12,null,true chain,true
390,,2021/05/13,null,true chain,true
391,,2021/05/14,null,true chain,true
392,,2021/05/15,null,true chain,true
393,,2021/05/16,null,true chain,true
394,,2021/05/17,null,true chain,true
395,,2021/05/18,null,true chain,true
396,,2021/05/19,null,true chain,true
397,,2021/05/20,null,true chain,true
398,,2021/05/21,null,true chain,true
399,,2021/05/22,null,true chain,true
400,,2021/05/23,null,true chain,true
401,,2021/05/24,null,true chain,true
402,,2021/05/25,null,true chain,true
403,,2021/05/26,null,true chain,true
404,,2021/05/27,null,true chain,true
405,,2021/05/28,1,true chain,true
406,,2021/05/29,null,true chain,true
407,,2021/05/30,null,true chain,true
408,,2021/05/31,null,true chain,true
409,,2021/06/01,null,true chain,true
410,,2021/06/02,6,true chain,true
411,,2021/06/03,null,true chain,true
412,,2021/06/04,null,true chain,true
413,,2021/06/05,null,true chain,true
414,,2021/06/06,null,true chain,true
415,,2021/06/07,null,true chain,true
416,,2021/06/08,null,true chain,true
417,,2021/06/09,1,true chain,true
418,,2021/06/10,null,true chain,true
419,,2021/06/11,null,true chain,true
420,,2021/06/12,null,true chain,true
421,,2021/06/13,null,true chain,true
422,,2021/06/14,null,true chain,true
423,,2021/06/15,null,true chain,true
424,,2021/06/16,null,true chain,true
425,,2021/06/17,3,true chain,true
426,,2021/06/18,null,true chain,true
427,,2021/06/19,1,true chain,true
428,,2021/06/20,null,true chain,true
429,,2021/06/21,null,true chain,true
430,,2021/06/22,null,true chain,true
431,,2021/06/23,null,true chain,true
432,,2021/06/24,null,true chain,true
433,,2021/06/25,null,true chain,true
434,,2021/06/26,null,true chain,true
435,,2021/06/27,null,true chain,true
436,,2021/06/28,null,true chain,true
437,,2021/06/29,null,true chain,true
438,,2021/06/30,null,true chain,true
439,,2021/07/01,null,true chain,true
440,,2021/07/02,null,true chain,true
441,,2021/07/03,null,true chain,true
442,,2021/07/04,null,true chain,true
443,,2021/07/05,null,true chain,true
444,,2021/07/06,null,true chain,true
445,,2021/07/07,null,true chain,true
446,,2021/07/08,null,true chain,true
447,,2021/07/09,null,true chain,true
448,,2021/07/10,null,true chain,true
449,,2021/07/11,null,true chain,true
450,,2021/07/12,null,true chain,true
451,,2021/07/13,null,true chain,true
452,,2021/07/14,null,true chain,true
453,,2021/07/15,null,true chain,true
454,,2021/07/16,null,true chain,true
455,,2021/07/17,null,true chain,true
456,,2021/07/18,null,true chain,true
457,,2021/07/19,null,true chain,true
458,,2021/07/20,null,true chain,true
459,,2021/07/21,null,true chain,true
460,,2021/07/22,null,true chain,true
461,,2021/07/23,null,true chain,true
462,,2021/07/24,null,true chain,true
463,,2021/07/25,null,true chain,true
464,,2021/07/26,null,true chain,true
465,,2021/07/27,null,true chain,true
466,,2021/07/28,null,true chain,true
467,,2021/07/29,null,true chain,true
468,,2021/07/30,null,true chain,true
469,,2021/07/31,null,true chain,true
470,,2021/08/01,null,true chain,true
471,,2021/08/02,null,true chain,true
472,,2021/08/03,null,true chain,true
473,,2021/08/04,null,true chain,true
474,,2021/08/05,null,true chain,true
475,,2021/08/06,null,true chain,true
476,,2021/08/07,null,true chain,true
477,,2021/08/08,null,true chain,true
478,,2021/08/09,null,true chain,true
479,,2021/08/10,null,true chain,true
480,,2021/08/11,null,true chain,true
481,,2021/08/12,null,true chain,true
482,,2021/08/13,null,true chain,true
483,,2021/08/14,null,true chain,true
484,,2021/08/15,null,true chain,true
485,,2021/08/16,null,true chain,true
486,,2021/08/17,null,true chain,true
487,,2021/08/18,null,true chain,true
488,,2021/08/19,null,true chain,true
489,,2021/08/20,null,true chain,true
490,,2021/08/21,null,true chain,true
491,,2021/08/22,null,true chain,true
492,,2021/08/23,null,true chain,true
493,,2021/08/24,null,true chain,true
494,,2021/08/25,null,true chain,true
495,,2021/08/26,null,true chain,true
496,,2021/08/27,null,true chain,true
497,,2021/08/28,null,true chain,true
498,,2021/08/29,null,true chain,true
499,,2021/08/30,null,true chain,true
500,,2021/08/31,null,true chain,true
501,,2021/09/01,null,true chain,true
502,,2021/09/02,null,true chain,true
503,,2021/09/03,null,true chain,true
504,,2021/09/04,null,true chain,true
505,,2021/09/05,null,true chain,true
506,,2021/09/06,null,true chain,true
507,,2021/09/07,null,true chain,true
508,,2021/09/08,null,true chain,true
509,,2021/09/09,null,true chain,true
510,,2021/09/10,null,true chain,true
511,,2021/09/11,null,true chain,true
512,,2021/09/12,null,true chain,true
513,,2021/09/13,null,true chain,true
514,,2021/09/14,null,true chain,true
515,,2021/09/15,null,true chain,true
516,,2021/09/16,null,true chain,true
517,,2021/09/17,null,true chain,true
518,,2021/09/18,1,true chain,true
