,google_trends,date,tweets,full_name,coin
0,,2021/07/08,194,velo,velo
1,,2021/07/09,241,velo,velo
2,,2021/07/10,69,velo,velo
3,,2021/07/11,57,velo,velo
4,,2021/07/12,47,velo,velo
5,,2021/07/13,74,velo,velo
6,,2021/07/14,67,velo,velo
7,,2021/07/15,null,velo,velo
8,,2021/07/16,66,velo,velo
9,,2021/07/17,83,velo,velo
10,,2021/07/18,null,velo,velo
11,,2021/07/19,null,velo,velo
12,,2021/07/20,null,velo,velo
13,,2021/07/21,null,velo,velo
14,,2021/07/22,null,velo,velo
15,,2021/07/23,null,velo,velo
16,,2021/07/24,null,velo,velo
17,,2021/07/25,null,velo,velo
18,,2021/07/26,null,velo,velo
19,,2021/07/27,null,velo,velo
20,,2021/07/28,null,velo,velo
21,,2021/07/29,null,velo,velo
22,,2021/07/30,null,velo,velo
23,,2021/07/31,null,velo,velo
24,,2021/08/01,null,velo,velo
25,,2021/08/02,null,velo,velo
26,,2021/08/03,null,velo,velo
27,,2021/08/04,null,velo,velo
28,,2021/08/05,null,velo,velo
29,,2021/08/06,null,velo,velo
30,,2021/08/07,null,velo,velo
31,,2021/08/08,null,velo,velo
32,,2021/08/09,null,velo,velo
33,,2021/08/10,null,velo,velo
34,,2021/08/11,null,velo,velo
35,,2021/08/12,null,velo,velo
36,,2021/08/13,null,velo,velo
37,,2021/08/14,null,velo,velo
38,,2021/08/15,null,velo,velo
39,,2021/08/16,null,velo,velo
40,,2021/08/17,null,velo,velo
41,,2021/08/18,null,velo,velo
42,,2021/08/19,null,velo,velo
43,,2021/08/20,81,velo,velo
44,,2021/08/21,42,velo,velo
45,,2021/08/22,null,velo,velo
46,,2021/08/23,null,velo,velo
47,,2021/08/24,null,velo,velo
48,,2021/08/25,null,velo,velo
49,,2021/08/26,null,velo,velo
50,,2021/08/27,null,velo,velo
51,,2021/08/28,null,velo,velo
52,,2021/08/29,null,velo,velo
53,,2021/08/30,null,velo,velo
54,,2021/08/31,null,velo,velo
55,,2021/09/01,null,velo,velo
56,,2021/09/02,83,velo,velo
57,,2021/09/03,60,velo,velo
58,,2021/09/04,60,velo,velo
59,,2021/09/05,82,velo,velo
60,,2021/09/06,null,velo,velo
61,,2021/09/07,null,velo,velo
62,,2021/09/08,null,velo,velo
63,,2021/09/09,null,velo,velo
64,,2021/09/10,null,velo,velo
65,,2021/09/11,null,velo,velo
66,,2021/09/12,null,velo,velo
67,,2021/09/13,null,velo,velo
68,,2021/09/14,null,velo,velo
69,,2021/09/15,null,velo,velo
70,,2021/09/16,null,velo,velo
71,,2021/09/17,68,velo,velo
72,,2021/09/18,null,velo,velo
73,,2021/09/19,null,velo,velo
74,,2021/09/20,null,velo,velo
75,,2021/09/21,null,velo,velo
76,,2021/09/22,null,velo,velo
77,,2021/09/23,null,velo,velo
78,,2021/09/24,null,velo,velo
79,,2021/09/25,null,velo,velo
80,,2021/09/26,96,velo,velo
81,,2021/09/27,71,velo,velo
