,google_trends,date,tweets,full_name,coin
0,,2020/07/19,77,vethor token,vtho
1,,2020/07/20,71,vethor token,vtho
2,,2020/07/21,35,vethor token,vtho
3,,2020/07/22,null,vethor token,vtho
4,,2020/07/23,1,vethor token,vtho
5,,2020/07/24,7,vethor token,vtho
6,,2020/07/25,14,vethor token,vtho
7,,2020/07/26,13,vethor token,vtho
8,,2020/07/27,16,vethor token,vtho
9,,2020/07/28,40,vethor token,vtho
10,,2020/07/29,48,vethor token,vtho
11,,2020/07/30,63,vethor token,vtho
12,,2020/07/31,36,vethor token,vtho
13,,2020/08/01,null,vethor token,vtho
14,,2020/08/02,3,vethor token,vtho
15,,2020/08/03,37,vethor token,vtho
16,,2020/08/04,16,vethor token,vtho
17,,2020/08/05,5,vethor token,vtho
18,,2020/08/06,null,vethor token,vtho
19,,2020/08/07,24,vethor token,vtho
20,,2020/08/08,null,vethor token,vtho
21,,2020/08/09,10,vethor token,vtho
22,,2020/08/10,2,vethor token,vtho
23,,2020/08/11,null,vethor token,vtho
24,,2020/08/12,null,vethor token,vtho
25,,2020/08/13,null,vethor token,vtho
26,,2020/08/14,null,vethor token,vtho
27,,2020/08/15,null,vethor token,vtho
28,,2020/08/16,1,vethor token,vtho
29,,2020/08/17,null,vethor token,vtho
30,,2020/08/18,null,vethor token,vtho
31,,2020/08/19,null,vethor token,vtho
32,,2020/08/20,null,vethor token,vtho
33,,2020/08/21,null,vethor token,vtho
34,,2020/08/22,1,vethor token,vtho
35,,2020/08/23,null,vethor token,vtho
36,,2020/08/24,null,vethor token,vtho
37,,2020/08/25,null,vethor token,vtho
38,,2020/08/26,null,vethor token,vtho
39,,2020/08/27,null,vethor token,vtho
40,,2020/08/28,null,vethor token,vtho
41,,2020/08/29,null,vethor token,vtho
42,,2020/08/30,null,vethor token,vtho
43,,2020/08/31,null,vethor token,vtho
44,,2020/09/01,null,vethor token,vtho
45,,2020/09/02,null,vethor token,vtho
46,,2020/09/03,null,vethor token,vtho
47,,2020/09/04,null,vethor token,vtho
48,,2020/09/05,null,vethor token,vtho
49,,2020/09/06,null,vethor token,vtho
50,,2020/09/07,null,vethor token,vtho
51,,2020/09/08,null,vethor token,vtho
52,,2020/09/09,null,vethor token,vtho
53,,2020/09/10,null,vethor token,vtho
54,,2020/09/11,null,vethor token,vtho
55,,2020/09/12,null,vethor token,vtho
56,,2020/09/13,null,vethor token,vtho
57,,2020/09/14,null,vethor token,vtho
58,,2020/09/15,null,vethor token,vtho
59,,2020/09/16,null,vethor token,vtho
60,,2020/09/17,null,vethor token,vtho
61,,2020/09/18,null,vethor token,vtho
62,,2020/09/19,null,vethor token,vtho
63,,2020/09/20,null,vethor token,vtho
64,,2020/09/21,null,vethor token,vtho
65,,2020/09/22,null,vethor token,vtho
66,,2020/09/23,null,vethor token,vtho
67,,2020/09/24,null,vethor token,vtho
68,,2020/09/25,null,vethor token,vtho
69,,2020/09/26,null,vethor token,vtho
70,,2020/09/27,null,vethor token,vtho
71,,2020/09/28,null,vethor token,vtho
72,,2020/09/29,null,vethor token,vtho
73,,2020/09/30,null,vethor token,vtho
74,,2020/10/01,null,vethor token,vtho
75,,2020/10/02,null,vethor token,vtho
76,,2020/10/03,null,vethor token,vtho
77,,2020/10/04,null,vethor token,vtho
78,,2020/10/05,null,vethor token,vtho
79,,2020/10/06,null,vethor token,vtho
80,,2020/10/07,null,vethor token,vtho
81,,2020/10/08,null,vethor token,vtho
82,,2020/10/09,null,vethor token,vtho
83,,2020/10/10,null,vethor token,vtho
84,,2020/10/11,null,vethor token,vtho
85,,2020/10/12,null,vethor token,vtho
86,,2020/10/13,null,vethor token,vtho
87,,2020/10/14,null,vethor token,vtho
88,,2020/10/15,null,vethor token,vtho
89,,2020/10/16,null,vethor token,vtho
90,,2020/10/17,null,vethor token,vtho
91,,2020/10/18,null,vethor token,vtho
92,,2020/10/19,null,vethor token,vtho
93,,2020/10/20,null,vethor token,vtho
94,,2020/10/21,null,vethor token,vtho
95,,2020/10/22,1,vethor token,vtho
96,,2020/10/23,null,vethor token,vtho
97,,2020/10/24,null,vethor token,vtho
98,,2020/10/25,null,vethor token,vtho
99,,2020/10/26,null,vethor token,vtho
100,,2020/10/27,null,vethor token,vtho
101,,2020/10/28,null,vethor token,vtho
102,,2020/10/29,null,vethor token,vtho
103,,2020/10/30,null,vethor token,vtho
104,,2020/10/31,null,vethor token,vtho
105,,2020/11/01,null,vethor token,vtho
106,,2020/11/02,null,vethor token,vtho
107,,2020/11/03,null,vethor token,vtho
108,,2020/11/04,null,vethor token,vtho
109,,2020/11/05,null,vethor token,vtho
110,,2020/11/06,null,vethor token,vtho
111,,2020/11/07,null,vethor token,vtho
112,,2020/11/08,null,vethor token,vtho
113,,2020/11/09,null,vethor token,vtho
114,,2020/11/10,null,vethor token,vtho
115,,2020/11/11,null,vethor token,vtho
116,,2020/11/12,null,vethor token,vtho
117,,2020/11/13,null,vethor token,vtho
118,,2020/11/14,null,vethor token,vtho
119,,2020/11/15,null,vethor token,vtho
120,,2020/11/16,null,vethor token,vtho
121,,2020/11/17,null,vethor token,vtho
122,,2020/11/18,null,vethor token,vtho
123,,2020/11/19,null,vethor token,vtho
124,,2020/11/20,null,vethor token,vtho
125,,2020/11/21,null,vethor token,vtho
126,,2020/11/22,null,vethor token,vtho
127,,2020/11/23,null,vethor token,vtho
128,,2020/11/24,null,vethor token,vtho
129,,2020/11/25,null,vethor token,vtho
130,,2020/11/26,null,vethor token,vtho
131,,2020/11/27,null,vethor token,vtho
132,,2020/11/28,null,vethor token,vtho
133,,2020/11/29,null,vethor token,vtho
134,,2020/11/30,null,vethor token,vtho
135,,2020/12/01,null,vethor token,vtho
136,,2020/12/02,null,vethor token,vtho
137,,2020/12/03,null,vethor token,vtho
138,,2020/12/04,null,vethor token,vtho
139,,2020/12/05,null,vethor token,vtho
140,,2020/12/06,null,vethor token,vtho
141,,2020/12/07,null,vethor token,vtho
142,,2020/12/08,null,vethor token,vtho
143,,2020/12/09,null,vethor token,vtho
144,,2020/12/10,null,vethor token,vtho
145,,2020/12/11,null,vethor token,vtho
146,,2020/12/12,null,vethor token,vtho
147,,2020/12/13,null,vethor token,vtho
148,,2020/12/14,null,vethor token,vtho
149,,2020/12/15,null,vethor token,vtho
150,,2020/12/16,null,vethor token,vtho
151,,2020/12/17,null,vethor token,vtho
152,,2020/12/18,null,vethor token,vtho
153,,2020/12/19,null,vethor token,vtho
154,,2020/12/20,null,vethor token,vtho
155,,2020/12/21,null,vethor token,vtho
156,,2020/12/22,null,vethor token,vtho
157,,2020/12/23,null,vethor token,vtho
158,,2020/12/24,null,vethor token,vtho
159,,2020/12/25,null,vethor token,vtho
160,,2020/12/26,null,vethor token,vtho
161,,2020/12/27,null,vethor token,vtho
162,,2020/12/28,null,vethor token,vtho
163,,2020/12/29,null,vethor token,vtho
164,,2020/12/30,null,vethor token,vtho
165,,2020/12/31,null,vethor token,vtho
166,,2021/01/01,null,vethor token,vtho
167,,2021/01/02,null,vethor token,vtho
168,,2021/01/03,null,vethor token,vtho
169,,2021/01/04,null,vethor token,vtho
170,,2021/01/05,null,vethor token,vtho
171,,2021/01/06,null,vethor token,vtho
172,,2021/01/07,null,vethor token,vtho
173,,2021/01/08,null,vethor token,vtho
174,,2021/01/09,null,vethor token,vtho
175,,2021/01/10,null,vethor token,vtho
176,,2021/01/11,null,vethor token,vtho
177,,2021/01/12,null,vethor token,vtho
178,,2021/01/13,null,vethor token,vtho
179,,2021/01/14,null,vethor token,vtho
180,,2021/01/15,null,vethor token,vtho
181,,2021/01/16,null,vethor token,vtho
182,,2021/01/17,null,vethor token,vtho
183,,2021/01/18,null,vethor token,vtho
184,,2021/01/19,null,vethor token,vtho
185,,2021/01/20,null,vethor token,vtho
186,,2021/01/21,null,vethor token,vtho
187,,2021/01/22,null,vethor token,vtho
188,,2021/01/23,null,vethor token,vtho
189,,2021/01/24,null,vethor token,vtho
190,,2021/01/25,null,vethor token,vtho
191,,2021/01/26,null,vethor token,vtho
192,,2021/01/27,null,vethor token,vtho
193,,2021/01/28,null,vethor token,vtho
194,,2021/01/29,null,vethor token,vtho
195,,2021/01/30,null,vethor token,vtho
196,,2021/01/31,null,vethor token,vtho
197,,2021/02/01,null,vethor token,vtho
198,,2021/02/02,null,vethor token,vtho
199,,2021/02/03,null,vethor token,vtho
200,,2021/02/04,null,vethor token,vtho
201,,2021/02/05,null,vethor token,vtho
202,,2021/02/06,null,vethor token,vtho
203,,2021/02/07,null,vethor token,vtho
204,,2021/02/08,null,vethor token,vtho
205,,2021/02/09,null,vethor token,vtho
206,,2021/02/10,null,vethor token,vtho
207,,2021/02/11,null,vethor token,vtho
208,,2021/02/12,null,vethor token,vtho
209,,2021/02/13,null,vethor token,vtho
210,,2021/02/14,null,vethor token,vtho
211,,2021/02/15,null,vethor token,vtho
212,,2021/02/16,null,vethor token,vtho
213,,2021/02/17,null,vethor token,vtho
214,,2021/02/18,null,vethor token,vtho
215,,2021/02/19,null,vethor token,vtho
216,,2021/02/20,null,vethor token,vtho
217,,2021/02/21,null,vethor token,vtho
218,,2021/02/22,null,vethor token,vtho
219,,2021/02/23,null,vethor token,vtho
220,,2021/02/24,null,vethor token,vtho
221,,2021/02/25,null,vethor token,vtho
222,,2021/02/26,null,vethor token,vtho
223,,2021/02/27,null,vethor token,vtho
224,,2021/02/28,null,vethor token,vtho
225,,2021/03/01,null,vethor token,vtho
226,,2021/03/02,null,vethor token,vtho
227,,2021/03/03,null,vethor token,vtho
228,,2021/03/04,null,vethor token,vtho
229,,2021/03/05,null,vethor token,vtho
230,,2021/03/06,null,vethor token,vtho
231,,2021/03/07,null,vethor token,vtho
232,,2021/03/08,null,vethor token,vtho
233,,2021/03/09,null,vethor token,vtho
234,,2021/03/10,null,vethor token,vtho
235,,2021/03/11,null,vethor token,vtho
236,,2021/03/12,null,vethor token,vtho
237,,2021/03/13,null,vethor token,vtho
238,,2021/03/14,null,vethor token,vtho
239,,2021/03/15,null,vethor token,vtho
240,,2021/03/16,null,vethor token,vtho
241,,2021/03/17,null,vethor token,vtho
242,,2021/03/18,null,vethor token,vtho
243,,2021/03/19,null,vethor token,vtho
244,,2021/03/20,null,vethor token,vtho
245,,2021/03/21,null,vethor token,vtho
246,,2021/03/22,null,vethor token,vtho
247,,2021/03/23,null,vethor token,vtho
248,,2021/03/24,null,vethor token,vtho
249,,2021/03/25,null,vethor token,vtho
250,,2021/03/26,null,vethor token,vtho
251,,2021/03/27,null,vethor token,vtho
252,,2021/03/28,null,vethor token,vtho
253,,2021/03/29,null,vethor token,vtho
254,,2021/03/30,null,vethor token,vtho
255,,2021/03/31,null,vethor token,vtho
256,,2021/04/01,null,vethor token,vtho
257,,2021/04/02,null,vethor token,vtho
258,,2021/04/03,null,vethor token,vtho
259,,2021/04/04,null,vethor token,vtho
260,,2021/04/05,null,vethor token,vtho
261,,2021/04/06,null,vethor token,vtho
262,,2021/04/07,null,vethor token,vtho
263,,2021/04/08,null,vethor token,vtho
264,,2021/04/09,null,vethor token,vtho
265,,2021/04/10,null,vethor token,vtho
266,,2021/04/11,null,vethor token,vtho
267,,2021/04/12,null,vethor token,vtho
268,,2021/04/13,null,vethor token,vtho
269,,2021/04/14,null,vethor token,vtho
270,,2021/04/15,null,vethor token,vtho
271,,2021/04/16,null,vethor token,vtho
272,,2021/04/17,null,vethor token,vtho
273,,2021/04/18,null,vethor token,vtho
274,,2021/04/19,null,vethor token,vtho
275,,2021/04/20,null,vethor token,vtho
276,,2021/04/21,null,vethor token,vtho
277,,2021/04/22,null,vethor token,vtho
278,,2021/04/23,null,vethor token,vtho
279,,2021/04/24,null,vethor token,vtho
280,,2021/04/25,null,vethor token,vtho
281,,2021/04/26,null,vethor token,vtho
282,,2021/04/27,null,vethor token,vtho
283,,2021/04/28,null,vethor token,vtho
284,,2021/04/29,null,vethor token,vtho
285,,2021/04/30,null,vethor token,vtho
286,,2021/05/01,null,vethor token,vtho
287,,2021/05/02,null,vethor token,vtho
288,,2021/05/03,null,vethor token,vtho
289,,2021/05/04,null,vethor token,vtho
290,,2021/05/05,null,vethor token,vtho
291,,2021/05/06,null,vethor token,vtho
292,,2021/05/07,null,vethor token,vtho
293,,2021/05/08,null,vethor token,vtho
294,,2021/05/09,null,vethor token,vtho
295,,2021/05/10,null,vethor token,vtho
296,,2021/05/11,null,vethor token,vtho
297,,2021/05/12,null,vethor token,vtho
298,,2021/05/13,null,vethor token,vtho
299,,2021/05/14,null,vethor token,vtho
300,,2021/05/15,null,vethor token,vtho
301,,2021/05/16,null,vethor token,vtho
302,,2021/05/17,null,vethor token,vtho
303,,2021/05/18,null,vethor token,vtho
304,,2021/05/19,null,vethor token,vtho
305,,2021/05/20,null,vethor token,vtho
306,,2021/05/21,3,vethor token,vtho
307,,2021/05/22,null,vethor token,vtho
308,,2021/05/23,null,vethor token,vtho
309,,2021/05/24,3,vethor token,vtho
310,,2021/05/25,null,vethor token,vtho
311,,2021/05/26,4,vethor token,vtho
312,,2021/05/27,null,vethor token,vtho
313,,2021/05/28,1,vethor token,vtho
314,,2021/05/29,null,vethor token,vtho
315,,2021/05/30,null,vethor token,vtho
316,,2021/05/31,1,vethor token,vtho
317,,2021/06/01,null,vethor token,vtho
318,,2021/06/02,2,vethor token,vtho
319,,2021/06/03,null,vethor token,vtho
320,,2021/06/04,null,vethor token,vtho
321,,2021/06/05,null,vethor token,vtho
322,,2021/06/06,2,vethor token,vtho
323,,2021/06/07,null,vethor token,vtho
324,,2021/06/08,null,vethor token,vtho
325,,2021/06/09,1,vethor token,vtho
326,,2021/06/10,2,vethor token,vtho
327,,2021/06/11,null,vethor token,vtho
328,,2021/06/12,null,vethor token,vtho
329,,2021/06/13,null,vethor token,vtho
330,,2021/06/14,null,vethor token,vtho
331,,2021/06/15,null,vethor token,vtho
332,,2021/06/16,null,vethor token,vtho
333,,2021/06/17,null,vethor token,vtho
334,,2021/06/18,null,vethor token,vtho
335,,2021/06/19,null,vethor token,vtho
336,,2021/06/20,null,vethor token,vtho
337,,2021/06/21,null,vethor token,vtho
338,,2021/06/22,null,vethor token,vtho
339,,2021/06/23,4,vethor token,vtho
340,,2021/06/24,3,vethor token,vtho
341,,2021/06/25,null,vethor token,vtho
342,,2021/06/26,null,vethor token,vtho
343,,2021/06/27,null,vethor token,vtho
344,,2021/06/28,null,vethor token,vtho
345,,2021/06/29,null,vethor token,vtho
346,,2021/06/30,null,vethor token,vtho
347,,2021/07/01,null,vethor token,vtho
348,,2021/07/02,null,vethor token,vtho
349,,2021/07/03,1,vethor token,vtho
350,,2021/07/04,null,vethor token,vtho
351,,2021/07/05,1,vethor token,vtho
352,,2021/07/06,null,vethor token,vtho
353,,2021/07/07,null,vethor token,vtho
354,,2021/07/08,null,vethor token,vtho
355,,2021/07/09,null,vethor token,vtho
356,,2021/07/10,null,vethor token,vtho
357,,2021/07/11,null,vethor token,vtho
358,,2021/07/12,null,vethor token,vtho
359,,2021/07/13,null,vethor token,vtho
360,,2021/07/14,null,vethor token,vtho
361,,2021/07/15,null,vethor token,vtho
362,,2021/07/16,null,vethor token,vtho
363,,2021/07/17,null,vethor token,vtho
364,,2021/07/18,null,vethor token,vtho
365,,2021/07/19,3,vethor token,vtho
366,,2021/07/20,null,vethor token,vtho
367,,2021/07/21,null,vethor token,vtho
368,,2021/07/22,null,vethor token,vtho
369,,2021/07/23,null,vethor token,vtho
370,,2021/07/24,null,vethor token,vtho
371,,2021/07/25,null,vethor token,vtho
372,,2021/07/26,null,vethor token,vtho
373,,2021/07/27,null,vethor token,vtho
374,,2021/07/28,null,vethor token,vtho
375,,2021/07/29,null,vethor token,vtho
376,,2021/07/30,null,vethor token,vtho
377,,2021/07/31,null,vethor token,vtho
378,,2021/08/01,null,vethor token,vtho
379,,2021/08/02,null,vethor token,vtho
380,,2021/08/03,1,vethor token,vtho
381,,2021/08/04,null,vethor token,vtho
382,,2021/08/05,null,vethor token,vtho
383,,2021/08/06,null,vethor token,vtho
384,,2021/08/07,1,vethor token,vtho
385,,2021/08/08,1,vethor token,vtho
386,,2021/08/09,null,vethor token,vtho
387,,2021/08/10,1,vethor token,vtho
388,,2021/08/11,2,vethor token,vtho
389,,2021/08/12,1,vethor token,vtho
390,,2021/08/13,null,vethor token,vtho
391,,2021/08/14,1,vethor token,vtho
392,,2021/08/15,27,vethor token,vtho
393,,2021/08/16,6,vethor token,vtho
394,,2021/08/17,1,vethor token,vtho
395,,2021/08/18,null,vethor token,vtho
396,,2021/08/19,null,vethor token,vtho
397,,2021/08/20,4,vethor token,vtho
398,,2021/08/21,2,vethor token,vtho
399,,2021/08/22,null,vethor token,vtho
400,,2021/08/23,null,vethor token,vtho
401,,2021/08/24,null,vethor token,vtho
402,,2021/08/25,null,vethor token,vtho
403,,2021/08/26,1,vethor token,vtho
404,,2021/08/27,null,vethor token,vtho
405,,2021/08/28,null,vethor token,vtho
406,,2021/08/29,null,vethor token,vtho
407,,2021/08/30,null,vethor token,vtho
408,,2021/08/31,null,vethor token,vtho
409,,2021/09/01,1,vethor token,vtho
410,,2021/09/02,null,vethor token,vtho
411,,2021/09/03,null,vethor token,vtho
412,,2021/09/04,null,vethor token,vtho
413,,2021/09/05,null,vethor token,vtho
414,,2021/09/06,null,vethor token,vtho
415,,2021/09/07,1,vethor token,vtho
416,,2021/09/08,null,vethor token,vtho
417,,2021/09/09,1,vethor token,vtho
418,,2021/09/10,null,vethor token,vtho
419,,2021/09/11,null,vethor token,vtho
420,,2021/09/12,null,vethor token,vtho
421,,2021/09/13,null,vethor token,vtho
422,,2021/09/14,null,vethor token,vtho
423,,2021/09/15,null,vethor token,vtho
424,,2021/09/16,null,vethor token,vtho
425,,2021/09/17,null,vethor token,vtho
426,,2021/09/18,null,vethor token,vtho
427,,2021/09/19,null,vethor token,vtho
428,,2021/09/20,null,vethor token,vtho
429,,2021/09/21,null,vethor token,vtho
430,,2021/09/22,3,vethor token,vtho
431,,2021/09/23,null,vethor token,vtho
432,,2021/09/24,null,vethor token,vtho
433,,2021/09/25,null,vethor token,vtho
434,,2021/09/26,null,vethor token,vtho
435,,2021/09/27,1,vethor token,vtho
436,,2021/09/28,null,vethor token,vtho
437,,2021/09/29,null,vethor token,vtho
438,,2021/09/30,2,vethor token,vtho
439,,2021/10/01,2,vethor token,vtho
440,,2021/10/02,null,vethor token,vtho
441,,2021/10/03,null,vethor token,vtho
442,,2021/10/04,null,vethor token,vtho
443,,2021/10/05,null,vethor token,vtho
444,,2021/10/06,1,vethor token,vtho
445,,2021/10/07,null,vethor token,vtho
446,,2021/10/08,null,vethor token,vtho
447,,2021/10/09,null,vethor token,vtho
448,,2021/10/10,null,vethor token,vtho
449,,2021/10/11,null,vethor token,vtho
450,,2021/10/12,3,vethor token,vtho
451,,2021/10/13,null,vethor token,vtho
452,,2021/10/14,null,vethor token,vtho
453,,2021/10/15,null,vethor token,vtho
454,,2021/10/16,2,vethor token,vtho
455,,2021/10/17,null,vethor token,vtho
456,,2021/10/18,null,vethor token,vtho
457,,2021/10/19,null,vethor token,vtho
458,,2021/10/20,null,vethor token,vtho
459,,2021/10/21,3,vethor token,vtho
460,,2021/10/22,1,vethor token,vtho
461,,2021/10/23,null,vethor token,vtho
462,,2021/10/24,null,vethor token,vtho
463,,2021/10/25,null,vethor token,vtho
464,,2021/10/26,null,vethor token,vtho
465,,2021/10/27,null,vethor token,vtho
466,,2021/10/28,3,vethor token,vtho
467,,2021/10/29,null,vethor token,vtho
468,,2021/10/30,null,vethor token,vtho
469,,2021/10/31,null,vethor token,vtho
470,,2021/11/01,null,vethor token,vtho
471,,2021/11/02,1,vethor token,vtho
472,,2021/11/03,null,vethor token,vtho
473,,2021/11/04,2,vethor token,vtho
474,,2021/11/05,1,vethor token,vtho
475,,2021/11/06,null,vethor token,vtho
476,,2021/11/07,1,vethor token,vtho
477,,2021/11/08,null,vethor token,vtho
478,,2021/11/09,1,vethor token,vtho
479,,2021/11/10,2,vethor token,vtho
480,,2021/11/11,null,vethor token,vtho
481,,2021/11/12,null,vethor token,vtho
482,,2021/11/13,1,vethor token,vtho
483,,2021/11/14,null,vethor token,vtho
484,,2021/11/15,null,vethor token,vtho
485,,2021/11/16,2,vethor token,vtho
