,google_trends,date,tweets,full_name,coin
0,,2021/07/22,17,walton,wtc
1,,2021/07/23,17,walton,wtc
2,,2021/07/24,8,walton,wtc
3,,2021/07/25,15,walton,wtc
4,,2021/07/26,15,walton,wtc
5,,2021/07/27,25,walton,wtc
6,,2021/07/28,null,walton,wtc
7,,2021/07/29,10,walton,wtc
8,,2021/07/30,19,walton,wtc
9,,2021/07/31,8,walton,wtc
10,,2021/08/01,null,walton,wtc
11,,2021/08/02,25,walton,wtc
12,,2021/08/03,22,walton,wtc
13,,2021/08/04,null,walton,wtc
14,,2021/08/05,33,walton,wtc
15,,2021/08/06,null,walton,wtc
16,,2021/08/07,null,walton,wtc
17,,2021/08/08,null,walton,wtc
18,,2021/08/09,null,walton,wtc
19,,2021/08/10,16,walton,wtc
20,,2021/08/11,14,walton,wtc
21,,2021/08/12,36,walton,wtc
22,,2021/08/13,23,walton,wtc
23,,2021/08/14,11,walton,wtc
24,,2021/08/15,8,walton,wtc
25,,2021/08/16,13,walton,wtc
26,,2021/08/17,48,walton,wtc
27,,2021/08/18,48,walton,wtc
28,,2021/08/19,null,walton,wtc
29,,2021/08/20,19,walton,wtc
30,,2021/08/21,19,walton,wtc
31,,2021/08/22,19,walton,wtc
32,,2021/08/23,21,walton,wtc
33,,2021/08/24,9,walton,wtc
34,,2021/08/25,20,walton,wtc
35,,2021/08/26,21,walton,wtc
36,,2021/08/27,19,walton,wtc
37,,2021/08/28,6,walton,wtc
38,,2021/08/29,null,walton,wtc
39,,2021/08/30,21,walton,wtc
40,,2021/08/31,11,walton,wtc
41,,2021/09/01,34,walton,wtc
42,,2021/09/02,37,walton,wtc
43,,2021/09/03,6,walton,wtc
44,,2021/09/04,25,walton,wtc
45,,2021/09/05,null,walton,wtc
46,,2021/09/06,17,walton,wtc
47,,2021/09/07,12,walton,wtc
48,,2021/09/08,null,walton,wtc
49,,2021/09/09,null,walton,wtc
50,,2021/09/10,26,walton,wtc
51,,2021/09/11,17,walton,wtc
52,,2021/09/12,12,walton,wtc
53,,2021/09/13,17,walton,wtc
54,,2021/09/14,80,walton,wtc
55,,2021/09/15,24,walton,wtc
56,,2021/09/16,25,walton,wtc
57,,2021/09/17,24,walton,wtc
58,,2021/09/18,19,walton,wtc
59,,2021/09/19,15,walton,wtc
60,,2021/09/20,14,walton,wtc
61,,2021/09/21,18,walton,wtc
62,,2021/09/22,19,walton,wtc
63,,2021/09/23,14,walton,wtc
64,,2021/09/24,17,walton,wtc
65,,2021/09/25,17,walton,wtc
66,,2021/09/26,11,walton,wtc
67,,2021/09/27,13,walton,wtc
68,,2021/09/28,28,walton,wtc
69,,2021/09/29,13,walton,wtc
70,,2021/09/30,19,walton,wtc
71,,2021/10/01,9,walton,wtc
72,,2021/10/02,24,walton,wtc
73,,2021/10/03,19,walton,wtc
74,,2021/10/04,6,walton,wtc
75,,2021/10/05,14,walton,wtc
76,,2021/10/06,21,walton,wtc
77,,2021/10/07,34,walton,wtc
78,,2021/10/08,16,walton,wtc
79,,2021/10/09,8,walton,wtc
80,,2021/10/10,16,walton,wtc
81,,2021/10/11,null,walton,wtc
82,,2021/10/12,null,walton,wtc
83,,2021/10/13,null,walton,wtc
84,,2021/10/14,null,walton,wtc
85,,2021/10/15,null,walton,wtc
86,,2021/10/16,null,walton,wtc
87,,2021/10/17,17,walton,wtc
88,,2021/10/18,13,walton,wtc
89,,2021/10/19,6,walton,wtc
90,,2021/10/20,null,walton,wtc
91,,2021/10/21,null,walton,wtc
92,,2021/10/22,null,walton,wtc
93,,2021/10/23,null,walton,wtc
94,,2021/10/24,19,walton,wtc
95,,2021/10/25,31,walton,wtc
96,,2021/10/26,null,walton,wtc
97,,2021/10/27,13,walton,wtc
98,,2021/10/28,8,walton,wtc
99,,2021/10/29,50,walton,wtc
100,,2021/10/30,null,walton,wtc
101,,2021/10/31,null,walton,wtc
102,,2021/11/01,null,walton,wtc
103,,2021/11/02,null,walton,wtc
104,,2021/11/03,10,walton,wtc
105,,2021/11/04,17,walton,wtc
106,,2021/11/05,null,walton,wtc
107,,2021/11/06,28,walton,wtc
108,,2021/11/07,29,walton,wtc
109,,2021/11/08,20,walton,wtc
