,google_trends,date,tweets,full_name,coin
0,,2018/12/09,6,zilla,zla
1,,2018/12/10,null,zilla,zla
2,,2018/12/11,25,zilla,zla
3,,2018/12/12,null,zilla,zla
4,,2018/12/13,3,zilla,zla
5,,2018/12/14,2,zilla,zla
6,,2018/12/15,null,zilla,zla
7,,2018/12/16,null,zilla,zla
8,,2018/12/17,null,zilla,zla
9,,2018/12/18,null,zilla,zla
10,,2018/12/19,null,zilla,zla
11,,2018/12/20,null,zilla,zla
12,,2018/12/21,null,zilla,zla
13,,2018/12/22,null,zilla,zla
14,,2018/12/23,7,zilla,zla
15,,2018/12/24,12,zilla,zla
16,,2018/12/25,null,zilla,zla
17,,2018/12/26,4,zilla,zla
18,,2018/12/27,3,zilla,zla
19,,2018/12/28,null,zilla,zla
20,,2018/12/29,null,zilla,zla
21,,2018/12/30,null,zilla,zla
22,,2018/12/31,null,zilla,zla
23,,2019/01/01,null,zilla,zla
24,,2019/01/02,null,zilla,zla
25,,2019/01/03,null,zilla,zla
26,,2019/01/04,null,zilla,zla
27,,2019/01/05,null,zilla,zla
28,,2019/01/06,null,zilla,zla
29,,2019/01/07,null,zilla,zla
30,,2019/01/08,null,zilla,zla
31,,2019/01/09,null,zilla,zla
32,,2019/01/10,null,zilla,zla
33,,2019/01/11,null,zilla,zla
34,,2019/01/12,1,zilla,zla
35,,2019/01/13,null,zilla,zla
36,,2019/01/14,4,zilla,zla
37,,2019/01/15,6,zilla,zla
38,,2019/01/16,3,zilla,zla
39,,2019/01/17,null,zilla,zla
40,,2019/01/18,null,zilla,zla
41,,2019/01/19,null,zilla,zla
42,,2019/01/20,null,zilla,zla
43,,2019/01/21,null,zilla,zla
44,,2019/01/22,null,zilla,zla
45,,2019/01/23,null,zilla,zla
46,,2019/01/24,null,zilla,zla
47,,2019/01/25,null,zilla,zla
48,,2019/01/26,null,zilla,zla
49,,2019/01/27,null,zilla,zla
50,,2019/01/28,null,zilla,zla
51,,2019/01/29,null,zilla,zla
52,,2019/01/30,null,zilla,zla
53,,2019/01/31,null,zilla,zla
54,,2019/02/01,null,zilla,zla
55,,2019/02/02,null,zilla,zla
56,,2019/02/03,null,zilla,zla
57,,2019/02/04,null,zilla,zla
58,,2019/02/05,null,zilla,zla
59,,2019/02/06,null,zilla,zla
60,,2019/02/07,null,zilla,zla
61,,2019/02/08,null,zilla,zla
62,,2019/02/09,4,zilla,zla
63,,2019/02/10,8,zilla,zla
64,,2019/02/11,3,zilla,zla
65,,2019/02/12,null,zilla,zla
66,,2019/02/13,null,zilla,zla
67,,2019/02/14,null,zilla,zla
68,,2019/02/15,null,zilla,zla
69,,2019/02/16,null,zilla,zla
70,,2019/02/17,null,zilla,zla
71,,2019/02/18,null,zilla,zla
72,,2019/02/19,null,zilla,zla
73,,2019/02/20,null,zilla,zla
74,,2019/02/21,null,zilla,zla
75,,2019/02/22,null,zilla,zla
76,,2019/02/23,null,zilla,zla
77,,2019/02/24,null,zilla,zla
78,,2019/02/25,8,zilla,zla
79,,2019/02/26,null,zilla,zla
80,,2019/02/27,15,zilla,zla
81,,2019/02/28,14,zilla,zla
82,,2019/03/01,7,zilla,zla
83,,2019/03/02,4,zilla,zla
84,,2019/03/03,1,zilla,zla
85,,2019/03/04,3,zilla,zla
86,,2019/03/05,2,zilla,zla
87,,2019/03/06,null,zilla,zla
88,,2019/03/07,6,zilla,zla
89,,2019/03/08,21,zilla,zla
90,,2019/03/09,null,zilla,zla
91,,2019/03/10,null,zilla,zla
92,,2019/03/11,12,zilla,zla
93,,2019/03/12,null,zilla,zla
94,,2019/03/13,null,zilla,zla
95,,2019/03/14,null,zilla,zla
96,,2019/03/15,null,zilla,zla
97,,2019/03/16,null,zilla,zla
98,,2019/03/17,null,zilla,zla
99,,2019/03/18,5,zilla,zla
100,,2019/03/19,11,zilla,zla
101,,2019/03/20,2,zilla,zla
102,,2019/03/21,null,zilla,zla
103,,2019/03/22,null,zilla,zla
104,,2019/03/23,null,zilla,zla
105,,2019/03/24,null,zilla,zla
106,,2019/03/25,null,zilla,zla
107,,2019/03/26,8,zilla,zla
108,,2019/03/27,15,zilla,zla
109,,2019/03/28,11,zilla,zla
110,,2019/03/29,5,zilla,zla
111,,2019/03/30,null,zilla,zla
112,,2019/03/31,6,zilla,zla
113,,2019/04/01,17,zilla,zla
114,,2019/04/02,22,zilla,zla
115,,2019/04/03,38,zilla,zla
116,,2019/04/04,17,zilla,zla
117,,2019/04/05,14,zilla,zla
118,,2019/04/06,4,zilla,zla
119,,2019/04/07,11,zilla,zla
120,,2019/04/08,4,zilla,zla
121,,2019/04/09,3,zilla,zla
122,,2019/04/10,7,zilla,zla
123,,2019/04/11,6,zilla,zla
124,,2019/04/12,3,zilla,zla
125,,2019/04/13,3,zilla,zla
126,,2019/04/14,2,zilla,zla
127,,2019/04/15,null,zilla,zla
128,,2019/04/16,2,zilla,zla
129,,2019/04/17,8,zilla,zla
130,,2019/04/18,2,zilla,zla
131,,2019/04/19,4,zilla,zla
132,,2019/04/20,null,zilla,zla
133,,2019/04/21,null,zilla,zla
134,,2019/04/22,null,zilla,zla
135,,2019/04/23,6,zilla,zla
136,,2019/04/24,10,zilla,zla
137,,2019/04/25,null,zilla,zla
138,,2019/04/26,null,zilla,zla
139,,2019/04/27,null,zilla,zla
140,,2019/04/28,6,zilla,zla
141,,2019/04/29,null,zilla,zla
142,,2019/04/30,2,zilla,zla
143,,2019/05/01,null,zilla,zla
144,,2019/05/02,null,zilla,zla
145,,2019/05/03,null,zilla,zla
146,,2019/05/04,2,zilla,zla
147,,2019/05/05,1,zilla,zla
148,,2019/05/06,null,zilla,zla
149,,2019/05/07,null,zilla,zla
150,,2019/05/08,null,zilla,zla
151,,2019/05/09,null,zilla,zla
152,,2019/05/10,null,zilla,zla
153,,2019/05/11,null,zilla,zla
154,,2019/05/12,null,zilla,zla
155,,2019/05/13,null,zilla,zla
156,,2019/05/14,null,zilla,zla
157,,2019/05/15,73,zilla,zla
158,,2019/05/16,18,zilla,zla
159,,2019/05/17,44,zilla,zla
160,,2019/05/18,214,zilla,zla
161,,2019/05/19,170,zilla,zla
162,,2019/05/20,99,zilla,zla
163,,2019/05/21,123,zilla,zla
164,,2019/05/22,93,zilla,zla
165,,2019/05/23,null,zilla,zla
166,,2019/05/24,null,zilla,zla
167,,2019/05/25,null,zilla,zla
168,,2019/05/26,null,zilla,zla
169,,2019/05/27,null,zilla,zla
170,,2019/05/28,null,zilla,zla
171,,2019/05/29,null,zilla,zla
172,,2019/05/30,null,zilla,zla
173,,2019/05/31,null,zilla,zla
174,,2019/06/01,1,zilla,zla
175,,2019/06/02,2,zilla,zla
176,,2019/06/03,null,zilla,zla
177,,2019/06/04,null,zilla,zla
178,,2019/06/05,null,zilla,zla
179,,2019/06/06,null,zilla,zla
180,,2019/06/07,null,zilla,zla
181,,2019/06/08,null,zilla,zla
182,,2019/06/09,null,zilla,zla
183,,2019/06/10,null,zilla,zla
184,,2019/06/11,null,zilla,zla
185,,2019/06/12,null,zilla,zla
186,,2019/06/13,null,zilla,zla
187,,2019/06/14,null,zilla,zla
188,,2019/06/15,null,zilla,zla
189,,2019/06/16,null,zilla,zla
190,,2019/06/17,null,zilla,zla
191,,2019/06/18,null,zilla,zla
192,,2019/06/19,null,zilla,zla
193,,2019/06/20,null,zilla,zla
194,,2019/06/21,null,zilla,zla
195,,2019/06/22,74,zilla,zla
196,,2019/06/23,91,zilla,zla
197,,2019/06/24,94,zilla,zla
198,,2019/06/25,null,zilla,zla
199,,2019/06/26,null,zilla,zla
200,,2019/06/27,null,zilla,zla
201,,2019/06/28,null,zilla,zla
202,,2019/06/29,null,zilla,zla
203,,2019/06/30,null,zilla,zla
204,,2019/07/01,10,zilla,zla
205,,2019/07/02,null,zilla,zla
206,,2019/07/03,null,zilla,zla
207,,2019/07/04,null,zilla,zla
208,,2019/07/05,null,zilla,zla
209,,2019/07/06,null,zilla,zla
210,,2019/07/07,null,zilla,zla
211,,2019/07/08,null,zilla,zla
212,,2019/07/09,null,zilla,zla
213,,2019/07/10,1,zilla,zla
214,,2019/07/11,null,zilla,zla
215,,2019/07/12,null,zilla,zla
216,,2019/07/13,null,zilla,zla
217,,2019/07/14,1,zilla,zla
218,,2019/07/15,2,zilla,zla
219,,2019/07/16,null,zilla,zla
220,,2019/07/17,1,zilla,zla
221,,2019/07/18,4,zilla,zla
222,,2019/07/19,null,zilla,zla
223,,2019/07/20,null,zilla,zla
224,,2019/07/21,null,zilla,zla
225,,2019/07/22,null,zilla,zla
226,,2019/07/23,null,zilla,zla
227,,2019/07/24,null,zilla,zla
228,,2019/07/25,null,zilla,zla
229,,2019/07/26,4,zilla,zla
230,,2019/07/27,2,zilla,zla
231,,2019/07/28,2,zilla,zla
232,,2019/07/29,null,zilla,zla
233,,2019/07/30,null,zilla,zla
234,,2019/07/31,null,zilla,zla
235,,2019/08/01,null,zilla,zla
236,,2019/08/02,null,zilla,zla
237,,2019/08/03,null,zilla,zla
238,,2019/08/04,null,zilla,zla
239,,2019/08/05,null,zilla,zla
240,,2019/08/06,null,zilla,zla
241,,2019/08/07,null,zilla,zla
242,,2019/08/08,null,zilla,zla
243,,2019/08/09,null,zilla,zla
244,,2019/08/10,null,zilla,zla
245,,2019/08/11,null,zilla,zla
246,,2019/08/12,null,zilla,zla
247,,2019/08/13,2,zilla,zla
248,,2019/08/14,194,zilla,zla
249,,2019/08/15,null,zilla,zla
250,,2019/08/16,121,zilla,zla
251,,2019/08/17,35,zilla,zla
252,,2019/08/18,19,zilla,zla
253,,2019/08/19,52,zilla,zla
254,,2019/08/20,38,zilla,zla
255,,2019/08/21,153,zilla,zla
256,,2019/08/22,69,zilla,zla
257,,2019/08/23,27,zilla,zla
258,,2019/08/24,20,zilla,zla
259,,2019/08/25,50,zilla,zla
260,,2019/08/26,58,zilla,zla
261,,2019/08/27,89,zilla,zla
262,,2019/08/28,63,zilla,zla
263,,2019/08/29,31,zilla,zla
264,,2019/08/30,15,zilla,zla
265,,2019/08/31,27,zilla,zla
266,,2019/09/01,13,zilla,zla
267,,2019/09/02,190,zilla,zla
268,,2019/09/03,45,zilla,zla
269,,2019/09/04,70,zilla,zla
270,,2019/09/05,17,zilla,zla
271,,2019/09/06,24,zilla,zla
272,,2019/09/07,26,zilla,zla
273,,2019/09/08,30,zilla,zla
274,,2019/09/09,44,zilla,zla
275,,2019/09/10,18,zilla,zla
276,,2019/09/11,144,zilla,zla
277,,2019/09/12,41,zilla,zla
278,,2019/09/13,94,zilla,zla
279,,2019/09/14,23,zilla,zla
280,,2019/09/15,null,zilla,zla
281,,2019/09/16,null,zilla,zla
282,,2019/09/17,31,zilla,zla
283,,2019/09/18,21,zilla,zla
284,,2019/09/19,null,zilla,zla
285,,2019/09/20,null,zilla,zla
286,,2019/09/21,null,zilla,zla
287,,2019/09/22,14,zilla,zla
288,,2019/09/23,1,zilla,zla
289,,2019/09/24,null,zilla,zla
290,,2019/09/25,null,zilla,zla
291,,2019/09/26,null,zilla,zla
292,,2019/09/27,null,zilla,zla
293,,2019/09/28,null,zilla,zla
294,,2019/09/29,null,zilla,zla
295,,2019/09/30,null,zilla,zla
296,,2019/10/01,null,zilla,zla
297,,2019/10/02,null,zilla,zla
298,,2019/10/03,null,zilla,zla
299,,2019/10/04,null,zilla,zla
300,,2019/10/05,null,zilla,zla
301,,2019/10/06,null,zilla,zla
302,,2019/10/07,16,zilla,zla
303,,2019/10/08,1,zilla,zla
304,,2019/10/09,null,zilla,zla
305,,2019/10/10,1,zilla,zla
306,,2019/10/11,1,zilla,zla
307,,2019/10/12,2,zilla,zla
308,,2019/10/13,6,zilla,zla
309,,2019/10/14,7,zilla,zla
310,,2019/10/15,1,zilla,zla
311,,2019/10/16,null,zilla,zla
312,,2019/10/17,null,zilla,zla
313,,2019/10/18,7,zilla,zla
314,,2019/10/19,3,zilla,zla
315,,2019/10/20,null,zilla,zla
316,,2019/10/21,null,zilla,zla
317,,2019/10/22,null,zilla,zla
318,,2019/10/23,null,zilla,zla
319,,2019/10/24,null,zilla,zla
320,,2019/10/25,null,zilla,zla
321,,2019/10/26,null,zilla,zla
322,,2019/10/27,null,zilla,zla
323,,2019/10/28,null,zilla,zla
324,,2019/10/29,null,zilla,zla
325,,2019/10/30,null,zilla,zla
326,,2019/10/31,null,zilla,zla
327,,2019/11/01,1,zilla,zla
328,,2019/11/02,null,zilla,zla
329,,2019/11/03,null,zilla,zla
330,,2019/11/04,null,zilla,zla
331,,2019/11/05,null,zilla,zla
332,,2019/11/06,null,zilla,zla
333,,2019/11/07,null,zilla,zla
334,,2019/11/08,null,zilla,zla
335,,2019/11/09,null,zilla,zla
336,,2019/11/10,null,zilla,zla
337,,2019/11/11,null,zilla,zla
338,,2019/11/12,null,zilla,zla
339,,2019/11/13,null,zilla,zla
340,,2019/11/14,null,zilla,zla
341,,2019/11/15,null,zilla,zla
342,,2019/11/16,null,zilla,zla
343,,2019/11/17,null,zilla,zla
344,,2019/11/18,null,zilla,zla
345,,2019/11/19,null,zilla,zla
346,,2019/11/20,null,zilla,zla
347,,2019/11/21,null,zilla,zla
348,,2019/11/22,null,zilla,zla
349,,2019/11/23,null,zilla,zla
350,,2019/11/24,null,zilla,zla
351,,2019/11/25,null,zilla,zla
352,,2019/11/26,null,zilla,zla
353,,2019/11/27,null,zilla,zla
354,,2019/11/28,null,zilla,zla
355,,2019/11/29,null,zilla,zla
356,,2019/11/30,null,zilla,zla
357,,2019/12/01,null,zilla,zla
358,,2019/12/02,null,zilla,zla
359,,2019/12/03,null,zilla,zla
360,,2019/12/04,null,zilla,zla
361,,2019/12/05,null,zilla,zla
362,,2019/12/06,null,zilla,zla
363,,2019/12/07,null,zilla,zla
364,,2019/12/08,null,zilla,zla
365,,2019/12/09,null,zilla,zla
366,,2019/12/10,null,zilla,zla
367,,2019/12/11,null,zilla,zla
368,,2019/12/12,4,zilla,zla
369,,2019/12/13,null,zilla,zla
370,,2019/12/14,null,zilla,zla
371,,2019/12/15,null,zilla,zla
372,,2019/12/16,null,zilla,zla
373,,2019/12/17,null,zilla,zla
374,,2019/12/18,null,zilla,zla
375,,2019/12/19,null,zilla,zla
376,,2019/12/20,null,zilla,zla
377,,2019/12/21,null,zilla,zla
378,,2019/12/22,null,zilla,zla
379,,2019/12/23,null,zilla,zla
380,,2019/12/24,null,zilla,zla
381,,2019/12/25,null,zilla,zla
382,,2019/12/26,null,zilla,zla
383,,2019/12/27,null,zilla,zla
384,,2019/12/28,null,zilla,zla
385,,2019/12/29,null,zilla,zla
386,,2019/12/30,null,zilla,zla
387,,2019/12/31,null,zilla,zla
388,,2020/01/01,null,zilla,zla
389,,2020/01/02,null,zilla,zla
390,,2020/01/03,null,zilla,zla
391,,2020/01/04,null,zilla,zla
392,,2020/01/05,null,zilla,zla
393,,2020/01/06,null,zilla,zla
394,,2020/01/07,1,zilla,zla
395,,2020/01/08,7,zilla,zla
