,mining_profitability,av_transaction_value,google_trends,date,tweets,confirmation_time,median_transaction_value,market_cap,top_100_percent,fee_reward,active_addresses,send_usd,full_name,coin
0,,,,2014/05/04,1,,,9267,,,,,cornerstonecoin,cornerstonecoin
1,,,,2014/05/05,null,,,null,,,,,cornerstonecoin,cornerstonecoin
2,,,,2014/05/06,null,,,null,,,,,cornerstonecoin,cornerstonecoin
3,,,,2014/05/07,null,,,null,,,,,cornerstonecoin,cornerstonecoin
4,,,,2014/05/08,null,,,null,,,,,cornerstonecoin,cornerstonecoin
5,,,,2014/05/09,null,,,null,,,,,cornerstonecoin,cornerstonecoin
6,,,,2014/05/10,null,,,null,,,,,cornerstonecoin,cornerstonecoin
7,,,,2014/05/11,null,,,null,,,,,cornerstonecoin,cornerstonecoin
8,,,,2014/05/12,null,,,13257,,,,,cornerstonecoin,cornerstonecoin
9,,,,2014/05/13,null,,,13697,,,,,cornerstonecoin,cornerstonecoin
10,,,,2014/05/14,null,,,,,,,,cornerstonecoin,cornerstonecoin
11,,,,2014/05/15,1,,,,,,,,cornerstonecoin,cornerstonecoin
12,,,,2014/05/16,null,,,,,,,,cornerstonecoin,cornerstonecoin
13,,,,2014/05/17,null,,,,,,,,cornerstonecoin,cornerstonecoin
14,,,,2014/05/18,null,,,,,,,,cornerstonecoin,cornerstonecoin
15,,,,2014/05/19,1,,,,,,,,cornerstonecoin,cornerstonecoin
16,,,,2014/05/20,2,,,,,,,,cornerstonecoin,cornerstonecoin
17,,,,2014/05/21,null,,,,,,,,cornerstonecoin,cornerstonecoin
18,,,,2014/05/22,2,,,,,,,,cornerstonecoin,cornerstonecoin
19,,,,2014/04/29,,,,6822,,,,,cornerstonecoin,cornerstonecoin
20,,,,2014/04/30,,,,8268,,,,,cornerstonecoin,cornerstonecoin
21,,,,2014/05/01,,,,6446,,,,,cornerstonecoin,cornerstonecoin
22,,,,2014/05/02,,,,7168,,,,,cornerstonecoin,cornerstonecoin
23,,,,2014/05/03,,,,8007,,,,,cornerstonecoin,cornerstonecoin
