,mining_profitability,confirmation_time,date,market_cap,fee_reward,active_addresses,send_usd,av_transaction_value,median_transaction_value,google_trends,top_100_percent,tweets,full_name,coin
0,,,2014/05/14,1852503,,,,,,,,,savecoin,savecoin
1,,,2014/05/15,1792035,,,,,,,,6,savecoin,savecoin
2,,,2014/05/16,4009890,,,,,,,,1,savecoin,savecoin
3,,,2014/05/17,null,,,,,,,,4,savecoin,savecoin
4,,,2014/05/18,null,,,,,,,,3,savecoin,savecoin
5,,,2014/05/19,null,,,,,,,,1,savecoin,savecoin
6,,,2014/05/20,null,,,,,,,,7,savecoin,savecoin
7,,,2014/05/21,null,,,,,,,,5,savecoin,savecoin
8,,,2014/05/22,null,,,,,,,,7,savecoin,savecoin
9,,,2014/05/23,null,,,,,,,,null,savecoin,savecoin
10,,,2014/05/24,4023715,,,,,,,,null,savecoin,savecoin
11,,,2014/05/25,2244452,,,,,,,,null,savecoin,savecoin
12,,,2014/05/26,909439,,,,,,,,4,savecoin,savecoin
13,,,2014/05/27,1212920,,,,,,,,3,savecoin,savecoin
14,,,2014/05/28,1468140,,,,,,,,6,savecoin,savecoin
15,,,2014/05/29,null,,,,,,,,5,savecoin,savecoin
16,,,2014/05/30,null,,,,,,,,5,savecoin,savecoin
17,,,2014/05/31,null,,,,,,,,null,savecoin,savecoin
18,,,2014/06/01,null,,,,,,,,1,savecoin,savecoin
19,,,2014/06/02,null,,,,,,,,3,savecoin,savecoin
20,,,2014/06/03,null,,,,,,,,5,savecoin,savecoin
21,,,2014/06/04,null,,,,,,,,3,savecoin,savecoin
22,,,2014/06/05,null,,,,,,,,3,savecoin,savecoin
23,,,2014/06/06,null,,,,,,,,2,savecoin,savecoin
24,,,2014/06/07,null,,,,,,,,1,savecoin,savecoin
25,,,2014/06/08,501448,,,,,,,,1,savecoin,savecoin
26,,,2014/06/09,360259,,,,,,,,7,savecoin,savecoin
27,,,2014/06/10,893038,,,,,,,,5,savecoin,savecoin
28,,,2014/06/11,1103003,,,,,,,,6,savecoin,savecoin
29,,,2014/06/12,698722,,,,,,,,4,savecoin,savecoin
30,,,2014/06/13,796673,,,,,,,,4,savecoin,savecoin
31,,,2014/06/14,647331,,,,,,,,null,savecoin,savecoin
32,,,2014/06/15,790202,,,,,,,,6,savecoin,savecoin
33,,,2014/06/16,1189555,,,,,,,,9,savecoin,savecoin
34,,,2014/06/17,793381,,,,,,,,6,savecoin,savecoin
35,,,2014/06/18,493268,,,,,,,,11,savecoin,savecoin
36,,,2014/06/19,1020443,,,,,,,,6,savecoin,savecoin
37,,,2014/06/20,890342,,,,,,,,5,savecoin,savecoin
38,,,2014/06/21,null,,,,,,,,null,savecoin,savecoin
39,,,2014/06/22,null,,,,,,,,4,savecoin,savecoin
40,,,2014/06/23,null,,,,,,,,5,savecoin,savecoin
41,,,2014/06/24,null,,,,,,,,4,savecoin,savecoin
42,,,2014/06/25,683278,,,,,,,,12,savecoin,savecoin
43,,,2014/06/26,null,,,,,,,,8,savecoin,savecoin
44,,,2014/06/27,null,,,,,,,,7,savecoin,savecoin
45,,,2014/06/28,null,,,,,,,,null,savecoin,savecoin
46,,,2014/06/29,null,,,,,,,,2,savecoin,savecoin
47,,,2014/06/30,null,,,,,,,,6,savecoin,savecoin
48,,,2014/07/01,null,,,,,,,,5,savecoin,savecoin
49,,,2014/07/02,null,,,,,,,,6,savecoin,savecoin
50,,,2014/07/03,null,,,,,,,,6,savecoin,savecoin
51,,,2014/07/04,null,,,,,,,,4,savecoin,savecoin
52,,,2014/07/05,null,,,,,,,,null,savecoin,savecoin
53,,,2014/07/06,null,,,,,,,,3,savecoin,savecoin
54,,,2014/07/07,null,,,,,,,,7,savecoin,savecoin
55,,,2014/07/08,null,,,,,,,,7,savecoin,savecoin
56,,,2014/07/09,null,,,,,,,,7,savecoin,savecoin
57,,,2014/07/10,null,,,,,,,,5,savecoin,savecoin
58,,,2014/07/11,null,,,,,,,,6,savecoin,savecoin
59,,,2014/07/12,null,,,,,,,,2,savecoin,savecoin
60,,,2014/07/13,null,,,,,,,,2,savecoin,savecoin
61,,,2014/07/14,null,,,,,,,,3,savecoin,savecoin
62,,,2014/07/15,315208,,,,,,,,11,savecoin,savecoin
63,,,2014/07/16,224905,,,,,,,,8,savecoin,savecoin
64,,,2014/07/17,null,,,,,,,,5,savecoin,savecoin
65,,,2014/07/18,null,,,,,,,,8,savecoin,savecoin
66,,,2014/07/19,null,,,,,,,,null,savecoin,savecoin
67,,,2014/07/20,null,,,,,,,,4,savecoin,savecoin
68,,,2014/07/21,null,,,,,,,,3,savecoin,savecoin
69,,,2014/07/22,null,,,,,,,,6,savecoin,savecoin
70,,,2014/07/23,null,,,,,,,,10,savecoin,savecoin
71,,,2014/07/24,null,,,,,,,,6,savecoin,savecoin
72,,,2014/07/25,null,,,,,,,,6,savecoin,savecoin
73,,,2014/07/26,null,,,,,,,,3,savecoin,savecoin
74,,,2014/07/27,null,,,,,,,,2,savecoin,savecoin
75,,,2014/07/28,null,,,,,,,,5,savecoin,savecoin
76,,,2014/07/29,null,,,,,,,,6,savecoin,savecoin
77,,,2014/07/30,null,,,,,,,,9,savecoin,savecoin
78,,,2014/07/31,null,,,,,,,,7,savecoin,savecoin
79,,,2014/08/01,null,,,,,,,,13,savecoin,savecoin
80,,,2014/08/02,null,,,,,,,,4,savecoin,savecoin
81,,,2014/08/03,null,,,,,,,,2,savecoin,savecoin
82,,,2014/08/04,null,,,,,,,,13,savecoin,savecoin
83,,,2014/08/05,null,,,,,,,,6,savecoin,savecoin
84,,,2014/08/06,null,,,,,,,,6,savecoin,savecoin
85,,,2014/08/07,null,,,,,,,,40,savecoin,savecoin
86,,,2014/08/08,2521005,,,,,,,,9,savecoin,savecoin
87,,,2014/08/09,1540103,,,,,,,,3,savecoin,savecoin
88,,,2014/08/10,null,,,,,,,,3,savecoin,savecoin
89,,,2014/08/11,null,,,,,,,,9,savecoin,savecoin
90,,,2014/08/12,null,,,,,,,,12,savecoin,savecoin
91,,,2014/08/13,null,,,,,,,,14,savecoin,savecoin
92,,,2014/08/14,null,,,,,,,,7,savecoin,savecoin
93,,,2014/08/15,null,,,,,,,,7,savecoin,savecoin
94,,,2014/08/16,null,,,,,,,,null,savecoin,savecoin
95,,,2014/08/17,null,,,,,,,,3,savecoin,savecoin
96,,,2014/08/18,null,,,,,,,,13,savecoin,savecoin
97,,,2014/08/19,708517,,,,,,,,10,savecoin,savecoin
98,,,2014/08/20,572826,,,,,,,,9,savecoin,savecoin
99,,,2014/08/21,682551,,,,,,,,6,savecoin,savecoin
100,,,2014/08/22,,,,,,,,,null,savecoin,savecoin
101,,,2014/08/23,,,,,,,,,null,savecoin,savecoin
102,,,2014/08/24,,,,,,,,,3,savecoin,savecoin
103,,,2014/08/25,,,,,,,,,3,savecoin,savecoin
104,,,2014/08/26,,,,,,,,,5,savecoin,savecoin
105,,,2014/08/27,,,,,,,,,9,savecoin,savecoin
106,,,2014/08/28,,,,,,,,,6,savecoin,savecoin
107,,,2014/08/29,,,,,,,,,5,savecoin,savecoin
108,,,2014/08/30,,,,,,,,,null,savecoin,savecoin
109,,,2014/08/31,,,,,,,,,1,savecoin,savecoin
110,,,2014/09/01,,,,,,,,,4,savecoin,savecoin
111,,,2014/09/02,,,,,,,,,null,savecoin,savecoin
112,,,2014/09/03,,,,,,,,,null,savecoin,savecoin
113,,,2014/09/04,,,,,,,,,null,savecoin,savecoin
114,,,2014/09/05,,,,,,,,,null,savecoin,savecoin
115,,,2014/09/06,,,,,,,,,null,savecoin,savecoin
116,,,2014/09/07,,,,,,,,,null,savecoin,savecoin
117,,,2014/09/08,,,,,,,,,null,savecoin,savecoin
118,,,2014/09/09,,,,,,,,,null,savecoin,savecoin
119,,,2014/09/10,,,,,,,,,null,savecoin,savecoin
120,,,2014/09/11,,,,,,,,,null,savecoin,savecoin
121,,,2014/09/12,,,,,,,,,null,savecoin,savecoin
122,,,2014/09/13,,,,,,,,,null,savecoin,savecoin
123,,,2014/09/14,,,,,,,,,null,savecoin,savecoin
124,,,2014/09/15,,,,,,,,,null,savecoin,savecoin
125,,,2014/09/16,,,,,,,,,null,savecoin,savecoin
126,,,2014/09/17,,,,,,,,,null,savecoin,savecoin
127,,,2014/09/18,,,,,,,,,null,savecoin,savecoin
128,,,2014/09/19,,,,,,,,,null,savecoin,savecoin
129,,,2014/09/20,,,,,,,,,null,savecoin,savecoin
130,,,2014/09/21,,,,,,,,,null,savecoin,savecoin
131,,,2014/09/22,,,,,,,,,null,savecoin,savecoin
132,,,2014/09/23,,,,,,,,,null,savecoin,savecoin
133,,,2014/09/24,,,,,,,,,null,savecoin,savecoin
134,,,2014/09/25,,,,,,,,,null,savecoin,savecoin
135,,,2014/09/26,,,,,,,,,null,savecoin,savecoin
136,,,2014/09/27,,,,,,,,,null,savecoin,savecoin
137,,,2014/09/28,,,,,,,,,null,savecoin,savecoin
138,,,2014/09/29,,,,,,,,,null,savecoin,savecoin
139,,,2014/09/30,,,,,,,,,null,savecoin,savecoin
140,,,2014/10/01,,,,,,,,,null,savecoin,savecoin
141,,,2014/10/02,,,,,,,,,null,savecoin,savecoin
142,,,2014/10/03,,,,,,,,,null,savecoin,savecoin
143,,,2014/10/04,,,,,,,,,null,savecoin,savecoin
144,,,2014/10/05,,,,,,,,,null,savecoin,savecoin
145,,,2014/10/06,,,,,,,,,null,savecoin,savecoin
146,,,2014/10/07,,,,,,,,,null,savecoin,savecoin
147,,,2014/10/08,,,,,,,,,null,savecoin,savecoin
148,,,2014/10/09,,,,,,,,,null,savecoin,savecoin
149,,,2014/10/10,,,,,,,,,null,savecoin,savecoin
150,,,2014/10/11,,,,,,,,,null,savecoin,savecoin
151,,,2014/10/12,,,,,,,,,null,savecoin,savecoin
152,,,2014/10/13,,,,,,,,,null,savecoin,savecoin
153,,,2014/10/14,,,,,,,,,null,savecoin,savecoin
154,,,2014/10/15,,,,,,,,,null,savecoin,savecoin
155,,,2014/10/16,,,,,,,,,null,savecoin,savecoin
156,,,2014/10/17,,,,,,,,,null,savecoin,savecoin
157,,,2014/10/18,,,,,,,,,null,savecoin,savecoin
158,,,2014/10/19,,,,,,,,,null,savecoin,savecoin
159,,,2014/10/20,,,,,,,,,null,savecoin,savecoin
160,,,2014/10/21,,,,,,,,,null,savecoin,savecoin
161,,,2014/10/22,,,,,,,,,null,savecoin,savecoin
162,,,2014/10/23,,,,,,,,,null,savecoin,savecoin
163,,,2014/10/24,,,,,,,,,null,savecoin,savecoin
164,,,2014/10/25,,,,,,,,,null,savecoin,savecoin
165,,,2014/10/26,,,,,,,,,null,savecoin,savecoin
166,,,2014/10/27,,,,,,,,,null,savecoin,savecoin
167,,,2014/10/28,,,,,,,,,null,savecoin,savecoin
168,,,2014/10/29,,,,,,,,,null,savecoin,savecoin
169,,,2014/10/30,,,,,,,,,null,savecoin,savecoin
170,,,2014/10/31,,,,,,,,,null,savecoin,savecoin
171,,,2014/11/01,,,,,,,,,null,savecoin,savecoin
172,,,2014/11/02,,,,,,,,,null,savecoin,savecoin
173,,,2014/11/03,,,,,,,,,null,savecoin,savecoin
174,,,2014/11/04,,,,,,,,,null,savecoin,savecoin
175,,,2014/11/05,,,,,,,,,null,savecoin,savecoin
176,,,2014/11/06,,,,,,,,,null,savecoin,savecoin
177,,,2014/11/07,,,,,,,,,null,savecoin,savecoin
178,,,2014/11/08,,,,,,,,,null,savecoin,savecoin
179,,,2014/11/09,,,,,,,,,null,savecoin,savecoin
180,,,2014/11/10,,,,,,,,,null,savecoin,savecoin
181,,,2014/11/11,,,,,,,,,null,savecoin,savecoin
182,,,2014/11/12,,,,,,,,,null,savecoin,savecoin
183,,,2014/11/13,,,,,,,,,null,savecoin,savecoin
184,,,2014/11/14,,,,,,,,,null,savecoin,savecoin
185,,,2014/11/15,,,,,,,,,null,savecoin,savecoin
186,,,2014/11/16,,,,,,,,,null,savecoin,savecoin
187,,,2014/11/17,,,,,,,,,null,savecoin,savecoin
188,,,2014/11/18,,,,,,,,,null,savecoin,savecoin
189,,,2014/11/19,,,,,,,,,null,savecoin,savecoin
190,,,2014/11/20,,,,,,,,,null,savecoin,savecoin
191,,,2014/11/21,,,,,,,,,null,savecoin,savecoin
192,,,2014/11/22,,,,,,,,,null,savecoin,savecoin
193,,,2014/11/23,,,,,,,,,null,savecoin,savecoin
194,,,2014/11/24,,,,,,,,,null,savecoin,savecoin
195,,,2014/11/25,,,,,,,,,null,savecoin,savecoin
196,,,2014/11/26,,,,,,,,,null,savecoin,savecoin
197,,,2014/11/27,,,,,,,,,null,savecoin,savecoin
198,,,2014/11/28,,,,,,,,,null,savecoin,savecoin
199,,,2014/11/29,,,,,,,,,null,savecoin,savecoin
200,,,2014/11/30,,,,,,,,,null,savecoin,savecoin
201,,,2014/12/01,,,,,,,,,null,savecoin,savecoin
202,,,2014/12/02,,,,,,,,,null,savecoin,savecoin
203,,,2014/12/03,,,,,,,,,null,savecoin,savecoin
204,,,2014/12/04,,,,,,,,,null,savecoin,savecoin
205,,,2014/12/05,,,,,,,,,null,savecoin,savecoin
206,,,2014/12/06,,,,,,,,,null,savecoin,savecoin
207,,,2014/12/07,,,,,,,,,null,savecoin,savecoin
208,,,2014/12/08,,,,,,,,,null,savecoin,savecoin
209,,,2014/12/09,,,,,,,,,null,savecoin,savecoin
210,,,2014/12/10,,,,,,,,,null,savecoin,savecoin
211,,,2014/12/11,,,,,,,,,null,savecoin,savecoin
212,,,2014/12/12,,,,,,,,,null,savecoin,savecoin
213,,,2014/12/13,,,,,,,,,null,savecoin,savecoin
214,,,2014/12/14,,,,,,,,,null,savecoin,savecoin
215,,,2014/12/15,,,,,,,,,null,savecoin,savecoin
216,,,2014/12/16,,,,,,,,,null,savecoin,savecoin
217,,,2014/12/17,,,,,,,,,null,savecoin,savecoin
218,,,2014/12/18,,,,,,,,,null,savecoin,savecoin
219,,,2014/12/19,,,,,,,,,null,savecoin,savecoin
220,,,2014/12/20,,,,,,,,,null,savecoin,savecoin
221,,,2014/12/21,,,,,,,,,null,savecoin,savecoin
222,,,2014/12/22,,,,,,,,,null,savecoin,savecoin
223,,,2014/12/23,,,,,,,,,null,savecoin,savecoin
224,,,2014/12/24,,,,,,,,,null,savecoin,savecoin
225,,,2014/12/25,,,,,,,,,null,savecoin,savecoin
226,,,2014/12/26,,,,,,,,,null,savecoin,savecoin
227,,,2014/12/27,,,,,,,,,null,savecoin,savecoin
228,,,2014/12/28,,,,,,,,,null,savecoin,savecoin
229,,,2014/12/29,,,,,,,,,null,savecoin,savecoin
230,,,2014/12/30,,,,,,,,,null,savecoin,savecoin
231,,,2014/12/31,,,,,,,,,null,savecoin,savecoin
232,,,2015/01/01,,,,,,,,,null,savecoin,savecoin
233,,,2015/01/02,,,,,,,,,null,savecoin,savecoin
234,,,2015/01/03,,,,,,,,,null,savecoin,savecoin
235,,,2015/01/04,,,,,,,,,null,savecoin,savecoin
236,,,2015/01/05,,,,,,,,,null,savecoin,savecoin
237,,,2015/01/06,,,,,,,,,null,savecoin,savecoin
238,,,2015/01/07,,,,,,,,,null,savecoin,savecoin
239,,,2015/01/08,,,,,,,,,null,savecoin,savecoin
240,,,2015/01/09,,,,,,,,,null,savecoin,savecoin
241,,,2015/01/10,,,,,,,,,null,savecoin,savecoin
242,,,2015/01/11,,,,,,,,,null,savecoin,savecoin
243,,,2015/01/12,,,,,,,,,null,savecoin,savecoin
244,,,2015/01/13,,,,,,,,,null,savecoin,savecoin
245,,,2015/01/14,,,,,,,,,null,savecoin,savecoin
246,,,2015/01/15,,,,,,,,,null,savecoin,savecoin
247,,,2015/01/16,,,,,,,,,null,savecoin,savecoin
248,,,2015/01/17,,,,,,,,,null,savecoin,savecoin
249,,,2015/01/18,,,,,,,,,null,savecoin,savecoin
250,,,2015/01/19,,,,,,,,,null,savecoin,savecoin
251,,,2015/01/20,,,,,,,,,null,savecoin,savecoin
252,,,2015/01/21,,,,,,,,,null,savecoin,savecoin
253,,,2015/01/22,,,,,,,,,null,savecoin,savecoin
254,,,2015/01/23,,,,,,,,,null,savecoin,savecoin
255,,,2015/01/24,,,,,,,,,null,savecoin,savecoin
256,,,2015/01/25,,,,,,,,,null,savecoin,savecoin
257,,,2015/01/26,,,,,,,,,null,savecoin,savecoin
258,,,2015/01/27,,,,,,,,,null,savecoin,savecoin
259,,,2015/01/28,,,,,,,,,null,savecoin,savecoin
260,,,2015/01/29,,,,,,,,,null,savecoin,savecoin
261,,,2015/01/30,,,,,,,,,null,savecoin,savecoin
262,,,2015/01/31,,,,,,,,,null,savecoin,savecoin
263,,,2015/02/01,,,,,,,,,null,savecoin,savecoin
264,,,2015/02/02,,,,,,,,,null,savecoin,savecoin
265,,,2015/02/03,,,,,,,,,null,savecoin,savecoin
266,,,2015/02/04,,,,,,,,,null,savecoin,savecoin
267,,,2015/02/05,,,,,,,,,null,savecoin,savecoin
268,,,2015/02/06,,,,,,,,,null,savecoin,savecoin
269,,,2015/02/07,,,,,,,,,null,savecoin,savecoin
270,,,2015/02/08,,,,,,,,,null,savecoin,savecoin
271,,,2015/02/09,,,,,,,,,null,savecoin,savecoin
272,,,2015/02/10,,,,,,,,,null,savecoin,savecoin
273,,,2015/02/11,,,,,,,,,null,savecoin,savecoin
274,,,2015/02/12,,,,,,,,,null,savecoin,savecoin
275,,,2015/02/13,,,,,,,,,null,savecoin,savecoin
276,,,2015/02/14,,,,,,,,,null,savecoin,savecoin
277,,,2015/02/15,,,,,,,,,null,savecoin,savecoin
278,,,2015/02/16,,,,,,,,,null,savecoin,savecoin
279,,,2015/02/17,,,,,,,,,null,savecoin,savecoin
280,,,2015/02/18,,,,,,,,,null,savecoin,savecoin
281,,,2015/02/19,,,,,,,,,null,savecoin,savecoin
282,,,2015/02/20,,,,,,,,,null,savecoin,savecoin
283,,,2015/02/21,,,,,,,,,null,savecoin,savecoin
284,,,2015/02/22,,,,,,,,,null,savecoin,savecoin
285,,,2015/02/23,,,,,,,,,null,savecoin,savecoin
286,,,2015/02/24,,,,,,,,,null,savecoin,savecoin
287,,,2015/02/25,,,,,,,,,null,savecoin,savecoin
288,,,2015/02/26,,,,,,,,,null,savecoin,savecoin
289,,,2015/02/27,,,,,,,,,null,savecoin,savecoin
290,,,2015/02/28,,,,,,,,,null,savecoin,savecoin
291,,,2015/03/01,,,,,,,,,null,savecoin,savecoin
292,,,2015/03/02,,,,,,,,,null,savecoin,savecoin
293,,,2015/03/03,,,,,,,,,null,savecoin,savecoin
294,,,2015/03/04,,,,,,,,,null,savecoin,savecoin
295,,,2015/03/05,,,,,,,,,null,savecoin,savecoin
296,,,2015/03/06,,,,,,,,,null,savecoin,savecoin
297,,,2015/03/07,,,,,,,,,null,savecoin,savecoin
298,,,2015/03/08,,,,,,,,,null,savecoin,savecoin
299,,,2015/03/09,,,,,,,,,null,savecoin,savecoin
300,,,2015/03/10,,,,,,,,,null,savecoin,savecoin
301,,,2015/03/11,,,,,,,,,null,savecoin,savecoin
302,,,2015/03/12,,,,,,,,,null,savecoin,savecoin
303,,,2015/03/13,,,,,,,,,null,savecoin,savecoin
304,,,2015/03/14,,,,,,,,,null,savecoin,savecoin
305,,,2015/03/15,,,,,,,,,null,savecoin,savecoin
306,,,2015/03/16,,,,,,,,,null,savecoin,savecoin
307,,,2015/03/17,,,,,,,,,null,savecoin,savecoin
308,,,2015/03/18,,,,,,,,,null,savecoin,savecoin
309,,,2015/03/19,,,,,,,,,null,savecoin,savecoin
310,,,2015/03/20,,,,,,,,,null,savecoin,savecoin
311,,,2015/03/21,,,,,,,,,null,savecoin,savecoin
312,,,2015/03/22,,,,,,,,,null,savecoin,savecoin
313,,,2015/03/23,,,,,,,,,null,savecoin,savecoin
314,,,2015/03/24,,,,,,,,,null,savecoin,savecoin
315,,,2015/03/25,,,,,,,,,null,savecoin,savecoin
316,,,2015/03/26,,,,,,,,,null,savecoin,savecoin
317,,,2015/03/27,,,,,,,,,null,savecoin,savecoin
318,,,2015/03/28,,,,,,,,,null,savecoin,savecoin
319,,,2015/03/29,,,,,,,,,null,savecoin,savecoin
320,,,2015/03/30,,,,,,,,,null,savecoin,savecoin
321,,,2015/03/31,,,,,,,,,null,savecoin,savecoin
322,,,2015/04/01,,,,,,,,,null,savecoin,savecoin
323,,,2015/04/02,,,,,,,,,null,savecoin,savecoin
324,,,2015/04/03,,,,,,,,,null,savecoin,savecoin
325,,,2015/04/04,,,,,,,,,null,savecoin,savecoin
326,,,2015/04/05,,,,,,,,,null,savecoin,savecoin
327,,,2015/04/06,,,,,,,,,null,savecoin,savecoin
328,,,2015/04/07,,,,,,,,,null,savecoin,savecoin
329,,,2015/04/08,,,,,,,,,null,savecoin,savecoin
330,,,2015/04/09,,,,,,,,,null,savecoin,savecoin
331,,,2015/04/10,,,,,,,,,null,savecoin,savecoin
332,,,2015/04/11,,,,,,,,,null,savecoin,savecoin
333,,,2015/04/12,,,,,,,,,null,savecoin,savecoin
334,,,2015/04/13,,,,,,,,,null,savecoin,savecoin
335,,,2015/04/14,,,,,,,,,null,savecoin,savecoin
336,,,2015/04/15,,,,,,,,,null,savecoin,savecoin
337,,,2015/04/16,,,,,,,,,null,savecoin,savecoin
338,,,2015/04/17,,,,,,,,,null,savecoin,savecoin
339,,,2015/04/18,,,,,,,,,null,savecoin,savecoin
340,,,2015/04/19,,,,,,,,,null,savecoin,savecoin
341,,,2015/04/20,,,,,,,,,null,savecoin,savecoin
342,,,2015/04/21,,,,,,,,,null,savecoin,savecoin
343,,,2015/04/22,,,,,,,,,null,savecoin,savecoin
344,,,2015/04/23,,,,,,,,,null,savecoin,savecoin
345,,,2015/04/24,,,,,,,,,null,savecoin,savecoin
346,,,2015/04/25,,,,,,,,,null,savecoin,savecoin
347,,,2015/04/26,,,,,,,,,null,savecoin,savecoin
348,,,2015/04/27,,,,,,,,,null,savecoin,savecoin
349,,,2015/04/28,,,,,,,,,null,savecoin,savecoin
350,,,2015/04/29,,,,,,,,,null,savecoin,savecoin
351,,,2015/04/30,,,,,,,,,null,savecoin,savecoin
352,,,2015/05/01,,,,,,,,,null,savecoin,savecoin
353,,,2015/05/02,,,,,,,,,null,savecoin,savecoin
354,,,2015/05/03,,,,,,,,,null,savecoin,savecoin
355,,,2015/05/04,,,,,,,,,null,savecoin,savecoin
356,,,2015/05/05,,,,,,,,,null,savecoin,savecoin
357,,,2015/05/06,,,,,,,,,null,savecoin,savecoin
358,,,2015/05/07,,,,,,,,,null,savecoin,savecoin
359,,,2015/05/08,,,,,,,,,null,savecoin,savecoin
360,,,2015/05/09,,,,,,,,,null,savecoin,savecoin
361,,,2015/05/10,,,,,,,,,null,savecoin,savecoin
362,,,2015/05/11,,,,,,,,,null,savecoin,savecoin
363,,,2015/05/12,,,,,,,,,null,savecoin,savecoin
364,,,2015/05/13,,,,,,,,,null,savecoin,savecoin
365,,,2015/05/14,,,,,,,,,null,savecoin,savecoin
366,,,2015/05/15,,,,,,,,,null,savecoin,savecoin
367,,,2015/05/16,,,,,,,,,null,savecoin,savecoin
368,,,2015/05/17,,,,,,,,,null,savecoin,savecoin
369,,,2015/05/18,,,,,,,,,null,savecoin,savecoin
370,,,2015/05/19,,,,,,,,,null,savecoin,savecoin
371,,,2015/05/20,,,,,,,,,null,savecoin,savecoin
372,,,2015/05/21,,,,,,,,,null,savecoin,savecoin
373,,,2015/05/22,,,,,,,,,null,savecoin,savecoin
374,,,2015/05/23,,,,,,,,,null,savecoin,savecoin
375,,,2015/05/24,,,,,,,,,null,savecoin,savecoin
376,,,2015/05/25,,,,,,,,,null,savecoin,savecoin
377,,,2015/05/26,,,,,,,,,null,savecoin,savecoin
378,,,2015/05/27,,,,,,,,,null,savecoin,savecoin
379,,,2015/05/28,,,,,,,,,null,savecoin,savecoin
380,,,2015/05/29,,,,,,,,,null,savecoin,savecoin
381,,,2015/05/30,,,,,,,,,null,savecoin,savecoin
382,,,2015/05/31,,,,,,,,,null,savecoin,savecoin
383,,,2015/06/01,,,,,,,,,null,savecoin,savecoin
384,,,2015/06/02,,,,,,,,,null,savecoin,savecoin
385,,,2015/06/03,,,,,,,,,null,savecoin,savecoin
386,,,2015/06/04,,,,,,,,,null,savecoin,savecoin
387,,,2015/06/05,,,,,,,,,null,savecoin,savecoin
388,,,2015/06/06,,,,,,,,,null,savecoin,savecoin
389,,,2015/06/07,,,,,,,,,null,savecoin,savecoin
390,,,2015/06/08,,,,,,,,,null,savecoin,savecoin
391,,,2015/06/09,,,,,,,,,null,savecoin,savecoin
392,,,2015/06/10,,,,,,,,,null,savecoin,savecoin
393,,,2015/06/11,,,,,,,,,null,savecoin,savecoin
394,,,2015/06/12,,,,,,,,,null,savecoin,savecoin
395,,,2015/06/13,,,,,,,,,null,savecoin,savecoin
396,,,2015/06/14,,,,,,,,,null,savecoin,savecoin
397,,,2015/06/15,,,,,,,,,null,savecoin,savecoin
398,,,2015/06/16,,,,,,,,,null,savecoin,savecoin
399,,,2015/06/17,,,,,,,,,null,savecoin,savecoin
400,,,2015/06/18,,,,,,,,,null,savecoin,savecoin
401,,,2015/06/19,,,,,,,,,null,savecoin,savecoin
402,,,2015/06/20,,,,,,,,,null,savecoin,savecoin
403,,,2015/06/21,,,,,,,,,null,savecoin,savecoin
404,,,2015/06/22,,,,,,,,,null,savecoin,savecoin
405,,,2015/06/23,,,,,,,,,null,savecoin,savecoin
406,,,2015/06/24,,,,,,,,,null,savecoin,savecoin
407,,,2015/06/25,,,,,,,,,null,savecoin,savecoin
408,,,2015/06/26,,,,,,,,,null,savecoin,savecoin
409,,,2015/06/27,,,,,,,,,null,savecoin,savecoin
410,,,2015/06/28,,,,,,,,,null,savecoin,savecoin
411,,,2015/06/29,,,,,,,,,null,savecoin,savecoin
412,,,2015/06/30,,,,,,,,,null,savecoin,savecoin
413,,,2015/07/01,,,,,,,,,null,savecoin,savecoin
414,,,2015/07/02,,,,,,,,,null,savecoin,savecoin
415,,,2015/07/03,,,,,,,,,null,savecoin,savecoin
416,,,2015/07/04,,,,,,,,,null,savecoin,savecoin
417,,,2015/07/05,,,,,,,,,null,savecoin,savecoin
418,,,2015/07/06,,,,,,,,,null,savecoin,savecoin
419,,,2015/07/07,,,,,,,,,null,savecoin,savecoin
420,,,2015/07/08,,,,,,,,,null,savecoin,savecoin
421,,,2015/07/09,,,,,,,,,null,savecoin,savecoin
422,,,2015/07/10,,,,,,,,,null,savecoin,savecoin
423,,,2015/07/11,,,,,,,,,null,savecoin,savecoin
424,,,2015/07/12,,,,,,,,,null,savecoin,savecoin
425,,,2015/07/13,,,,,,,,,null,savecoin,savecoin
426,,,2015/07/14,,,,,,,,,null,savecoin,savecoin
427,,,2015/07/15,,,,,,,,,null,savecoin,savecoin
428,,,2015/07/16,,,,,,,,,null,savecoin,savecoin
429,,,2015/07/17,,,,,,,,,null,savecoin,savecoin
430,,,2015/07/18,,,,,,,,,null,savecoin,savecoin
431,,,2015/07/19,,,,,,,,,null,savecoin,savecoin
432,,,2015/07/20,,,,,,,,,null,savecoin,savecoin
433,,,2015/07/21,,,,,,,,,null,savecoin,savecoin
434,,,2015/07/22,,,,,,,,,null,savecoin,savecoin
435,,,2015/07/23,,,,,,,,,null,savecoin,savecoin
436,,,2015/07/24,,,,,,,,,null,savecoin,savecoin
437,,,2015/07/25,,,,,,,,,null,savecoin,savecoin
438,,,2015/07/26,,,,,,,,,null,savecoin,savecoin
439,,,2015/07/27,,,,,,,,,null,savecoin,savecoin
440,,,2015/07/28,,,,,,,,,null,savecoin,savecoin
441,,,2015/07/29,,,,,,,,,null,savecoin,savecoin
442,,,2015/07/30,,,,,,,,,null,savecoin,savecoin
443,,,2015/07/31,,,,,,,,,null,savecoin,savecoin
444,,,2015/08/01,,,,,,,,,null,savecoin,savecoin
445,,,2015/08/02,,,,,,,,,null,savecoin,savecoin
446,,,2015/08/03,,,,,,,,,null,savecoin,savecoin
447,,,2015/08/04,,,,,,,,,null,savecoin,savecoin
448,,,2015/08/05,,,,,,,,,null,savecoin,savecoin
449,,,2015/08/06,,,,,,,,,null,savecoin,savecoin
450,,,2015/08/07,,,,,,,,,null,savecoin,savecoin
451,,,2015/08/08,,,,,,,,,null,savecoin,savecoin
452,,,2015/08/09,,,,,,,,,null,savecoin,savecoin
453,,,2015/08/10,,,,,,,,,null,savecoin,savecoin
454,,,2015/08/11,,,,,,,,,null,savecoin,savecoin
455,,,2015/08/12,,,,,,,,,null,savecoin,savecoin
456,,,2015/08/13,,,,,,,,,null,savecoin,savecoin
457,,,2015/08/14,,,,,,,,,null,savecoin,savecoin
458,,,2015/08/15,,,,,,,,,null,savecoin,savecoin
459,,,2015/08/16,,,,,,,,,null,savecoin,savecoin
460,,,2015/08/17,,,,,,,,,null,savecoin,savecoin
461,,,2015/08/18,,,,,,,,,null,savecoin,savecoin
462,,,2015/08/19,,,,,,,,,null,savecoin,savecoin
463,,,2015/08/20,,,,,,,,,null,savecoin,savecoin
464,,,2015/08/21,,,,,,,,,null,savecoin,savecoin
465,,,2015/08/22,,,,,,,,,null,savecoin,savecoin
466,,,2015/08/23,,,,,,,,,null,savecoin,savecoin
467,,,2015/08/24,,,,,,,,,null,savecoin,savecoin
468,,,2015/08/25,,,,,,,,,null,savecoin,savecoin
469,,,2015/08/26,,,,,,,,,null,savecoin,savecoin
470,,,2015/08/27,,,,,,,,,null,savecoin,savecoin
471,,,2015/08/28,,,,,,,,,null,savecoin,savecoin
472,,,2015/08/29,,,,,,,,,null,savecoin,savecoin
473,,,2015/08/30,,,,,,,,,null,savecoin,savecoin
474,,,2015/08/31,,,,,,,,,null,savecoin,savecoin
475,,,2015/09/01,,,,,,,,,null,savecoin,savecoin
476,,,2015/09/02,,,,,,,,,null,savecoin,savecoin
477,,,2015/09/03,,,,,,,,,null,savecoin,savecoin
478,,,2015/09/04,,,,,,,,,null,savecoin,savecoin
479,,,2015/09/05,,,,,,,,,null,savecoin,savecoin
480,,,2015/09/06,,,,,,,,,null,savecoin,savecoin
481,,,2015/09/07,,,,,,,,,null,savecoin,savecoin
482,,,2015/09/08,,,,,,,,,null,savecoin,savecoin
483,,,2015/09/09,,,,,,,,,null,savecoin,savecoin
484,,,2015/09/10,,,,,,,,,null,savecoin,savecoin
485,,,2015/09/11,,,,,,,,,null,savecoin,savecoin
486,,,2015/09/12,,,,,,,,,null,savecoin,savecoin
487,,,2015/09/13,,,,,,,,,null,savecoin,savecoin
488,,,2015/09/14,,,,,,,,,null,savecoin,savecoin
489,,,2015/09/15,,,,,,,,,null,savecoin,savecoin
490,,,2015/09/16,,,,,,,,,null,savecoin,savecoin
491,,,2015/09/17,,,,,,,,,null,savecoin,savecoin
492,,,2015/09/18,,,,,,,,,null,savecoin,savecoin
493,,,2015/09/19,,,,,,,,,null,savecoin,savecoin
494,,,2015/09/20,,,,,,,,,null,savecoin,savecoin
495,,,2015/09/21,,,,,,,,,null,savecoin,savecoin
496,,,2015/09/22,,,,,,,,,null,savecoin,savecoin
497,,,2015/09/23,,,,,,,,,null,savecoin,savecoin
498,,,2015/09/24,,,,,,,,,null,savecoin,savecoin
499,,,2015/09/25,,,,,,,,,null,savecoin,savecoin
500,,,2015/09/26,,,,,,,,,null,savecoin,savecoin
501,,,2015/09/27,,,,,,,,,null,savecoin,savecoin
502,,,2015/09/28,,,,,,,,,null,savecoin,savecoin
503,,,2015/09/29,,,,,,,,,null,savecoin,savecoin
504,,,2015/09/30,,,,,,,,,null,savecoin,savecoin
505,,,2015/10/01,,,,,,,,,null,savecoin,savecoin
506,,,2015/10/02,,,,,,,,,null,savecoin,savecoin
507,,,2015/10/03,,,,,,,,,null,savecoin,savecoin
508,,,2015/10/04,,,,,,,,,null,savecoin,savecoin
509,,,2015/10/05,,,,,,,,,null,savecoin,savecoin
510,,,2015/10/06,,,,,,,,,null,savecoin,savecoin
511,,,2015/10/07,,,,,,,,,null,savecoin,savecoin
512,,,2015/10/08,,,,,,,,,null,savecoin,savecoin
513,,,2015/10/09,,,,,,,,,null,savecoin,savecoin
514,,,2015/10/10,,,,,,,,,null,savecoin,savecoin
515,,,2015/10/11,,,,,,,,,null,savecoin,savecoin
516,,,2015/10/12,,,,,,,,,null,savecoin,savecoin
517,,,2015/10/13,,,,,,,,,null,savecoin,savecoin
518,,,2015/10/14,,,,,,,,,null,savecoin,savecoin
519,,,2015/10/15,,,,,,,,,null,savecoin,savecoin
520,,,2015/10/16,,,,,,,,,null,savecoin,savecoin
521,,,2015/10/17,,,,,,,,,null,savecoin,savecoin
522,,,2015/10/18,,,,,,,,,null,savecoin,savecoin
523,,,2015/10/19,,,,,,,,,null,savecoin,savecoin
524,,,2015/10/20,,,,,,,,,null,savecoin,savecoin
525,,,2015/10/21,,,,,,,,,null,savecoin,savecoin
526,,,2015/10/22,,,,,,,,,null,savecoin,savecoin
527,,,2015/10/23,,,,,,,,,null,savecoin,savecoin
528,,,2015/10/24,,,,,,,,,null,savecoin,savecoin
529,,,2015/10/25,,,,,,,,,null,savecoin,savecoin
530,,,2015/10/26,,,,,,,,,null,savecoin,savecoin
531,,,2015/10/27,,,,,,,,,null,savecoin,savecoin
532,,,2015/10/28,,,,,,,,,null,savecoin,savecoin
533,,,2015/10/29,,,,,,,,,null,savecoin,savecoin
534,,,2015/10/30,,,,,,,,,null,savecoin,savecoin
535,,,2015/10/31,,,,,,,,,null,savecoin,savecoin
536,,,2015/11/01,,,,,,,,,null,savecoin,savecoin
537,,,2015/11/02,,,,,,,,,null,savecoin,savecoin
538,,,2015/11/03,,,,,,,,,null,savecoin,savecoin
539,,,2015/11/04,,,,,,,,,null,savecoin,savecoin
540,,,2015/11/05,,,,,,,,,null,savecoin,savecoin
541,,,2015/11/06,,,,,,,,,null,savecoin,savecoin
542,,,2015/11/07,,,,,,,,,null,savecoin,savecoin
543,,,2015/11/08,,,,,,,,,null,savecoin,savecoin
544,,,2015/11/09,,,,,,,,,null,savecoin,savecoin
545,,,2015/11/10,,,,,,,,,null,savecoin,savecoin
546,,,2015/11/11,,,,,,,,,null,savecoin,savecoin
547,,,2015/11/12,,,,,,,,,null,savecoin,savecoin
548,,,2015/11/13,,,,,,,,,null,savecoin,savecoin
549,,,2015/11/14,,,,,,,,,null,savecoin,savecoin
550,,,2015/11/15,,,,,,,,,null,savecoin,savecoin
551,,,2015/11/16,,,,,,,,,null,savecoin,savecoin
552,,,2015/11/17,,,,,,,,,null,savecoin,savecoin
553,,,2015/11/18,,,,,,,,,null,savecoin,savecoin
554,,,2015/11/19,,,,,,,,,null,savecoin,savecoin
555,,,2015/11/20,,,,,,,,,null,savecoin,savecoin
556,,,2015/11/21,,,,,,,,,null,savecoin,savecoin
557,,,2015/11/22,,,,,,,,,null,savecoin,savecoin
558,,,2015/11/23,,,,,,,,,null,savecoin,savecoin
559,,,2015/11/24,,,,,,,,,null,savecoin,savecoin
560,,,2015/11/25,,,,,,,,,null,savecoin,savecoin
561,,,2015/11/26,,,,,,,,,null,savecoin,savecoin
562,,,2015/11/27,,,,,,,,,null,savecoin,savecoin
563,,,2015/11/28,,,,,,,,,null,savecoin,savecoin
564,,,2015/11/29,,,,,,,,,null,savecoin,savecoin
565,,,2015/11/30,,,,,,,,,null,savecoin,savecoin
566,,,2015/12/01,,,,,,,,,null,savecoin,savecoin
567,,,2015/12/02,,,,,,,,,null,savecoin,savecoin
568,,,2015/12/03,,,,,,,,,null,savecoin,savecoin
569,,,2015/12/04,,,,,,,,,null,savecoin,savecoin
570,,,2015/12/05,,,,,,,,,null,savecoin,savecoin
571,,,2015/12/06,,,,,,,,,null,savecoin,savecoin
572,,,2015/12/07,,,,,,,,,null,savecoin,savecoin
573,,,2015/12/08,,,,,,,,,null,savecoin,savecoin
574,,,2015/12/09,,,,,,,,,null,savecoin,savecoin
575,,,2015/12/10,,,,,,,,,null,savecoin,savecoin
576,,,2015/12/11,,,,,,,,,null,savecoin,savecoin
577,,,2015/12/12,,,,,,,,,null,savecoin,savecoin
578,,,2015/12/13,,,,,,,,,null,savecoin,savecoin
579,,,2015/12/14,,,,,,,,,null,savecoin,savecoin
580,,,2015/12/15,,,,,,,,,null,savecoin,savecoin
581,,,2015/12/16,,,,,,,,,null,savecoin,savecoin
582,,,2015/12/17,,,,,,,,,null,savecoin,savecoin
583,,,2015/12/18,,,,,,,,,null,savecoin,savecoin
584,,,2015/12/19,,,,,,,,,null,savecoin,savecoin
585,,,2015/12/20,,,,,,,,,null,savecoin,savecoin
586,,,2015/12/21,,,,,,,,,null,savecoin,savecoin
587,,,2015/12/22,,,,,,,,,null,savecoin,savecoin
588,,,2015/12/23,,,,,,,,,null,savecoin,savecoin
589,,,2015/12/24,,,,,,,,,null,savecoin,savecoin
590,,,2015/12/25,,,,,,,,,null,savecoin,savecoin
591,,,2015/12/26,,,,,,,,,null,savecoin,savecoin
592,,,2015/12/27,,,,,,,,,null,savecoin,savecoin
593,,,2015/12/28,,,,,,,,,null,savecoin,savecoin
594,,,2015/12/29,,,,,,,,,null,savecoin,savecoin
595,,,2015/12/30,,,,,,,,,null,savecoin,savecoin
596,,,2015/12/31,,,,,,,,,null,savecoin,savecoin
597,,,2016/01/01,,,,,,,,,null,savecoin,savecoin
598,,,2016/01/02,,,,,,,,,null,savecoin,savecoin
599,,,2016/01/03,,,,,,,,,null,savecoin,savecoin
600,,,2016/01/04,,,,,,,,,null,savecoin,savecoin
601,,,2016/01/05,,,,,,,,,null,savecoin,savecoin
602,,,2016/01/06,,,,,,,,,null,savecoin,savecoin
603,,,2016/01/07,,,,,,,,,null,savecoin,savecoin
604,,,2016/01/08,,,,,,,,,null,savecoin,savecoin
605,,,2016/01/09,,,,,,,,,null,savecoin,savecoin
606,,,2016/01/10,,,,,,,,,null,savecoin,savecoin
607,,,2016/01/11,,,,,,,,,null,savecoin,savecoin
608,,,2016/01/12,,,,,,,,,null,savecoin,savecoin
609,,,2016/01/13,,,,,,,,,null,savecoin,savecoin
610,,,2016/01/14,,,,,,,,,null,savecoin,savecoin
611,,,2016/01/15,,,,,,,,,null,savecoin,savecoin
612,,,2016/01/16,,,,,,,,,null,savecoin,savecoin
613,,,2016/01/17,,,,,,,,,null,savecoin,savecoin
614,,,2016/01/18,,,,,,,,,null,savecoin,savecoin
615,,,2016/01/19,,,,,,,,,null,savecoin,savecoin
616,,,2016/01/20,,,,,,,,,null,savecoin,savecoin
617,,,2016/01/21,,,,,,,,,null,savecoin,savecoin
618,,,2016/01/22,,,,,,,,,null,savecoin,savecoin
619,,,2016/01/23,,,,,,,,,null,savecoin,savecoin
620,,,2016/01/24,,,,,,,,,null,savecoin,savecoin
621,,,2016/01/25,,,,,,,,,null,savecoin,savecoin
622,,,2016/01/26,,,,,,,,,null,savecoin,savecoin
623,,,2016/01/27,,,,,,,,,null,savecoin,savecoin
624,,,2016/01/28,,,,,,,,,null,savecoin,savecoin
625,,,2016/01/29,,,,,,,,,null,savecoin,savecoin
626,,,2016/01/30,,,,,,,,,null,savecoin,savecoin
627,,,2016/01/31,,,,,,,,,null,savecoin,savecoin
628,,,2016/02/01,,,,,,,,,null,savecoin,savecoin
629,,,2016/02/02,,,,,,,,,null,savecoin,savecoin
630,,,2016/02/03,,,,,,,,,null,savecoin,savecoin
631,,,2016/02/04,,,,,,,,,null,savecoin,savecoin
632,,,2016/02/05,,,,,,,,,null,savecoin,savecoin
633,,,2016/02/06,,,,,,,,,null,savecoin,savecoin
634,,,2016/02/07,,,,,,,,,null,savecoin,savecoin
635,,,2016/02/08,,,,,,,,,null,savecoin,savecoin
636,,,2016/02/09,,,,,,,,,null,savecoin,savecoin
637,,,2016/02/10,,,,,,,,,null,savecoin,savecoin
638,,,2016/02/11,,,,,,,,,null,savecoin,savecoin
639,,,2016/02/12,,,,,,,,,null,savecoin,savecoin
640,,,2016/02/13,,,,,,,,,null,savecoin,savecoin
641,,,2016/02/14,,,,,,,,,null,savecoin,savecoin
642,,,2016/02/15,,,,,,,,,null,savecoin,savecoin
643,,,2016/02/16,,,,,,,,,null,savecoin,savecoin
644,,,2016/02/17,,,,,,,,,null,savecoin,savecoin
645,,,2016/02/18,,,,,,,,,null,savecoin,savecoin
646,,,2016/02/19,,,,,,,,,null,savecoin,savecoin
647,,,2016/02/20,,,,,,,,,null,savecoin,savecoin
648,,,2016/02/21,,,,,,,,,null,savecoin,savecoin
649,,,2016/02/22,,,,,,,,,null,savecoin,savecoin
650,,,2016/02/23,,,,,,,,,null,savecoin,savecoin
651,,,2016/02/24,,,,,,,,,null,savecoin,savecoin
652,,,2016/02/25,,,,,,,,,null,savecoin,savecoin
653,,,2016/02/26,,,,,,,,,null,savecoin,savecoin
654,,,2016/02/27,,,,,,,,,null,savecoin,savecoin
655,,,2016/02/28,,,,,,,,,null,savecoin,savecoin
656,,,2016/02/29,,,,,,,,,null,savecoin,savecoin
657,,,2016/03/01,,,,,,,,,null,savecoin,savecoin
658,,,2016/03/02,,,,,,,,,null,savecoin,savecoin
659,,,2016/03/03,,,,,,,,,null,savecoin,savecoin
660,,,2016/03/04,,,,,,,,,null,savecoin,savecoin
661,,,2016/03/05,,,,,,,,,null,savecoin,savecoin
662,,,2016/03/06,,,,,,,,,null,savecoin,savecoin
663,,,2016/03/07,,,,,,,,,null,savecoin,savecoin
664,,,2016/03/08,,,,,,,,,null,savecoin,savecoin
665,,,2016/03/09,,,,,,,,,null,savecoin,savecoin
666,,,2016/03/10,,,,,,,,,null,savecoin,savecoin
667,,,2016/03/11,,,,,,,,,null,savecoin,savecoin
668,,,2016/03/12,,,,,,,,,null,savecoin,savecoin
669,,,2016/03/13,,,,,,,,,null,savecoin,savecoin
670,,,2016/03/14,,,,,,,,,null,savecoin,savecoin
671,,,2016/03/15,,,,,,,,,null,savecoin,savecoin
672,,,2016/03/16,,,,,,,,,null,savecoin,savecoin
673,,,2016/03/17,,,,,,,,,null,savecoin,savecoin
674,,,2016/03/18,,,,,,,,,null,savecoin,savecoin
675,,,2016/03/19,,,,,,,,,null,savecoin,savecoin
676,,,2016/03/20,,,,,,,,,null,savecoin,savecoin
677,,,2016/03/21,,,,,,,,,null,savecoin,savecoin
678,,,2016/03/22,,,,,,,,,null,savecoin,savecoin
679,,,2016/03/23,,,,,,,,,null,savecoin,savecoin
680,,,2016/03/24,,,,,,,,,null,savecoin,savecoin
681,,,2016/03/25,,,,,,,,,null,savecoin,savecoin
682,,,2016/03/26,,,,,,,,,null,savecoin,savecoin
683,,,2016/03/27,,,,,,,,,null,savecoin,savecoin
684,,,2016/03/28,,,,,,,,,null,savecoin,savecoin
685,,,2016/03/29,,,,,,,,,null,savecoin,savecoin
686,,,2016/03/30,,,,,,,,,null,savecoin,savecoin
687,,,2016/03/31,,,,,,,,,null,savecoin,savecoin
688,,,2016/04/01,,,,,,,,,null,savecoin,savecoin
689,,,2016/04/02,,,,,,,,,null,savecoin,savecoin
690,,,2016/04/03,,,,,,,,,null,savecoin,savecoin
691,,,2016/04/04,,,,,,,,,null,savecoin,savecoin
692,,,2016/04/05,,,,,,,,,null,savecoin,savecoin
693,,,2016/04/06,,,,,,,,,null,savecoin,savecoin
694,,,2016/04/07,,,,,,,,,null,savecoin,savecoin
695,,,2016/04/08,,,,,,,,,null,savecoin,savecoin
696,,,2016/04/09,,,,,,,,,null,savecoin,savecoin
697,,,2016/04/10,,,,,,,,,null,savecoin,savecoin
698,,,2016/04/11,,,,,,,,,null,savecoin,savecoin
699,,,2016/04/12,,,,,,,,,null,savecoin,savecoin
700,,,2016/04/13,,,,,,,,,null,savecoin,savecoin
701,,,2016/04/14,,,,,,,,,null,savecoin,savecoin
702,,,2016/04/15,,,,,,,,,null,savecoin,savecoin
703,,,2016/04/16,,,,,,,,,null,savecoin,savecoin
704,,,2016/04/17,,,,,,,,,null,savecoin,savecoin
705,,,2016/04/18,,,,,,,,,null,savecoin,savecoin
706,,,2016/04/19,,,,,,,,,null,savecoin,savecoin
707,,,2016/04/20,,,,,,,,,null,savecoin,savecoin
708,,,2016/04/21,,,,,,,,,null,savecoin,savecoin
709,,,2016/04/22,,,,,,,,,null,savecoin,savecoin
710,,,2016/04/23,,,,,,,,,null,savecoin,savecoin
711,,,2016/04/24,,,,,,,,,null,savecoin,savecoin
712,,,2016/04/25,,,,,,,,,null,savecoin,savecoin
713,,,2016/04/26,,,,,,,,,null,savecoin,savecoin
714,,,2016/04/27,,,,,,,,,null,savecoin,savecoin
715,,,2016/04/28,,,,,,,,,null,savecoin,savecoin
716,,,2016/04/29,,,,,,,,,null,savecoin,savecoin
717,,,2016/04/30,,,,,,,,,null,savecoin,savecoin
718,,,2016/05/01,,,,,,,,,null,savecoin,savecoin
719,,,2016/05/02,,,,,,,,,null,savecoin,savecoin
720,,,2016/05/03,,,,,,,,,null,savecoin,savecoin
721,,,2016/05/04,,,,,,,,,null,savecoin,savecoin
722,,,2016/05/05,,,,,,,,,null,savecoin,savecoin
723,,,2016/05/06,,,,,,,,,null,savecoin,savecoin
724,,,2016/05/07,,,,,,,,,null,savecoin,savecoin
725,,,2016/05/08,,,,,,,,,null,savecoin,savecoin
726,,,2016/05/09,,,,,,,,,null,savecoin,savecoin
727,,,2016/05/10,,,,,,,,,null,savecoin,savecoin
728,,,2016/05/11,,,,,,,,,null,savecoin,savecoin
729,,,2016/05/12,,,,,,,,,null,savecoin,savecoin
730,,,2016/05/13,,,,,,,,,null,savecoin,savecoin
731,,,2016/05/14,,,,,,,,,null,savecoin,savecoin
732,,,2016/05/15,,,,,,,,,null,savecoin,savecoin
733,,,2016/05/16,,,,,,,,,null,savecoin,savecoin
734,,,2016/05/17,,,,,,,,,null,savecoin,savecoin
735,,,2016/05/18,,,,,,,,,null,savecoin,savecoin
736,,,2016/05/19,,,,,,,,,null,savecoin,savecoin
737,,,2016/05/20,,,,,,,,,null,savecoin,savecoin
738,,,2016/05/21,,,,,,,,,null,savecoin,savecoin
739,,,2016/05/22,,,,,,,,,null,savecoin,savecoin
740,,,2016/05/23,,,,,,,,,null,savecoin,savecoin
741,,,2016/05/24,,,,,,,,,null,savecoin,savecoin
742,,,2016/05/25,,,,,,,,,null,savecoin,savecoin
743,,,2016/05/26,,,,,,,,,null,savecoin,savecoin
744,,,2016/05/27,,,,,,,,,null,savecoin,savecoin
745,,,2016/05/28,,,,,,,,,null,savecoin,savecoin
746,,,2016/05/29,,,,,,,,,null,savecoin,savecoin
747,,,2016/05/30,,,,,,,,,null,savecoin,savecoin
748,,,2016/05/31,,,,,,,,,null,savecoin,savecoin
749,,,2016/06/01,,,,,,,,,null,savecoin,savecoin
750,,,2016/06/02,,,,,,,,,null,savecoin,savecoin
751,,,2016/06/03,,,,,,,,,null,savecoin,savecoin
752,,,2016/06/04,,,,,,,,,null,savecoin,savecoin
753,,,2016/06/05,,,,,,,,,null,savecoin,savecoin
754,,,2016/06/06,,,,,,,,,null,savecoin,savecoin
755,,,2016/06/07,,,,,,,,,null,savecoin,savecoin
756,,,2016/06/08,,,,,,,,,null,savecoin,savecoin
757,,,2016/06/09,,,,,,,,,null,savecoin,savecoin
758,,,2016/06/10,,,,,,,,,null,savecoin,savecoin
759,,,2016/06/11,,,,,,,,,null,savecoin,savecoin
760,,,2016/06/12,,,,,,,,,null,savecoin,savecoin
761,,,2016/06/13,,,,,,,,,null,savecoin,savecoin
762,,,2016/06/14,,,,,,,,,null,savecoin,savecoin
763,,,2016/06/15,,,,,,,,,null,savecoin,savecoin
764,,,2016/06/16,,,,,,,,,null,savecoin,savecoin
765,,,2016/06/17,,,,,,,,,null,savecoin,savecoin
766,,,2016/06/18,,,,,,,,,null,savecoin,savecoin
767,,,2016/06/19,,,,,,,,,null,savecoin,savecoin
768,,,2016/06/20,,,,,,,,,null,savecoin,savecoin
769,,,2016/06/21,,,,,,,,,null,savecoin,savecoin
770,,,2016/06/22,,,,,,,,,null,savecoin,savecoin
771,,,2016/06/23,,,,,,,,,null,savecoin,savecoin
772,,,2016/06/24,,,,,,,,,null,savecoin,savecoin
773,,,2016/06/25,,,,,,,,,null,savecoin,savecoin
774,,,2016/06/26,,,,,,,,,null,savecoin,savecoin
775,,,2016/06/27,,,,,,,,,null,savecoin,savecoin
776,,,2016/06/28,,,,,,,,,null,savecoin,savecoin
777,,,2016/06/29,,,,,,,,,null,savecoin,savecoin
778,,,2016/06/30,,,,,,,,,null,savecoin,savecoin
779,,,2016/07/01,,,,,,,,,null,savecoin,savecoin
780,,,2016/07/02,,,,,,,,,null,savecoin,savecoin
781,,,2016/07/03,,,,,,,,,null,savecoin,savecoin
782,,,2016/07/04,,,,,,,,,null,savecoin,savecoin
783,,,2016/07/05,,,,,,,,,null,savecoin,savecoin
784,,,2016/07/06,,,,,,,,,null,savecoin,savecoin
785,,,2016/07/07,,,,,,,,,null,savecoin,savecoin
786,,,2016/07/08,,,,,,,,,null,savecoin,savecoin
787,,,2016/07/09,,,,,,,,,null,savecoin,savecoin
788,,,2016/07/10,,,,,,,,,null,savecoin,savecoin
789,,,2016/07/11,,,,,,,,,null,savecoin,savecoin
790,,,2016/07/12,,,,,,,,,null,savecoin,savecoin
791,,,2016/07/13,,,,,,,,,null,savecoin,savecoin
792,,,2016/07/14,,,,,,,,,null,savecoin,savecoin
793,,,2016/07/15,,,,,,,,,null,savecoin,savecoin
794,,,2016/07/16,,,,,,,,,null,savecoin,savecoin
795,,,2016/07/17,,,,,,,,,null,savecoin,savecoin
796,,,2016/07/18,,,,,,,,,null,savecoin,savecoin
797,,,2016/07/19,,,,,,,,,null,savecoin,savecoin
798,,,2016/07/20,,,,,,,,,null,savecoin,savecoin
799,,,2016/07/21,,,,,,,,,null,savecoin,savecoin
800,,,2016/07/22,,,,,,,,,null,savecoin,savecoin
801,,,2016/07/23,,,,,,,,,null,savecoin,savecoin
802,,,2016/07/24,,,,,,,,,null,savecoin,savecoin
803,,,2016/07/25,,,,,,,,,null,savecoin,savecoin
804,,,2016/07/26,,,,,,,,,null,savecoin,savecoin
805,,,2016/07/27,,,,,,,,,null,savecoin,savecoin
806,,,2016/07/28,,,,,,,,,null,savecoin,savecoin
807,,,2016/07/29,,,,,,,,,null,savecoin,savecoin
808,,,2016/07/30,,,,,,,,,null,savecoin,savecoin
809,,,2016/07/31,,,,,,,,,null,savecoin,savecoin
810,,,2016/08/01,,,,,,,,,null,savecoin,savecoin
811,,,2016/08/02,,,,,,,,,null,savecoin,savecoin
812,,,2016/08/03,,,,,,,,,null,savecoin,savecoin
813,,,2016/08/04,,,,,,,,,null,savecoin,savecoin
814,,,2016/08/05,,,,,,,,,null,savecoin,savecoin
815,,,2016/08/06,,,,,,,,,null,savecoin,savecoin
816,,,2016/08/07,,,,,,,,,null,savecoin,savecoin
817,,,2016/08/08,,,,,,,,,null,savecoin,savecoin
818,,,2016/08/09,,,,,,,,,null,savecoin,savecoin
819,,,2016/08/10,,,,,,,,,null,savecoin,savecoin
820,,,2016/08/11,,,,,,,,,null,savecoin,savecoin
821,,,2016/08/12,,,,,,,,,null,savecoin,savecoin
822,,,2016/08/13,,,,,,,,,null,savecoin,savecoin
823,,,2016/08/14,,,,,,,,,null,savecoin,savecoin
824,,,2016/08/15,,,,,,,,,null,savecoin,savecoin
825,,,2016/08/16,,,,,,,,,null,savecoin,savecoin
826,,,2016/08/17,,,,,,,,,null,savecoin,savecoin
827,,,2016/08/18,,,,,,,,,null,savecoin,savecoin
828,,,2016/08/19,,,,,,,,,null,savecoin,savecoin
829,,,2016/08/20,,,,,,,,,null,savecoin,savecoin
830,,,2016/08/21,,,,,,,,,null,savecoin,savecoin
831,,,2016/08/22,,,,,,,,,null,savecoin,savecoin
832,,,2016/08/23,,,,,,,,,null,savecoin,savecoin
833,,,2016/08/24,,,,,,,,,null,savecoin,savecoin
834,,,2016/08/25,,,,,,,,,null,savecoin,savecoin
835,,,2016/08/26,,,,,,,,,null,savecoin,savecoin
836,,,2016/08/27,,,,,,,,,null,savecoin,savecoin
837,,,2016/08/28,,,,,,,,,null,savecoin,savecoin
838,,,2016/08/29,,,,,,,,,null,savecoin,savecoin
839,,,2016/08/30,,,,,,,,,null,savecoin,savecoin
840,,,2016/08/31,,,,,,,,,null,savecoin,savecoin
841,,,2016/09/01,,,,,,,,,null,savecoin,savecoin
842,,,2016/09/02,,,,,,,,,null,savecoin,savecoin
843,,,2016/09/03,,,,,,,,,null,savecoin,savecoin
844,,,2016/09/04,,,,,,,,,null,savecoin,savecoin
845,,,2016/09/05,,,,,,,,,null,savecoin,savecoin
846,,,2016/09/06,,,,,,,,,null,savecoin,savecoin
847,,,2016/09/07,,,,,,,,,null,savecoin,savecoin
848,,,2016/09/08,,,,,,,,,null,savecoin,savecoin
849,,,2016/09/09,,,,,,,,,null,savecoin,savecoin
850,,,2016/09/10,,,,,,,,,null,savecoin,savecoin
851,,,2016/09/11,,,,,,,,,null,savecoin,savecoin
852,,,2016/09/12,,,,,,,,,null,savecoin,savecoin
853,,,2016/09/13,,,,,,,,,null,savecoin,savecoin
854,,,2016/09/14,,,,,,,,,null,savecoin,savecoin
855,,,2016/09/15,,,,,,,,,null,savecoin,savecoin
856,,,2016/09/16,,,,,,,,,null,savecoin,savecoin
857,,,2016/09/17,,,,,,,,,null,savecoin,savecoin
858,,,2016/09/18,,,,,,,,,null,savecoin,savecoin
859,,,2016/09/19,,,,,,,,,null,savecoin,savecoin
860,,,2016/09/20,,,,,,,,,null,savecoin,savecoin
861,,,2016/09/21,,,,,,,,,null,savecoin,savecoin
862,,,2016/09/22,,,,,,,,,null,savecoin,savecoin
863,,,2016/09/23,,,,,,,,,null,savecoin,savecoin
864,,,2016/09/24,,,,,,,,,null,savecoin,savecoin
865,,,2016/09/25,,,,,,,,,null,savecoin,savecoin
866,,,2016/09/26,,,,,,,,,null,savecoin,savecoin
867,,,2016/09/27,,,,,,,,,null,savecoin,savecoin
868,,,2016/09/28,,,,,,,,,null,savecoin,savecoin
869,,,2016/09/29,,,,,,,,,null,savecoin,savecoin
870,,,2016/09/30,,,,,,,,,null,savecoin,savecoin
871,,,2016/10/01,,,,,,,,,null,savecoin,savecoin
872,,,2016/10/02,,,,,,,,,null,savecoin,savecoin
873,,,2016/10/03,,,,,,,,,null,savecoin,savecoin
874,,,2016/10/04,,,,,,,,,null,savecoin,savecoin
875,,,2016/10/05,,,,,,,,,null,savecoin,savecoin
876,,,2016/10/06,,,,,,,,,null,savecoin,savecoin
877,,,2016/10/07,,,,,,,,,null,savecoin,savecoin
878,,,2016/10/08,,,,,,,,,null,savecoin,savecoin
879,,,2016/10/09,,,,,,,,,null,savecoin,savecoin
880,,,2016/10/10,,,,,,,,,null,savecoin,savecoin
881,,,2016/10/11,,,,,,,,,null,savecoin,savecoin
882,,,2016/10/12,,,,,,,,,null,savecoin,savecoin
883,,,2016/10/13,,,,,,,,,null,savecoin,savecoin
884,,,2016/10/14,,,,,,,,,null,savecoin,savecoin
885,,,2016/10/15,,,,,,,,,null,savecoin,savecoin
886,,,2016/10/16,,,,,,,,,null,savecoin,savecoin
887,,,2016/10/17,,,,,,,,,null,savecoin,savecoin
888,,,2016/10/18,,,,,,,,,null,savecoin,savecoin
889,,,2016/10/19,,,,,,,,,null,savecoin,savecoin
890,,,2016/10/20,,,,,,,,,null,savecoin,savecoin
891,,,2016/10/21,,,,,,,,,null,savecoin,savecoin
892,,,2016/10/22,,,,,,,,,null,savecoin,savecoin
893,,,2016/10/23,,,,,,,,,null,savecoin,savecoin
894,,,2016/10/24,,,,,,,,,null,savecoin,savecoin
895,,,2016/10/25,,,,,,,,,null,savecoin,savecoin
896,,,2016/10/26,,,,,,,,,null,savecoin,savecoin
897,,,2016/10/27,,,,,,,,,null,savecoin,savecoin
898,,,2016/10/28,,,,,,,,,null,savecoin,savecoin
899,,,2016/10/29,,,,,,,,,null,savecoin,savecoin
900,,,2016/10/30,,,,,,,,,null,savecoin,savecoin
901,,,2016/10/31,,,,,,,,,null,savecoin,savecoin
902,,,2016/11/01,,,,,,,,,null,savecoin,savecoin
903,,,2016/11/02,,,,,,,,,null,savecoin,savecoin
904,,,2016/11/03,,,,,,,,,null,savecoin,savecoin
905,,,2016/11/04,,,,,,,,,null,savecoin,savecoin
906,,,2016/11/05,,,,,,,,,null,savecoin,savecoin
907,,,2016/11/06,,,,,,,,,null,savecoin,savecoin
908,,,2016/11/07,,,,,,,,,null,savecoin,savecoin
909,,,2016/11/08,,,,,,,,,null,savecoin,savecoin
910,,,2016/11/09,,,,,,,,,null,savecoin,savecoin
911,,,2016/11/10,,,,,,,,,null,savecoin,savecoin
912,,,2016/11/11,,,,,,,,,null,savecoin,savecoin
913,,,2016/11/12,,,,,,,,,null,savecoin,savecoin
914,,,2016/11/13,,,,,,,,,null,savecoin,savecoin
915,,,2016/11/14,,,,,,,,,null,savecoin,savecoin
916,,,2016/11/15,,,,,,,,,null,savecoin,savecoin
917,,,2016/11/16,,,,,,,,,null,savecoin,savecoin
918,,,2016/11/17,,,,,,,,,null,savecoin,savecoin
919,,,2016/11/18,,,,,,,,,null,savecoin,savecoin
920,,,2016/11/19,,,,,,,,,null,savecoin,savecoin
921,,,2016/11/20,,,,,,,,,null,savecoin,savecoin
922,,,2016/11/21,,,,,,,,,null,savecoin,savecoin
923,,,2016/11/22,,,,,,,,,null,savecoin,savecoin
924,,,2016/11/23,,,,,,,,,null,savecoin,savecoin
925,,,2016/11/24,,,,,,,,,null,savecoin,savecoin
926,,,2016/11/25,,,,,,,,,null,savecoin,savecoin
927,,,2016/11/26,,,,,,,,,null,savecoin,savecoin
928,,,2016/11/27,,,,,,,,,null,savecoin,savecoin
929,,,2016/11/28,,,,,,,,,null,savecoin,savecoin
930,,,2016/11/29,,,,,,,,,null,savecoin,savecoin
931,,,2016/11/30,,,,,,,,,null,savecoin,savecoin
932,,,2016/12/01,,,,,,,,,null,savecoin,savecoin
933,,,2016/12/02,,,,,,,,,null,savecoin,savecoin
934,,,2016/12/03,,,,,,,,,null,savecoin,savecoin
935,,,2016/12/04,,,,,,,,,null,savecoin,savecoin
936,,,2016/12/05,,,,,,,,,null,savecoin,savecoin
937,,,2016/12/06,,,,,,,,,null,savecoin,savecoin
938,,,2016/12/07,,,,,,,,,null,savecoin,savecoin
939,,,2016/12/08,,,,,,,,,null,savecoin,savecoin
940,,,2016/12/09,,,,,,,,,null,savecoin,savecoin
941,,,2016/12/10,,,,,,,,,null,savecoin,savecoin
942,,,2016/12/11,,,,,,,,,null,savecoin,savecoin
943,,,2016/12/12,,,,,,,,,null,savecoin,savecoin
944,,,2016/12/13,,,,,,,,,null,savecoin,savecoin
945,,,2016/12/14,,,,,,,,,null,savecoin,savecoin
946,,,2016/12/15,,,,,,,,,null,savecoin,savecoin
947,,,2016/12/16,,,,,,,,,null,savecoin,savecoin
948,,,2016/12/17,,,,,,,,,null,savecoin,savecoin
949,,,2016/12/18,,,,,,,,,null,savecoin,savecoin
950,,,2016/12/19,,,,,,,,,null,savecoin,savecoin
951,,,2016/12/20,,,,,,,,,null,savecoin,savecoin
952,,,2016/12/21,,,,,,,,,null,savecoin,savecoin
953,,,2016/12/22,,,,,,,,,null,savecoin,savecoin
954,,,2016/12/23,,,,,,,,,null,savecoin,savecoin
955,,,2016/12/24,,,,,,,,,null,savecoin,savecoin
956,,,2016/12/25,,,,,,,,,null,savecoin,savecoin
957,,,2016/12/26,,,,,,,,,null,savecoin,savecoin
958,,,2016/12/27,,,,,,,,,null,savecoin,savecoin
959,,,2016/12/28,,,,,,,,,null,savecoin,savecoin
960,,,2016/12/29,,,,,,,,,null,savecoin,savecoin
961,,,2016/12/30,,,,,,,,,null,savecoin,savecoin
962,,,2016/12/31,,,,,,,,,null,savecoin,savecoin
963,,,2017/01/01,,,,,,,,,null,savecoin,savecoin
964,,,2017/01/02,,,,,,,,,null,savecoin,savecoin
965,,,2017/01/03,,,,,,,,,null,savecoin,savecoin
966,,,2017/01/04,,,,,,,,,null,savecoin,savecoin
967,,,2017/01/05,,,,,,,,,null,savecoin,savecoin
968,,,2017/01/06,,,,,,,,,null,savecoin,savecoin
969,,,2017/01/07,,,,,,,,,null,savecoin,savecoin
970,,,2017/01/08,,,,,,,,,null,savecoin,savecoin
971,,,2017/01/09,,,,,,,,,null,savecoin,savecoin
972,,,2017/01/10,,,,,,,,,null,savecoin,savecoin
973,,,2017/01/11,,,,,,,,,null,savecoin,savecoin
974,,,2017/01/12,,,,,,,,,null,savecoin,savecoin
975,,,2017/01/13,,,,,,,,,null,savecoin,savecoin
976,,,2017/01/14,,,,,,,,,null,savecoin,savecoin
977,,,2017/01/15,,,,,,,,,null,savecoin,savecoin
978,,,2017/01/16,,,,,,,,,null,savecoin,savecoin
979,,,2017/01/17,,,,,,,,,null,savecoin,savecoin
980,,,2017/01/18,,,,,,,,,null,savecoin,savecoin
981,,,2017/01/19,,,,,,,,,null,savecoin,savecoin
982,,,2017/01/20,,,,,,,,,null,savecoin,savecoin
983,,,2017/01/21,,,,,,,,,null,savecoin,savecoin
984,,,2017/01/22,,,,,,,,,null,savecoin,savecoin
985,,,2017/01/23,,,,,,,,,null,savecoin,savecoin
986,,,2017/01/24,,,,,,,,,null,savecoin,savecoin
987,,,2017/01/25,,,,,,,,,null,savecoin,savecoin
988,,,2017/01/26,,,,,,,,,null,savecoin,savecoin
989,,,2017/01/27,,,,,,,,,null,savecoin,savecoin
990,,,2017/01/28,,,,,,,,,null,savecoin,savecoin
991,,,2017/01/29,,,,,,,,,null,savecoin,savecoin
992,,,2017/01/30,,,,,,,,,null,savecoin,savecoin
993,,,2017/01/31,,,,,,,,,null,savecoin,savecoin
994,,,2017/02/01,,,,,,,,,null,savecoin,savecoin
995,,,2017/02/02,,,,,,,,,null,savecoin,savecoin
996,,,2017/02/03,,,,,,,,,null,savecoin,savecoin
997,,,2017/02/04,,,,,,,,,null,savecoin,savecoin
998,,,2017/02/05,,,,,,,,,null,savecoin,savecoin
999,,,2017/02/06,,,,,,,,,null,savecoin,savecoin
1000,,,2017/02/07,,,,,,,,,null,savecoin,savecoin
1001,,,2017/02/08,,,,,,,,,null,savecoin,savecoin
1002,,,2017/02/09,,,,,,,,,null,savecoin,savecoin
1003,,,2017/02/10,,,,,,,,,null,savecoin,savecoin
1004,,,2017/02/11,,,,,,,,,null,savecoin,savecoin
1005,,,2017/02/12,,,,,,,,,null,savecoin,savecoin
1006,,,2017/02/13,,,,,,,,,null,savecoin,savecoin
1007,,,2017/02/14,,,,,,,,,null,savecoin,savecoin
1008,,,2017/02/15,,,,,,,,,null,savecoin,savecoin
1009,,,2017/02/16,,,,,,,,,null,savecoin,savecoin
1010,,,2017/02/17,,,,,,,,,null,savecoin,savecoin
1011,,,2017/02/18,,,,,,,,,null,savecoin,savecoin
1012,,,2017/02/19,,,,,,,,,null,savecoin,savecoin
1013,,,2017/02/20,,,,,,,,,null,savecoin,savecoin
1014,,,2017/02/21,,,,,,,,,null,savecoin,savecoin
1015,,,2017/02/22,,,,,,,,,null,savecoin,savecoin
1016,,,2017/02/23,,,,,,,,,null,savecoin,savecoin
1017,,,2017/02/24,,,,,,,,,null,savecoin,savecoin
1018,,,2017/02/25,,,,,,,,,null,savecoin,savecoin
1019,,,2017/02/26,,,,,,,,,null,savecoin,savecoin
1020,,,2017/02/27,,,,,,,,,null,savecoin,savecoin
1021,,,2017/02/28,,,,,,,,,null,savecoin,savecoin
1022,,,2017/03/01,,,,,,,,,null,savecoin,savecoin
1023,,,2017/03/02,,,,,,,,,null,savecoin,savecoin
1024,,,2017/03/03,,,,,,,,,null,savecoin,savecoin
1025,,,2017/03/04,,,,,,,,,null,savecoin,savecoin
1026,,,2017/03/05,,,,,,,,,null,savecoin,savecoin
1027,,,2017/03/06,,,,,,,,,null,savecoin,savecoin
1028,,,2017/03/07,,,,,,,,,null,savecoin,savecoin
1029,,,2017/03/08,,,,,,,,,null,savecoin,savecoin
1030,,,2017/03/09,,,,,,,,,null,savecoin,savecoin
1031,,,2017/03/10,,,,,,,,,null,savecoin,savecoin
1032,,,2017/03/11,,,,,,,,,null,savecoin,savecoin
1033,,,2017/03/12,,,,,,,,,null,savecoin,savecoin
1034,,,2017/03/13,,,,,,,,,null,savecoin,savecoin
1035,,,2017/03/14,,,,,,,,,null,savecoin,savecoin
1036,,,2017/03/15,,,,,,,,,null,savecoin,savecoin
1037,,,2017/03/16,,,,,,,,,null,savecoin,savecoin
1038,,,2017/03/17,,,,,,,,,null,savecoin,savecoin
1039,,,2017/03/18,,,,,,,,,null,savecoin,savecoin
1040,,,2017/03/19,,,,,,,,,null,savecoin,savecoin
1041,,,2017/03/20,,,,,,,,,null,savecoin,savecoin
1042,,,2017/03/21,,,,,,,,,null,savecoin,savecoin
1043,,,2017/03/22,,,,,,,,,null,savecoin,savecoin
1044,,,2017/03/23,,,,,,,,,null,savecoin,savecoin
1045,,,2017/03/24,,,,,,,,,null,savecoin,savecoin
1046,,,2017/03/25,,,,,,,,,null,savecoin,savecoin
1047,,,2017/03/26,,,,,,,,,null,savecoin,savecoin
1048,,,2017/03/27,,,,,,,,,null,savecoin,savecoin
1049,,,2017/03/28,,,,,,,,,null,savecoin,savecoin
1050,,,2017/03/29,,,,,,,,,null,savecoin,savecoin
1051,,,2017/03/30,,,,,,,,,null,savecoin,savecoin
1052,,,2017/03/31,,,,,,,,,null,savecoin,savecoin
1053,,,2017/04/01,,,,,,,,,null,savecoin,savecoin
1054,,,2017/04/02,,,,,,,,,null,savecoin,savecoin
1055,,,2017/04/03,,,,,,,,,null,savecoin,savecoin
1056,,,2017/04/04,,,,,,,,,1,savecoin,savecoin
1057,,,2017/04/05,,,,,,,,,null,savecoin,savecoin
1058,,,2017/04/06,,,,,,,,,null,savecoin,savecoin
1059,,,2017/04/07,,,,,,,,,null,savecoin,savecoin
1060,,,2017/04/08,,,,,,,,,null,savecoin,savecoin
1061,,,2017/04/09,,,,,,,,,1,savecoin,savecoin
1062,,,2017/04/10,,,,,,,,,null,savecoin,savecoin
1063,,,2017/04/11,,,,,,,,,null,savecoin,savecoin
1064,,,2017/04/12,,,,,,,,,null,savecoin,savecoin
1065,,,2017/04/13,,,,,,,,,null,savecoin,savecoin
1066,,,2017/04/14,,,,,,,,,null,savecoin,savecoin
1067,,,2017/04/15,,,,,,,,,null,savecoin,savecoin
1068,,,2017/04/16,,,,,,,,,1,savecoin,savecoin
1069,,,2017/04/17,,,,,,,,,null,savecoin,savecoin
1070,,,2017/04/18,,,,,,,,,1,savecoin,savecoin
1071,,,2017/04/19,,,,,,,,,null,savecoin,savecoin
1072,,,2017/04/20,,,,,,,,,null,savecoin,savecoin
1073,,,2017/04/21,,,,,,,,,null,savecoin,savecoin
1074,,,2017/04/22,,,,,,,,,null,savecoin,savecoin
1075,,,2017/04/23,,,,,,,,,null,savecoin,savecoin
1076,,,2017/04/24,,,,,,,,,null,savecoin,savecoin
1077,,,2017/04/25,,,,,,,,,1,savecoin,savecoin
1078,,,2017/04/26,,,,,,,,,null,savecoin,savecoin
1079,,,2017/04/27,,,,,,,,,null,savecoin,savecoin
1080,,,2017/04/28,,,,,,,,,1,savecoin,savecoin
1081,,,2017/04/29,,,,,,,,,null,savecoin,savecoin
1082,,,2017/04/30,,,,,,,,,1,savecoin,savecoin
1083,,,2017/05/01,,,,,,,,,null,savecoin,savecoin
1084,,,2017/05/02,,,,,,,,,null,savecoin,savecoin
1085,,,2017/05/03,,,,,,,,,null,savecoin,savecoin
1086,,,2017/05/04,,,,,,,,,null,savecoin,savecoin
1087,,,2017/05/05,,,,,,,,,null,savecoin,savecoin
1088,,,2017/05/06,,,,,,,,,null,savecoin,savecoin
1089,,,2017/05/07,,,,,,,,,1,savecoin,savecoin
1090,,,2017/05/08,,,,,,,,,null,savecoin,savecoin
1091,,,2017/05/09,,,,,,,,,null,savecoin,savecoin
1092,,,2017/05/10,,,,,,,,,null,savecoin,savecoin
1093,,,2017/05/11,,,,,,,,,null,savecoin,savecoin
1094,,,2017/05/12,,,,,,,,,null,savecoin,savecoin
1095,,,2017/05/13,,,,,,,,,null,savecoin,savecoin
1096,,,2017/05/14,,,,,,,,,1,savecoin,savecoin
1097,,,2017/05/15,,,,,,,,,null,savecoin,savecoin
1098,,,2017/05/16,,,,,,,,,null,savecoin,savecoin
1099,,,2017/05/17,,,,,,,,,null,savecoin,savecoin
1100,,,2017/05/18,,,,,,,,,null,savecoin,savecoin
1101,,,2017/05/19,,,,,,,,,null,savecoin,savecoin
1102,,,2017/05/20,,,,,,,,,null,savecoin,savecoin
1103,,,2017/05/21,,,,,,,,,null,savecoin,savecoin
1104,,,2017/05/22,,,,,,,,,null,savecoin,savecoin
1105,,,2017/05/23,,,,,,,,,null,savecoin,savecoin
1106,,,2017/05/24,,,,,,,,,null,savecoin,savecoin
1107,,,2017/05/25,,,,,,,,,null,savecoin,savecoin
1108,,,2017/05/26,,,,,,,,,null,savecoin,savecoin
1109,,,2017/05/27,,,,,,,,,null,savecoin,savecoin
1110,,,2017/05/28,,,,,,,,,null,savecoin,savecoin
1111,,,2017/05/29,,,,,,,,,null,savecoin,savecoin
1112,,,2017/05/30,,,,,,,,,null,savecoin,savecoin
1113,,,2017/05/31,,,,,,,,,null,savecoin,savecoin
1114,,,2017/06/01,,,,,,,,,null,savecoin,savecoin
1115,,,2017/06/02,,,,,,,,,null,savecoin,savecoin
1116,,,2017/06/03,,,,,,,,,null,savecoin,savecoin
1117,,,2017/06/04,,,,,,,,,null,savecoin,savecoin
1118,,,2017/06/05,,,,,,,,,null,savecoin,savecoin
1119,,,2017/06/06,,,,,,,,,null,savecoin,savecoin
1120,,,2017/06/07,,,,,,,,,null,savecoin,savecoin
1121,,,2017/06/08,,,,,,,,,null,savecoin,savecoin
1122,,,2017/06/09,,,,,,,,,null,savecoin,savecoin
1123,,,2017/06/10,,,,,,,,,null,savecoin,savecoin
1124,,,2017/06/11,,,,,,,,,null,savecoin,savecoin
1125,,,2017/06/12,,,,,,,,,null,savecoin,savecoin
1126,,,2017/06/13,,,,,,,,,null,savecoin,savecoin
1127,,,2017/06/14,,,,,,,,,null,savecoin,savecoin
1128,,,2017/06/15,,,,,,,,,null,savecoin,savecoin
1129,,,2017/06/16,,,,,,,,,null,savecoin,savecoin
1130,,,2017/06/17,,,,,,,,,null,savecoin,savecoin
1131,,,2017/06/18,,,,,,,,,null,savecoin,savecoin
1132,,,2017/06/19,,,,,,,,,null,savecoin,savecoin
1133,,,2017/06/20,,,,,,,,,null,savecoin,savecoin
1134,,,2017/06/21,,,,,,,,,null,savecoin,savecoin
1135,,,2017/06/22,,,,,,,,,null,savecoin,savecoin
1136,,,2017/06/23,,,,,,,,,null,savecoin,savecoin
1137,,,2017/06/24,,,,,,,,,null,savecoin,savecoin
1138,,,2017/06/25,,,,,,,,,null,savecoin,savecoin
1139,,,2017/06/26,,,,,,,,,null,savecoin,savecoin
1140,,,2017/06/27,,,,,,,,,null,savecoin,savecoin
1141,,,2017/06/28,,,,,,,,,null,savecoin,savecoin
1142,,,2017/06/29,,,,,,,,,null,savecoin,savecoin
1143,,,2017/06/30,,,,,,,,,null,savecoin,savecoin
1144,,,2017/07/01,,,,,,,,,null,savecoin,savecoin
1145,,,2017/07/02,,,,,,,,,null,savecoin,savecoin
1146,,,2017/07/03,,,,,,,,,null,savecoin,savecoin
1147,,,2017/07/04,,,,,,,,,null,savecoin,savecoin
1148,,,2017/07/05,,,,,,,,,null,savecoin,savecoin
1149,,,2017/07/06,,,,,,,,,null,savecoin,savecoin
1150,,,2017/07/07,,,,,,,,,null,savecoin,savecoin
1151,,,2017/07/08,,,,,,,,,null,savecoin,savecoin
1152,,,2017/07/09,,,,,,,,,null,savecoin,savecoin
1153,,,2017/07/10,,,,,,,,,null,savecoin,savecoin
1154,,,2017/07/11,,,,,,,,,null,savecoin,savecoin
1155,,,2017/07/12,,,,,,,,,null,savecoin,savecoin
1156,,,2017/07/13,,,,,,,,,null,savecoin,savecoin
1157,,,2017/07/14,,,,,,,,,null,savecoin,savecoin
1158,,,2017/07/15,,,,,,,,,null,savecoin,savecoin
1159,,,2017/07/16,,,,,,,,,null,savecoin,savecoin
1160,,,2017/07/17,,,,,,,,,null,savecoin,savecoin
1161,,,2017/07/18,,,,,,,,,null,savecoin,savecoin
1162,,,2017/07/19,,,,,,,,,null,savecoin,savecoin
1163,,,2017/07/20,,,,,,,,,null,savecoin,savecoin
1164,,,2017/07/21,,,,,,,,,null,savecoin,savecoin
1165,,,2017/07/22,,,,,,,,,null,savecoin,savecoin
1166,,,2017/07/23,,,,,,,,,null,savecoin,savecoin
1167,,,2017/07/24,,,,,,,,,null,savecoin,savecoin
1168,,,2017/07/25,,,,,,,,,null,savecoin,savecoin
1169,,,2017/07/26,,,,,,,,,null,savecoin,savecoin
1170,,,2017/07/27,,,,,,,,,null,savecoin,savecoin
1171,,,2017/07/28,,,,,,,,,null,savecoin,savecoin
1172,,,2017/07/29,,,,,,,,,null,savecoin,savecoin
1173,,,2017/07/30,,,,,,,,,null,savecoin,savecoin
1174,,,2017/07/31,,,,,,,,,null,savecoin,savecoin
1175,,,2017/08/01,,,,,,,,,null,savecoin,savecoin
1176,,,2017/08/02,,,,,,,,,null,savecoin,savecoin
1177,,,2017/08/03,,,,,,,,,null,savecoin,savecoin
1178,,,2017/08/04,,,,,,,,,null,savecoin,savecoin
1179,,,2017/08/05,,,,,,,,,null,savecoin,savecoin
1180,,,2017/08/06,,,,,,,,,null,savecoin,savecoin
1181,,,2017/08/07,,,,,,,,,null,savecoin,savecoin
1182,,,2017/08/08,,,,,,,,,null,savecoin,savecoin
1183,,,2017/08/09,,,,,,,,,null,savecoin,savecoin
1184,,,2017/08/10,,,,,,,,,null,savecoin,savecoin
1185,,,2017/08/11,,,,,,,,,null,savecoin,savecoin
1186,,,2017/08/12,,,,,,,,,null,savecoin,savecoin
1187,,,2017/08/13,,,,,,,,,null,savecoin,savecoin
1188,,,2017/08/14,,,,,,,,,null,savecoin,savecoin
1189,,,2017/08/15,,,,,,,,,null,savecoin,savecoin
1190,,,2017/08/16,,,,,,,,,null,savecoin,savecoin
1191,,,2017/08/17,,,,,,,,,null,savecoin,savecoin
1192,,,2017/08/18,,,,,,,,,null,savecoin,savecoin
1193,,,2017/08/19,,,,,,,,,null,savecoin,savecoin
1194,,,2017/08/20,,,,,,,,,null,savecoin,savecoin
1195,,,2017/08/21,,,,,,,,,null,savecoin,savecoin
1196,,,2017/08/22,,,,,,,,,null,savecoin,savecoin
1197,,,2017/08/23,,,,,,,,,null,savecoin,savecoin
1198,,,2017/08/24,,,,,,,,,null,savecoin,savecoin
1199,,,2017/08/25,,,,,,,,,null,savecoin,savecoin
1200,,,2017/08/26,,,,,,,,,null,savecoin,savecoin
1201,,,2017/08/27,,,,,,,,,null,savecoin,savecoin
1202,,,2017/08/28,,,,,,,,,null,savecoin,savecoin
1203,,,2017/08/29,,,,,,,,,null,savecoin,savecoin
1204,,,2017/08/30,,,,,,,,,null,savecoin,savecoin
1205,,,2017/08/31,,,,,,,,,null,savecoin,savecoin
1206,,,2017/09/01,,,,,,,,,null,savecoin,savecoin
1207,,,2017/09/02,,,,,,,,,null,savecoin,savecoin
1208,,,2017/09/03,,,,,,,,,null,savecoin,savecoin
1209,,,2017/09/04,,,,,,,,,null,savecoin,savecoin
1210,,,2017/09/05,,,,,,,,,null,savecoin,savecoin
1211,,,2017/09/06,,,,,,,,,null,savecoin,savecoin
1212,,,2017/09/07,,,,,,,,,null,savecoin,savecoin
1213,,,2017/09/08,,,,,,,,,null,savecoin,savecoin
1214,,,2017/09/09,,,,,,,,,null,savecoin,savecoin
1215,,,2017/09/10,,,,,,,,,null,savecoin,savecoin
1216,,,2017/09/11,,,,,,,,,null,savecoin,savecoin
1217,,,2017/09/12,,,,,,,,,null,savecoin,savecoin
1218,,,2017/09/13,,,,,,,,,null,savecoin,savecoin
1219,,,2017/09/14,,,,,,,,,null,savecoin,savecoin
1220,,,2017/09/15,,,,,,,,,null,savecoin,savecoin
1221,,,2017/09/16,,,,,,,,,null,savecoin,savecoin
1222,,,2017/09/17,,,,,,,,,null,savecoin,savecoin
1223,,,2017/09/18,,,,,,,,,null,savecoin,savecoin
1224,,,2017/09/19,,,,,,,,,null,savecoin,savecoin
1225,,,2017/09/20,,,,,,,,,null,savecoin,savecoin
1226,,,2017/09/21,,,,,,,,,null,savecoin,savecoin
1227,,,2017/09/22,,,,,,,,,null,savecoin,savecoin
1228,,,2017/09/23,,,,,,,,,null,savecoin,savecoin
1229,,,2017/09/24,,,,,,,,,null,savecoin,savecoin
1230,,,2017/09/25,,,,,,,,,null,savecoin,savecoin
1231,,,2017/09/26,,,,,,,,,null,savecoin,savecoin
1232,,,2017/09/27,,,,,,,,,null,savecoin,savecoin
1233,,,2017/09/28,,,,,,,,,null,savecoin,savecoin
1234,,,2017/09/29,,,,,,,,,null,savecoin,savecoin
1235,,,2017/09/30,,,,,,,,,null,savecoin,savecoin
1236,,,2017/10/01,,,,,,,,,null,savecoin,savecoin
1237,,,2017/10/02,,,,,,,,,null,savecoin,savecoin
1238,,,2017/10/03,,,,,,,,,null,savecoin,savecoin
1239,,,2017/10/04,,,,,,,,,null,savecoin,savecoin
1240,,,2017/10/05,,,,,,,,,null,savecoin,savecoin
1241,,,2017/10/06,,,,,,,,,null,savecoin,savecoin
1242,,,2017/10/07,,,,,,,,,null,savecoin,savecoin
1243,,,2017/10/08,,,,,,,,,null,savecoin,savecoin
1244,,,2017/10/09,,,,,,,,,null,savecoin,savecoin
1245,,,2017/10/10,,,,,,,,,null,savecoin,savecoin
1246,,,2017/10/11,,,,,,,,,null,savecoin,savecoin
1247,,,2017/10/12,,,,,,,,,null,savecoin,savecoin
1248,,,2017/10/13,,,,,,,,,null,savecoin,savecoin
1249,,,2017/10/14,,,,,,,,,null,savecoin,savecoin
1250,,,2017/10/15,,,,,,,,,null,savecoin,savecoin
1251,,,2017/10/16,,,,,,,,,null,savecoin,savecoin
1252,,,2017/10/17,,,,,,,,,null,savecoin,savecoin
1253,,,2017/10/18,,,,,,,,,null,savecoin,savecoin
1254,,,2017/10/19,,,,,,,,,null,savecoin,savecoin
1255,,,2017/10/20,,,,,,,,,null,savecoin,savecoin
1256,,,2017/10/21,,,,,,,,,null,savecoin,savecoin
1257,,,2017/10/22,,,,,,,,,null,savecoin,savecoin
1258,,,2017/10/23,,,,,,,,,null,savecoin,savecoin
1259,,,2017/10/24,,,,,,,,,null,savecoin,savecoin
1260,,,2017/10/25,,,,,,,,,null,savecoin,savecoin
1261,,,2017/10/26,,,,,,,,,null,savecoin,savecoin
1262,,,2017/10/27,,,,,,,,,null,savecoin,savecoin
1263,,,2017/10/28,,,,,,,,,null,savecoin,savecoin
1264,,,2017/10/29,,,,,,,,,null,savecoin,savecoin
1265,,,2017/10/30,,,,,,,,,null,savecoin,savecoin
1266,,,2017/10/31,,,,,,,,,null,savecoin,savecoin
1267,,,2017/11/01,,,,,,,,,null,savecoin,savecoin
1268,,,2017/11/02,,,,,,,,,null,savecoin,savecoin
1269,,,2017/11/03,,,,,,,,,null,savecoin,savecoin
1270,,,2017/11/04,,,,,,,,,null,savecoin,savecoin
1271,,,2017/11/05,,,,,,,,,null,savecoin,savecoin
1272,,,2017/11/06,,,,,,,,,null,savecoin,savecoin
1273,,,2017/11/07,,,,,,,,,null,savecoin,savecoin
1274,,,2017/11/08,,,,,,,,,null,savecoin,savecoin
1275,,,2017/11/09,,,,,,,,,null,savecoin,savecoin
1276,,,2017/11/10,,,,,,,,,null,savecoin,savecoin
1277,,,2017/11/11,,,,,,,,,null,savecoin,savecoin
1278,,,2017/11/12,,,,,,,,,null,savecoin,savecoin
1279,,,2017/11/13,,,,,,,,,null,savecoin,savecoin
1280,,,2017/11/14,,,,,,,,,null,savecoin,savecoin
1281,,,2017/11/15,,,,,,,,,null,savecoin,savecoin
1282,,,2017/11/16,,,,,,,,,null,savecoin,savecoin
1283,,,2017/11/17,,,,,,,,,null,savecoin,savecoin
1284,,,2017/11/18,,,,,,,,,null,savecoin,savecoin
1285,,,2017/11/19,,,,,,,,,null,savecoin,savecoin
1286,,,2017/11/20,,,,,,,,,null,savecoin,savecoin
1287,,,2017/11/21,,,,,,,,,null,savecoin,savecoin
1288,,,2017/11/22,,,,,,,,,null,savecoin,savecoin
1289,,,2017/11/23,,,,,,,,,null,savecoin,savecoin
1290,,,2017/11/24,,,,,,,,,null,savecoin,savecoin
1291,,,2017/11/25,,,,,,,,,null,savecoin,savecoin
1292,,,2017/11/26,,,,,,,,,null,savecoin,savecoin
1293,,,2017/11/27,,,,,,,,,null,savecoin,savecoin
1294,,,2017/11/28,,,,,,,,,null,savecoin,savecoin
1295,,,2017/11/29,,,,,,,,,null,savecoin,savecoin
1296,,,2017/11/30,,,,,,,,,null,savecoin,savecoin
1297,,,2017/12/01,,,,,,,,,null,savecoin,savecoin
1298,,,2017/12/02,,,,,,,,,null,savecoin,savecoin
1299,,,2017/12/03,,,,,,,,,null,savecoin,savecoin
1300,,,2017/12/04,,,,,,,,,null,savecoin,savecoin
1301,,,2017/12/05,,,,,,,,,null,savecoin,savecoin
1302,,,2017/12/06,,,,,,,,,null,savecoin,savecoin
1303,,,2017/12/07,,,,,,,,,null,savecoin,savecoin
1304,,,2017/12/08,,,,,,,,,null,savecoin,savecoin
1305,,,2017/12/09,,,,,,,,,null,savecoin,savecoin
1306,,,2017/12/10,,,,,,,,,null,savecoin,savecoin
1307,,,2017/12/11,,,,,,,,,null,savecoin,savecoin
1308,,,2017/12/12,,,,,,,,,null,savecoin,savecoin
1309,,,2017/12/13,,,,,,,,,null,savecoin,savecoin
1310,,,2017/12/14,,,,,,,,,null,savecoin,savecoin
1311,,,2017/12/15,,,,,,,,,null,savecoin,savecoin
1312,,,2017/12/16,,,,,,,,,null,savecoin,savecoin
1313,,,2017/12/17,,,,,,,,,null,savecoin,savecoin
1314,,,2017/12/18,,,,,,,,,null,savecoin,savecoin
1315,,,2017/12/19,,,,,,,,,null,savecoin,savecoin
1316,,,2017/12/20,,,,,,,,,null,savecoin,savecoin
1317,,,2017/12/21,,,,,,,,,null,savecoin,savecoin
1318,,,2017/12/22,,,,,,,,,null,savecoin,savecoin
1319,,,2017/12/23,,,,,,,,,null,savecoin,savecoin
1320,,,2017/12/24,,,,,,,,,null,savecoin,savecoin
1321,,,2017/12/25,,,,,,,,,null,savecoin,savecoin
1322,,,2017/12/26,,,,,,,,,null,savecoin,savecoin
1323,,,2017/12/27,,,,,,,,,null,savecoin,savecoin
1324,,,2017/12/28,,,,,,,,,null,savecoin,savecoin
1325,,,2017/12/29,,,,,,,,,null,savecoin,savecoin
1326,,,2017/12/30,,,,,,,,,null,savecoin,savecoin
1327,,,2017/12/31,,,,,,,,,null,savecoin,savecoin
1328,,,2018/01/01,,,,,,,,,null,savecoin,savecoin
1329,,,2018/01/02,,,,,,,,,null,savecoin,savecoin
1330,,,2018/01/03,,,,,,,,,null,savecoin,savecoin
1331,,,2018/01/04,,,,,,,,,null,savecoin,savecoin
1332,,,2018/01/05,,,,,,,,,null,savecoin,savecoin
1333,,,2018/01/06,,,,,,,,,null,savecoin,savecoin
1334,,,2018/01/07,,,,,,,,,null,savecoin,savecoin
1335,,,2018/01/08,,,,,,,,,null,savecoin,savecoin
1336,,,2018/01/09,,,,,,,,,null,savecoin,savecoin
1337,,,2018/01/10,,,,,,,,,null,savecoin,savecoin
1338,,,2018/01/11,,,,,,,,,null,savecoin,savecoin
1339,,,2018/01/12,,,,,,,,,null,savecoin,savecoin
1340,,,2018/01/13,,,,,,,,,null,savecoin,savecoin
1341,,,2018/01/14,,,,,,,,,null,savecoin,savecoin
1342,,,2018/01/15,,,,,,,,,null,savecoin,savecoin
1343,,,2018/01/16,,,,,,,,,null,savecoin,savecoin
1344,,,2018/01/17,,,,,,,,,null,savecoin,savecoin
1345,,,2018/01/18,,,,,,,,,null,savecoin,savecoin
1346,,,2018/01/19,,,,,,,,,null,savecoin,savecoin
1347,,,2018/01/20,,,,,,,,,null,savecoin,savecoin
1348,,,2018/01/21,,,,,,,,,null,savecoin,savecoin
1349,,,2018/01/22,,,,,,,,,null,savecoin,savecoin
1350,,,2018/01/23,,,,,,,,,null,savecoin,savecoin
1351,,,2018/01/24,,,,,,,,,null,savecoin,savecoin
1352,,,2018/01/25,,,,,,,,,null,savecoin,savecoin
1353,,,2018/01/26,,,,,,,,,null,savecoin,savecoin
1354,,,2018/01/27,,,,,,,,,null,savecoin,savecoin
1355,,,2018/01/28,,,,,,,,,null,savecoin,savecoin
1356,,,2018/01/29,,,,,,,,,null,savecoin,savecoin
1357,,,2018/01/30,,,,,,,,,null,savecoin,savecoin
1358,,,2018/01/31,,,,,,,,,null,savecoin,savecoin
1359,,,2018/02/01,,,,,,,,,null,savecoin,savecoin
1360,,,2018/02/02,,,,,,,,,null,savecoin,savecoin
1361,,,2018/02/03,,,,,,,,,null,savecoin,savecoin
1362,,,2018/02/04,,,,,,,,,null,savecoin,savecoin
1363,,,2018/02/05,,,,,,,,,null,savecoin,savecoin
1364,,,2018/02/06,,,,,,,,,null,savecoin,savecoin
1365,,,2018/02/07,,,,,,,,,null,savecoin,savecoin
1366,,,2018/02/08,,,,,,,,,null,savecoin,savecoin
1367,,,2018/02/09,,,,,,,,,null,savecoin,savecoin
1368,,,2018/02/10,,,,,,,,,null,savecoin,savecoin
1369,,,2018/02/11,,,,,,,,,null,savecoin,savecoin
1370,,,2018/02/12,,,,,,,,,null,savecoin,savecoin
1371,,,2018/02/13,,,,,,,,,null,savecoin,savecoin
1372,,,2018/02/14,,,,,,,,,null,savecoin,savecoin
1373,,,2018/02/15,,,,,,,,,null,savecoin,savecoin
1374,,,2018/02/16,,,,,,,,,null,savecoin,savecoin
1375,,,2018/02/17,,,,,,,,,null,savecoin,savecoin
1376,,,2018/02/18,,,,,,,,,null,savecoin,savecoin
1377,,,2018/02/19,,,,,,,,,null,savecoin,savecoin
1378,,,2018/02/20,,,,,,,,,null,savecoin,savecoin
1379,,,2018/02/21,,,,,,,,,null,savecoin,savecoin
1380,,,2018/02/22,,,,,,,,,null,savecoin,savecoin
1381,,,2018/02/23,,,,,,,,,null,savecoin,savecoin
1382,,,2018/02/24,,,,,,,,,null,savecoin,savecoin
1383,,,2018/02/25,,,,,,,,,null,savecoin,savecoin
1384,,,2018/02/26,,,,,,,,,null,savecoin,savecoin
1385,,,2018/02/27,,,,,,,,,null,savecoin,savecoin
1386,,,2018/02/28,,,,,,,,,null,savecoin,savecoin
1387,,,2018/03/01,,,,,,,,,null,savecoin,savecoin
1388,,,2018/03/02,,,,,,,,,null,savecoin,savecoin
1389,,,2018/03/03,,,,,,,,,null,savecoin,savecoin
1390,,,2018/03/04,,,,,,,,,null,savecoin,savecoin
1391,,,2018/03/05,,,,,,,,,null,savecoin,savecoin
1392,,,2018/03/06,,,,,,,,,null,savecoin,savecoin
1393,,,2018/03/07,,,,,,,,,null,savecoin,savecoin
1394,,,2018/03/08,,,,,,,,,null,savecoin,savecoin
1395,,,2018/03/09,,,,,,,,,null,savecoin,savecoin
1396,,,2018/03/10,,,,,,,,,null,savecoin,savecoin
1397,,,2018/03/11,,,,,,,,,null,savecoin,savecoin
1398,,,2018/03/12,,,,,,,,,null,savecoin,savecoin
1399,,,2018/03/13,,,,,,,,,null,savecoin,savecoin
1400,,,2018/03/14,,,,,,,,,null,savecoin,savecoin
1401,,,2018/03/15,,,,,,,,,null,savecoin,savecoin
1402,,,2018/03/16,,,,,,,,,null,savecoin,savecoin
1403,,,2018/03/17,,,,,,,,,null,savecoin,savecoin
1404,,,2018/03/18,,,,,,,,,null,savecoin,savecoin
1405,,,2018/03/19,,,,,,,,,null,savecoin,savecoin
1406,,,2018/03/20,,,,,,,,,null,savecoin,savecoin
1407,,,2018/03/21,,,,,,,,,null,savecoin,savecoin
1408,,,2018/03/22,,,,,,,,,null,savecoin,savecoin
1409,,,2018/03/23,,,,,,,,,null,savecoin,savecoin
1410,,,2018/03/24,,,,,,,,,null,savecoin,savecoin
1411,,,2018/03/25,,,,,,,,,null,savecoin,savecoin
1412,,,2018/03/26,,,,,,,,,null,savecoin,savecoin
1413,,,2018/03/27,,,,,,,,,null,savecoin,savecoin
1414,,,2018/03/28,,,,,,,,,null,savecoin,savecoin
1415,,,2018/03/29,,,,,,,,,null,savecoin,savecoin
1416,,,2018/03/30,,,,,,,,,null,savecoin,savecoin
1417,,,2018/03/31,,,,,,,,,null,savecoin,savecoin
1418,,,2018/04/01,,,,,,,,,null,savecoin,savecoin
1419,,,2018/04/02,,,,,,,,,null,savecoin,savecoin
1420,,,2018/04/03,,,,,,,,,null,savecoin,savecoin
1421,,,2018/04/04,,,,,,,,,null,savecoin,savecoin
1422,,,2018/04/05,,,,,,,,,null,savecoin,savecoin
1423,,,2018/04/06,,,,,,,,,null,savecoin,savecoin
1424,,,2018/04/07,,,,,,,,,null,savecoin,savecoin
1425,,,2018/04/08,,,,,,,,,null,savecoin,savecoin
1426,,,2018/04/09,,,,,,,,,null,savecoin,savecoin
1427,,,2018/04/10,,,,,,,,,null,savecoin,savecoin
1428,,,2018/04/11,,,,,,,,,null,savecoin,savecoin
1429,,,2018/04/12,,,,,,,,,null,savecoin,savecoin
1430,,,2018/04/13,,,,,,,,,null,savecoin,savecoin
1431,,,2018/04/14,,,,,,,,,null,savecoin,savecoin
1432,,,2018/04/15,,,,,,,,,null,savecoin,savecoin
1433,,,2018/04/16,,,,,,,,,null,savecoin,savecoin
1434,,,2018/04/17,,,,,,,,,null,savecoin,savecoin
1435,,,2018/04/18,,,,,,,,,null,savecoin,savecoin
1436,,,2018/04/19,,,,,,,,,null,savecoin,savecoin
1437,,,2018/04/20,,,,,,,,,null,savecoin,savecoin
1438,,,2018/04/21,,,,,,,,,null,savecoin,savecoin
1439,,,2018/04/22,,,,,,,,,null,savecoin,savecoin
1440,,,2018/04/23,,,,,,,,,null,savecoin,savecoin
1441,,,2018/04/24,,,,,,,,,null,savecoin,savecoin
1442,,,2018/04/25,,,,,,,,,null,savecoin,savecoin
1443,,,2018/04/26,,,,,,,,,null,savecoin,savecoin
1444,,,2018/04/27,,,,,,,,,null,savecoin,savecoin
1445,,,2018/04/28,,,,,,,,,null,savecoin,savecoin
1446,,,2018/04/29,,,,,,,,,null,savecoin,savecoin
1447,,,2018/04/30,,,,,,,,,null,savecoin,savecoin
1448,,,2018/05/01,,,,,,,,,null,savecoin,savecoin
1449,,,2018/05/02,,,,,,,,,null,savecoin,savecoin
1450,,,2018/05/03,,,,,,,,,null,savecoin,savecoin
1451,,,2018/05/04,,,,,,,,,null,savecoin,savecoin
1452,,,2018/05/05,,,,,,,,,null,savecoin,savecoin
1453,,,2018/05/06,,,,,,,,,null,savecoin,savecoin
1454,,,2018/05/07,,,,,,,,,null,savecoin,savecoin
1455,,,2018/05/08,,,,,,,,,null,savecoin,savecoin
1456,,,2018/05/09,,,,,,,,,null,savecoin,savecoin
1457,,,2018/05/10,,,,,,,,,null,savecoin,savecoin
1458,,,2018/05/11,,,,,,,,,null,savecoin,savecoin
1459,,,2018/05/12,,,,,,,,,null,savecoin,savecoin
1460,,,2018/05/13,,,,,,,,,null,savecoin,savecoin
1461,,,2018/05/14,,,,,,,,,null,savecoin,savecoin
1462,,,2018/05/15,,,,,,,,,null,savecoin,savecoin
1463,,,2018/05/16,,,,,,,,,null,savecoin,savecoin
1464,,,2018/05/17,,,,,,,,,null,savecoin,savecoin
1465,,,2018/05/18,,,,,,,,,null,savecoin,savecoin
1466,,,2018/05/19,,,,,,,,,null,savecoin,savecoin
1467,,,2018/05/20,,,,,,,,,null,savecoin,savecoin
1468,,,2018/05/21,,,,,,,,,null,savecoin,savecoin
1469,,,2018/05/22,,,,,,,,,null,savecoin,savecoin
1470,,,2018/05/23,,,,,,,,,null,savecoin,savecoin
1471,,,2018/05/24,,,,,,,,,null,savecoin,savecoin
1472,,,2018/05/25,,,,,,,,,null,savecoin,savecoin
1473,,,2018/05/26,,,,,,,,,null,savecoin,savecoin
1474,,,2018/05/27,,,,,,,,,null,savecoin,savecoin
1475,,,2018/05/28,,,,,,,,,null,savecoin,savecoin
1476,,,2018/05/29,,,,,,,,,null,savecoin,savecoin
1477,,,2018/05/30,,,,,,,,,null,savecoin,savecoin
1478,,,2018/05/31,,,,,,,,,null,savecoin,savecoin
1479,,,2018/06/01,,,,,,,,,null,savecoin,savecoin
1480,,,2018/06/02,,,,,,,,,null,savecoin,savecoin
1481,,,2018/06/03,,,,,,,,,null,savecoin,savecoin
1482,,,2018/06/04,,,,,,,,,null,savecoin,savecoin
1483,,,2018/06/05,,,,,,,,,null,savecoin,savecoin
1484,,,2018/06/06,,,,,,,,,null,savecoin,savecoin
1485,,,2018/06/07,,,,,,,,,null,savecoin,savecoin
1486,,,2018/06/08,,,,,,,,,null,savecoin,savecoin
1487,,,2018/06/09,,,,,,,,,null,savecoin,savecoin
1488,,,2018/06/10,,,,,,,,,null,savecoin,savecoin
1489,,,2018/06/11,,,,,,,,,null,savecoin,savecoin
1490,,,2018/06/12,,,,,,,,,null,savecoin,savecoin
1491,,,2018/06/13,,,,,,,,,null,savecoin,savecoin
1492,,,2018/06/14,,,,,,,,,null,savecoin,savecoin
1493,,,2018/06/15,,,,,,,,,null,savecoin,savecoin
1494,,,2018/06/16,,,,,,,,,null,savecoin,savecoin
1495,,,2018/06/17,,,,,,,,,null,savecoin,savecoin
1496,,,2018/06/18,,,,,,,,,null,savecoin,savecoin
1497,,,2018/06/19,,,,,,,,,null,savecoin,savecoin
1498,,,2018/06/20,,,,,,,,,null,savecoin,savecoin
1499,,,2018/06/21,,,,,,,,,null,savecoin,savecoin
1500,,,2018/06/22,,,,,,,,,null,savecoin,savecoin
1501,,,2018/06/23,,,,,,,,,null,savecoin,savecoin
1502,,,2018/06/24,,,,,,,,,null,savecoin,savecoin
1503,,,2018/06/25,,,,,,,,,null,savecoin,savecoin
1504,,,2018/06/26,,,,,,,,,null,savecoin,savecoin
1505,,,2018/06/27,,,,,,,,,null,savecoin,savecoin
1506,,,2018/06/28,,,,,,,,,null,savecoin,savecoin
1507,,,2018/06/29,,,,,,,,,null,savecoin,savecoin
1508,,,2018/06/30,,,,,,,,,null,savecoin,savecoin
1509,,,2018/07/01,,,,,,,,,null,savecoin,savecoin
1510,,,2018/07/02,,,,,,,,,null,savecoin,savecoin
1511,,,2018/07/03,,,,,,,,,null,savecoin,savecoin
1512,,,2018/07/04,,,,,,,,,null,savecoin,savecoin
1513,,,2018/07/05,,,,,,,,,null,savecoin,savecoin
1514,,,2018/07/06,,,,,,,,,null,savecoin,savecoin
1515,,,2018/07/07,,,,,,,,,null,savecoin,savecoin
1516,,,2018/07/08,,,,,,,,,null,savecoin,savecoin
1517,,,2018/07/09,,,,,,,,,null,savecoin,savecoin
1518,,,2018/07/10,,,,,,,,,null,savecoin,savecoin
1519,,,2018/07/11,,,,,,,,,null,savecoin,savecoin
1520,,,2018/07/12,,,,,,,,,null,savecoin,savecoin
1521,,,2018/07/13,,,,,,,,,null,savecoin,savecoin
1522,,,2018/07/14,,,,,,,,,null,savecoin,savecoin
1523,,,2018/07/15,,,,,,,,,null,savecoin,savecoin
1524,,,2018/07/16,,,,,,,,,null,savecoin,savecoin
1525,,,2018/07/17,,,,,,,,,null,savecoin,savecoin
1526,,,2018/07/18,,,,,,,,,null,savecoin,savecoin
1527,,,2018/07/19,,,,,,,,,null,savecoin,savecoin
1528,,,2018/07/20,,,,,,,,,null,savecoin,savecoin
1529,,,2018/07/21,,,,,,,,,null,savecoin,savecoin
1530,,,2018/07/22,,,,,,,,,null,savecoin,savecoin
1531,,,2018/07/23,,,,,,,,,null,savecoin,savecoin
1532,,,2018/07/24,,,,,,,,,null,savecoin,savecoin
1533,,,2018/07/25,,,,,,,,,null,savecoin,savecoin
1534,,,2018/07/26,,,,,,,,,null,savecoin,savecoin
1535,,,2018/07/27,,,,,,,,,null,savecoin,savecoin
1536,,,2018/07/28,,,,,,,,,null,savecoin,savecoin
1537,,,2018/07/29,,,,,,,,,null,savecoin,savecoin
1538,,,2018/07/30,,,,,,,,,null,savecoin,savecoin
1539,,,2018/07/31,,,,,,,,,null,savecoin,savecoin
1540,,,2018/08/01,,,,,,,,,null,savecoin,savecoin
1541,,,2018/08/02,,,,,,,,,null,savecoin,savecoin
1542,,,2018/08/03,,,,,,,,,null,savecoin,savecoin
1543,,,2018/08/04,,,,,,,,,null,savecoin,savecoin
1544,,,2018/08/05,,,,,,,,,null,savecoin,savecoin
1545,,,2018/08/06,,,,,,,,,null,savecoin,savecoin
1546,,,2018/08/07,,,,,,,,,null,savecoin,savecoin
1547,,,2018/08/08,,,,,,,,,null,savecoin,savecoin
1548,,,2018/08/09,,,,,,,,,null,savecoin,savecoin
1549,,,2018/08/10,,,,,,,,,null,savecoin,savecoin
1550,,,2018/08/11,,,,,,,,,null,savecoin,savecoin
1551,,,2018/08/12,,,,,,,,,null,savecoin,savecoin
1552,,,2018/08/13,,,,,,,,,null,savecoin,savecoin
1553,,,2018/08/14,,,,,,,,,null,savecoin,savecoin
1554,,,2018/08/15,,,,,,,,,null,savecoin,savecoin
1555,,,2018/08/16,,,,,,,,,null,savecoin,savecoin
1556,,,2018/08/17,,,,,,,,,null,savecoin,savecoin
1557,,,2018/08/18,,,,,,,,,null,savecoin,savecoin
1558,,,2018/08/19,,,,,,,,,null,savecoin,savecoin
1559,,,2018/08/20,,,,,,,,,null,savecoin,savecoin
1560,,,2018/08/21,,,,,,,,,null,savecoin,savecoin
1561,,,2018/08/22,,,,,,,,,null,savecoin,savecoin
1562,,,2018/08/23,,,,,,,,,null,savecoin,savecoin
1563,,,2018/08/24,,,,,,,,,null,savecoin,savecoin
1564,,,2018/08/25,,,,,,,,,null,savecoin,savecoin
1565,,,2018/08/26,,,,,,,,,null,savecoin,savecoin
1566,,,2018/08/27,,,,,,,,,null,savecoin,savecoin
1567,,,2018/08/28,,,,,,,,,null,savecoin,savecoin
1568,,,2018/08/29,,,,,,,,,null,savecoin,savecoin
1569,,,2018/08/30,,,,,,,,,null,savecoin,savecoin
1570,,,2018/08/31,,,,,,,,,null,savecoin,savecoin
1571,,,2018/09/01,,,,,,,,,null,savecoin,savecoin
1572,,,2018/09/02,,,,,,,,,null,savecoin,savecoin
1573,,,2018/09/03,,,,,,,,,null,savecoin,savecoin
1574,,,2018/09/04,,,,,,,,,null,savecoin,savecoin
1575,,,2018/09/05,,,,,,,,,null,savecoin,savecoin
1576,,,2018/09/06,,,,,,,,,null,savecoin,savecoin
1577,,,2018/09/07,,,,,,,,,null,savecoin,savecoin
1578,,,2018/09/08,,,,,,,,,null,savecoin,savecoin
1579,,,2018/09/09,,,,,,,,,null,savecoin,savecoin
1580,,,2018/09/10,,,,,,,,,null,savecoin,savecoin
1581,,,2018/09/11,,,,,,,,,null,savecoin,savecoin
1582,,,2018/09/12,,,,,,,,,null,savecoin,savecoin
1583,,,2018/09/13,,,,,,,,,null,savecoin,savecoin
1584,,,2018/09/14,,,,,,,,,null,savecoin,savecoin
1585,,,2018/09/15,,,,,,,,,null,savecoin,savecoin
1586,,,2018/09/16,,,,,,,,,null,savecoin,savecoin
1587,,,2018/09/17,,,,,,,,,null,savecoin,savecoin
1588,,,2018/09/18,,,,,,,,,null,savecoin,savecoin
1589,,,2018/09/19,,,,,,,,,null,savecoin,savecoin
1590,,,2018/09/20,,,,,,,,,null,savecoin,savecoin
1591,,,2018/09/21,,,,,,,,,null,savecoin,savecoin
1592,,,2018/09/22,,,,,,,,,null,savecoin,savecoin
1593,,,2018/09/23,,,,,,,,,null,savecoin,savecoin
1594,,,2018/09/24,,,,,,,,,null,savecoin,savecoin
1595,,,2018/09/25,,,,,,,,,null,savecoin,savecoin
1596,,,2018/09/26,,,,,,,,,null,savecoin,savecoin
1597,,,2018/09/27,,,,,,,,,null,savecoin,savecoin
1598,,,2018/09/28,,,,,,,,,null,savecoin,savecoin
1599,,,2018/09/29,,,,,,,,,null,savecoin,savecoin
1600,,,2018/09/30,,,,,,,,,null,savecoin,savecoin
1601,,,2018/10/01,,,,,,,,,null,savecoin,savecoin
1602,,,2018/10/02,,,,,,,,,null,savecoin,savecoin
1603,,,2018/10/03,,,,,,,,,null,savecoin,savecoin
1604,,,2018/10/04,,,,,,,,,null,savecoin,savecoin
1605,,,2018/10/05,,,,,,,,,null,savecoin,savecoin
1606,,,2018/10/06,,,,,,,,,null,savecoin,savecoin
1607,,,2018/10/07,,,,,,,,,null,savecoin,savecoin
1608,,,2018/10/08,,,,,,,,,null,savecoin,savecoin
1609,,,2018/10/09,,,,,,,,,null,savecoin,savecoin
1610,,,2018/10/10,,,,,,,,,null,savecoin,savecoin
1611,,,2018/10/11,,,,,,,,,null,savecoin,savecoin
1612,,,2018/10/12,,,,,,,,,null,savecoin,savecoin
1613,,,2018/10/13,,,,,,,,,null,savecoin,savecoin
1614,,,2018/10/14,,,,,,,,,null,savecoin,savecoin
1615,,,2018/10/15,,,,,,,,,null,savecoin,savecoin
1616,,,2018/10/16,,,,,,,,,null,savecoin,savecoin
1617,,,2018/10/17,,,,,,,,,null,savecoin,savecoin
1618,,,2018/10/18,,,,,,,,,null,savecoin,savecoin
1619,,,2018/10/19,,,,,,,,,null,savecoin,savecoin
1620,,,2018/10/20,,,,,,,,,null,savecoin,savecoin
1621,,,2018/10/21,,,,,,,,,null,savecoin,savecoin
1622,,,2018/10/22,,,,,,,,,null,savecoin,savecoin
1623,,,2018/10/23,,,,,,,,,null,savecoin,savecoin
1624,,,2018/10/24,,,,,,,,,null,savecoin,savecoin
1625,,,2018/10/25,,,,,,,,,null,savecoin,savecoin
1626,,,2018/10/26,,,,,,,,,null,savecoin,savecoin
1627,,,2018/10/27,,,,,,,,,null,savecoin,savecoin
1628,,,2018/10/28,,,,,,,,,null,savecoin,savecoin
1629,,,2018/10/29,,,,,,,,,null,savecoin,savecoin
1630,,,2018/10/30,,,,,,,,,null,savecoin,savecoin
1631,,,2018/10/31,,,,,,,,,null,savecoin,savecoin
1632,,,2018/11/01,,,,,,,,,null,savecoin,savecoin
1633,,,2018/11/02,,,,,,,,,null,savecoin,savecoin
1634,,,2018/11/03,,,,,,,,,null,savecoin,savecoin
1635,,,2018/11/04,,,,,,,,,null,savecoin,savecoin
1636,,,2018/11/05,,,,,,,,,null,savecoin,savecoin
1637,,,2018/11/06,,,,,,,,,null,savecoin,savecoin
1638,,,2018/11/07,,,,,,,,,null,savecoin,savecoin
1639,,,2018/11/08,,,,,,,,,null,savecoin,savecoin
1640,,,2018/11/09,,,,,,,,,null,savecoin,savecoin
1641,,,2018/11/10,,,,,,,,,null,savecoin,savecoin
1642,,,2018/11/11,,,,,,,,,null,savecoin,savecoin
1643,,,2018/11/12,,,,,,,,,null,savecoin,savecoin
1644,,,2018/11/13,,,,,,,,,null,savecoin,savecoin
1645,,,2018/11/14,,,,,,,,,null,savecoin,savecoin
1646,,,2018/11/15,,,,,,,,,null,savecoin,savecoin
1647,,,2018/11/16,,,,,,,,,null,savecoin,savecoin
1648,,,2018/11/17,,,,,,,,,null,savecoin,savecoin
1649,,,2018/11/18,,,,,,,,,null,savecoin,savecoin
1650,,,2018/11/19,,,,,,,,,null,savecoin,savecoin
1651,,,2018/11/20,,,,,,,,,null,savecoin,savecoin
1652,,,2018/11/21,,,,,,,,,null,savecoin,savecoin
1653,,,2018/11/22,,,,,,,,,null,savecoin,savecoin
1654,,,2018/11/23,,,,,,,,,null,savecoin,savecoin
1655,,,2018/11/24,,,,,,,,,null,savecoin,savecoin
1656,,,2018/11/25,,,,,,,,,null,savecoin,savecoin
1657,,,2018/11/26,,,,,,,,,null,savecoin,savecoin
1658,,,2018/11/27,,,,,,,,,null,savecoin,savecoin
1659,,,2018/11/28,,,,,,,,,null,savecoin,savecoin
1660,,,2018/11/29,,,,,,,,,null,savecoin,savecoin
1661,,,2018/11/30,,,,,,,,,null,savecoin,savecoin
1662,,,2018/12/01,,,,,,,,,null,savecoin,savecoin
1663,,,2018/12/02,,,,,,,,,null,savecoin,savecoin
1664,,,2018/12/03,,,,,,,,,null,savecoin,savecoin
1665,,,2018/12/04,,,,,,,,,null,savecoin,savecoin
1666,,,2018/12/05,,,,,,,,,null,savecoin,savecoin
1667,,,2018/12/06,,,,,,,,,null,savecoin,savecoin
1668,,,2018/12/07,,,,,,,,,null,savecoin,savecoin
1669,,,2018/12/08,,,,,,,,,null,savecoin,savecoin
1670,,,2018/12/09,,,,,,,,,null,savecoin,savecoin
1671,,,2018/12/10,,,,,,,,,null,savecoin,savecoin
1672,,,2018/12/11,,,,,,,,,null,savecoin,savecoin
1673,,,2018/12/12,,,,,,,,,null,savecoin,savecoin
1674,,,2018/12/13,,,,,,,,,null,savecoin,savecoin
1675,,,2018/12/14,,,,,,,,,1,savecoin,savecoin
1676,,,2018/12/15,,,,,,,,,null,savecoin,savecoin
1677,,,2018/12/16,,,,,,,,,null,savecoin,savecoin
1678,,,2018/12/17,,,,,,,,,null,savecoin,savecoin
1679,,,2018/12/18,,,,,,,,,null,savecoin,savecoin
1680,,,2018/12/19,,,,,,,,,null,savecoin,savecoin
1681,,,2018/12/20,,,,,,,,,null,savecoin,savecoin
1682,,,2018/12/21,,,,,,,,,null,savecoin,savecoin
1683,,,2018/12/22,,,,,,,,,null,savecoin,savecoin
1684,,,2018/12/23,,,,,,,,,null,savecoin,savecoin
1685,,,2018/12/24,,,,,,,,,null,savecoin,savecoin
1686,,,2018/12/25,,,,,,,,,null,savecoin,savecoin
1687,,,2018/12/26,,,,,,,,,null,savecoin,savecoin
1688,,,2018/12/27,,,,,,,,,null,savecoin,savecoin
1689,,,2018/12/28,,,,,,,,,null,savecoin,savecoin
1690,,,2018/12/29,,,,,,,,,null,savecoin,savecoin
1691,,,2018/12/30,,,,,,,,,null,savecoin,savecoin
1692,,,2018/12/31,,,,,,,,,null,savecoin,savecoin
1693,,,2019/01/01,,,,,,,,,null,savecoin,savecoin
1694,,,2019/01/02,,,,,,,,,null,savecoin,savecoin
1695,,,2019/01/03,,,,,,,,,null,savecoin,savecoin
1696,,,2019/01/04,,,,,,,,,null,savecoin,savecoin
1697,,,2019/01/05,,,,,,,,,null,savecoin,savecoin
1698,,,2019/01/06,,,,,,,,,null,savecoin,savecoin
1699,,,2019/01/07,,,,,,,,,null,savecoin,savecoin
1700,,,2019/01/08,,,,,,,,,null,savecoin,savecoin
1701,,,2019/01/09,,,,,,,,,null,savecoin,savecoin
1702,,,2019/01/10,,,,,,,,,null,savecoin,savecoin
1703,,,2019/01/11,,,,,,,,,null,savecoin,savecoin
1704,,,2019/01/12,,,,,,,,,null,savecoin,savecoin
1705,,,2019/01/13,,,,,,,,,null,savecoin,savecoin
1706,,,2019/01/14,,,,,,,,,null,savecoin,savecoin
1707,,,2019/01/15,,,,,,,,,null,savecoin,savecoin
1708,,,2019/01/16,,,,,,,,,null,savecoin,savecoin
1709,,,2019/01/17,,,,,,,,,null,savecoin,savecoin
1710,,,2019/01/18,,,,,,,,,null,savecoin,savecoin
1711,,,2019/01/19,,,,,,,,,null,savecoin,savecoin
1712,,,2019/01/20,,,,,,,,,null,savecoin,savecoin
1713,,,2019/01/21,,,,,,,,,null,savecoin,savecoin
1714,,,2019/01/22,,,,,,,,,null,savecoin,savecoin
1715,,,2019/01/23,,,,,,,,,null,savecoin,savecoin
1716,,,2019/01/24,,,,,,,,,null,savecoin,savecoin
1717,,,2019/01/25,,,,,,,,,null,savecoin,savecoin
1718,,,2019/01/26,,,,,,,,,null,savecoin,savecoin
1719,,,2019/01/27,,,,,,,,,null,savecoin,savecoin
1720,,,2019/01/28,,,,,,,,,null,savecoin,savecoin
1721,,,2019/01/29,,,,,,,,,null,savecoin,savecoin
1722,,,2019/01/30,,,,,,,,,null,savecoin,savecoin
1723,,,2019/01/31,,,,,,,,,null,savecoin,savecoin
1724,,,2019/02/01,,,,,,,,,null,savecoin,savecoin
1725,,,2019/02/02,,,,,,,,,null,savecoin,savecoin
1726,,,2019/02/03,,,,,,,,,null,savecoin,savecoin
1727,,,2019/02/04,,,,,,,,,null,savecoin,savecoin
1728,,,2019/02/05,,,,,,,,,null,savecoin,savecoin
1729,,,2019/02/06,,,,,,,,,null,savecoin,savecoin
1730,,,2019/02/07,,,,,,,,,null,savecoin,savecoin
1731,,,2019/02/08,,,,,,,,,null,savecoin,savecoin
1732,,,2019/02/09,,,,,,,,,null,savecoin,savecoin
1733,,,2019/02/10,,,,,,,,,null,savecoin,savecoin
1734,,,2019/02/11,,,,,,,,,null,savecoin,savecoin
1735,,,2019/02/12,,,,,,,,,null,savecoin,savecoin
1736,,,2019/02/13,,,,,,,,,null,savecoin,savecoin
1737,,,2019/02/14,,,,,,,,,null,savecoin,savecoin
1738,,,2019/02/15,,,,,,,,,null,savecoin,savecoin
1739,,,2019/02/16,,,,,,,,,null,savecoin,savecoin
1740,,,2019/02/17,,,,,,,,,null,savecoin,savecoin
1741,,,2019/02/18,,,,,,,,,null,savecoin,savecoin
1742,,,2019/02/19,,,,,,,,,null,savecoin,savecoin
1743,,,2019/02/20,,,,,,,,,null,savecoin,savecoin
1744,,,2019/02/21,,,,,,,,,null,savecoin,savecoin
1745,,,2019/02/22,,,,,,,,,null,savecoin,savecoin
1746,,,2019/02/23,,,,,,,,,null,savecoin,savecoin
1747,,,2019/02/24,,,,,,,,,null,savecoin,savecoin
1748,,,2019/02/25,,,,,,,,,null,savecoin,savecoin
1749,,,2019/02/26,,,,,,,,,null,savecoin,savecoin
1750,,,2019/02/27,,,,,,,,,1,savecoin,savecoin
1751,,,2019/02/28,,,,,,,,,1,savecoin,savecoin
1752,,,2019/03/01,,,,,,,,,null,savecoin,savecoin
1753,,,2019/03/02,,,,,,,,,null,savecoin,savecoin
1754,,,2019/03/03,,,,,,,,,null,savecoin,savecoin
1755,,,2019/03/04,,,,,,,,,null,savecoin,savecoin
1756,,,2019/03/05,,,,,,,,,null,savecoin,savecoin
1757,,,2019/03/06,,,,,,,,,null,savecoin,savecoin
1758,,,2019/03/07,,,,,,,,,2,savecoin,savecoin
