,confirmation_time,send_usd,mining_profitability,median_transaction_value,fee_reward,google_trends,av_transaction_value,date,market_cap,tweets,top_100_percent,active_addresses,full_name,coin
0,,,,,,,,2017/02/23,96933,,,,whitecoin,whitecoin
1,,,,,,,,2017/02/24,99347,,,,whitecoin,whitecoin
2,,,,,,,,2017/02/25,98557,,,,whitecoin,whitecoin
3,,,,,,,,2017/02/26,91449,,,,whitecoin,whitecoin
4,,,,,,,,2017/02/27,94692,,,,whitecoin,whitecoin
5,,,,,,,,2017/02/28,97351,,,,whitecoin,whitecoin
6,,,,,,,,2017/03/01,91904,,,,whitecoin,whitecoin
7,,,,,,,,2017/03/02,93346,,,,whitecoin,whitecoin
8,,,,,,,,2017/03/03,91429,,,,whitecoin,whitecoin
9,,,,,,,,2017/03/04,92739,,,,whitecoin,whitecoin
10,,,,,,,,2017/03/05,94501,,,,whitecoin,whitecoin
11,,,,,,,,2017/03/06,92526,,,,whitecoin,whitecoin
12,,,,,,,,2017/03/07,93258,,,,whitecoin,whitecoin
13,,,,,,,,2017/03/08,85399,,,,whitecoin,whitecoin
14,,,,,,,,2017/03/09,88917,,,,whitecoin,whitecoin
15,,,,,,,,2017/03/10,90153,,,,whitecoin,whitecoin
16,,,,,,,,2017/03/11,92533,,,,whitecoin,whitecoin
17,,,,,,,,2017/03/12,115206,,,,whitecoin,whitecoin
18,,,,,,,,2017/03/13,115403,,,,whitecoin,whitecoin
19,,,,,,,,2017/03/14,105844,,,,whitecoin,whitecoin
20,,,,,,,,2017/03/15,106917,,,,whitecoin,whitecoin
21,,,,,,,,2017/03/16,119301,,,,whitecoin,whitecoin
22,,,,,,,,2017/03/17,111225,,,,whitecoin,whitecoin
23,,,,,,,,2017/03/18,106611,,,,whitecoin,whitecoin
24,,,,,,,,2017/03/19,101798,,,,whitecoin,whitecoin
25,,,,,,,,2017/03/20,105129,,,,whitecoin,whitecoin
26,,,,,,,,2017/03/21,108272,,,,whitecoin,whitecoin
27,,,,,,,,2017/03/22,103490,,,,whitecoin,whitecoin
28,,,,,,,,2017/03/23,112836,,,,whitecoin,whitecoin
29,,,,,,,,2017/03/24,137474,,,,whitecoin,whitecoin
30,,,,,,,,2017/03/25,119656,,,,whitecoin,whitecoin
31,,,,,,,,2017/03/26,125833,,,,whitecoin,whitecoin
32,,,,,,,,2017/03/27,130929,,,,whitecoin,whitecoin
33,,,,,,,,2017/03/28,158203,,,,whitecoin,whitecoin
34,,,,,,,,2017/03/29,152598,,,,whitecoin,whitecoin
35,,,,,,,,2017/03/30,146131,,,,whitecoin,whitecoin
36,,,,,,,,2017/03/31,170543,,,,whitecoin,whitecoin
37,,,,,,,,2017/04/01,181380,,,,whitecoin,whitecoin
38,,,,,,,,2017/04/02,181733,,,,whitecoin,whitecoin
39,,,,,,,,2017/04/03,225791,,,,whitecoin,whitecoin
40,,,,,,,,2017/04/04,219507,,,,whitecoin,whitecoin
41,,,,,,,,2017/04/05,226862,,,,whitecoin,whitecoin
42,,,,,,,,2017/04/06,241765,,,,whitecoin,whitecoin
43,,,,,,,,2017/04/07,218328,,,,whitecoin,whitecoin
44,,,,,,,,2017/04/08,217417,,,,whitecoin,whitecoin
45,,,,,,,,2017/04/09,194456,,,,whitecoin,whitecoin
46,,,,,,,,2017/04/10,179383,,,,whitecoin,whitecoin
47,,,,,,,,2017/04/11,163529,,,,whitecoin,whitecoin
48,,,,,,,,2017/04/12,168555,,,,whitecoin,whitecoin
49,,,,,,,,2017/04/13,175928,,,,whitecoin,whitecoin
50,,,,,,,,2017/04/14,179034,,,,whitecoin,whitecoin
51,,,,,,,,2017/04/15,196783,,,,whitecoin,whitecoin
52,,,,,,,,2017/04/16,214232,,,,whitecoin,whitecoin
53,,,,,,,,2017/04/17,227965,,,,whitecoin,whitecoin
54,,,,,,,,2017/04/18,264613,,,,whitecoin,whitecoin
55,,,,,,,,2017/04/19,269442,1,,,whitecoin,whitecoin
56,,,,,,,,2017/04/20,251724,4,,,whitecoin,whitecoin
57,,,,,,,,2017/04/21,245588,null,,,whitecoin,whitecoin
58,,,,,,,,2017/04/22,257384,1,,,whitecoin,whitecoin
59,,,,,,,,2017/04/23,265396,null,,,whitecoin,whitecoin
60,,,,,,,,2017/04/24,252430,null,,,whitecoin,whitecoin
61,,,,,,,,2017/04/25,255921,null,,,whitecoin,whitecoin
62,,,,,,,,2017/04/26,268570,null,,,whitecoin,whitecoin
63,,,,,,,,2017/04/27,239479,null,,,whitecoin,whitecoin
64,,,,,,,,2017/04/28,249196,null,,,whitecoin,whitecoin
65,,,,,,,,2017/04/29,247365,null,,,whitecoin,whitecoin
66,,,,,,,,2017/04/30,241444,null,,,whitecoin,whitecoin
67,,,,,,,,2017/05/01,247136,null,,,whitecoin,whitecoin
68,,,,,,,,2017/05/02,248204,null,,,whitecoin,whitecoin
69,,,,,,,,2017/05/03,259288,null,,,whitecoin,whitecoin
70,,,,,,,,2017/05/04,244700,null,,,whitecoin,whitecoin
71,,,,,,,,2017/05/05,241226,null,,,whitecoin,whitecoin
72,,,,,,,,2017/05/06,254454,null,,,whitecoin,whitecoin
73,,,,,,,,2017/05/07,260200,1,,,whitecoin,whitecoin
74,,,,,,,,2017/05/08,273792,null,,,whitecoin,whitecoin
75,,,,,,,,2017/05/09,292717,null,,,whitecoin,whitecoin
76,,,,,,,,2017/05/10,288544,null,,,whitecoin,whitecoin
77,,,,,,,,2017/05/11,276623,null,,,whitecoin,whitecoin
78,,,,,,,,2017/05/12,296349,1,,,whitecoin,whitecoin
79,,,,,,,,2017/05/13,300738,null,,,whitecoin,whitecoin
80,,,,,,,,2017/05/14,315952,null,,,whitecoin,whitecoin
81,,,,,,,,2017/05/15,416401,2,,,whitecoin,whitecoin
82,,,,,,,,2017/05/16,590075,null,,,whitecoin,whitecoin
83,,,,,,,,2017/05/17,476843,2,,,whitecoin,whitecoin
84,,,,,,,,2017/05/18,499665,1,,,whitecoin,whitecoin
85,,,,,,,,2017/05/19,566994,3,,,whitecoin,whitecoin
86,,,,,,,,2017/05/20,636497,2,,,whitecoin,whitecoin
87,,,,,,,,2017/05/21,736215,1,,,whitecoin,whitecoin
88,,,,,,,,2017/05/22,725725,10,,,whitecoin,whitecoin
89,,,,,,,,2017/05/23,570557,null,,,whitecoin,whitecoin
90,,,,,,,,2017/05/24,652437,3,,,whitecoin,whitecoin
91,,,,,,,,2017/05/25,704370,null,,,whitecoin,whitecoin
92,,,,,,,,2017/05/26,661335,null,,,whitecoin,whitecoin
93,,,,,,,,2017/05/27,559415,null,,,whitecoin,whitecoin
94,,,,,,,,2017/05/28,608403,null,,,whitecoin,whitecoin
95,,,,,,,,2017/05/29,711493,null,,,whitecoin,whitecoin
96,,,,,,,,2017/05/30,null,3,,,whitecoin,whitecoin
97,,,,,,,,2017/05/31,null,null,,,whitecoin,whitecoin
98,,,,,,,,2017/06/01,1048510,null,,,whitecoin,whitecoin
99,,,,,,,,2017/06/02,1016830,null,,,whitecoin,whitecoin
100,,,,,,,,2017/06/03,1180491,null,,,whitecoin,whitecoin
101,,,,,,,,2017/06/04,1378764,null,,,whitecoin,whitecoin
102,,,,,,,,2017/06/05,1720748,null,,,whitecoin,whitecoin
103,,,,,,,,2017/06/06,1984415,null,,,whitecoin,whitecoin
104,,,,,,,,2017/06/07,2336935,1,,,whitecoin,whitecoin
105,,,,,,,,2017/06/08,3297172,6,,,whitecoin,whitecoin
106,,,,,,,,2017/06/09,3427919,null,,,whitecoin,whitecoin
107,,,,,,,,2017/06/10,3490968,null,,,whitecoin,whitecoin
108,,,,,,,,2017/06/11,3286496,5,,,whitecoin,whitecoin
109,,,,,,,,2017/06/12,3151115,null,,,whitecoin,whitecoin
110,,,,,,,,2017/06/13,3150215,null,,,whitecoin,whitecoin
111,,,,,,,,2017/06/14,3417685,null,,,whitecoin,whitecoin
112,,,,,,,,2017/06/15,3089726,null,,,whitecoin,whitecoin
113,,,,,,,,2017/06/16,3107025,null,,,whitecoin,whitecoin
114,,,,,,,,2017/06/17,3290620,null,,,whitecoin,whitecoin
115,,,,,,,,2017/06/18,3177129,null,,,whitecoin,whitecoin
116,,,,,,,,2017/06/19,2780711,null,,,whitecoin,whitecoin
117,,,,,,,,2017/06/20,2630976,null,,,whitecoin,whitecoin
118,,,,,,,,2017/06/21,3008852,null,,,whitecoin,whitecoin
119,,,,,,,,2017/06/22,3172045,10,,,whitecoin,whitecoin
120,,,,,,,,2017/06/23,2884983,1,,,whitecoin,whitecoin
121,,,,,,,,2017/06/24,2760847,null,,,whitecoin,whitecoin
122,,,,,,,,2017/06/25,2721075,null,,,whitecoin,whitecoin
123,,,,,,,,2017/06/26,2343344,null,,,whitecoin,whitecoin
124,,,,,,,,2017/06/27,2118945,null,,,whitecoin,whitecoin
125,,,,,,,,2017/06/28,2251564,null,,,whitecoin,whitecoin
126,,,,,,,,2017/06/29,2117020,null,,,whitecoin,whitecoin
127,,,,,,,,2017/06/30,1915387,null,,,whitecoin,whitecoin
128,,,,,,,,2017/07/01,1805970,null,,,whitecoin,whitecoin
129,,,,,,,,2017/07/02,1701546,null,,,whitecoin,whitecoin
130,,,,,,,,2017/07/03,1966110,null,,,whitecoin,whitecoin
131,,,,,,,,2017/07/04,2199322,null,,,whitecoin,whitecoin
132,,,,,,,,2017/07/05,2232591,null,,,whitecoin,whitecoin
133,,,,,,,,2017/07/06,2117699,null,,,whitecoin,whitecoin
134,,,,,,,,2017/07/07,1898671,null,,,whitecoin,whitecoin
135,,,,,,,,2017/07/08,1849729,null,,,whitecoin,whitecoin
136,,,,,,,,2017/07/09,1924927,null,,,whitecoin,whitecoin
137,,,,,,,,2017/07/10,1760211,null,,,whitecoin,whitecoin
138,,,,,,,,2017/07/11,1196200,null,,,whitecoin,whitecoin
139,,,,,,,,2017/07/12,1171442,null,,,whitecoin,whitecoin
140,,,,,,,,2017/07/13,1206865,2,,,whitecoin,whitecoin
141,,,,,,,,2017/07/14,1122723,2,,,whitecoin,whitecoin
142,,,,,,,,2017/07/15,1000142,null,,,whitecoin,whitecoin
143,,,,,,,,2017/07/16,904439,null,,,whitecoin,whitecoin
144,,,,,,,,2017/07/17,1010607,10,,,whitecoin,whitecoin
145,,,,,,,,2017/07/18,1305533,3,,,whitecoin,whitecoin
146,,,,,,,,2017/07/19,1439682,20,,,whitecoin,whitecoin
147,,,,,,,,2017/07/20,1524060,20,,,whitecoin,whitecoin
148,,,,,,,,2017/07/21,1619999,8,,,whitecoin,whitecoin
149,,,,,,,,2017/07/22,1660603,3,,,whitecoin,whitecoin
150,,,,,,,,2017/07/23,1605631,null,,,whitecoin,whitecoin
151,,,,,,,,2017/07/24,1597356,null,,,whitecoin,whitecoin
152,,,,,,,,2017/07/25,1482983,null,,,whitecoin,whitecoin
153,,,,,,,,2017/07/26,1380671,null,,,whitecoin,whitecoin
154,,,,,,,,2017/07/27,1421722,null,,,whitecoin,whitecoin
155,,,,,,,,2017/07/28,1416186,8,,,whitecoin,whitecoin
156,,,,,,,,2017/07/29,1308124,null,,,whitecoin,whitecoin
157,,,,,,,,2017/07/30,1288120,null,,,whitecoin,whitecoin
158,,,,,,,,2017/07/31,1280254,null,,,whitecoin,whitecoin
159,,,,,,,,2017/08/01,1261745,1,,,whitecoin,whitecoin
160,,,,,,,,2017/08/02,1238217,null,,,whitecoin,whitecoin
161,,,,,,,,2017/08/03,1238293,null,,,whitecoin,whitecoin
162,,,,,,,,2017/08/04,1041799,2,,,whitecoin,whitecoin
163,,,,,,,,2017/08/05,1128566,null,,,whitecoin,whitecoin
164,,,,,,,,2017/08/06,1612765,11,,,whitecoin,whitecoin
165,,,,,,,,2017/08/07,1759003,1,,,whitecoin,whitecoin
166,,,,,,,,2017/08/08,1744992,null,,,whitecoin,whitecoin
167,,,,,,,,2017/08/09,1720756,6,,,whitecoin,whitecoin
168,,,,,,,,2017/08/10,1917077,1,,,whitecoin,whitecoin
169,,,,,,,,2017/08/11,1795437,null,,,whitecoin,whitecoin
170,,,,,,,,2017/08/12,1768074,1,,,whitecoin,whitecoin
171,,,,,,,,2017/08/13,1708463,null,,,whitecoin,whitecoin
172,,,,,,,,2017/08/14,1582229,null,,,whitecoin,whitecoin
173,,,,,,,,2017/08/15,1557792,3,,,whitecoin,whitecoin
174,,,,,,,,2017/08/16,1662155,null,,,whitecoin,whitecoin
175,,,,,,,,2017/08/17,1611813,4,,,whitecoin,whitecoin
176,,,,,,,,2017/08/18,1490296,null,,,whitecoin,whitecoin
177,,,,,,,,2017/08/19,1400925,null,,,whitecoin,whitecoin
178,,,,,,,,2017/08/20,1459948,1,,,whitecoin,whitecoin
179,,,,,,,,2017/08/21,1506273,3,,,whitecoin,whitecoin
180,,,,,,,,2017/08/22,1663281,10,,,whitecoin,whitecoin
181,,,,,,,,2017/08/23,2113758,9,,,whitecoin,whitecoin
182,,,,,,,,2017/08/24,1940621,4,,,whitecoin,whitecoin
183,,,,,,,,2017/08/25,1994370,null,,,whitecoin,whitecoin
184,,,,,,,,2017/08/26,1991596,2,,,whitecoin,whitecoin
185,,,,,,,,2017/08/27,1935059,null,,,whitecoin,whitecoin
186,,,,,,,,2017/08/28,2127861,36,,,whitecoin,whitecoin
187,,,,,,,,2017/08/29,2218116,1,,,whitecoin,whitecoin
188,,,,,,,,2017/08/30,2186526,3,,,whitecoin,whitecoin
189,,,,,,,,2017/08/31,2264613,2,,,whitecoin,whitecoin
190,,,,,,,,2017/09/01,3293016,18,,,whitecoin,whitecoin
191,,,,,,,,2017/09/02,3049155,null,,,whitecoin,whitecoin
192,,,,,,,,2017/09/03,2868416,3,,,whitecoin,whitecoin
193,,,,,,,,2017/09/04,2656069,null,,,whitecoin,whitecoin
194,,,,,,,,2017/09/05,2477674,2,,,whitecoin,whitecoin
195,,,,,,,,2017/09/06,2553989,1,,,whitecoin,whitecoin
196,,,,,,,,2017/09/07,3186365,23,,,whitecoin,whitecoin
197,,,,,,,,2017/09/08,3348642,5,,,whitecoin,whitecoin
198,,,,,,,,2017/09/09,2985951,1,,,whitecoin,whitecoin
199,,,,,,,,2017/09/10,2836593,5,,,whitecoin,whitecoin
200,,,,,,,,2017/09/11,2913596,null,,,whitecoin,whitecoin
201,,,,,,,,2017/09/12,2948360,null,,,whitecoin,whitecoin
202,,,,,,,,2017/09/13,2844597,1,,,whitecoin,whitecoin
203,,,,,,,,2017/09/14,2816220,null,,,whitecoin,whitecoin
204,,,,,,,,2017/09/15,2747141,null,,,whitecoin,whitecoin
205,,,,,,,,2017/09/16,3080337,null,,,whitecoin,whitecoin
206,,,,,,,,2017/09/17,2946750,null,,,whitecoin,whitecoin
207,,,,,,,,2017/09/18,3533201,37,,,whitecoin,whitecoin
208,,,,,,,,2017/09/19,4583506,50,,,whitecoin,whitecoin
209,,,,,,,,2017/09/20,7356059,32,,,whitecoin,whitecoin
210,,,,,,,,2017/09/21,6882371,14,,,whitecoin,whitecoin
211,,,,,,,,2017/09/22,5914531,4,,,whitecoin,whitecoin
212,,,,,,,,2017/09/23,6551633,1,,,whitecoin,whitecoin
213,,,,,,,,2017/09/24,6349524,1,,,whitecoin,whitecoin
214,,,,,,,,2017/09/25,5842450,1,,,whitecoin,whitecoin
215,,,,,,,,2017/09/26,5400906,7,,,whitecoin,whitecoin
216,,,,,,,,2017/09/27,5379439,21,,,whitecoin,whitecoin
217,,,,,,,,2017/09/28,5484252,15,,,whitecoin,whitecoin
218,,,,,,,,2017/09/29,6533929,25,,,whitecoin,whitecoin
219,,,,,,,,2017/09/30,7141030,21,,,whitecoin,whitecoin
220,,,,,,,,2017/10/01,6784958,9,,,whitecoin,whitecoin
221,,,,,,,,2017/10/02,6563393,24,,,whitecoin,whitecoin
222,,,,,,,,2017/10/03,5959701,7,,,whitecoin,whitecoin
223,,,,,,,,2017/10/04,5625972,1,,,whitecoin,whitecoin
224,,,,,,,,2017/10/05,6247778,11,,,whitecoin,whitecoin
225,,,,,,,,2017/10/06,6123454,8,,,whitecoin,whitecoin
226,,,,,,,,2017/10/07,6060953,4,,,whitecoin,whitecoin
227,,,,,,,,2017/10/08,5865290,3,,,whitecoin,whitecoin
228,,,,,,,,2017/10/09,5359369,10,,,whitecoin,whitecoin
229,,,,,,,,2017/10/10,5201596,7,,,whitecoin,whitecoin
230,,,,,,,,2017/10/11,5811869,6,,,whitecoin,whitecoin
231,,,,,,,,2017/10/12,6104296,16,,,whitecoin,whitecoin
232,,,,,,,,2017/10/13,5863421,11,,,whitecoin,whitecoin
233,,,,,,,,2017/10/14,5640043,13,,,whitecoin,whitecoin
234,,,,,,,,2017/10/15,5595735,6,,,whitecoin,whitecoin
235,,,,,,,,2017/10/16,6306376,18,,,whitecoin,whitecoin
236,,,,,,,,2017/10/17,6333161,8,,,whitecoin,whitecoin
237,,,,,,,,2017/10/18,6047977,4,,,whitecoin,whitecoin
238,,,,,,,,2017/10/19,6398922,5,,,whitecoin,whitecoin
239,,,,,,,,2017/10/20,6813512,10,,,whitecoin,whitecoin
240,,,,,,,,2017/10/21,5680764,7,,,whitecoin,whitecoin
241,,,,,,,,2017/10/22,6147448,13,,,whitecoin,whitecoin
242,,,,,,,,2017/10/23,5935166,9,,,whitecoin,whitecoin
243,,,,,,,,2017/10/24,6132305,2,,,whitecoin,whitecoin
244,,,,,,,,2017/10/25,6557331,4,,,whitecoin,whitecoin
245,,,,,,,,2017/10/26,6767295,8,,,whitecoin,whitecoin
246,,,,,,,,2017/10/27,6423224,3,,,whitecoin,whitecoin
247,,,,,,,,2017/10/28,6378333,4,,,whitecoin,whitecoin
248,,,,,,,,2017/10/29,6455714,3,,,whitecoin,whitecoin
249,,,,,,,,2017/10/30,7147331,7,,,whitecoin,whitecoin
250,,,,,,,,2017/10/31,7692221,4,,,whitecoin,whitecoin
251,,,,,,,,2017/11/01,8434584,13,,,whitecoin,whitecoin
252,,,,,,,,2017/11/02,9913676,10,,,whitecoin,whitecoin
253,,,,,,,,2017/11/03,9788208,6,,,whitecoin,whitecoin
254,,,,,,,,2017/11/04,11484620,3,,,whitecoin,whitecoin
255,,,,,,,,2017/11/05,13277066,5,,,whitecoin,whitecoin
256,,,,,,,,2017/11/06,12974460,2,,,whitecoin,whitecoin
257,,,,,,,,2017/11/07,13011423,18,,,whitecoin,whitecoin
258,,,,,,,,2017/11/08,12404248,11,,,whitecoin,whitecoin
259,,,,,,,,2017/11/09,12343247,5,,,whitecoin,whitecoin
260,,,,,,,,2017/11/10,11562978,3,,,whitecoin,whitecoin
261,,,,,,,,2017/11/11,10571304,3,,,whitecoin,whitecoin
262,,,,,,,,2017/11/12,10025648,5,,,whitecoin,whitecoin
263,,,,,,,,2017/11/13,10600641,11,,,whitecoin,whitecoin
264,,,,,,,,2017/11/14,10712826,5,,,whitecoin,whitecoin
265,,,,,,,,2017/11/15,10923569,11,,,whitecoin,whitecoin
266,,,,,,,,2017/11/16,11702479,14,,,whitecoin,whitecoin
267,,,,,,,,2017/11/17,14902265,19,,,whitecoin,whitecoin
268,,,,,,,,2017/11/18,14394730,13,,,whitecoin,whitecoin
269,,,,,,,,2017/11/19,13992162,8,,,whitecoin,whitecoin
270,,,,,,,,2017/11/20,13752148,6,,,whitecoin,whitecoin
271,,,,,,,,2017/11/21,13791101,5,,,whitecoin,whitecoin
272,,,,,,,,2017/11/22,14144496,25,,,whitecoin,whitecoin
273,,,,,,,,2017/11/23,13950315,14,,,whitecoin,whitecoin
274,,,,,,,,2017/11/24,13414372,6,,,whitecoin,whitecoin
275,,,,,,,,2017/11/25,13607593,7,,,whitecoin,whitecoin
276,,,,,,,,2017/11/26,14705966,5,,,whitecoin,whitecoin
277,,,,,,,,2017/11/27,15697636,14,,,whitecoin,whitecoin
278,,,,,,,,2017/11/28,15621990,15,,,whitecoin,whitecoin
279,,,,,,,,2017/11/29,17307835,11,,,whitecoin,whitecoin
280,,,,,,,,2017/11/30,17809983,9,,,whitecoin,whitecoin
281,,,,,,,,2017/12/01,19944932,21,,,whitecoin,whitecoin
282,,,,,,,,2017/12/02,22405224,9,,,whitecoin,whitecoin
283,,,,,,,,2017/12/03,27293349,29,,,whitecoin,whitecoin
284,,,,,,,,2017/12/04,34551062,12,,,whitecoin,whitecoin
285,,,,,,,,2017/12/05,33588233,11,,,whitecoin,whitecoin
286,,,,,,,,2017/12/06,38952876,7,,,whitecoin,whitecoin
287,,,,,,,,2017/12/07,36475406,18,,,whitecoin,whitecoin
288,,,,,,,,2017/12/08,32930899,18,,,whitecoin,whitecoin
289,,,,,,,,2017/12/09,32901779,21,,,whitecoin,whitecoin
290,,,,,,,,2017/12/10,33158591,16,,,whitecoin,whitecoin
291,,,,,,,,2017/12/11,35558220,10,,,whitecoin,whitecoin
292,,,,,,,,2017/12/12,35674186,21,,,whitecoin,whitecoin
293,,,,,,,,2017/12/13,39196701,19,,,whitecoin,whitecoin
294,,,,,,,,2017/12/14,40221127,10,,,whitecoin,whitecoin
295,,,,,,,,2017/12/15,40670919,13,,,whitecoin,whitecoin
296,,,,,,,,2017/12/16,47426857,14,,,whitecoin,whitecoin
297,,,,,,,,2017/12/17,55240478,7,,,whitecoin,whitecoin
298,,,,,,,,2017/12/18,55216396,10,,,whitecoin,whitecoin
299,,,,,,,,2017/12/19,58747835,17,,,whitecoin,whitecoin
300,,,,,,,,2017/12/20,54477778,6,,,whitecoin,whitecoin
301,,,,,,,,2017/12/21,58012341,6,,,whitecoin,whitecoin
302,,,,,,,,2017/12/22,50356722,6,,,whitecoin,whitecoin
303,,,,,,,,2017/12/23,55973567,13,,,whitecoin,whitecoin
304,,,,,,,,2017/12/24,54594308,7,,,whitecoin,whitecoin
305,,,,,,,,2017/12/25,58938769,7,,,whitecoin,whitecoin
306,,,,,,,,2017/12/26,66269924,6,,,whitecoin,whitecoin
307,,,,,,,,2017/12/27,66127883,14,,,whitecoin,whitecoin
308,,,,,,,,2017/12/28,57504092,6,,,whitecoin,whitecoin
309,,,,,,,,2017/12/29,54911378,8,,,whitecoin,whitecoin
310,,,,,,,,2017/12/30,45203515,17,,,whitecoin,whitecoin
311,,,,,,,,2017/12/31,46801047,16,,,whitecoin,whitecoin
312,,,,,,,,2018/01/01,53114721,7,,,whitecoin,whitecoin
313,,,,,,,,2018/01/02,55105206,5,,,whitecoin,whitecoin
314,,,,,,,,2018/01/03,53083436,8,,,whitecoin,whitecoin
315,,,,,,,,2018/01/04,53785905,7,,,whitecoin,whitecoin
316,,,,,,,,2018/01/05,42946428,8,,,whitecoin,whitecoin
317,,,,,,,,2018/01/06,56531177,8,,,whitecoin,whitecoin
318,,,,,,,,2018/01/07,59097732,9,,,whitecoin,whitecoin
319,,,,,,,,2018/01/08,55014488,null,,,whitecoin,whitecoin
320,,,,,,,,2018/01/09,56464339,null,,,whitecoin,whitecoin
321,,,,,,,,2018/01/10,24902771,null,,,whitecoin,whitecoin
322,,,,,,,,2018/01/11,48748402,null,,,whitecoin,whitecoin
323,,,,,,,,2018/01/12,49800657,null,,,whitecoin,whitecoin
324,,,,,,,,2018/01/13,52129785,null,,,whitecoin,whitecoin
325,,,,,,,,2018/01/14,47739501,null,,,whitecoin,whitecoin
326,,,,,,,,2018/01/15,58705850,null,,,whitecoin,whitecoin
327,,,,,,,,2018/01/16,65869760,null,,,whitecoin,whitecoin
328,,,,,,,,2018/01/17,46302699,null,,,whitecoin,whitecoin
329,,,,,,,,2018/01/18,54823357,null,,,whitecoin,whitecoin
330,,,,,,,,2018/01/19,50308618,null,,,whitecoin,whitecoin
331,,,,,,,,2018/01/20,51826625,null,,,whitecoin,whitecoin
332,,,,,,,,2018/01/21,47934011,null,,,whitecoin,whitecoin
333,,,,,,,,2018/01/22,44369305,null,,,whitecoin,whitecoin
334,,,,,,,,2018/01/23,42597890,null,,,whitecoin,whitecoin
335,,,,,,,,2018/01/24,42381868,null,,,whitecoin,whitecoin
336,,,,,,,,2018/01/25,41718624,null,,,whitecoin,whitecoin
337,,,,,,,,2018/01/26,39791141,null,,,whitecoin,whitecoin
338,,,,,,,,2018/01/27,41881114,null,,,whitecoin,whitecoin
339,,,,,,,,2018/01/28,44151621,null,,,whitecoin,whitecoin
340,,,,,,,,2018/01/29,43955872,null,,,whitecoin,whitecoin
341,,,,,,,,2018/01/30,40607883,null,,,whitecoin,whitecoin
342,,,,,,,,2018/01/31,36125071,null,,,whitecoin,whitecoin
343,,,,,,,,2018/02/01,34642658,null,,,whitecoin,whitecoin
344,,,,,,,,2018/02/02,30915148,null,,,whitecoin,whitecoin
345,,,,,,,,2018/02/03,30892402,null,,,whitecoin,whitecoin
346,,,,,,,,2018/02/04,29710112,null,,,whitecoin,whitecoin
347,,,,,,,,2018/02/05,24755469,null,,,whitecoin,whitecoin
348,,,,,,,,2018/02/06,20723004,null,,,whitecoin,whitecoin
349,,,,,,,,2018/02/07,24195205,null,,,whitecoin,whitecoin
350,,,,,,,,2018/02/08,25428668,null,,,whitecoin,whitecoin
351,,,,,,,,2018/02/09,29082055,null,,,whitecoin,whitecoin
352,,,,,,,,2018/02/10,32188220,null,,,whitecoin,whitecoin
353,,,,,,,,2018/02/11,33087091,null,,,whitecoin,whitecoin
354,,,,,,,,2018/02/12,34010777,null,,,whitecoin,whitecoin
355,,,,,,,,2018/02/13,32009129,null,,,whitecoin,whitecoin
356,,,,,,,,2018/02/14,30026632,null,,,whitecoin,whitecoin
357,,,,,,,,2018/02/15,33127433,null,,,whitecoin,whitecoin
358,,,,,,,,2018/02/16,35690010,null,,,whitecoin,whitecoin
359,,,,,,,,2018/02/17,39551995,null,,,whitecoin,whitecoin
360,,,,,,,,2018/02/18,38227029,null,,,whitecoin,whitecoin
361,,,,,,,,2018/02/19,37887705,null,,,whitecoin,whitecoin
362,,,,,,,,2018/02/20,38664000,null,,,whitecoin,whitecoin
363,,,,,,,,2018/02/21,36076801,null,,,whitecoin,whitecoin
364,,,,,,,,2018/02/22,33262655,null,,,whitecoin,whitecoin
365,,,,,,,,2018/02/23,31783470,null,,,whitecoin,whitecoin
366,,,,,,,,2018/02/24,31366794,null,,,whitecoin,whitecoin
367,,,,,,,,2018/02/25,31741162,null,,,whitecoin,whitecoin
368,,,,,,,,2018/02/26,32311091,null,,,whitecoin,whitecoin
369,,,,,,,,2018/02/27,33845851,null,,,whitecoin,whitecoin
370,,,,,,,,2018/02/28,30334563,null,,,whitecoin,whitecoin
371,,,,,,,,2018/03/01,31640505,null,,,whitecoin,whitecoin
372,,,,,,,,2018/03/02,33195230,null,,,whitecoin,whitecoin
373,,,,,,,,2018/03/03,33666236,null,,,whitecoin,whitecoin
374,,,,,,,,2018/03/04,15078511,null,,,whitecoin,whitecoin
375,,,,,,,,2018/03/05,21112741,null,,,whitecoin,whitecoin
376,,,,,,,,2018/03/06,32989181,null,,,whitecoin,whitecoin
377,,,,,,,,2018/03/07,30906973,null,,,whitecoin,whitecoin
378,,,,,,,,2018/03/08,27627783,null,,,whitecoin,whitecoin
379,,,,,,,,2018/03/09,24761478,null,,,whitecoin,whitecoin
380,,,,,,,,2018/03/10,26194764,null,,,whitecoin,whitecoin
381,,,,,,,,2018/03/11,25906839,null,,,whitecoin,whitecoin
382,,,,,,,,2018/03/12,27201342,null,,,whitecoin,whitecoin
383,,,,,,,,2018/03/13,25539196,null,,,whitecoin,whitecoin
384,,,,,,,,2018/03/14,24120888,null,,,whitecoin,whitecoin
385,,,,,,,,2018/03/15,20626505,null,,,whitecoin,whitecoin
386,,,,,,,,2018/03/16,21076707,null,,,whitecoin,whitecoin
387,,,,,,,,2018/03/17,22543688,null,,,whitecoin,whitecoin
388,,,,,,,,2018/03/18,21756813,null,,,whitecoin,whitecoin
389,,,,,,,,2018/03/19,23777183,null,,,whitecoin,whitecoin
390,,,,,,,,2018/03/20,22516962,null,,,whitecoin,whitecoin
391,,,,,,,,2018/03/21,4800351,null,,,whitecoin,whitecoin
392,,,,,,,,2018/03/22,16069585,null,,,whitecoin,whitecoin
393,,,,,,,,2018/03/23,22021796,null,,,whitecoin,whitecoin
394,,,,,,,,2018/03/24,22160517,null,,,whitecoin,whitecoin
395,,,,,,,,2018/03/25,20697464,null,,,whitecoin,whitecoin
396,,,,,,,,2018/03/26,20544953,null,,,whitecoin,whitecoin
397,,,,,,,,2018/03/27,20258832,null,,,whitecoin,whitecoin
398,,,,,,,,2018/03/28,19852713,null,,,whitecoin,whitecoin
399,,,,,,,,2018/03/29,18482071,null,,,whitecoin,whitecoin
400,,,,,,,,2018/03/30,17039725,null,,,whitecoin,whitecoin
401,,,,,,,,2018/03/31,17240871,null,,,whitecoin,whitecoin
402,,,,,,,,2018/04/01,15323031,null,,,whitecoin,whitecoin
403,,,,,,,,2018/04/02,15657132,null,,,whitecoin,whitecoin
404,,,,,,,,2018/04/03,16369744,null,,,whitecoin,whitecoin
405,,,,,,,,2018/04/04,15754025,null,,,whitecoin,whitecoin
406,,,,,,,,2018/04/05,15348066,null,,,whitecoin,whitecoin
407,,,,,,,,2018/04/06,15136764,null,,,whitecoin,whitecoin
408,,,,,,,,2018/04/07,15775127,4,,,whitecoin,whitecoin
409,,,,,,,,2018/04/08,16801925,1,,,whitecoin,whitecoin
410,,,,,,,,2018/04/09,16115678,2,,,whitecoin,whitecoin
411,,,,,,,,2018/04/10,16014641,3,,,whitecoin,whitecoin
412,,,,,,,,2018/04/11,16195864,null,,,whitecoin,whitecoin
413,,,,,,,,2018/04/12,17811525,3,,,whitecoin,whitecoin
414,,,,,,,,2018/04/13,19770182,1,,,whitecoin,whitecoin
415,,,,,,,,2018/04/14,19740842,2,,,whitecoin,whitecoin
416,,,,,,,,2018/04/15,20736150,null,,,whitecoin,whitecoin
417,,,,,,,,2018/04/16,20943477,null,,,whitecoin,whitecoin
418,,,,,,,,2018/04/17,19611602,null,,,whitecoin,whitecoin
419,,,,,,,,2018/04/18,19938683,null,,,whitecoin,whitecoin
420,,,,,,,,2018/04/19,20809599,null,,,whitecoin,whitecoin
421,,,,,,,,2018/04/20,21044585,1,,,whitecoin,whitecoin
422,,,,,,,,2018/04/21,17849936,9,,,whitecoin,whitecoin
423,,,,,,,,2018/04/22,6709197,10,,,whitecoin,whitecoin
424,,,,,,,,2018/04/23,18660385,2,,,whitecoin,whitecoin
425,,,,,,,,2018/04/24,17155698,11,,,whitecoin,whitecoin
426,,,,,,,,2018/04/25,15213426,2,,,whitecoin,whitecoin
427,,,,,,,,2018/04/26,12832617,2,,,whitecoin,whitecoin
428,,,,,,,,2018/04/27,18295760,1,,,whitecoin,whitecoin
429,,,,,,,,2018/04/28,18447447,null,,,whitecoin,whitecoin
430,,,,,,,,2018/04/29,17466699,null,,,whitecoin,whitecoin
431,,,,,,,,2018/04/30,17209197,null,,,whitecoin,whitecoin
432,,,,,,,,2018/05/01,16530516,null,,,whitecoin,whitecoin
433,,,,,,,,2018/05/02,16678620,5,,,whitecoin,whitecoin
434,,,,,,,,2018/05/03,17663521,4,,,whitecoin,whitecoin
435,,,,,,,,2018/05/04,17634731,null,,,whitecoin,whitecoin
436,,,,,,,,2018/05/05,17723696,null,,,whitecoin,whitecoin
437,,,,,,,,2018/05/06,17017973,2,,,whitecoin,whitecoin
438,,,,,,,,2018/05/07,16231735,1,,,whitecoin,whitecoin
439,,,,,,,,2018/05/08,16228469,null,,,whitecoin,whitecoin
440,,,,,,,,2018/05/09,16062209,2,,,whitecoin,whitecoin
441,,,,,,,,2018/05/10,16255380,2,,,whitecoin,whitecoin
442,,,,,,,,2018/05/11,14913408,4,,,whitecoin,whitecoin
443,,,,,,,,2018/05/12,14585026,null,,,whitecoin,whitecoin
444,,,,,,,,2018/05/13,14900550,2,,,whitecoin,whitecoin
445,,,,,,,,2018/05/14,15209826,5,,,whitecoin,whitecoin
446,,,,,,,,2018/05/15,16614893,null,,,whitecoin,whitecoin
447,,,,,,,,2018/05/16,18388816,2,,,whitecoin,whitecoin
448,,,,,,,,2018/05/17,21602595,8,,,whitecoin,whitecoin
449,,,,,,,,2018/05/18,26182286,7,,,whitecoin,whitecoin
450,,,,,,,,2018/05/19,30079328,2,,,whitecoin,whitecoin
451,,,,,,,,2018/05/20,28638330,3,,,whitecoin,whitecoin
452,,,,,,,,2018/05/21,33620015,null,,,whitecoin,whitecoin
453,,,,,,,,2018/05/22,33850886,null,,,whitecoin,whitecoin
454,,,,,,,,2018/05/23,35937555,4,,,whitecoin,whitecoin
455,,,,,,,,2018/05/24,38531308,7,,,whitecoin,whitecoin
456,,,,,,,,2018/05/25,35423483,3,,,whitecoin,whitecoin
457,,,,,,,,2018/05/26,34258900,2,,,whitecoin,whitecoin
458,,,,,,,,2018/05/27,35166967,null,,,whitecoin,whitecoin
459,,,,,,,,2018/05/28,32462312,null,,,whitecoin,whitecoin
460,,,,,,,,2018/05/29,29396279,2,,,whitecoin,whitecoin
461,,,,,,,,2018/05/30,31474211,1,,,whitecoin,whitecoin
462,,,,,,,,2018/05/31,32146491,15,,,whitecoin,whitecoin
463,,,,,,,,2018/06/01,31548365,11,,,whitecoin,whitecoin
464,,,,,,,,2018/06/02,31644139,6,,,whitecoin,whitecoin
465,,,,,,,,2018/06/03,33224936,4,,,whitecoin,whitecoin
466,,,,,,,,2018/06/04,31872307,2,,,whitecoin,whitecoin
467,,,,,,,,2018/06/05,30980034,2,,,whitecoin,whitecoin
468,,,,,,,,2018/06/06,32101163,10,,,whitecoin,whitecoin
469,,,,,,,,2018/06/07,32255016,null,,,whitecoin,whitecoin
470,,,,,,,,2018/06/08,31430342,1,,,whitecoin,whitecoin
471,,,,,,,,2018/06/09,31215502,null,,,whitecoin,whitecoin
472,,,,,,,,2018/06/10,28062471,null,,,whitecoin,whitecoin
473,,,,,,,,2018/06/11,25606578,7,,,whitecoin,whitecoin
474,,,,,,,,2018/06/12,26808755,5,,,whitecoin,whitecoin
475,,,,,,,,2018/06/13,25532895,2,,,whitecoin,whitecoin
476,,,,,,,,2018/06/14,26105368,1,,,whitecoin,whitecoin
477,,,,,,,,2018/06/15,25466756,5,,,whitecoin,whitecoin
478,,,,,,,,2018/06/16,25299632,2,,,whitecoin,whitecoin
479,,,,,,,,2018/06/17,24949020,null,,,whitecoin,whitecoin
480,,,,,,,,2018/06/18,23563009,5,,,whitecoin,whitecoin
481,,,,,,,,2018/06/19,22754843,5,,,whitecoin,whitecoin
482,,,,,,,,2018/06/20,22333922,null,,,whitecoin,whitecoin
483,,,,,,,,2018/06/21,22177935,8,,,whitecoin,whitecoin
484,,,,,,,,2018/06/22,21134908,4,,,whitecoin,whitecoin
485,,,,,,,,2018/06/23,20664737,null,,,whitecoin,whitecoin
486,,,,,,,,2018/06/24,20333302,null,,,whitecoin,whitecoin
487,,,,,,,,2018/06/25,21776390,3,,,whitecoin,whitecoin
488,,,,,,,,2018/06/26,21593813,1,,,whitecoin,whitecoin
489,,,,,,,,2018/06/27,21315922,2,,,whitecoin,whitecoin
490,,,,,,,,2018/06/28,22056583,6,,,whitecoin,whitecoin
491,,,,,,,,2018/06/29,22188758,5,,,whitecoin,whitecoin
492,,,,,,,,2018/06/30,5388721,1,,,whitecoin,whitecoin
493,,,,,,,,2018/07/01,5419211,null,,,whitecoin,whitecoin
494,,,,,,,,2018/07/02,19347972,4,,,whitecoin,whitecoin
495,,,,,,,,2018/07/03,28661492,11,,,whitecoin,whitecoin
496,,,,,,,,2018/07/04,28215136,6,,,whitecoin,whitecoin
497,,,,,,,,2018/07/05,28297842,5,,,whitecoin,whitecoin
498,,,,,,,,2018/07/06,28516966,1,,,whitecoin,whitecoin
499,,,,,,,,2018/07/07,28606351,null,,,whitecoin,whitecoin
500,,,,,,,,2018/07/08,29007785,1,,,whitecoin,whitecoin
501,,,,,,,,2018/07/09,29084422,12,,,whitecoin,whitecoin
502,,,,,,,,2018/07/10,27712644,7,,,whitecoin,whitecoin
503,,,,,,,,2018/07/11,27407667,2,,,whitecoin,whitecoin
504,,,,,,,,2018/07/12,26535615,2,,,whitecoin,whitecoin
505,,,,,,,,2018/07/13,26528860,6,,,whitecoin,whitecoin
506,,,,,,,,2018/07/14,26776948,1,,,whitecoin,whitecoin
507,,,,,,,,2018/07/15,27405874,2,,,whitecoin,whitecoin
508,,,,,,,,2018/07/16,28268936,1,,,whitecoin,whitecoin
509,,,,,,,,2018/07/17,30286443,1,,,whitecoin,whitecoin
510,,,,,,,,2018/07/18,33086130,4,,,whitecoin,whitecoin
511,,,,,,,,2018/07/19,38500332,12,,,whitecoin,whitecoin
512,,,,,,,,2018/07/20,38814968,1,,,whitecoin,whitecoin
513,,,,,,,,2018/07/21,37395214,null,,,whitecoin,whitecoin
514,,,,,,,,2018/07/22,37963675,null,,,whitecoin,whitecoin
515,,,,,,,,2018/07/23,37881564,1,,,whitecoin,whitecoin
516,,,,,,,,2018/07/24,37716784,1,,,whitecoin,whitecoin
517,,,,,,,,2018/07/25,36292754,2,,,whitecoin,whitecoin
518,,,,,,,,2018/07/26,34756055,1,,,whitecoin,whitecoin
519,,,,,,,,2018/07/27,31511285,null,,,whitecoin,whitecoin
520,,,,,,,,2018/07/28,32213210,1,,,whitecoin,whitecoin
521,,,,,,,,2018/07/29,31897492,1,,,whitecoin,whitecoin
522,,,,,,,,2018/07/30,31247803,2,,,whitecoin,whitecoin
523,,,,,,,,2018/07/31,30945897,null,,,whitecoin,whitecoin
524,,,,,,,,2018/08/01,29802774,2,,,whitecoin,whitecoin
525,,,,,,,,2018/08/02,28967520,4,,,whitecoin,whitecoin
526,,,,,,,,2018/08/03,28198395,1,,,whitecoin,whitecoin
527,,,,,,,,2018/08/04,27148129,null,,,whitecoin,whitecoin
528,,,,,,,,2018/08/05,26033853,null,,,whitecoin,whitecoin
529,,,,,,,,2018/08/06,26463576,2,,,whitecoin,whitecoin
530,,,,,,,,2018/08/07,25909645,null,,,whitecoin,whitecoin
531,,,,,,,,2018/08/08,22909337,null,,,whitecoin,whitecoin
532,,,,,,,,2018/08/09,23225168,null,,,whitecoin,whitecoin
533,,,,,,,,2018/08/10,23991960,2,,,whitecoin,whitecoin
534,,,,,,,,2018/08/11,22722897,2,,,whitecoin,whitecoin
535,,,,,,,,2018/08/12,23149364,null,,,whitecoin,whitecoin
536,,,,,,,,2018/08/13,22727235,3,,,whitecoin,whitecoin
537,,,,,,,,2018/08/14,21374037,4,,,whitecoin,whitecoin
538,,,,,,,,2018/08/15,20827832,1,,,whitecoin,whitecoin
539,,,,,,,,2018/08/16,20741405,1,,,whitecoin,whitecoin
540,,,,,,,,2018/08/17,22195281,8,,,whitecoin,whitecoin
541,,,,,,,,2018/08/18,23509630,null,,,whitecoin,whitecoin
542,,,,,,,,2018/08/19,23672761,1,,,whitecoin,whitecoin
543,,,,,,,,2018/08/20,23375495,1,,,whitecoin,whitecoin
544,,,,,,,,2018/08/21,23296514,null,,,whitecoin,whitecoin
545,,,,,,,,2018/08/22,23404374,null,,,whitecoin,whitecoin
546,,,,,,,,2018/08/23,22438607,null,,,whitecoin,whitecoin
547,,,,,,,,2018/08/24,22224507,null,,,whitecoin,whitecoin
548,,,,,,,,2018/08/25,22600474,null,,,whitecoin,whitecoin
549,,,,,,,,2018/08/26,22337003,null,,,whitecoin,whitecoin
550,,,,,,,,2018/08/27,22586760,null,,,whitecoin,whitecoin
551,,,,,,,,2018/08/28,24067642,2,,,whitecoin,whitecoin
552,,,,,,,,2018/08/29,24648350,null,,,whitecoin,whitecoin
553,,,,,,,,2018/08/30,26943213,null,,,whitecoin,whitecoin
554,,,,,,,,2018/08/31,26969987,null,,,whitecoin,whitecoin
555,,,,,,,,2018/09/01,26764423,null,,,whitecoin,whitecoin
556,,,,,,,,2018/09/02,28040358,null,,,whitecoin,whitecoin
557,,,,,,,,2018/09/03,27561255,null,,,whitecoin,whitecoin
558,,,,,,,,2018/09/04,28387314,1,,,whitecoin,whitecoin
559,,,,,,,,2018/09/05,27916020,2,,,whitecoin,whitecoin
560,,,,,,,,2018/09/06,26612045,2,,,whitecoin,whitecoin
561,,,,,,,,2018/09/07,25504614,1,,,whitecoin,whitecoin
562,,,,,,,,2018/09/08,25363006,null,,,whitecoin,whitecoin
563,,,,,,,,2018/09/09,24588717,1,,,whitecoin,whitecoin
564,,,,,,,,2018/09/10,24221539,4,,,whitecoin,whitecoin
565,,,,,,,,2018/09/11,23735311,null,,,whitecoin,whitecoin
566,,,,,,,,2018/09/12,23377984,null,,,whitecoin,whitecoin
567,,,,,,,,2018/09/13,22965320,null,,,whitecoin,whitecoin
568,,,,,,,,2018/09/14,23331293,2,,,whitecoin,whitecoin
569,,,,,,,,2018/09/15,22801316,2,,,whitecoin,whitecoin
570,,,,,,,,2018/09/16,22823792,1,,,whitecoin,whitecoin
571,,,,,,,,2018/09/17,22524825,null,,,whitecoin,whitecoin
572,,,,,,,,2018/09/18,22067099,null,,,whitecoin,whitecoin
573,,,,,,,,2018/09/19,22049458,null,,,whitecoin,whitecoin
574,,,,,,,,2018/09/20,22008372,1,,,whitecoin,whitecoin
575,,,,,,,,2018/09/21,23276754,null,,,whitecoin,whitecoin
576,,,,,,,,2018/09/22,23421242,null,,,whitecoin,whitecoin
577,,,,,,,,2018/09/23,23811984,null,,,whitecoin,whitecoin
578,,,,,,,,2018/09/24,23761360,null,,,whitecoin,whitecoin
579,,,,,,,,2018/09/25,22670412,null,,,whitecoin,whitecoin
580,,,,,,,,2018/09/26,22972587,null,,,whitecoin,whitecoin
581,,,,,,,,2018/09/27,22727520,null,,,whitecoin,whitecoin
582,,,,,,,,2018/09/28,22880875,2,,,whitecoin,whitecoin
583,,,,,,,,2018/09/29,22531390,2,,,whitecoin,whitecoin
584,,,,,,,,2018/09/30,22416669,3,,,whitecoin,whitecoin
585,,,,,,,,2018/10/01,20914201,null,,,whitecoin,whitecoin
586,,,,,,,,2018/10/02,22512238,null,,,whitecoin,whitecoin
587,,,,,,,,2018/10/03,22237937,3,,,whitecoin,whitecoin
588,,,,,,,,2018/10/04,22336761,null,,,whitecoin,whitecoin
589,,,,,,,,2018/10/05,22073402,null,,,whitecoin,whitecoin
590,,,,,,,,2018/10/06,21615871,null,,,whitecoin,whitecoin
591,,,,,,,,2018/10/07,21155756,null,,,whitecoin,whitecoin
592,,,,,,,,2018/10/08,21355856,null,,,whitecoin,whitecoin
593,,,,,,,,2018/10/09,21252821,null,,,whitecoin,whitecoin
594,,,,,,,,2018/10/10,20938902,null,,,whitecoin,whitecoin
595,,,,,,,,2018/10/11,18642646,null,,,whitecoin,whitecoin
596,,,,,,,,2018/10/12,19580530,5,,,whitecoin,whitecoin
597,,,,,,,,2018/10/13,19319104,4,,,whitecoin,whitecoin
598,,,,,,,,2018/10/14,19373391,null,,,whitecoin,whitecoin
599,,,,,,,,2018/10/15,19314775,2,,,whitecoin,whitecoin
600,,,,,,,,2018/10/16,18969736,null,,,whitecoin,whitecoin
601,,,,,,,,2018/10/17,19281072,1,,,whitecoin,whitecoin
602,,,,,,,,2018/10/18,17701252,null,,,whitecoin,whitecoin
603,,,,,,,,2018/10/19,17893136,null,,,whitecoin,whitecoin
604,,,,,,,,2018/10/20,18013678,null,,,whitecoin,whitecoin
605,,,,,,,,2018/10/21,17940855,null,,,whitecoin,whitecoin
606,,,,,,,,2018/10/22,17219731,null,,,whitecoin,whitecoin
607,,,,,,,,2018/10/23,17846224,null,,,whitecoin,whitecoin
608,,,,,,,,2018/10/24,17888726,null,,,whitecoin,whitecoin
609,,,,,,,,2018/10/25,17482166,null,,,whitecoin,whitecoin
610,,,,,,,,2018/10/26,17243079,1,,,whitecoin,whitecoin
611,,,,,,,,2018/10/27,17221621,null,,,whitecoin,whitecoin
612,,,,,,,,2018/10/28,17048640,null,,,whitecoin,whitecoin
613,,,,,,,,2018/10/29,17070280,null,,,whitecoin,whitecoin
614,,,,,,,,2018/10/30,16472630,2,,,whitecoin,whitecoin
615,,,,,,,,2018/10/31,16099652,null,,,whitecoin,whitecoin
616,,,,,,,,2018/11/01,16285986,12,,,whitecoin,whitecoin
617,,,,,,,,2018/11/02,16307762,10,,,whitecoin,whitecoin
618,,,,,,,,2018/11/03,15767277,14,,,whitecoin,whitecoin
619,,,,,,,,2018/11/04,16389924,13,,,whitecoin,whitecoin
620,,,,,,,,2018/11/05,16072356,7,,,whitecoin,whitecoin
621,,,,,,,,2018/11/06,16439575,10,,,whitecoin,whitecoin
622,,,,,,,,2018/11/07,17336110,null,,,whitecoin,whitecoin
623,,,,,,,,2018/11/08,17137854,11,,,whitecoin,whitecoin
624,,,,,,,,2018/11/09,17005498,5,,,whitecoin,whitecoin
625,,,,,,,,2018/11/10,17397324,null,,,whitecoin,whitecoin
626,,,,,,,,2018/11/11,16511790,null,,,whitecoin,whitecoin
627,,,,,,,,2018/11/12,16164645,6,,,whitecoin,whitecoin
628,,,,,,,,2018/11/13,16459547,7,,,whitecoin,whitecoin
629,,,,,,,,2018/11/14,15069420,1,,,whitecoin,whitecoin
630,,,,,,,,2018/11/15,14117393,null,,,whitecoin,whitecoin
631,,,,,,,,2018/11/16,14369533,null,,,whitecoin,whitecoin
632,,,,,,,,2018/11/17,14335243,null,,,whitecoin,whitecoin
633,,,,,,,,2018/11/18,14815747,null,,,whitecoin,whitecoin
634,,,,,,,,2018/11/19,13579029,2,,,whitecoin,whitecoin
635,,,,,,,,2018/11/20,11701176,null,,,whitecoin,whitecoin
636,,,,,,,,2018/11/21,11417884,null,,,whitecoin,whitecoin
637,,,,,,,,2018/11/22,12541033,null,,,whitecoin,whitecoin
638,,,,,,,,2018/11/23,11767525,1,,,whitecoin,whitecoin
639,,,,,,,,2018/11/24,11899883,null,,,whitecoin,whitecoin
640,,,,,,,,2018/11/25,10393056,null,,,whitecoin,whitecoin
641,,,,,,,,2018/11/26,10332065,null,,,whitecoin,whitecoin
642,,,,,,,,2018/11/27,9902742,null,,,whitecoin,whitecoin
643,,,,,,,,2018/11/28,10899987,null,,,whitecoin,whitecoin
644,,,,,,,,2018/11/29,11122552,null,,,whitecoin,whitecoin
645,,,,,,,,2018/11/30,10928167,1,,,whitecoin,whitecoin
646,,,,,,,,2018/12/01,10814307,null,,,whitecoin,whitecoin
647,,,,,,,,2018/12/02,10526106,null,,,whitecoin,whitecoin
648,,,,,,,,2018/12/03,2200778,null,,,whitecoin,whitecoin
649,,,,,,,,2018/12/04,2133698,null,,,whitecoin,whitecoin
650,,,,,,,,2018/12/05,2101132,1,,,whitecoin,whitecoin
651,,,,,,,,2018/12/06,2034086,null,,,whitecoin,whitecoin
652,,,,,,,,2018/12/07,4543937,null,,,whitecoin,whitecoin
653,,,,,,,,2018/12/08,9955744,null,,,whitecoin,whitecoin
654,,,,,,,,2018/12/09,10070268,null,,,whitecoin,whitecoin
655,,,,,,,,2018/12/10,10089913,null,,,whitecoin,whitecoin
656,,,,,,,,2018/12/11,9669409,null,,,whitecoin,whitecoin
657,,,,,,,,2018/12/12,9637421,null,,,whitecoin,whitecoin
658,,,,,,,,2018/12/13,9528007,null,,,whitecoin,whitecoin
659,,,,,,,,2018/12/14,9165972,null,,,whitecoin,whitecoin
660,,,,,,,,2018/12/15,9096497,null,,,whitecoin,whitecoin
661,,,,,,,,2018/12/16,9174802,null,,,whitecoin,whitecoin
662,,,,,,,,2018/12/17,9242725,null,,,whitecoin,whitecoin
663,,,,,,,,2018/12/18,9729174,null,,,whitecoin,whitecoin
664,,,,,,,,2018/12/19,10215129,null,,,whitecoin,whitecoin
665,,,,,,,,2018/12/20,10420603,null,,,whitecoin,whitecoin
666,,,,,,,,2018/12/21,10179251,null,,,whitecoin,whitecoin
667,,,,,,,,2018/12/22,10053242,null,,,whitecoin,whitecoin
668,,,,,,,,2018/12/23,10391314,null,,,whitecoin,whitecoin
669,,,,,,,,2018/12/24,11149972,null,,,whitecoin,whitecoin
670,,,,,,,,2018/12/25,10275378,null,,,whitecoin,whitecoin
671,,,,,,,,2018/12/26,10359348,null,,,whitecoin,whitecoin
672,,,,,,,,2018/12/27,10535956,null,,,whitecoin,whitecoin
673,,,,,,,,2018/12/28,10863727,null,,,whitecoin,whitecoin
674,,,,,,,,2018/12/29,10246837,null,,,whitecoin,whitecoin
675,,,,,,,,2018/12/30,9901473,null,,,whitecoin,whitecoin
676,,,,,,,,2018/12/31,9538340,null,,,whitecoin,whitecoin
677,,,,,,,,2019/01/01,9811548,null,,,whitecoin,whitecoin
678,,,,,,,,2019/01/02,10010811,null,,,whitecoin,whitecoin
679,,,,,,,,2019/01/03,9980182,null,,,whitecoin,whitecoin
680,,,,,,,,2019/01/04,9225711,null,,,whitecoin,whitecoin
681,,,,,,,,2019/01/05,8999529,null,,,whitecoin,whitecoin
682,,,,,,,,2019/01/06,9148336,null,,,whitecoin,whitecoin
683,,,,,,,,2019/01/07,9322137,null,,,whitecoin,whitecoin
684,,,,,,,,2019/01/08,9253805,null,,,whitecoin,whitecoin
685,,,,,,,,2019/01/09,9250152,null,,,whitecoin,whitecoin
686,,,,,,,,2019/01/10,8892948,null,,,whitecoin,whitecoin
687,,,,,,,,2019/01/11,8625371,null,,,whitecoin,whitecoin
688,,,,,,,,2019/01/12,8639882,null,,,whitecoin,whitecoin
689,,,,,,,,2019/01/13,8627554,null,,,whitecoin,whitecoin
690,,,,,,,,2019/01/14,8336832,null,,,whitecoin,whitecoin
691,,,,,,,,2019/01/15,8649718,null,,,whitecoin,whitecoin
692,,,,,,,,2019/01/16,8253071,null,,,whitecoin,whitecoin
693,,,,,,,,2019/01/17,8285339,null,,,whitecoin,whitecoin
694,,,,,,,,2019/01/18,8091236,null,,,whitecoin,whitecoin
695,,,,,,,,2019/01/19,8131340,null,,,whitecoin,whitecoin
696,,,,,,,,2019/01/20,8110541,null,,,whitecoin,whitecoin
697,,,,,,,,2019/01/21,8007936,null,,,whitecoin,whitecoin
698,,,,,,,,2019/01/22,8145231,null,,,whitecoin,whitecoin
699,,,,,,,,2019/01/23,8347209,null,,,whitecoin,whitecoin
700,,,,,,,,2019/01/24,8299475,null,,,whitecoin,whitecoin
701,,,,,,,,2019/01/25,8540803,null,,,whitecoin,whitecoin
702,,,,,,,,2019/01/26,8687220,null,,,whitecoin,whitecoin
703,,,,,,,,2019/01/27,8733618,null,,,whitecoin,whitecoin
704,,,,,,,,2019/01/28,8247403,null,,,whitecoin,whitecoin
705,,,,,,,,2019/01/29,8040969,null,,,whitecoin,whitecoin
706,,,,,,,,2019/01/30,8097209,null,,,whitecoin,whitecoin
707,,,,,,,,2019/01/31,8080980,null,,,whitecoin,whitecoin
708,,,,,,,,2019/02/01,8227927,null,,,whitecoin,whitecoin
709,,,,,,,,2019/02/02,8269901,null,,,whitecoin,whitecoin
710,,,,,,,,2019/02/03,8185622,null,,,whitecoin,whitecoin
711,,,,,,,,2019/02/04,8077400,null,,,whitecoin,whitecoin
712,,,,,,,,2019/02/05,7957542,null,,,whitecoin,whitecoin
713,,,,,,,,2019/02/06,7598531,null,,,whitecoin,whitecoin
714,,,,,,,,2019/02/07,7451293,null,,,whitecoin,whitecoin
715,,,,,,,,2019/02/08,7501045,null,,,whitecoin,whitecoin
716,,,,,,,,2019/02/09,7742896,null,,,whitecoin,whitecoin
717,,,,,,,,2019/02/10,7801646,null,,,whitecoin,whitecoin
718,,,,,,,,2019/02/11,7881371,null,,,whitecoin,whitecoin
719,,,,,,,,2019/02/12,7667116,null,,,whitecoin,whitecoin
720,,,,,,,,2019/02/13,7767836,null,,,whitecoin,whitecoin
721,,,,,,,,2019/02/14,7690097,null,,,whitecoin,whitecoin
722,,,,,,,,2019/02/15,7647101,null,,,whitecoin,whitecoin
723,,,,,,,,2019/02/16,7841695,null,,,whitecoin,whitecoin
724,,,,,,,,2019/02/17,7682362,null,,,whitecoin,whitecoin
725,,,,,,,,2019/02/18,7899011,null,,,whitecoin,whitecoin
726,,,,,,,,2019/02/19,8315550,null,,,whitecoin,whitecoin
727,,,,,,,,2019/02/20,8258678,null,,,whitecoin,whitecoin
728,,,,,,,,2019/02/21,8143414,null,,,whitecoin,whitecoin
729,,,,,,,,2019/02/22,8100244,null,,,whitecoin,whitecoin
730,,,,,,,,2019/02/23,7924872,null,,,whitecoin,whitecoin
731,,,,,,,,2019/02/24,8298010,null,,,whitecoin,whitecoin
732,,,,,,,,2019/02/25,8061485,null,,,whitecoin,whitecoin
733,,,,,,,,2019/02/26,7656680,null,,,whitecoin,whitecoin
734,,,,,,,,2019/02/27,7918734,null,,,whitecoin,whitecoin
735,,,,,,,,2019/02/28,7904809,null,,,whitecoin,whitecoin
736,,,,,,,,2019/03/01,5252015,null,,,whitecoin,whitecoin
737,,,,,,,,2019/03/02,7717048,null,,,whitecoin,whitecoin
738,,,,,,,,2019/03/03,7545108,null,,,whitecoin,whitecoin
739,,,,,,,,2019/03/04,7117170,null,,,whitecoin,whitecoin
740,,,,,,,,2019/03/05,7392939,null,,,whitecoin,whitecoin
741,,,,,,,,2019/03/06,7773515,null,,,whitecoin,whitecoin
742,,,,,,,,2019/03/07,7376351,null,,,whitecoin,whitecoin
743,,,,,,,,2019/03/08,7177569,null,,,whitecoin,whitecoin
744,,,,,,,,2019/03/09,7273819,null,,,whitecoin,whitecoin
745,,,,,,,,2019/03/10,7377894,null,,,whitecoin,whitecoin
746,,,,,,,,2019/03/11,7352719,null,,,whitecoin,whitecoin
747,,,,,,,,2019/03/12,7280236,null,,,whitecoin,whitecoin
748,,,,,,,,2019/03/13,7035778,null,,,whitecoin,whitecoin
749,,,,,,,,2019/03/14,6903263,null,,,whitecoin,whitecoin
750,,,,,,,,2019/03/15,7238803,null,,,whitecoin,whitecoin
751,,,,,,,,2019/03/16,7460985,null,,,whitecoin,whitecoin
752,,,,,,,,2019/03/17,7282468,null,,,whitecoin,whitecoin
753,,,,,,,,2019/03/18,7448065,null,,,whitecoin,whitecoin
754,,,,,,,,2019/03/19,3295921,null,,,whitecoin,whitecoin
755,,,,,,,,2019/03/20,3592944,null,,,whitecoin,whitecoin
756,,,,,,,,2019/03/21,7699328,null,,,whitecoin,whitecoin
757,,,,,,,,2019/03/22,7538082,null,,,whitecoin,whitecoin
758,,,,,,,,2019/03/23,7683546,null,,,whitecoin,whitecoin
759,,,,,,,,2019/03/24,7760103,null,,,whitecoin,whitecoin
760,,,,,,,,2019/03/25,7580728,null,,,whitecoin,whitecoin
761,,,,,,,,2019/03/26,7453428,null,,,whitecoin,whitecoin
762,,,,,,,,2019/03/27,7520137,null,,,whitecoin,whitecoin
763,,,,,,,,2019/03/28,7613170,null,,,whitecoin,whitecoin
764,,,,,,,,2019/03/29,7683259,null,,,whitecoin,whitecoin
765,,,,,,,,2019/03/30,6414487,null,,,whitecoin,whitecoin
766,,,,,,,,2019/03/31,1533424,null,,,whitecoin,whitecoin
767,,,,,,,,2019/04/01,3486093,null,,,whitecoin,whitecoin
768,,,,,,,,2019/04/02,8919601,null,,,whitecoin,whitecoin
769,,,,,,,,2019/04/03,9524056,null,,,whitecoin,whitecoin
770,,,,,,,,2019/04/04,8852090,null,,,whitecoin,whitecoin
771,,,,,,,,2019/04/05,8911881,null,,,whitecoin,whitecoin
772,,,,,,,,2019/04/06,9978425,null,,,whitecoin,whitecoin
773,,,,,,,,2019/04/07,10122924,null,,,whitecoin,whitecoin
774,,,,,,,,2019/04/08,9905868,null,,,whitecoin,whitecoin
775,,,,,,,,2019/04/09,9493276,null,,,whitecoin,whitecoin
776,,,,,,,,2019/04/10,9548477,null,,,whitecoin,whitecoin
777,,,,,,,,2019/04/11,9678283,null,,,whitecoin,whitecoin
778,,,,,,,,2019/04/12,9325303,null,,,whitecoin,whitecoin
779,,,,,,,,2019/04/13,21190679,null,,,whitecoin,whitecoin
780,,,,,,,,2019/04/14,27962607,8,,,whitecoin,whitecoin
781,,,,,,,,2019/04/15,22658037,3,,,whitecoin,whitecoin
782,,,,,,,,2019/04/16,19607613,2,,,whitecoin,whitecoin
783,,,,,,,,2019/04/17,20728452,2,,,whitecoin,whitecoin
784,,,,,,,,2019/04/18,20816360,2,,,whitecoin,whitecoin
785,,,,,,,,2019/04/19,20002602,,,,whitecoin,whitecoin
786,,,,,,,,2019/04/20,18974531,,,,whitecoin,whitecoin
787,,,,,,,,2019/04/21,17017922,,,,whitecoin,whitecoin
788,,,,,,,,2019/04/22,15678409,,,,whitecoin,whitecoin
789,,,,,,,,2019/04/23,15977226,,,,whitecoin,whitecoin
790,,,,,,,,2019/04/24,15353209,,,,whitecoin,whitecoin
791,,,,,,,,2019/04/25,15870620,,,,whitecoin,whitecoin
792,,,,,,,,2019/04/26,14566707,,,,whitecoin,whitecoin
793,,,,,,,,2019/04/27,15157598,,,,whitecoin,whitecoin
794,,,,,,,,2019/04/28,16562206,,,,whitecoin,whitecoin
795,,,,,,,,2019/04/29,14222939,,,,whitecoin,whitecoin
796,,,,,,,,2019/04/30,12247079,,,,whitecoin,whitecoin
797,,,,,,,,2019/05/01,3071287,,,,whitecoin,whitecoin
798,,,,,,,,2019/05/02,11015622,,,,whitecoin,whitecoin
799,,,,,,,,2019/05/03,15961051,,,,whitecoin,whitecoin
800,,,,,,,,2019/05/04,15777884,,,,whitecoin,whitecoin
801,,,,,,,,2019/05/05,15769882,,,,whitecoin,whitecoin
802,,,,,,,,2019/05/06,15361886,,,,whitecoin,whitecoin
803,,,,,,,,2019/05/07,15830352,,,,whitecoin,whitecoin
804,,,,,,,,2019/05/08,15183272,,,,whitecoin,whitecoin
805,,,,,,,,2019/05/09,15375872,,,,whitecoin,whitecoin
806,,,,,,,,2019/05/10,15666627,,,,whitecoin,whitecoin
807,,,,,,,,2019/05/11,17130307,,,,whitecoin,whitecoin
808,,,,,,,,2019/05/12,16955665,,,,whitecoin,whitecoin
809,,,,,,,,2019/05/13,16346001,,,,whitecoin,whitecoin
810,,,,,,,,2019/05/14,16768935,,,,whitecoin,whitecoin
811,,,,,,,,2019/05/15,17255523,,,,whitecoin,whitecoin
812,,,,,,,,2019/05/16,17476619,,,,whitecoin,whitecoin
813,,,,,,,,2019/05/17,16838487,,,,whitecoin,whitecoin
814,,,,,,,,2019/05/18,17234326,,,,whitecoin,whitecoin
815,,,,,,,,2019/05/19,17384118,,,,whitecoin,whitecoin
816,,,,,,,,2019/05/20,17039971,,,,whitecoin,whitecoin
817,,,,,,,,2019/05/21,16707120,,,,whitecoin,whitecoin
818,,,,,,,,2019/05/22,15951095,,,,whitecoin,whitecoin
819,,,,,,,,2019/05/23,15127884,,,,whitecoin,whitecoin
820,,,,,,,,2019/05/24,15138724,,,,whitecoin,whitecoin
821,,,,,,,,2019/05/25,14899762,,,,whitecoin,whitecoin
822,,,,,,,,2019/05/26,14862423,,,,whitecoin,whitecoin
823,,,,,,,,2019/05/27,15121351,,,,whitecoin,whitecoin
824,,,,,,,,2019/05/28,15006128,,,,whitecoin,whitecoin
825,,,,,,,,2019/05/29,14953508,,,,whitecoin,whitecoin
826,,,,,,,,2019/05/30,14804832,,,,whitecoin,whitecoin
827,,,,,,,,2019/05/31,14485385,,,,whitecoin,whitecoin
828,,,,,,,,2019/06/01,14726744,,,,whitecoin,whitecoin
829,,,,,,,,2019/06/02,14611359,,,,whitecoin,whitecoin
830,,,,,,,,2019/06/03,14004243,,,,whitecoin,whitecoin
831,,,,,,,,2019/06/04,7638555,,,,whitecoin,whitecoin
832,,,,,,,,2019/06/05,2713634,,,,whitecoin,whitecoin
833,,,,,,,,2019/06/06,2808023,,,,whitecoin,whitecoin
834,,,,,,,,2019/06/07,2911997,,,,whitecoin,whitecoin
835,,,,,,,,2019/06/08,2882972,,,,whitecoin,whitecoin
836,,,,,,,,2019/06/09,8849098,,,,whitecoin,whitecoin
837,,,,,,,,2019/06/10,14588267,,,,whitecoin,whitecoin
838,,,,,,,,2019/06/11,14825214,,,,whitecoin,whitecoin
839,,,,,,,,2019/06/12,14647196,,,,whitecoin,whitecoin
840,,,,,,,,2019/06/13,14887947,,,,whitecoin,whitecoin
841,,,,,,,,2019/06/14,14434384,,,,whitecoin,whitecoin
842,,,,,,,,2019/06/15,14612932,,,,whitecoin,whitecoin
843,,,,,,,,2019/06/16,14350464,,,,whitecoin,whitecoin
844,,,,,,,,2019/06/17,14451834,,,,whitecoin,whitecoin
845,,,,,,,,2019/06/18,14109771,,,,whitecoin,whitecoin
846,,,,,,,,2019/06/19,14093267,,,,whitecoin,whitecoin
847,,,,,,,,2019/06/20,14179780,,,,whitecoin,whitecoin
848,,,,,,,,2019/06/21,14758455,,,,whitecoin,whitecoin
849,,,,,,,,2019/06/22,14920639,,,,whitecoin,whitecoin
850,,,,,,,,2019/06/23,14786344,,,,whitecoin,whitecoin
851,,,,,,,,2019/06/24,15518382,,,,whitecoin,whitecoin
852,,,,,,,,2019/06/25,15237726,,,,whitecoin,whitecoin
853,,,,,,,,2019/06/26,14541398,,,,whitecoin,whitecoin
854,,,,,,,,2019/06/27,13758871,,,,whitecoin,whitecoin
855,,,,,,,,2019/06/28,13390670,,,,whitecoin,whitecoin
856,,,,,,,,2019/06/29,8505577,,,,whitecoin,whitecoin
857,,,,,,,,2019/06/30,6049055,,,,whitecoin,whitecoin
858,,,,,,,,2019/07/01,5013490,,,,whitecoin,whitecoin
859,,,,,,,,2019/07/02,4578301,,,,whitecoin,whitecoin
860,,,,,,,,2019/07/03,10756104,,,,whitecoin,whitecoin
861,,,,,,,,2019/07/04,11577887,,,,whitecoin,whitecoin
862,,,,,,,,2019/07/05,11229439,,,,whitecoin,whitecoin
863,,,,,,,,2019/07/06,11405410,,,,whitecoin,whitecoin
864,,,,,,,,2019/07/07,11549556,,,,whitecoin,whitecoin
865,,,,,,,,2019/07/08,11521391,,,,whitecoin,whitecoin
866,,,,,,,,2019/07/09,11075861,,,,whitecoin,whitecoin
867,,,,,,,,2019/07/10,10608723,,,,whitecoin,whitecoin
868,,,,,,,,2019/07/11,9719782,,,,whitecoin,whitecoin
869,,,,,,,,2019/07/12,9424331,,,,whitecoin,whitecoin
870,,,,,,,,2019/07/13,9300708,,,,whitecoin,whitecoin
